term,reading,category,tags,short_def,definition,related_terms,legal_basis,importance,explanation,article_title,article_lead,term_detail_body,exam_points,common_mistakes,memory_tip,example_question,example_answer,faq_1_question,faq_1_answer,faq_2_question,faq_2_answer
意思表示,いしひょうじ,権利関係,権利関係,意思表示は法効果を生じさせる意思を外部へ表すことです。,意思表示は法効果を生じさせる意思を外部へ表すことです。,,,A,法効果を生じさせる意思を外部に表示する行為。到達主義（97条2項）・錯誤・詐欺・強迫の取消し・追認とセットで学習します。肢では「法効果を生じさせる意思の表示／隔地者は到達主義（97条2項）／錯誤・詐欺・強迫の取消し／追認と取消権の除斥期間」のいずれかが正誤の分かれ目になりやすいです。特に到達と了解を混同する。錯誤と詐欺の要件を取り違える。,意思表示とは,意思表示は法効果を生じさせる意思を外部へ表すことです。,意思表示は法効果を生じさせる意思を外部へ表すことです。法効果を生じさせる意思を外部に表示する行為。到達主義（97条2項）・錯誤・詐欺・強迫の取消し・追認とセットで学習します。権利関係では「誰に・どのような効果が及ぶか」「期間や要件の有無」を問う肢が多く、単語の意味だけでなく効力の発生・消滅のタイミングまでセットで押さえてください。,法効果を生じさせる意思の表示;隔地者は到達主義（97条2項）;錯誤・詐欺・強迫の取消し;追認と取消権の除斥期間,到達と了解を混同する。錯誤と詐欺の要件を取り違える。,「意思表示は法効果を生じさせる意思を外部へ表すこと」を起点に、意思表示の表を作って関連用語と並べる。,（2025年 第20問）クーリングオフに関する次の記述のうち、正しいものはどれか。,正答は選択肢1です。用語「意思表示」が問われた過去問のため、解説と条文の対応を確認してください。,意思表示とは何ですか？,意思表示（いしひょうじ）とは、意思表示の概要。意思表示は法効果を生じさせる意思を外部へ表すことです。隔地者への意思表示は原則「到達」の時に効力（民法97条2項）。錯誤取消（95条）や追認（113条以降）とあわせ、取消権が消滅する「5年」「20年」（147条）とも比較肢で混ぜられます。,意思表示は試験でどう押さえればよいですか？,まず意思表示は法効果を生じさせる意思を外部へ表すことです。隔地者への意思表示は原則「到達」の時に効力（民法97条2項）。錯誤取消（95条）や追認（113条以降）とあわせ、取消権が消滅する「5年」「20年」（147条）とも比較肢で混ぜられます。。 詳しくは、肢では「意思表示は法効果を生じさせる意思を外部へ表すことです。隔地者への意思表示は原則「到達」の時に効力（民法97条2項）。錯誤取消（95条）や追認（113条以降）とあわせ、取消権が消滅する「5年」「20年」（147条）とも比較肢で混ぜられます。」のいずれかが正誤の分かれ目になりやすいです。特に類似制度（期間・要件・効力）の取り違え。数字と条文番号をセットで暗記する。
代理,だいり,権利関係,権利関係,本人の代わりに法律行為をする制度,本人の代わりに法律行為をする制度。,,,A,代理人が本人のために顕名してする法律行為の制度。無権代理・表見代理・復代理・自己契約との区別が試験の骨格です。肢では「顕名して本人のために行為／効果は本人に帰属／無権代理は追認が必要／表見代理は109〜112条」のいずれかが正誤の分かれ目になりやすいです。特に無権代理と表見代理の効果を混同する。復代理の制限を誤る。,代理とは,本人の代わりに法律行為をする制度,本人の代わりに法律行為をする制度。代理人が本人のために顕名してする法律行為の制度。無権代理・表見代理・復代理・自己契約との区別が試験の骨格です。権利関係では「誰に・どのような効果が及ぶか」「期間や要件の有無」を問う肢が多く、単語の意味だけでなく効力の発生・消滅のタイミングまでセットで押さえてください。,顕名して本人のために行為;効果は本人に帰属;無権代理は追認が必要;表見代理は109〜112条,無権代理と表見代理の効果を混同する。復代理の制限を誤る。,「代理人が本人のために顕名して法律行為すると効果は」を起点に、代理の表を作って関連用語と並べる。,（2025年 第25問）取引態様に関する次の記述のうち、正しいものはどれか。,正答は選択肢2です。用語「代理」が問われた過去問のため、解説と条文の対応を確認してください。,代理とは何ですか？,代理（だいり）とは、本人の代わりに法律行為をする制度。代理人が本人のために顕名して法律行為すると効果は本人に帰属（代理の趣旨）。復代理人は民法108条の制限付き。無権代理（117条）では追認がなければ本人に効果なし。表見代理（109–110条）は「成立要件の三類型」と期間の切り分けが頻出です。,代理は試験でどう押さえればよいですか？,まず代理人が本人のために顕名して法律行為すると効果は本人に帰属（代理の趣旨）。復代理人は民法108条の制限付き。無権代理（117条）では追認がなければ本人に効果なし。表見代理（109–110条）は「成立要件の三類型」と期間の切り分けが頻出です。。 詳しくは、肢では「代理人が本人のために顕名して法律行為すると効果は本人に帰属（代理の趣旨）。復代理人は民法108条の制限付き。無権代理（117条）では追認がなければ本人に効果なし。表見代理（109–110条）は「成立要件の三類型」と期間の切り分けが頻出です。」のいずれかが正誤の分かれ目になりやすいです。特に類似制度（期間・要件・効力）の取り違え。数字と条文番号をセットで暗記する。
制限行為能力者,せいげんこういのうりょくしゃ,権利関係,権利関係,未成年（原則18歳未満）・成年後見・成年保佐・成年補助など、単独行為の有効性が制限されます。,未成年（原則18歳未満）・成年後見・成年保佐・成年補助など、単独行為の有効性が制限されます。,,,A,未成年・成年後見・保佐・補助など、単独での法律行為が制限される者。法定代理人の同意・取消権・消費者契約法の保護と条文番号で整理します。肢では「未成年は原則18歳未満／同意が必要な行為と取消／成年後見・保佐・補助の区別／消費者契約法との関係」のいずれかが正誤の分かれ目になりやすいです。特に制限行為能力者と無能力者を混同する。同意と追認を同一視する。,制限行為能力者とは,未成年（原則18歳未満）・成年後見・成年保佐・成年補助など、単独行為の有効性が制限されます。,未成年（原則18歳未満）・成年後見・成年保佐・成年補助など、単独行為の有効性が制限されます。未成年・成年後見・保佐・補助など、単独での法律行為が制限される者。法定代理人の同意・取消権・消費者契約法の保護と条文番号で整理します。権利関係では「誰に・どのような効果が及ぶか」「期間や要件の有無」を問う肢が多く、単語の意味だけでなく効力の発生・消滅のタイミングまでセットで押さえてください。,未成年は原則18歳未満;同意が必要な行為と取消;成年後見・保佐・補助の区別;消費者契約法との関係,制限行為能力者と無能力者を混同する。同意と追認を同一視する。,「未成年（原則18歳未満）・成年後見・成年保佐・成」を起点に、制限行為能力者の表を作って関連用語と並べる。,（2024年 第2問）制限行為能力者に関する次の記述のうち、民法の規定によれば、正しいものはどれか。,正答は選択肢2です。用語「制限行為能力者」が問われた過去問のため、解説と条文の対応を確認してください。,制限行為能力者とは何ですか？,制限行為能力者（せいげんこういのうりょくしゃ）とは、制限行為能力者の概要。未成年（原則18歳未満）・成年後見・成年保佐・成年補助など、単独行為の有効性が制限されます。法定代理人の同意が要る行為と取り消し権者、消費者契約法（事業者対消費者）での取扱いまで、条文番号とセットで整理しましょう。,制限行為能力者は試験でどう押さえればよいですか？,まず未成年（原則18歳未満）・成年後見・成年保佐・成年補助など、単独行為の有効性が制限されます。法定代理人の同意が要る行為と取り消し権者、消費者契約法（事業者対消費者）での取扱いまで、条文番号とセットで整理しましょう。。 詳しくは、肢では「未成年（原則18歳未満）・成年後見・成年保佐・成年補助など、単独行為の有効性が制限されます。法定代理人の同意が要る行為と取り消し権者、消費者契約法（事業者対消費者）での取扱いまで、条文番号とセットで整理しましょう。」のいずれかが正誤の分かれ目になりやすいです。特に類似制度（期間・要件・効力）の取り違え。数字と条文番号をセットで暗記する。
時効,じこう,権利関係,権利関係,一定期間が経つと権利が変動する制度,一定期間が経つと権利が変動する制度。,,,A,取得時効（162条）と消滅時効（166条）に大別。時効の援用（145条）は完成しても援用しなければ効力が生じず、除斥期間との対比が定番です。肢では「取得時効：善意無過失10年・その他20年／消滅時効：債権5年・10年／援用（145条）が必要／除斥期間・完成猶予との比較」のいずれかが正誤の分かれ目になりやすいです。特に除斥期間と消滅時効を混同する。援用なしで時効が当然に効くと誤る。,時効とは,一定期間が経つと権利が変動する制度,一定期間が経つと権利が変動する制度。取得時効（162条）と消滅時効（166条）に大別。時効の援用（145条）は完成しても援用しなければ効力が生じず、除斥期間との対比が定番です。権利関係では「誰に・どのような効果が及ぶか」「期間や要件の有無」を問う肢が多く、単語の意味だけでなく効力の発生・消滅のタイミングまでセットで押さえてください。,取得時効：善意無過失10年・その他20年;消滅時効：債権5年・10年;援用（145条）が必要;除斥期間・完成猶予との比較,除斥期間と消滅時効を混同する。援用なしで時効が当然に効くと誤る。,「取得時効：所有権は善意・無過失で10年、それ以外」を起点に、時効の表を作って関連用語と並べる。,（2025年 第10問）相殺に関する次の記述のうち、民法の規定によれば、正しいものはどれか。,正答は選択肢4です。用語「時効」が問われた過去問のため、解説と条文の対応を確認してください。,時効とは何ですか？,時効（じこう）とは、一定期間が経つと権利が変動する制度。取得時効：所有権は善意・無過失で10年、それ以外で20年平滑・公然に占有（民法162条）。消滅時効：債権166条1項「5年」知った時／「10年」権利行使可能時。援用（145条）があると初めて効力。完成猶予・更新は条文比較問題に出やすいです。,時効は試験でどう押さえればよいですか？,まず取得時効：所有権は善意・無過失で10年、それ以外で20年平滑・公然に占有（民法162条）。消滅時効：債権166条1項「5年」知った時／「10年」権利行使可能時。援用（145条）があると初めて効力。完成猶予・更新は条文比較問題に出やすいです。。 詳しくは、肢では「取得時効：所有権は善意・無過失で10年、それ以外で20年平滑・公然に占有（民法162条）。消滅時効：債権166条1項「5年」知った時／「10年」権利行使可能時。援用（145条）があると初めて効力。完成猶予・更新は条文比較問題に出やすいです。」のいずれかが正誤の分かれ目になりやすいです。特に類似制度（期間・要件・効力）の取り違え。数字と条文番号をセットで暗記する。
物権変動,ぶっけんへんどう,権利関係,権利関係,不動産は原則177条で「登記」をもって第三者への対抗要件。,不動産は原則177条で「登記」をもって第三者への対抗要件。,,,A,不動産物権の得喪は原則登記をもって第三者に対抗（177条）。二重譲渡・仮登記・占有による対抗（187条）とセットで整理します。肢では「177条の登記対抗／先に登記した者が対抗可能／187条の占有による対抗／原因と登記のタイミングずれ」のいずれかが正誤の分かれ目になりやすいです。,物権変動とは,不動産は原則177条で「登記」をもって第三者への対抗要件。,不動産は原則177条で「登記」をもって第三者への対抗要件。不動産物権の得喪は原則登記をもって第三者に対抗（177条）。二重譲渡・仮登記・占有による対抗（187条）とセットで整理します。権利関係では「誰に・どのような効果が及ぶか」「期間や要件の有無」を問う肢が多く、単語の意味だけでなく効力の発生・消滅のタイミングまでセットで押さえてください。,177条の登記対抗;先に登記した者が対抗可能;187条の占有による対抗;原因と登記のタイミングずれ,,「不動産は原則177条で「登記」をもって第三者への」を起点に、物権変動の表を作って関連用語と並べる。,（2024年 第3問）不動産の物権変動に関する次の記述のうち、民法の規定及び判例によれば、正しいものはどれか。,正答は選択肢2です。用語「物権変動」が問われた過去問のため、解説と条文の対応を確認してください。,物権変動とは何ですか？,物権変動（ぶっけんへんどう）とは、物権変動の概要。不動産は原則177条で「登記」をもって第三者への対抗要件。原因（売買など）と登記のタイミングずれで、二重譲渡や仮登記（177条・178条周辺）と混同されやすく、甲が先に登記なら甲が対抗可能、の型を反復練習します。,物権変動は試験でどう押さえればよいですか？,まず不動産は原則177条で「登記」をもって第三者への対抗要件。原因（売買など）と登記のタイミングずれで、二重譲渡や仮登記（177条・178条周辺）と混同されやすく、甲が先に登記なら甲が対抗可能、の型を反復練習します。。 詳しくは、肢では「不動産は原則177条で「登記」をもって第三者への対抗要件。原因（売買など）と登記のタイミングずれで、二重譲渡や仮登記（177条・178条周辺）と混同されやすく、甲が先に登記なら甲が対抗可能、の型を反復練習します。」のいずれかが正誤の分かれ目になりやすいです。特に類似制度（期間・要件・効力）の取り違え。数字と条文番号をセットで暗記する。
共有,きょうゆう,権利関係,権利関係,共有物の変更は持分の「価格の2分の1超＋人数の半数超」の共有者同意（民法252条2項など）。,共有物の変更は持分の「価格の2分の1超＋人数の半数超」の共有者同意（民法252条2項など）。,,,A,一物を数人が持分に応じて所有する制度。管理・変更・分割請求（256条）の同意要件と借地法の優先譲認を区別します。肢では「持分に応じた所有／変更は2分の1超＋人数過半（252条）／分割請求・抑制（256条）／借地法の優先譲認との違い」のいずれかが正誤の分かれ目になりやすいです。特に共有物の変更の同意要件を誤る。共有と合有を混同する。,共有とは,共有物の変更は持分の「価格の2分の1超＋人数の半数超」の共有者同意（民法252条2項など）。,共有物の変更は持分の「価格の2分の1超＋人数の半数超」の共有者同意（民法252条2項など）。一物を数人が持分に応じて所有する制度。管理・変更・分割請求（256条）の同意要件と借地法の優先譲認を区別します。権利関係では「誰に・どのような効果が及ぶか」「期間や要件の有無」を問う肢が多く、単語の意味だけでなく効力の発生・消滅のタイミングまでセットで押さえてください。,持分に応じた所有;変更は2分の1超＋人数過半（252条）;分割請求・抑制（256条）;借地法の優先譲認との違い,共有物の変更の同意要件を誤る。共有と合有を混同する。,「共有物の変更は持分の「価格の2分の1超＋人数の半」を起点に、共有の表を作って関連用語と並べる。,（2025年 第3問）共有に関する次の記述のうち、民法の規定によれば、正しいものはどれか。,正答は選択肢1です。用語「共有」が問われた過去問のため、解説と条文の対応を確認してください。,共有とは何ですか？,共有（きょうゆう）とは、共有の概要。共有物の変更は持分の「価格の2分の1超＋人数の半数超」の共有者同意（民法252条2項など）。分割請求・抑制（256条）は頻出。借地法等の優先譲認（転借人・地上権人等）とは人数・期間要件を並べて比較表にしましょう。,共有は試験でどう押さえればよいですか？,まず共有物の変更は持分の「価格の2分の1超＋人数の半数超」の共有者同意（民法252条2項など）。分割請求・抑制（256条）は頻出。借地法等の優先譲認（転借人・地上権人等）とは人数・期間要件を並べて比較表にしましょう。。 詳しくは、肢では「共有物の変更は持分の「価格の2分の1超＋人数の半数超」の共有者同意（民法252条2項など）。分割請求・抑制（256条）は頻出。借地法等の優先譲認（転借人・地上権人等）とは人数・期間要件を並べて比較表にしましょう。」のいずれかが正誤の分かれ目になりやすいです。特に類似制度（期間・要件・効力）の取り違え。数字と条文番号をセットで暗記する。
抵当権,ていとうけん,権利関係,権利関係,占有を移さずに不動産を担保にする権利,占有を移さずに不動産を担保にする権利。,,,A,担保物権の中心。設定・効力・実行・順位・物上代位・根抵当権との関係が権利関係・宅建業法（説明事項）の両方から問われます。肢では「設定は契約と登記／被担保債権の範囲・利息の扱い／物上代位と法定代位／根抵当権は極度額と元本確定」のいずれかが正誤の分かれ目になりやすいです。,抵当権とは,占有を移さずに不動産を担保にする権利,占有を移さずに不動産を担保にする権利。担保物権の中心。設定・効力・実行・順位・物上代位・根抵当権との関係が権利関係・宅建業法（説明事項）の両方から問われます。権利関係では「誰に・どのような効果が及ぶか」「期間や要件の有無」を問う肢が多く、単語の意味だけでなく効力の発生・消滅のタイミングまでセットで押さえてください。,設定は契約と登記;被担保債権の範囲・利息の扱い;物上代位と法定代位;根抵当権は極度額と元本確定,,「設定契約による極度額、順位は登記の先後。共同抵当」を起点に、抵当権の表を作って関連用語と並べる。,（2025年 第44問）登録免許税に関する次の記述のうち、正しいものはどれか。,正答は選択肢3です。用語「抵当権」が問われた過去問のため、解説と条文の対応を確認してください。,抵当権とは何ですか？,抵当権（ていとうけん）とは、占有を移さずに不動産を担保にする権利。設定契約による極度額、順位は登記の先後。共同抵当（民法392条）は代価分割の順位処理が典型。競売での配当順位や短縮手続（競売法等）ともリンクして学習。抵当権消滅請求時の経過要件は実務と宅建の穴埋めに出ます。,抵当権は試験でどう押さえればよいですか？,まず設定契約による極度額、順位は登記の先後。共同抵当（民法392条）は代価分割の順位処理が典型。競売での配当順位や短縮手続（競売法等）ともリンクして学習。抵当権消滅請求時の経過要件は実務と宅建の穴埋めに出ます。。 詳しくは、肢では「設定契約による極度額、順位は登記の先後。共同抵当（民法392条）は代価分割の順位処理が典型。競売での配当順位や短縮手続（競売法等）ともリンクして学習。抵当権消滅請求時の経過要件は実務と宅建の穴埋めに出ます。」のいずれかが正誤の分かれ目になりやすいです。特に類似制度（期間・要件・効力）の取り違え。数字と条文番号をセットで暗記する。
質権・先取特権・留置権,しちけん・さきどりとっけん,権利関係,権利関係,質権は占有移転型、先取特権は法定順位（一般・不動産・動産・特別）。,質権は占有移転型、先取特権は法定順位（一般・不動産・動産・特別）。,,,A,三者の担保物権は成立要件と効力の発生時期が大きく異なります。質権は占有移転、先取特権は法定担保、留置権は牽連関係と占有が鍵です。不動産質権・根抵当権・譲渡担保などと並べて比較表にすると肢選びが速くなります。肢では「質権は原則として占有の移転が効力発生要件／先取特権は法律の定めにより当然に成立する担保物権／留置権は牽連関係と占有が必要で優先弁済権はない／不動産にも質権を設定できる場合がある」のいずれかが正誤の分かれ目になりやすいです。特に留置権に優先弁済権があると誤る。先取特権を当事者の合意だけで設定できると誤る。,質権・先取特権・留置権とは,質権は占有移転型、先取特権は法定順位（一般・不動産・動産・特別）。,質権は占有移転型、先取特権は法定順位（一般・不動産・動産・特別）。三者の担保物権は成立要件と効力の発生時期が大きく異なります。質権は占有移転、先取特権は法定担保、留置権は牽連関係と占有が鍵です。不動産質権・根抵当権・譲渡担保などと並べて比較表にすると肢選びが速くなります。権利関係では「誰に・どのような効果が及ぶか」「期間や要件の有無」を問う肢が多く、単語の意味だけでなく効力の発生・消滅のタイミングまでセットで押さえてください。,質権は原則として占有の移転が効力発生要件;先取特権は法律の定めにより当然に成立する担保物権;留置権は牽連関係と占有が必要で優先弁済権はない;不動産にも質権を設定できる場合がある,留置権に優先弁済権があると誤る。先取特権を当事者の合意だけで設定できると誤る。,質＝占有、先＝法定、留＝牽連＋占有・優先なし。,（2025年 第5問）担保物権に関する次の記述のうち、民法の規定によれば、正しいものはどれか。,正答は選択肢4です。用語「質権・先取特権・留置権」が問われた過去問のため、解説と条文の対応を確認してください。,質権・先取特権・留置権とは何ですか？,質権・先取特権・留置権（しちけん・さきどりとっけん）とは、質権・先取特権・留置権の概要。質権は占有移転型、先取特権は法定順位（一般・不動産・動産・特別）。建築請負の不動産先取特権は「保存」が対抗要件。留置権は債権と物の牽連性等。いずれも「成立」「対抗」「順位」のキーワードで暗記表に。,質権・先取特権・留置権は試験でどう押さえればよいですか？,まず質権は占有移転型、先取特権は法定順位（一般・不動産・動産・特別）。建築請負の不動産先取特権は「保存」が対抗要件。留置権は債権と物の牽連性等。いずれも「成立」「対抗」「順位」のキーワードで暗記表に。。 詳しくは、肢では「質権は占有移転型、先取特権は法定順位（一般・不動産・動産・特別）。建築請負の不動産先取特権は「保存」が対抗要件。留置権は債権と物の牽連性等。いずれも「成立」「対抗」「順位」のキーワードで暗記表に。」のいずれかが正誤の分かれ目になりやすいです。特に類似制度（期間・要件・効力）の取り違え。数字と条文番号をセットで暗記する。
地上権・地役権,ちじょうけん・ちえきけん,権利関係,権利関係,地上権（265条）は建物所有目的の土地利用、地役権（280条）は承役地・要役地の便宜。,地上権（265条）は建物所有目的の土地利用、地役権（280条）は承役地・要役地の便宜。,,,A,地上権は他人の土地を使用して建物等を所有する用益物権、地役権は他人の土地を自己の土地のため利用する従物権です。賃借権・抵当権との関係も含め、設定・対抗・存続期間を整理してください。肢では「地上権は建物所有等を目的とする用益物権／地役権は要役地のため供役地を利用する従物権／地役権は主たる土地の処分に従う／賃借権とは性質・対抗要件が異なる」のいずれかが正誤の分かれ目になりやすいです。,地上権・地役権とは,地上権（265条）は建物所有目的の土地利用、地役権（280条）は承役地・要役地の便宜。,地上権（265条）は建物所有目的の土地利用、地役権（280条）は承役地・要役地の便宜。地上権は他人の土地を使用して建物等を所有する用益物権、地役権は他人の土地を自己の土地のため利用する従物権です。賃借権・抵当権との関係も含め、設定・対抗・存続期間を整理してください。権利関係では「誰に・どのような効果が及ぶか」「期間や要件の有無」を問う肢が多く、単語の意味だけでなく効力の発生・消滅のタイミングまでセットで押さえてください。,地上権は建物所有等を目的とする用益物権;地役権は要役地のため供役地を利用する従物権;地役権は主たる土地の処分に従う;賃借権とは性質・対抗要件が異なる,,地上＝建物のための土地、地役＝通路・採光のための役権。,（2024年 第13問）地役権に関する次の記述のうち、民法の規定によれば、正しいものはどれか。,正答は選択肢1です。用語「地上権・地役権」が問われた過去問のため、解説と条文の対応を確認してください。,地上権・地役権とは何ですか？,地上権・地役権（ちじょうけん・ちえきけん）とは、地上権・地役権の概要。地上権（265条）は建物所有目的の土地利用、地役権（280条）は承役地・要役地の便宜。期間の定め・更新・地代と、借地借家法（普通借地など30年等）と混同されやすいので、民法と特別法の二段で整理します。,地上権・地役権は試験でどう押さえればよいですか？,まず地上権（265条）は建物所有目的の土地利用、地役権（280条）は承役地・要役地の便宜。期間の定め・更新・地代と、借地借家法（普通借地など30年等）と混同されやすいので、民法と特別法の二段で整理します。。 詳しくは、肢では「地上権（265条）は建物所有目的の土地利用、地役権（280条）は承役地・要役地の便宜。期間の定め・更新・地代と、借地借家法（普通借地など30年等）と混同されやすいので、民法と特別法の二段で整理します。」のいずれかが正誤の分かれ目になりやすいです。特に類似制度（期間・要件・効力）の取り違え。数字と条文番号をセットで暗記する。
賃貸借,ちんたいしゃく,権利関係,権利関係,賃貸借は当事者の負担配分（原状回復・修繕）が争点。,賃貸借は当事者の負担配分（原状回復・修繕）が争点。,,,A,物の使用収益を目的とする契約。建物は借家法、土地は借地法が上乗せされます。原状回復・修繕費用・更新・正当事由・敷金礼金と実務論点が頻出です。肢では「使用収益を目的／借地借家法の特別法／更新・正当事由の予告期間／原状回復と敷金の関係」のいずれかが正誤の分かれ目になりやすいです。特に民法の賃貸借のみで答える。借地・借家の期間数字を混同する。,賃貸借とは,賃貸借は当事者の負担配分（原状回復・修繕）が争点。,賃貸借は当事者の負担配分（原状回復・修繕）が争点。物の使用収益を目的とする契約。建物は借家法、土地は借地法が上乗せされます。原状回復・修繕費用・更新・正当事由・敷金礼金と実務論点が頻出です。権利関係では「誰に・どのような効果が及ぶか」「期間や要件の有無」を問う肢が多く、単語の意味だけでなく効力の発生・消滅のタイミングまでセットで押さえてください。,使用収益を目的;借地借家法の特別法;更新・正当事由の予告期間;原状回復と敷金の関係,民法の賃貸借のみで答える。借地・借家の期間数字を混同する。,「賃貸借は当事者の負担配分（原状回復・修繕）が争点」を起点に、賃貸借の表を作って関連用語と並べる。,（2025年 第23問）媒介報酬に関する次の記述のうち、正しいものはどれか（消費税考慮不要）。,正答は選択肢3です。用語「賃貸借」が問われた過去問のため、解説と条文の対応を確認してください。,賃貸借とは何ですか？,賃貸借（ちんたいしゃく）とは、賃貸借の概要。賃貸借は当事者の負担配分（原状回復・修繕）が争点。建物は借家法、土地は借地法が上乗せ。正当事由による解約（借家法28条）や更新（26条）の「6ヶ月前予告」など数字付きの型を押さえます。,賃貸借は試験でどう押さえればよいですか？,まず賃貸借は当事者の負担配分（原状回復・修繕）が争点。建物は借家法、土地は借地法が上乗せ。正当事由による解約（借家法28条）や更新（26条）の「6ヶ月前予告」など数字付きの型を押さえます。。 詳しくは、肢では「賃貸借は当事者の負担配分（原状回復・修繕）が争点。建物は借家法、土地は借地法が上乗せ。正当事由による解約（借家法28条）や更新（26条）の「6ヶ月前予告」など数字付きの型を押さえます。」のいずれかが正誤の分かれ目になりやすいです。特に類似制度（期間・要件・効力）の取り違え。数字と条文番号をセットで暗記する。
借地借家法,しゃくちしゃっかほう,権利関係,権利関係,借地の普通借地は30年（借地法3条）、建物の普通借家は1年超の短期を除き借家法3条の期間定め。,借地の普通借地は30年（借地法3条）、建物の普通借家は1年超の短期を除き借家法3条の期間定め。,,,A,借地権・借家権の更新・正当事由・立退料・買取請求権など、民法の賃貸借を補完する特別法。宅建では説明・契約実務と結びついて出題されます。肢では「普通借地30年・定期借地は更新なし／正当事由・更新拒絶／借地権買取請求権は地主側／借家の短期借家・更新」のいずれかが正誤の分かれ目になりやすいです。,借地借家法とは,借地の普通借地は30年（借地法3条）、建物の普通借家は1年超の短期を除き借家法3条の期間定め。,借地の普通借地は30年（借地法3条）、建物の普通借家は1年超の短期を除き借家法3条の期間定め。借地権・借家権の更新・正当事由・立退料・買取請求権など、民法の賃貸借を補完する特別法。宅建では説明・契約実務と結びついて出題されます。権利関係では「誰に・どのような効果が及ぶか」「期間や要件の有無」を問う肢が多く、単語の意味だけでなく効力の発生・消滅のタイミングまでセットで押さえてください。,普通借地30年・定期借地は更新なし;正当事由・更新拒絶;借地権買取請求権は地主側;借家の短期借家・更新,,「借地の普通借地は30年（借地法3条）、建物の普通」を起点に、借地借家法の表を作って関連用語と並べる。,（2025年 第13問）定期建物賃貸借に関する次の記述のうち、正しいものはどれか。,正答は選択肢3です。用語「借地借家法」が問われた過去問のため、解説と条文の対応を確認してください。,借地借家法とは何ですか？,借地借家法（しゃくちしゃっかほう）とは、借地借家法の概要。借地の普通借地は30年（借地法3条）、建物の普通借家は1年超の短期を除き借家法3条の期間定め。定期借地・定期借家は更新なしの「期間満了で終了」が基本。再建築・公共施設等の長期定期は50年等の型も頻出です。,借地借家法は試験でどう押さえればよいですか？,まず借地の普通借地は30年（借地法3条）、建物の普通借家は1年超の短期を除き借家法3条の期間定め。定期借地・定期借家は更新なしの「期間満了で終了」が基本。再建築・公共施設等の長期定期は50年等の型も頻出です。。 詳しくは、肢では「借地の普通借地は30年（借地法3条）、建物の普通借家は1年超の短期を除き借家法3条の期間定め。定期借地・定期借家は更新なしの「期間満了で終了」が基本。再建築・公共施設等の長期定期は50年等の型も頻出です。」のいずれかが正誤の分かれ目になりやすいです。特に類似制度（期間・要件・効力）の取り違え。数字と条文番号をセットで暗記する。
法定更新,ほうていこうしん,権利関係,権利関係,借地・借家の法定更新は期間満了で条件を満たせば「同条件で更新」が認められる仕組み（借地法5条・借家法5条）。,借地・借家の法定更新は期間満了で条件を満たせば「同条件で更新」が認められる仕組み（借地法5条・借家法5条）。,,,A,"借地・借家の法定更新は期間満了で条件を満たせば「同条件で更新」が認められる仕組み（借地法5条・借家法5条）。権利関係では誰にどの効果が及ぶか、期間・要件の有無が問われやすいです。関連用語と条文番号を比較表にまとめてください。

肢では「借地・借家の法定更新は期間満了で条件を満たせば「同条件で更新」が認められる仕組み（借地法5条・借家法5条）／更新料・再賃料の扱いと、借家の正当事由解約（借家法28条）との違いを整理します／数字と条文番号をセットで暗記する」のいずれかが正誤の分かれ目になりやすいです。

特に類似制度（期間・要件・効力）の取り違え。条文番号と数字をセットで暗記する。",法定更新とは,借地・借家の法定更新は期間満了で条件を満たせば「同条件で更新」が認められる仕組み（借地法5条・借家法5条）。,"借地・借家の法定更新は期間満了で条件を満たせば「同条件で更新」が認められる仕組み（借地法5条・借家法5条）。

借地・借家の法定更新は期間満了で条件を満たせば「同条件で更新」が認められる仕組み（借地法5条・借家法5条）。権利関係では誰にどの効果が及ぶか、期間・要件の有無が問われやすいです。関連用語と条文番号を比較表にまとめてください。

権利関係では「誰に・どのような効果が及ぶか」「期間や要件の有無」を問う肢が多く、単語の意味だけでなく効力の発生・消滅のタイミングまでセットで押さえてください。",借地・借家の法定更新は期間満了で条件を満たせば「同条件で更新」が認められる仕組み（借地法5条・借家法5条）;更新料・再賃料の扱いと、借家の正当事由解約（借家法28条）との違いを整理します;数字と条文番号をセットで暗記する,類似制度（期間・要件・効力）の取り違え。条文番号と数字をセットで暗記する。,「借地・借家の法定更新は期間満了で条件を満たせば「」を起点に、法定更新の表を作って関連用語と並べる。,（2023年 第12問）普通建物賃貸借（居住用）の更新に関する次の記述のうち、借地借家法の規定によれば正しいものはどれか。,正答は選択肢1です。用語「法定更新」が問われた過去問のため、解説と条文の対応を確認してください。,法定更新とは何ですか？,法定更新（ほうていこうしん）とは、法定更新の概要。借地・借家の法定更新は期間満了で条件を満たせば「同条件で更新」が認められる仕組み（借地法5条・借家法5条）。更新料・再賃料の扱いと、借家の正当事由解約（借家法28条）との違いを整理します。,法定更新は試験でどう押さえればよいですか？,まず借地・借家の法定更新は期間満了で条件を満たせば「同条件で更新」が認められる仕組み（借地法5条・借家法5条）。更新料・再賃料の扱いと、借家の正当事由解約（借家法28条）との違いを整理します。。 詳しくは、肢では「借地・借家の法定更新は期間満了で条件を満たせば「同条件で更新」が認められる仕組み（借地法5条・借家法5条）。更新料・再賃料の扱いと、借家の正当事由解約（借家法28条）との違いを整理します。」のいずれかが正誤の分かれ目になりやすいです。特に類似制度（期間・要件・効力）の取り違え。数字と条文番号をセットで暗記する。
敷金・礼金,しききん・れいきん,権利関係,権利関係,敷金は原則返還（借家法原状回復と精算）。,敷金は原則返還（借家法原状回復と精算）。,,,A,敷金は賃貸借終了時の原状回復・未払賃料への充当を目的とする預り金、礼金は賃貸人への謝礼で返還義務が原則ありません。借地借家法上の敷金・保証金の制限（借家法26条等）と区別して覚えます。肢では「敷金は返還義務があり充当・返還のルールが問題になる／礼金は返還義務が原則ない／借地借家法の保護規定とセットで出題／原状回復義務・敷引きとの関係」のいずれかが正誤の分かれ目になりやすいです。,敷金・礼金とは,敷金は原則返還（借家法原状回復と精算）。,敷金は原則返還（借家法原状回復と精算）。敷金は賃貸借終了時の原状回復・未払賃料への充当を目的とする預り金、礼金は賃貸人への謝礼で返還義務が原則ありません。借地借家法上の敷金・保証金の制限（借家法26条等）と区別して覚えます。権利関係では「誰に・どのような効果が及ぶか」「期間や要件の有無」を問う肢が多く、単語の意味だけでなく効力の発生・消滅のタイミングまでセットで押さえてください。,敷金は返還義務があり充当・返還のルールが問題になる;礼金は返還義務が原則ない;借地借家法の保護規定とセットで出題;原状回復義務・敷引きとの関係,,敷金＝返るお金、礼金＝返らない。借家法の保護とセット。,【学習確認】敷金・礼金について、次のうち試験で押さえるべき説明として適切なものはどれか。,要点は「敷金は返還義務があり充当・返還のルールが問題になる」です。権利関係分野の関連用語・過去問演習ページで、条文番号と数値をセットで復習してください。,敷金・礼金とは何ですか？,敷金・礼金（しききん・れいきん）とは、敷金・礼金の概要。敷金は原則返還（借家法原状回復と精算）。礼金は慣習上の一時金で返還義務は原則なし。原状回復の「通常損耗」は借主負担外（借家法32条2項）が典型肢。管理費・共益費は賃料と別処理の問題に出ます。,敷金・礼金は試験でどう押さえればよいですか？,まず敷金は原則返還（借家法原状回復と精算）。礼金は慣習上の一時金で返還義務は原則なし。原状回復の「通常損耗」は借主負担外（借家法32条2項）が典型肢。管理費・共益費は賃料と別処理の問題に出ます。。 詳しくは、肢では「敷金は原則返還（借家法原状回復と精算）。礼金は慣習上の一時金で返還義務は原則なし。原状回復の「通常損耗」は借主負担外（借家法32条2項）が典型肢。管理費・共益費は賃料と別処理の問題に出ます。」のいずれかが正誤の分かれ目になりやすいです。特に類似制度（期間・要件・効力）の取り違え。数字と条文番号をセットで暗記する。
転貸借,てんたいしゃく,権利関係,権利関係,転貸には賃貸人の承诺が原則（借地・借家法上の許諾事由）。,転貸には賃貸人の承诺が原則（借地・借家法上の許諾事由）。,,,A,賃借人が第三者に目的物を賃貸する契約。賃貸人の同意・借地借家法の制限・敷金・原状回復がセットで出題されます。肢では「賃借人が第三者に貸す／賃貸人の同意が必要／借地借家法の制限／敷金・原状回復」のいずれかが正誤の分かれ目になりやすいです。,転貸借とは,転貸には賃貸人の承诺が原則（借地・借家法上の許諾事由）。,転貸には賃貸人の承诺が原則（借地・借家法上の許諾事由）。賃借人が第三者に目的物を賃貸する契約。賃貸人の同意・借地借家法の制限・敷金・原状回復がセットで出題されます。権利関係では「誰に・どのような効果が及ぶか」「期間や要件の有無」を問う肢が多く、単語の意味だけでなく効力の発生・消滅のタイミングまでセットで押さえてください。,賃借人が第三者に貸す;賃貸人の同意が必要;借地借家法の制限;敷金・原状回復,,「転貸には賃貸人の承诺が原則（借地・借家法上の許諾」を起点に、転貸借の表を作って関連用語と並べる。,（2015年 第9問）土地の転貸借に関する以下の1から4までの記述のうち、民法の規定、判例及び下記判決文によれば、誤っているものを選びなさい。 (判決文) 土地の賃借人が賃貸人の承諾を得ることなく右土地を他に転貸しても、…,正答は選択肢1です。用語「転貸借」が問われた過去問のため、解説と条文の対応を確認してください。,転貸借とは何ですか？,転貸借（てんたいしゃく）とは、転貸借の概要。転貸には賃貸人の承诺が原則（借地・借家法上の許諾事由）。転借人との関係では原賃貸借の終了事由と連動させる問題がポイント。貸換え・譲渡承諾請求とも混同されやすいので条文位置を頭に描きます。,転貸借は試験でどう押さえればよいですか？,まず転貸には賃貸人の承诺が原則（借地・借家法上の許諾事由）。転借人との関係では原賃貸借の終了事由と連動させる問題がポイント。貸換え・譲渡承諾請求とも混同されやすいので条文位置を頭に描きます。。 詳しくは、肢では「転貸には賃貸人の承诺が原則（借地・借家法上の許諾事由）。転借人との関係では原賃貸借の終了事由と連動させる問題がポイント。貸換え・譲渡承諾請求とも混同されやすいので条文位置を頭に描きます。」のいずれかが正誤の分かれ目になりやすいです。特に類似制度（期間・要件・効力）の取り違え。数字と条文番号をセットで暗記する。
造作買取請求権,ぞうさくかいとりせいきゅうけん,権利関係,権利関係,造作買取請求権は残存設定で存続（借地12条ほか）、条件成就と手続の型が試験向き。,造作買取請求権は残存設定で存続（借地12条ほか）、条件成就と手続の型が試験向き。,,,A,借地借家法上、借地人・借家人が建物の造作・附合せを買い取るよう求める権利です。正当事由による更新拒絶・買取請求権との関係、買取価格の算定が争点になります。肢では「借地・借家の終了時に買取を請求できる／正当事由・立退料との整理／買取価格の考え方が出題／建物再築・移転と比較」のいずれかが正誤の分かれ目になりやすいです。,造作買取請求権とは,造作買取請求権は残存設定で存続（借地12条ほか）、条件成就と手続の型が試験向き。,造作買取請求権は残存設定で存続（借地12条ほか）、条件成就と手続の型が試験向き。借地借家法上、借地人・借家人が建物の造作・附合せを買い取るよう求める権利です。正当事由による更新拒絶・買取請求権との関係、買取価格の算定が争点になります。権利関係では「誰に・どのような効果が及ぶか」「期間や要件の有無」を問う肢が多く、単語の意味だけでなく効力の発生・消滅のタイミングまでセットで押さえてください。,借地・借家の終了時に買取を請求できる;正当事由・立退料との整理;買取価格の考え方が出題;建物再築・移転と比較,,「造作買取請求権は残存設定で存続（借地12条ほか）」を起点に、造作買取請求権の表を作って関連用語と並べる。,【学習確認】造作買取請求権について、次のうち試験で押さえるべき説明として適切なものはどれか。,要点は「借地・借家の終了時に買取を請求できる」です。権利関係分野の関連用語・過去問演習ページで、条文番号と数値をセットで復習してください。,造作買取請求権とは何ですか？,造作買取請求権（ぞうさくかいとりせいきゅうけん）とは、造作買取請求権の概要。造作買取請求権は残存設定で存続（借地12条ほか）、条件成就と手続の型が試験向き。譲渡・転貸に伴う承諾とセットのケーススタディが出やすいです。,造作買取請求権は試験でどう押さえればよいですか？,まず造作買取請求権は残存設定で存続（借地12条ほか）、条件成就と手続の型が試験向き。譲渡・転貸に伴う承諾とセットのケーススタディが出やすいです。。 詳しくは、肢では「造作買取請求権は残存設定で存続（借地12条ほか）、条件成就と手続の型が試験向き。譲渡・転貸に伴う承諾とセットのケーススタディが出やすいです。」のいずれかが正誤の分かれ目になりやすいです。特に類似制度（期間・要件・効力）の取り違え。数字と条文番号をセットで暗記する。
賃料増減額請求,ちんりょうぞうげんがくせいきゅう,権利関係,権利関係,賃料増減請求は当事者の事情・近隣比較等を材料に裁判所が判断（借地16条・借家32条）。,賃料増減請求は当事者の事情・近隣比較等を材料に裁判所が判断（借地16条・借家32条）。,,,A,経済事情の変動等を理由に賃料の増減を請求する制度。借地法16条・借家法32条で要件が異なり、借地では10年経過等の要件があります。肢では「借地・借家で条文と要件が異なる／借地は10年経過等の要件／近隣比較賃料・公租公課の増減が材料／賃料増減額請求（借地・借家）の記事と重複整理」のいずれかが正誤の分かれ目になりやすいです。,賃料増減額請求とは,賃料増減請求は当事者の事情・近隣比較等を材料に裁判所が判断（借地16条・借家32条）。,賃料増減請求は当事者の事情・近隣比較等を材料に裁判所が判断（借地16条・借家32条）。経済事情の変動等を理由に賃料の増減を請求する制度。借地法16条・借家法32条で要件が異なり、借地では10年経過等の要件があります。権利関係では「誰に・どのような効果が及ぶか」「期間や要件の有無」を問う肢が多く、単語の意味だけでなく効力の発生・消滅のタイミングまでセットで押さえてください。,借地・借家で条文と要件が異なる;借地は10年経過等の要件;近隣比較賃料・公租公課の増減が材料;賃料増減額請求（借地・借家）の記事と重複整理,,「賃料増減請求は当事者の事情・近隣比較等を材料に裁」を起点に、賃料増減額請求の表を作って関連用語と並べる。,【学習確認】賃料増減額請求について、次のうち試験で押さえるべき説明として適切なものはどれか。,要点は「借地・借家で条文と要件が異なる」です。権利関係分野の関連用語・過去問演習ページで、条文番号と数値をセットで復習してください。,賃料増減額請求とは何ですか？,賃料増減額請求（ちんりょうぞうげんがくせいきゅう）とは、賃料増減額請求の概要。賃料増減請求は当事者の事情・近隣比較等を材料に裁判所が判断（借地16条・借家32条）。借地は「10年経過後」から請求可能（16条1項）など期間付きの肢を確認。,賃料増減額請求は試験でどう押さえればよいですか？,まず賃料増減請求は当事者の事情・近隣比較等を材料に裁判所が判断（借地16条・借家32条）。借地は「10年経過後」から請求可能（16条1項）など期間付きの肢を確認。。 詳しくは、肢では「賃料増減請求は当事者の事情・近隣比較等を材料に裁判所が判断（借地16条・借家32条）。借地は「10年経過後」から請求可能（16条1項）など期間付きの肢を確認。」のいずれかが正誤の分かれ目になりやすいです。特に類似制度（期間・要件・効力）の取り違え。数字と条文番号をセットで暗記する。
借主の保護規定,かりてほごきてい,権利関係,権利関係,借家人保護：正当事由（借家法28条）、買取・明渡しの特則、立退料等。,借家人保護：正当事由（借家法28条）、買取・明渡しの特則、立退料等。,,,A,借地借家法は借主・転借人を保護するため、賃料増額・更新拒絶・立退・敷金等に特則があります。民法の賃貸借のみでは足りない点が試験の焦点です。肢では「借家法・借地法の強行規定／賃料増額・更新・立退の制限／敷金・保証金の上限／転借人の保護」のいずれかが正誤の分かれ目になりやすいです。,借主の保護規定とは,借家人保護：正当事由（借家法28条）、買取・明渡しの特則、立退料等。,借家人保護：正当事由（借家法28条）、買取・明渡しの特則、立退料等。借地借家法は借主・転借人を保護するため、賃料増額・更新拒絶・立退・敷金等に特則があります。民法の賃貸借のみでは足りない点が試験の焦点です。権利関係では「誰に・どのような効果が及ぶか」「期間や要件の有無」を問う肢が多く、単語の意味だけでなく効力の発生・消滅のタイミングまでセットで押さえてください。,借家法・借地法の強行規定;賃料増額・更新・立退の制限;敷金・保証金の上限;転借人の保護,,「借家人保護：正当事由（借家法28条）、買取・明渡」を起点に、借主の保護規定の表を作って関連用語と並べる。,【学習確認】借主の保護規定について、次のうち試験で押さえるべき説明として適切なものはどれか。,要点は「肢では「借家人保護：正当事由（借家法28条）、買取・明渡しの特則、立退料等」です。権利関係分野の関連用語・過去問演習ページで、条文番号と数値をセットで復習してください。,借主の保護規定とは何ですか？,借主の保護規定（かりてほごきてい）とは、借主の保護規定の概要。借家人保護：正当事由（借家法28条）、買取・明渡しの特則、立退料等。期間の予告（解約は原則6ヶ月前）と、建物譲渡時の地位移転（借家法18条）が数字なしでも肢の切り分けに使われます。,借主の保護規定は試験でどう押さえればよいですか？,まず借家人保護：正当事由（借家法28条）、買取・明渡しの特則、立退料等。期間の予告（解約は原則6ヶ月前）と、建物譲渡時の地位移転（借家法18条）が数字なしでも肢の切り分けに使われます。。 詳しくは、肢では「借家人保護：正当事由（借家法28条）、買取・明渡しの特則、立退料等。期間の予告（解約は原則6ヶ月前）と、建物譲渡時の地位移転（借家法18条）が数字なしでも肢の切り分けに使われます。」のいずれかが正誤の分かれ目になりやすいです。特に類似制度（期間・要件・効力）の取り違え。数字と条文番号をセットで暗記する。
相続分と代襲相続,そうぞくぶんとだいしゅうそうぞく,権利関係,権利関係,遺産を誰がどれだけ受け取るか,遺産を誰がどれだけ受け取るか。,,,A,法定相続分は900条、代襲相続は887条。配偶者・子・父母・兄弟の組み合わせで割合が変わり、遺留分（1042条）・特別受益と計算問題で結びつきます。肢では「法定相続分は相続人の組み合わせで決まる／代襲相続は先死亡した子の直系卑属が代わりに相続／遺留分は兄弟姉妹以外に認められる／割合は表で暗記（配偶者1/2+子1/2等）」のいずれかが正誤の分かれ目になりやすいです。,相続分と代襲相続とは,遺産を誰がどれだけ受け取るか,遺産を誰がどれだけ受け取るか。法定相続分は900条、代襲相続は887条。配偶者・子・父母・兄弟の組み合わせで割合が変わり、遺留分（1042条）・特別受益と計算問題で結びつきます。権利関係では「誰に・どのような効果が及ぶか」「期間や要件の有無」を問う肢が多く、単語の意味だけでなく効力の発生・消滅のタイミングまでセットで押さえてください。,法定相続分は相続人の組み合わせで決まる;代襲相続は先死亡した子の直系卑属が代わりに相続;遺留分は兄弟姉妹以外に認められる;割合は表で暗記（配偶者1/2+子1/2等）,,法定＝法律の割合、代襲＝先に死んだ子の孫が代わりに。,【学習確認】相続分と代襲相続について、次のうち試験で押さえるべき説明として適切なものはどれか。,要点は「肢では「法定相続分：配偶者＋子なら各1/2（900条）、配偶者＋父母なら配偶者1/3・父母2/3、配偶者＋兄弟なら配偶者1/2・兄弟1/2等」です。権利関係分野の関連用語・過去問演習ページで、条文番号と数値をセットで復習してください。,相続分と代襲相続とは何ですか？,相続分と代襲相続（そうぞくぶんとだいしゅうそうぞく）とは、遺産を誰がどれだけ受け取るか。法定相続分：配偶者＋子なら各1/2（900条）、配偶者＋父母なら配偶者1/3・父母2/3、配偶者＋兄弟なら配偶者1/2・兄弟1/2等。代襲相続（887条）と遺留分（900条の2・1042条）の割合（直系尊属配偶者1/2等）を表に。,相続分と代襲相続は試験でどう押さえればよいですか？,まず法定相続分：配偶者＋子なら各1/2（900条）、配偶者＋父母なら配偶者1/3・父母2/3、配偶者＋兄弟なら配偶者1/2・兄弟1/2等。代襲相続（887条）と遺留分（900条の2・1042条）の割合（直系尊属配偶者1/2等）を表に。。 詳しくは、肢では「法定相続分：配偶者＋子なら各1/2（900条）、配偶者＋父母なら配偶者1/3・父母2/3、配偶者＋兄弟なら配偶者1/2・兄弟1/2等。代襲相続（887条）と遺留分（900条の2・1042条）の割合（直系尊属配偶者1/2等）を表に。」のいずれかが正誤の分かれ目になりやすいです。特に類似制度（期間・要件・効力）の取り違え。数字と条文番号をセットで暗記する。
遺産分割,いさんぶんかつ,権利関係,権利関係,遺産分割は協議・調停・審判（907条等）。,遺産分割は協議・調停・審判（907条等）。,,,A,共同相続人が相続財産の分け方を協議・審判で決める手続。遺留分・特別受益・代襲相続との計算問題が結びつきます。肢では「共同相続人全員の同意／審判による分割／遺留分侵害との関係／登記・名義変更」のいずれかが正誤の分かれ目になりやすいです。,遺産分割とは,遺産分割は協議・調停・審判（907条等）。,遺産分割は協議・調停・審判（907条等）。共同相続人が相続財産の分け方を協議・審判で決める手続。遺留分・特別受益・代襲相続との計算問題が結びつきます。権利関係では「誰に・どのような効果が及ぶか」「期間や要件の有無」を問う肢が多く、単語の意味だけでなく効力の発生・消滅のタイミングまでセットで押さえてください。,共同相続人全員の同意;審判による分割;遺留分侵害との関係;登記・名義変更,,「遺産分割は協議・調停・審判（907条等）。遺言・」を起点に、遺産分割の表を作って関連用語と並べる。,（2020年 第2問）Aが死亡し、相続人がB・C・Dの3名（各法定相続分3分の1）である場合に関する次の記述のうち、民法の規定及び判例によれば、正しいものはどれか。,正答は選択肢1です。用語「遺産分割」が問われた過去問のため、解説と条文の対応を確認してください。,遺産分割とは何ですか？,遺産分割（いさんぶんかつ）とは、遺産分割の概要。遺産分割は協議・調停・審判（907条等）。遺言・遺留分侵害額請求（1046条）とあわせ、相続開始の時期と債務承認の関係が頻出。遺産の範囲と持分移転登記の話題も絡みます。,遺産分割は試験でどう押さえればよいですか？,まず遺産分割は協議・調停・審判（907条等）。遺言・遺留分侵害額請求（1046条）とあわせ、相続開始の時期と債務承認の関係が頻出。遺産の範囲と持分移転登記の話題も絡みます。。 詳しくは、肢では「遺産分割は協議・調停・審判（907条等）。遺言・遺留分侵害額請求（1046条）とあわせ、相続開始の時期と債務承認の関係が頻出。遺産の範囲と持分移転登記の話題も絡みます。」のいずれかが正誤の分かれ目になりやすいです。特に類似制度（期間・要件・効力）の取り違え。数字と条文番号をセットで暗記する。
保証と連帯保証,ほしょうとれんたいほしょう,権利関係,権利関係,一般保証は催告の抗弁（452条）・検索の抗弁（453条）が原則あり。,一般保証は催告の抗弁（452条）・検索の抗弁（453条）が原則あり。,,,A,保証は補充性・催告の抗弁があり、連帯保証はその抗弁が原則ない。主債務との関係、保証人の求償権が問題になります。肢では「保証は催告・検索の抗弁／連帯保証は原則抗弁なし／主債務消滅で保証も消滅／連帯債務（複数債務者）との区別」のいずれかが正誤の分かれ目になりやすいです。,保証と連帯保証とは,一般保証は催告の抗弁（452条）・検索の抗弁（453条）が原則あり。,一般保証は催告の抗弁（452条）・検索の抗弁（453条）が原則あり。保証は補充性・催告の抗弁があり、連帯保証はその抗弁が原則ない。主債務との関係、保証人の求償権が問題になります。権利関係では「誰に・どのような効果が及ぶか」「期間や要件の有無」を問う肢が多く、単語の意味だけでなく効力の発生・消滅のタイミングまでセットで押さえてください。,保証は催告・検索の抗弁;連帯保証は原則抗弁なし;主債務消滅で保証も消滅;連帯債務（複数債務者）との区別,,「一般保証は催告の抗弁（452条）・検索の抗弁（4」を起点に、保証と連帯保証の表を作って関連用語と並べる。,【学習確認】保証と連帯保証について、次のうち試験で押さえるべき説明として適切なものはどれか。,要点は「肢では「一般保証は催告の抗弁（452条）・検索の抗弁（453条）が原則あり」です。権利関係分野の関連用語・過去問演習ページで、条文番号と数値をセットで復習してください。,保証と連帯保証とは何ですか？,保証と連帯保証（ほしょうとれんたいほしょう）とは、保証と連帯保証の概要。一般保証は催告の抗弁（452条）・検索の抗弁（453条）が原則あり。連帯保証（456条）は抗弁がないため債権者は直接請求可。保証人の求償・代位（457–465条）と条項の英訳語「催告」が穴埋めに。,保証と連帯保証は試験でどう押さえればよいですか？,まず一般保証は催告の抗弁（452条）・検索の抗弁（453条）が原則あり。連帯保証（456条）は抗弁がないため債権者は直接請求可。保証人の求償・代位（457–465条）と条項の英訳語「催告」が穴埋めに。。 詳しくは、肢では「一般保証は催告の抗弁（452条）・検索の抗弁（453条）が原則あり。連帯保証（456条）は抗弁がないため債権者は直接請求可。保証人の求償・代位（457–465条）と条項の英訳語「催告」が穴埋めに。」のいずれかが正誤の分かれ目になりやすいです。特に類似制度（期間・要件・効力）の取り違え。数字と条文番号をセットで暗記する。
連帯保証,れんたいほしょう,権利関係,権利関係,通常の保証より責任が重い保証形態,通常の保証より責任が重い保証形態。,,,A,主債務と連帯して弁済責任を負う保証。催告・検索の抗弁が原則なく、保証・連帯債務との区別が最重要です。肢では「原則抗弁なし／主債務と連帯／保証との違い」のいずれかが正誤の分かれ目になりやすいです。,連帯保証とは,通常の保証より責任が重い保証形態,通常の保証より責任が重い保証形態。主債務と連帯して弁済責任を負う保証。催告・検索の抗弁が原則なく、保証・連帯債務との区別が最重要です。権利関係では「誰に・どのような効果が及ぶか」「期間や要件の有無」を問う肢が多く、単語の意味だけでなく効力の発生・消滅のタイミングまでセットで押さえてください。,原則抗弁なし;主債務と連帯;保証との違い,,「連帯保証人は主債務者と連帯して履行責任（民456」を起点に、連帯保証の表を作って関連用語と並べる。,（2024年 第6問）保証に関する次の記述のうち、民法の規定によれば、正しいものはどれか。,正答は選択肢2です。用語「連帯保証」が問われた過去問のため、解説と条文の対応を確認してください。,連帯保証とは何ですか？,連帯保証（れんたいほしょう）とは、通常の保証より責任が重い保証形態。連帯保証人は主債務者と連帯して履行責任（民456条）。賃貸の連帯保証は実務でほぼ連帯。根保証（根抵当は担保物権の別枠）との混同に注意。保証人の抗弁の有無を表にして暗記します。,連帯保証は試験でどう押さえればよいですか？,まず連帯保証人は主債務者と連帯して履行責任（民456条）。賃貸の連帯保証は実務でほぼ連帯。根保証（根抵当は担保物権の別枠）との混同に注意。保証人の抗弁の有無を表にして暗記します。。 詳しくは、肢では「連帯保証人は主債務者と連帯して履行責任（民456条）。賃貸の連帯保証は実務でほぼ連帯。根保証（根抵当は担保物権の別枠）との混同に注意。保証人の抗弁の有無を表にして暗記します。」のいずれかが正誤の分かれ目になりやすいです。特に類似制度（期間・要件・効力）の取り違え。数字と条文番号をセットで暗記する。
債務不履行,さいむふりこう,権利関係,権利関係,履行遅滞は催告（412条3項）の要否、債務不履行による解除（541条等）とセット。,履行遅滞は催告（412条3項）の要否、債務不履行による解除（541条等）とセット。,,,A,"履行遅滞は催告（412条3項）の要否、債務不履行による解除（541条等）とセット。権利関係では誰にどの効果が及ぶか、期間・要件の有無が問われやすいです。関連用語と条文番号を比較表にまとめてください。

肢では「履行遅滞は催告（412条3項）の要否、債務不履行による解除（541条等）とセット／債務者責任の帰責事由（債権法改正後の条番号は教材で要確認）と損害の範囲が肢の中心です」のいずれかが正誤の分かれ目になりやすいです。

特に類似制度（期間・要件・効力）の取り違え。条文番号と数字をセットで暗記する。",債務不履行とは,履行遅滞は催告（412条3項）の要否、債務不履行による解除（541条等）とセット。,"履行遅滞は催告（412条3項）の要否、債務不履行による解除（541条等）とセット。

履行遅滞は催告（412条3項）の要否、債務不履行による解除（541条等）とセット。権利関係では誰にどの効果が及ぶか、期間・要件の有無が問われやすいです。関連用語と条文番号を比較表にまとめてください。

権利関係では「誰に・どのような効果が及ぶか」「期間や要件の有無」を問う肢が多く、単語の意味だけでなく効力の発生・消滅のタイミングまでセットで押さえてください。",履行遅滞は催告（412条3項）の要否、債務不履行による解除（541条等）とセット;債務者責任の帰責事由（債権法改正後の条番号は教材で要確認）と損害の範囲が肢の中心です,類似制度（期間・要件・効力）の取り違え。条文番号と数字をセットで暗記する。,「履行遅滞は催告（412条3項）の要否、債務不履行」を起点に、債務不履行の表を作って関連用語と並べる。,（2025年 第11問）契約の解除に関する次の記述のうち、民法の規定によれば、正しいものはどれか。,正答は選択肢3です。用語「債務不履行」が問われた過去問のため、解説と条文の対応を確認してください。,債務不履行とは何ですか？,債務不履行（さいむふりこう）とは、債務不履行の概要。履行遅滞は催告（412条3項）の要否、債務不履行による解除（541条等）とセット。債務者責任の帰責事由（債権法改正後の条番号は教材で要確認）と損害の範囲が肢の中心です。,債務不履行は試験でどう押さえればよいですか？,まず履行遅滞は催告（412条3項）の要否、債務不履行による解除（541条等）とセット。債務者責任の帰責事由（債権法改正後の条番号は教材で要確認）と損害の範囲が肢の中心です。。 詳しくは、肢では「履行遅滞は催告（412条3項）の要否、債務不履行による解除（541条等）とセット。債務者責任の帰責事由（債権法改正後の条番号は教材で要確認）と損害の範囲が肢の中心です。」のいずれかが正誤の分かれ目になりやすいです。特に類似制度（期間・要件・効力）の取り違え。数字と条文番号をセットで暗記する。
契約不適合責任,けいやくふてきごうせきにん,権利関係,権利関係,契約不適合（旧瑕疵担保の枠組み刷新）：買主の通知・期間、追完・減額・損害賠償・解除の順序が条文上整理。,契約不適合（旧瑕疵担保の枠組み刷新）：買主の通知・期間、追完・減額・損害賠償・解除の順序が条文上整理。,,,A,引渡した目的物が契約内容に適合しない場合の売主・請負人の責任。修補請求・損害賠償・契約解除と時効・通知が頻出です。肢では「種類・品質・数量の不適合／修補・損害賠償・解除／通知・時効／宅建の37条書面との関係」のいずれかが正誤の分かれ目になりやすいです。,契約不適合責任とは,契約不適合（旧瑕疵担保の枠組み刷新）：買主の通知・期間、追完・減額・損害賠償・解除の順序が条文上整理。,契約不適合（旧瑕疵担保の枠組み刷新）：買主の通知・期間、追完・減額・損害賠償・解除の順序が条文上整理。引渡した目的物が契約内容に適合しない場合の売主・請負人の責任。修補請求・損害賠償・契約解除と時効・通知が頻出です。権利関係では「誰に・どのような効果が及ぶか」「期間や要件の有無」を問う肢が多く、単語の意味だけでなく効力の発生・消滅のタイミングまでセットで押さえてください。,種類・品質・数量の不適合;修補・損害賠償・解除;通知・時効;宅建の37条書面との関係,,「契約不適合（旧瑕疵担保の枠組み刷新）：買主の通知」を起点に、契約不適合責任の表を作って関連用語と並べる。,（2024年 第12問）契約不適合責任に関する次の記述のうち、民法の規定によれば、正しいものはどれか。,正答は選択肢2です。用語「契約不適合責任」が問われた過去問のため、解説と条文の対応を確認してください。,契約不適合責任とは何ですか？,契約不適合責任（けいやくふてきごうせきにん）とは、契約不適合責任の概要。契約不適合（旧瑕疵担保の枠組み刷新）：買主の通知・期間、追完・減額・損害賠償・解除の順序が条文上整理。消費者契約と事業者間で期間制限が異なる点が比較の焦点です。,契約不適合責任は試験でどう押さえればよいですか？,まず契約不適合（旧瑕疵担保の枠組み刷新）：買主の通知・期間、追完・減額・損害賠償・解除の順序が条文上整理。消費者契約と事業者間で期間制限が異なる点が比較の焦点です。。 詳しくは、肢では「契約不適合（旧瑕疵担保の枠組み刷新）：買主の通知・期間、追完・減額・損害賠償・解除の順序が条文上整理。消費者契約と事業者間で期間制限が異なる点が比較の焦点です。」のいずれかが正誤の分かれ目になりやすいです。特に類似制度（期間・要件・効力）の取り違え。数字と条文番号をセットで暗記する。
不法行為,ふほうこうい,権利関係,権利関係,不法行為は損害・違法性・因果関係（709条等）。,不法行為は損害・違法性・因果関係（709条等）。,,,A,故意・過失により他人の権利を侵害し損害を与えた場合の損害賠償責任（709条）。損害・違法性・因果関係・724条の短期消滅時効がセットです。肢では「709条の要件／損害・違法性・因果関係／724条の3年・20年／使用者責任（715条）」のいずれかが正誤の分かれ目になりやすいです。,不法行為とは,不法行為は損害・違法性・因果関係（709条等）。,不法行為は損害・違法性・因果関係（709条等）。故意・過失により他人の権利を侵害し損害を与えた場合の損害賠償責任（709条）。損害・違法性・因果関係・724条の短期消滅時効がセットです。権利関係では「誰に・どのような効果が及ぶか」「期間や要件の有無」を問う肢が多く、単語の意味だけでなく効力の発生・消滅のタイミングまでセットで押さえてください。,709条の要件;損害・違法性・因果関係;724条の3年・20年;使用者責任（715条）,,「不法行為は損害・違法性・因果関係（709条等）。」を起点に、不法行為の表を作って関連用語と並べる。,（2025年 第10問）相殺に関する次の記述のうち、民法の規定によれば、正しいものはどれか。,正答は選択肢4です。用語「不法行為」が問われた過去問のため、解説と条文の対応を確認してください。,不法行為とは何ですか？,不法行為（ふほうこうい）とは、不法行為の概要。不法行為は損害・違法性・因果関係（709条等）。短期消滅時効は「被害者又はその法定代理人が損害及び加害者を知った時から3年」・「不法行為の時から20年」（724条）。人身・物損の起算点の違いも肢に。,不法行為は試験でどう押さえればよいですか？,まず不法行為は損害・違法性・因果関係（709条等）。短期消滅時効は「被害者又はその法定代理人が損害及び加害者を知った時から3年」・「不法行為の時から20年」（724条）。人身・物損の起算点の違いも肢に。。 詳しくは、肢では「不法行為は損害・違法性・因果関係（709条等）。短期消滅時効は「被害者又はその法定代理人が損害及び加害者を知った時から3年」・「不法行為の時から20年」（724条）。人身・物損の起算点の違いも肢に。」のいずれかが正誤の分かれ目になりやすいです。特に類似制度（期間・要件・効力）の取り違え。数字と条文番号をセットで暗記する。
売買契約,ばいばいけいやく,権利関係,権利関係,売買は代金・目的物移転（民法555条以降）。,売買は代金・目的物移転（民法555条以降）。,,,A,売主が目的物の所有権移転、買主が代金支払を約する契約（555条）。危険負担・手付・契約不適合・宅建業法上の手付上限と結びついて出題されます。肢では「所有権移転と代金支払／危険負担（534条）／手付（557条）と解約手付／宅建業法の手付20%上限」のいずれかが正誤の分かれ目になりやすいです。特に危険負担の時期を誤る。解約手付と証金手付を混同する。,売買契約とは,売買は代金・目的物移転（民法555条以降）。,売買は代金・目的物移転（民法555条以降）。売主が目的物の所有権移転、買主が代金支払を約する契約（555条）。危険負担・手付・契約不適合・宅建業法上の手付上限と結びついて出題されます。権利関係では「誰に・どのような効果が及ぶか」「期間や要件の有無」を問う肢が多く、単語の意味だけでなく効力の発生・消滅のタイミングまでセットで押さえてください。,所有権移転と代金支払;危険負担（534条）;手付（557条）と解約手付;宅建業法の手付20%上限,危険負担の時期を誤る。解約手付と証金手付を混同する。,「売買は代金・目的物移転（民法555条以降）。危険」を起点に、売買契約の表を作って関連用語と並べる。,（2025年 第46問）印紙税に関する次の記述のうち、正しいものはどれか。,正答は選択肢2です。用語「売買契約」が問われた過去問のため、解説と条文の対応を確認してください。,売買契約とは何ですか？,売買契約（ばいばいけいやく）とは、売買契約の概要。売買は代金・目的物移転（民法555条以降）。危険負担（534条）・手付（557条：解約手付は棄却・倍返し）と宅建業法上の20%上限を混同させる問題に注意。引渡し・登記の順序も実務で頻出です。,売買契約は試験でどう押さえればよいですか？,まず売買は代金・目的物移転（民法555条以降）。危険負担（534条）・手付（557条：解約手付は棄却・倍返し）と宅建業法上の20%上限を混同させる問題に注意。引渡し・登記の順序も実務で頻出です。。 詳しくは、肢では「売買は代金・目的物移転（民法555条以降）。危険負担（534条）・手付（557条：解約手付は棄却・倍返し）と宅建業法上の20%上限を混同させる問題に注意。引渡し・登記の順序も実務で頻出です。」のいずれかが正誤の分かれ目になりやすいです。特に類似制度（期間・要件・効力）の取り違え。数字と条文番号をセットで暗記する。
請負・委任,うけおい・いにん,権利関係,権利関係,請負は完成仕事物の引渡し（632条）、委任は処理委任（643条）。,請負は完成仕事物の引渡し（632条）、委任は処理委任（643条）。,,,A,請負は仕事完成を目的とし成果責任、委任は法律行為の処理を目的とし善管注意義務が中心。建設工事・仲介実務の契約類型理解にもつながります。肢では「請負は仕事の完成・委任は処理行為／請負人は成果責任・受任者は善管注意／報酬・費用負担の規定が異なる／売買・請負の区別問題」のいずれかが正誤の分かれ目になりやすいです。,請負・委任とは,請負は完成仕事物の引渡し（632条）、委任は処理委任（643条）。,請負は完成仕事物の引渡し（632条）、委任は処理委任（643条）。請負は仕事完成を目的とし成果責任、委任は法律行為の処理を目的とし善管注意義務が中心。建設工事・仲介実務の契約類型理解にもつながります。権利関係では「誰に・どのような効果が及ぶか」「期間や要件の有無」を問う肢が多く、単語の意味だけでなく効力の発生・消滅のタイミングまでセットで押さえてください。,請負は仕事の完成・委任は処理行為;請負人は成果責任・受任者は善管注意;報酬・費用負担の規定が異なる;売買・請負の区別問題,,「請負は完成仕事物の引渡し（632条）、委任は処理」を起点に、請負・委任の表を作って関連用語と並べる。,【学習確認】請負・委任について、次のうち試験で押さえるべき説明として適切なものはどれか。,要点は「請負は仕事の完成・委任は処理行為」です。権利関係分野の関連用語・過去問演習ページで、条文番号と数値をセットで復習してください。,請負・委任とは何ですか？,請負・委任（うけおい・いにん）とは、請負・委任の概要。請負は完成仕事物の引渡し（632条）、委任は処理委任（643条）。請負の担保責任（634条）と請負人の費用負担が典型。建築請負と不動産仲介（媒介）の違いも宅建で混ぜられます。,請負・委任は試験でどう押さえればよいですか？,まず請負は完成仕事物の引渡し（632条）、委任は処理委任（643条）。請負の担保責任（634条）と請負人の費用負担が典型。建築請負と不動産仲介（媒介）の違いも宅建で混ぜられます。。 詳しくは、肢では「請負は完成仕事物の引渡し（632条）、委任は処理委任（643条）。請負の担保責任（634条）と請負人の費用負担が典型。建築請負と不動産仲介（媒介）の違いも宅建で混ぜられます。」のいずれかが正誤の分かれ目になりやすいです。特に類似制度（期間・要件・効力）の取り違え。数字と条文番号をセットで暗記する。
弁済・相殺,べんさい・そうさい,権利関係,権利関係,弁済は指図・受領（民法474条以降）。,弁済は指図・受領（民法474条以降）。,,,A,弁済は債務の本旨に従った給付、相殺は互いに反対債権を対当額で消滅させる制度。遺留分との関係（相殺禁止）や第三者弁済・代位弁済との区別が頻出です。肢では「弁済は債務消滅の一般原因／相殺は対立債権の弁済期にあること等が要件／遺留分は相殺禁止（903条2項）／第三者弁済・代位弁済との違い」のいずれかが正誤の分かれ目になりやすいです。,弁済・相殺とは,弁済は指図・受領（民法474条以降）。,弁済は指図・受領（民法474条以降）。弁済は債務の本旨に従った給付、相殺は互いに反対債権を対当額で消滅させる制度。遺留分との関係（相殺禁止）や第三者弁済・代位弁済との区別が頻出です。権利関係では「誰に・どのような効果が及ぶか」「期間や要件の有無」を問う肢が多く、単語の意味だけでなく効力の発生・消滅のタイミングまでセットで押さえてください。,弁済は債務消滅の一般原因;相殺は対立債権の弁済期にあること等が要件;遺留分は相殺禁止（903条2項）;第三者弁済・代位弁済との違い,,「弁済は指図・受領（民法474条以降）。相殺は互い」を起点に、弁済・相殺の表を作って関連用語と並べる。,【学習確認】弁済・相殺について、次のうち試験で押さえるべき説明として適切なものはどれか。,要点は「弁済は債務消滅の一般原因」です。権利関係分野の関連用語・過去問演習ページで、条文番号と数値をセットで復習してください。,弁済・相殺とは何ですか？,弁済・相殺（べんさい・そうさい）とは、弁済・相殺の概要。弁済は指図・受領（民法474条以降）。相殺は互いに反対債権が弁済期にあること（505条）など要件表で。遺留分は相殺禁止（903条2項）が頻出肢です。,弁済・相殺は試験でどう押さえればよいですか？,まず弁済は指図・受領（民法474条以降）。相殺は互いに反対債権が弁済期にあること（505条）など要件表で。遺留分は相殺禁止（903条2項）が頻出肢です。。 詳しくは、肢では「弁済は指図・受領（民法474条以降）。相殺は互いに反対債権が弁済期にあること（505条）など要件表で。遺留分は相殺禁止（903条2項）が頻出肢です。」のいずれかが正誤の分かれ目になりやすいです。特に類似制度（期間・要件・効力）の取り違え。数字と条文番号をセットで暗記する。
条件・期限,じょうけん・きげん,権利関係,権利関係,停止条件・解除条件、始期・終期（127条等）の効力発生時点。,停止条件・解除条件、始期・終期（127条等）の効力発生時点。,,,A,"停止条件・解除条件、始期・終期（127条等）の効力発生時点。権利関係では誰にどの効果が及ぶか、期間・要件の有無が問われやすいです。関連用語と条文番号を比較表にまとめてください。

肢では「停止条件・解除条件、始期・終期（127条等）の効力発生時点／条件成就の拟制と不法条件（134条）が混同問題に／遺言の条件付遺贈とも絡められます」のいずれかが正誤の分かれ目になりやすいです。

特に類似制度（期間・要件・効力）の取り違え。条文番号と数字をセットで暗記する。",条件・期限とは,停止条件・解除条件、始期・終期（127条等）の効力発生時点。,"停止条件・解除条件、始期・終期（127条等）の効力発生時点。

停止条件・解除条件、始期・終期（127条等）の効力発生時点。権利関係では誰にどの効果が及ぶか、期間・要件の有無が問われやすいです。関連用語と条文番号を比較表にまとめてください。

権利関係では「誰に・どのような効果が及ぶか」「期間や要件の有無」を問う肢が多く、単語の意味だけでなく効力の発生・消滅のタイミングまでセットで押さえてください。",停止条件・解除条件、始期・終期（127条等）の効力発生時点;条件成就の拟制と不法条件（134条）が混同問題に;遺言の条件付遺贈とも絡められます,類似制度（期間・要件・効力）の取り違え。条文番号と数字をセットで暗記する。,「停止条件・解除条件、始期・終期（127条等）の効」を起点に、条件・期限の表を作って関連用語と並べる。,（2025年 第10問）相殺に関する次の記述のうち、民法の規定によれば、正しいものはどれか。,正答は選択肢4です。用語「条件・期限」が問われた過去問のため、解説と条文の対応を確認してください。,条件・期限とは何ですか？,条件・期限（じょうけん・きげん）とは、条件・期限の概要。停止条件・解除条件、始期・終期（127条等）の効力発生時点。条件成就の拟制と不法条件（134条）が混同問題に。遺言の条件付遺贈とも絡められます。,条件・期限は試験でどう押さえればよいですか？,まず停止条件・解除条件、始期・終期（127条等）の効力発生時点。条件成就の拟制と不法条件（134条）が混同問題に。遺言の条件付遺贈とも絡められます。。 詳しくは、肢では「停止条件・解除条件、始期・終期（127条等）の効力発生時点。条件成就の拟制と不法条件（134条）が混同問題に。遺言の条件付遺贈とも絡められます。」のいずれかが正誤の分かれ目になりやすいです。特に類似制度（期間・要件・効力）の取り違え。数字と条文番号をセットで暗記する。
相隣関係,そうりんかんけい,権利関係,権利関係,隣地の竹木の枝切り（233条）、境界標の復元（223条）など「何メートル」よりも「どちらが費用負担か」が中心。,隣地の竹木の枝切り（233条）、境界標の復元（223条）など「何メートル」よりも「どちらが費用負担か」が中心。,,,A,土地の所有者間の関係を規律する民法の規定（214条〜）。境界・排水・通行・光照・枝越しなど類型ごとの要件が頻出です。肢では「214条以降の類型／通行権・排水／光照・通風／囲繞地権との違い」のいずれかが正誤の分かれ目になりやすいです。,相隣関係とは,隣地の竹木の枝切り（233条）、境界標の復元（223条）など「何メートル」よりも「どちらが費用負担か」が中心。,隣地の竹木の枝切り（233条）、境界標の復元（223条）など「何メートル」よりも「どちらが費用負担か」が中心。土地の所有者間の関係を規律する民法の規定（214条〜）。境界・排水・通行・光照・枝越しなど類型ごとの要件が頻出です。権利関係では「誰に・どのような効果が及ぶか」「期間や要件の有無」を問う肢が多く、単語の意味だけでなく効力の発生・消滅のタイミングまでセットで押さえてください。,214条以降の類型;通行権・排水;光照・通風;囲繞地権との違い,,「隣地の竹木の枝切り（233条）、境界標の復元（2」を起点に、相隣関係の表を作って関連用語と並べる。,（2025年 第4問）相隣関係に関する次の記述のうち、民法の規定によれば、正しいものはどれか。,正答は選択肢2です。用語「相隣関係」が問われた過去問のため、解説と条文の対応を確認してください。,相隣関係とは何ですか？,相隣関係（そうりんかんけい）とは、相隣関係の概要。隣地の竹木の枝切り（233条）、境界標の復元（223条）など「何メートル」よりも「どちらが費用負担か」が中心。通水・目隠しの高度制限は地方条例案件も絡みます。,相隣関係は試験でどう押さえればよいですか？,まず隣地の竹木の枝切り（233条）、境界標の復元（223条）など「何メートル」よりも「どちらが費用負担か」が中心。通水・目隠しの高度制限は地方条例案件も絡みます。。 詳しくは、肢では「隣地の竹木の枝切り（233条）、境界標の復元（223条）など「何メートル」よりも「どちらが費用負担か」が中心。通水・目隠しの高度制限は地方条例案件も絡みます。」のいずれかが正誤の分かれ目になりやすいです。特に類似制度（期間・要件・効力）の取り違え。数字と条文番号をセットで暗記する。
区分所有権,くぶんしょゆうけん,権利関係,権利関係,区分所有建物：専有部分・共用部分（建物の区分所有等に関する法律）。,区分所有建物：専有部分・共用部分（建物の区分所有等に関する法律）。,,,A,マンション等の専有部分・共用部分の所有と管理。集会・管理規約・修繕積立金・管理組合が実務・試験の論点です。肢では「専有部分と共用部分／管理規約・集会／修繕積立金／対抗要件」のいずれかが正誤の分かれ目になりやすいです。,区分所有権とは,区分所有建物：専有部分・共用部分（建物の区分所有等に関する法律）。,区分所有建物：専有部分・共用部分（建物の区分所有等に関する法律）。マンション等の専有部分・共用部分の所有と管理。集会・管理規約・修繕積立金・管理組合が実務・試験の論点です。権利関係では「誰に・どのような効果が及ぶか」「期間や要件の有無」を問う肢が多く、単語の意味だけでなく効力の発生・消滅のタイミングまでセットで押さえてください。,専有部分と共用部分;管理規約・集会;修繕積立金;対抗要件,,「区分所有建物：専有部分・共用部分（建物の区分所有」を起点に、区分所有権の表を作って関連用語と並べる。,（2016年 第36問）宅地建物取引業者が行う宅地建物取引業法第35条に規定する重要事項の説明についての以下の記述のうち、正しいものがいくつあるか選びなさい。 ア 区分所有権の目的である建物の売買の媒介を行う場合、当該建物…,正答は選択肢4です。用語「区分所有権」が問われた過去問のため、解説と条文の対応を確認してください。,区分所有権とは何ですか？,区分所有権（くぶんしょゆうけん）とは、区分所有権の概要。区分所有建物：専有部分・共用部分（建物の区分所有等に関する法律）。管理組合の議決（多数決割合）と修繕積立金、大規模修繕の特別決議が数字問題に。専有部分の範囲と约定の関係も。,区分所有権は試験でどう押さえればよいですか？,まず区分所有建物：専有部分・共用部分（建物の区分所有等に関する法律）。管理組合の議決（多数決割合）と修繕積立金、大規模修繕の特別決議が数字問題に。専有部分の範囲と约定の関係も。。 詳しくは、肢では「区分所有建物：専有部分・共用部分（建物の区分所有等に関する法律）。管理組合の議決（多数決割合）と修繕積立金、大規模修繕の特別決議が数字問題に。専有部分の範囲と约定の関係も。」のいずれかが正誤の分かれ目になりやすいです。特に類似制度（期間・要件・効力）の取り違え。数字と条文番号をセットで暗記する。
差押え・強制執行,さしおさえ・きょうせいしっこう,権利関係,権利関係,差押え・強制執行は民事執行法。,差押え・強制執行は民事執行法。,,,A,"差押え・強制執行は民事執行法。権利関係では誰にどの効果が及ぶか、期間・要件の有無が問われやすいです。関連用語と条文番号を比較表にまとめてください。

肢では「権利関係では誰にどの効果が及ぶか、期間・要件の有無が問われやすいです／関連用語と条文番号を比較表にまとめてください」のいずれかが正誤の分かれ目になりやすいです。

特に類似制度（期間・要件・効力）の取り違え。条文番号と数字をセットで暗記する。",差押え・強制執行とは,差押え・強制執行は民事執行法。,"差押え・強制執行は民事執行法。

差押え・強制執行は民事執行法。権利関係では誰にどの効果が及ぶか、期間・要件の有無が問われやすいです。関連用語と条文番号を比較表にまとめてください。

権利関係では「誰に・どのような効果が及ぶか」「期間や要件の有無」を問う肢が多く、単語の意味だけでなく効力の発生・消滅のタイミングまでセットで押さえてください。",権利関係では誰にどの効果が及ぶか、期間・要件の有無が問われやすいです;関連用語と条文番号を比較表にまとめてください,類似制度（期間・要件・効力）の取り違え。条文番号と数字をセットで暗記する。,「差押え・強制執行は民事執行法。動産・不動産の執行」を起点に、差押え・強制執行の表を作って関連用語と並べる。,（2025年 第2問）時効に関する次の記述のうち、民法の規定によれば、正しいものはどれか。,正答は選択肢2です。用語「差押え・強制執行」が問われた過去問のため、解説と条文の対応を確認してください。,差押え・強制執行とは何ですか？,差押え・強制執行（さしおさえ・きょうせいしっこう）とは、差押え・強制執行の概要。差押え・強制執行は民事執行法。動産・不動産の執行、配当表の順位（抵当権・先取特権）と競売。仮執行・仮差押えの違いが肢の定番です。,差押え・強制執行は試験でどう押さえればよいですか？,まず差押え・強制執行は民事執行法。動産・不動産の執行、配当表の順位（抵当権・先取特権）と競売。仮執行・仮差押えの違いが肢の定番です。。 詳しくは、肢では「差押え・強制執行は民事執行法。動産・不動産の執行、配当表の順位（抵当権・先取特権）と競売。仮執行・仮差押えの違いが肢の定番です。」のいずれかが正誤の分かれ目になりやすいです。特に類似制度（期間・要件・効力）の取り違え。数字と条文番号をセットで暗記する。
不動産登記,ふどうさんとうき,権利関係,権利関係,不動産登記法：所有権保存・移転、抵当権設定。,不動産登記法：所有権保存・移転、抵当権設定。,,,A,不動産の権利関係を登記簿に記録する制度。登記の効力・申請・登記原因・登録免許税と177条の対抗力が核です。肢では「登記により第三者に対抗／登記申請の要件／登記原因証明情報／登録免許税」のいずれかが正誤の分かれ目になりやすいです。,不動産登記とは,不動産登記法：所有権保存・移転、抵当権設定。,不動産登記法：所有権保存・移転、抵当権設定。不動産の権利関係を登記簿に記録する制度。登記の効力・申請・登記原因・登録免許税と177条の対抗力が核です。権利関係では「誰に・どのような効果が及ぶか」「期間や要件の有無」を問う肢が多く、単語の意味だけでなく効力の発生・消滅のタイミングまでセットで押さえてください。,登記により第三者に対抗;登記申請の要件;登記原因証明情報;登録免許税,,「不動産登記法：所有権保存・移転、抵当権設定。申請」を起点に、不動産登記の表を作って関連用語と並べる。,（2025年 第12問）不動産登記に関する次の記述のうち、正しいものはどれか。,正答は選択肢2です。用語「不動産登記」が問われた過去問のため、解説と条文の対応を確認してください。,不動産登記とは何ですか？,不動産登記（ふどうさんとうき）とは、不動産登記の概要。不動産登記法：所有権保存・移転、抵当権設定。申請情報・登記識別情報、共同申請など手続問題。売買＋住宅ローンでの順位証明書・抵当権付き譲渡の型が試験模擬でも定番です。,不動産登記は試験でどう押さえればよいですか？,まず不動産登記法：所有権保存・移転、抵当権設定。申請情報・登記識別情報、共同申請など手続問題。売買＋住宅ローンでの順位証明書・抵当権付き譲渡の型が試験模擬でも定番です。。 詳しくは、肢では「不動産登記法：所有権保存・移転、抵当権設定。申請情報・登記識別情報、共同申請など手続問題。売買＋住宅ローンでの順位証明書・抵当権付き譲渡の型が試験模擬でも定番です。」のいずれかが正誤の分かれ目になりやすいです。特に類似制度（期間・要件・効力）の取り違え。数字と条文番号をセットで暗記する。
物権と債権,ぶっけんとさいけん,権利関係,権利関係,権利の性質の違い,権利の性質の違い。,,,A,物権は排他的支配権、債権は特定人への請求権。物権変動の対抗要件（177条・178条）と債権譲渡・代位・詐害行為取消の違いが試験の骨格です。肢では「物権は排他的支配・債権は請求権／物権変動は登記・引渡しで対抗／債権は当事者のみに効力（原則）／物権的請求権と債権的請求権の区別」のいずれかが正誤の分かれ目になりやすいです。,物権と債権とは,権利の性質の違い,権利の性質の違い。物権は排他的支配権、債権は特定人への請求権。物権変動の対抗要件（177条・178条）と債権譲渡・代位・詐害行為取消の違いが試験の骨格です。権利関係では「誰に・どのような効果が及ぶか」「期間や要件の有無」を問う肢が多く、単語の意味だけでなく効力の発生・消滅のタイミングまでセットで押さえてください。,物権は排他的支配・債権は請求権;物権変動は登記・引渡しで対抗;債権は当事者のみに効力（原則）;物権的請求権と債権的請求権の区別,,「物権は対世権（物权法定）、債権は对人権。不動産物」を起点に、物権と債権の表を作って関連用語と並べる。,【学習確認】物権と債権について、次のうち試験で押さえるべき説明として適切なものはどれか。,要点は「物権は排他的支配・債権は請求権」です。権利関係分野の関連用語・過去問演習ページで、条文番号と数値をセットで復習してください。,物権と債権とは何ですか？,物権と債権（ぶっけんとさいけん）とは、権利の性質の違い。物権は対世権（物权法定）、債権は对人権。不動産物権変動は原則登記対抗177条、借地権の対抗力は借地法等の登記規定も。詐害行為取消（民法424条）は債権者保全の論点です。,物権と債権は試験でどう押さえればよいですか？,まず物権は対世権（物权法定）、債権は对人権。不動産物権変動は原則登記対抗177条、借地権の対抗力は借地法等の登記規定も。詐害行為取消（民法424条）は債権者保全の論点です。。 詳しくは、肢では「物権は対世権（物权法定）、債権は对人権。不動産物権変動は原則登記対抗177条、借地権の対抗力は借地法等の登記規定も。詐害行為取消（民法424条）は債権者保全の論点です。」のいずれかが正誤の分かれ目になりやすいです。特に類似制度（期間・要件・効力）の取り違え。数字と条文番号をセットで暗記する。
無効と取消し,むこうととりけし,権利関係,権利関係,契約の効力を否定する2つの方法,契約の効力を否定する2つの方法。,,,A,無効は当然に効力を生じない、取消しは取消権行使まで有効。無効原因・取消原因、第三者保護、追認との関係が肢の定番です。肢では「無効は当然無効・取消しは取消までは有効／第三者保護の違い／追認により確定／無効原因と取消原因の区別」のいずれかが正誤の分かれ目になりやすいです。,無効と取消しとは,契約の効力を否定する2つの方法,契約の効力を否定する2つの方法。無効は当然に効力を生じない、取消しは取消権行使まで有効。無効原因・取消原因、第三者保護、追認との関係が肢の定番です。権利関係では「誰に・どのような効果が及ぶか」「期間や要件の有無」を問う肢が多く、単語の意味だけでなく効力の発生・消滅のタイミングまでセットで押さえてください。,無効は当然無効・取消しは取消までは有効;第三者保護の違い;追認により確定;無効原因と取消原因の区別,,「無効（初めから効力なし｜通謀虚偽94条等）と取消」を起点に、無効と取消しの表を作って関連用語と並べる。,【学習確認】無効と取消しについて、次のうち試験で押さえるべき説明として適切なものはどれか。,要点は「肢では「無効（初めから効力なし｜通謀虚偽94条等）と取消（原則遡及無効119条）の違い」です。権利関係分野の関連用語・過去問演習ページで、条文番号と数値をセットで復習してください。,無効と取消しとは何ですか？,無効と取消し（むこうととりけし）とは、契約の効力を否定する2つの方法。無効（初めから効力なし｜通謀虚偽94条等）と取消（原則遡及無効119条）の違い。取消権者は原則に限り、取消の期間（145–147条の5年・20年）を数字で暗記。追認（追認の相手方・期間）も表で。,無効と取消しは試験でどう押さえればよいですか？,まず無効（初めから効力なし｜通謀虚偽94条等）と取消（原則遡及無効119条）の違い。取消権者は原則に限り、取消の期間（145–147条の5年・20年）を数字で暗記。追認（追認の相手方・期間）も表で。。 詳しくは、肢では「無効（初めから効力なし｜通謀虚偽94条等）と取消（原則遡及無効119条）の違い。取消権者は原則に限り、取消の期間（145–147条の5年・20年）を数字で暗記。追認（追認の相手方・期間）も表で。」のいずれかが正誤の分かれ目になりやすいです。特に類似制度（期間・要件・効力）の取り違え。数字と条文番号をセットで暗記する。
法定地上権,ほうていちじょうけん,権利関係,権利関係,競売後に建物所有者が土地を使う権利,競売後に建物所有者が土地を使う権利。,,,A,"競売後に建物所有者が土地を使う権利。権利関係では誰にどの効果が及ぶか、期間・要件の有無が問われやすいです。関連用語と条文番号を比較表にまとめてください。

肢では「法定地上権（395条）：抵当権設定時にその土地に建物あり、抵当権実行で土地と建物が分離した場合に成立／要件の「同一人所有」「建物存在」「分離」の三点を満たすかの当てはめ問題が典型です／数字と条文番号をセットで暗記する」のいずれかが正誤の分かれ目になりやすいです。

特に類似制度（期間・要件・効力）の取り違え。条文番号と数字をセットで暗記する。",法定地上権とは,競売後に建物所有者が土地を使う権利,"競売後に建物所有者が土地を使う権利。

競売後に建物所有者が土地を使う権利。権利関係では誰にどの効果が及ぶか、期間・要件の有無が問われやすいです。関連用語と条文番号を比較表にまとめてください。

権利関係では「誰に・どのような効果が及ぶか」「期間や要件の有無」を問う肢が多く、単語の意味だけでなく効力の発生・消滅のタイミングまでセットで押さえてください。",法定地上権（395条）：抵当権設定時にその土地に建物あり、抵当権実行で土地と建物が分離した場合に成立;要件の「同一人所有」「建物存在」「分離」の三点を満たすかの当てはめ問題が典型です;数字と条文番号をセットで暗記する,類似制度（期間・要件・効力）の取り違え。条文番号と数字をセットで暗記する。,「法定地上権（395条）：抵当権設定時にその土地に」を起点に、法定地上権の表を作って関連用語と並べる。,（2021年 第1問）AがBに対して有する債権の担保として、A・B間でAを抵当権者、B所有の甲土地に抵当権を設定した場合に関する次の記述のうち、民法の規定及び判例によれば、正しいものはどれか。,正答は選択肢1です。用語「法定地上権」が問われた過去問のため、解説と条文の対応を確認してください。,法定地上権とは何ですか？,法定地上権（ほうていちじょうけん）とは、競売後に建物所有者が土地を使う権利。法定地上権（395条）：抵当権設定時にその土地に建物あり、抵当権実行で土地と建物が分離した場合に成立。要件の「同一人所有」「建物存在」「分離」の三点を満たすかの当てはめ問題が典型です。,法定地上権は試験でどう押さえればよいですか？,まず法定地上権（395条）：抵当権設定時にその土地に建物あり、抵当権実行で土地と建物が分離した場合に成立。要件の「同一人所有」「建物存在」「分離」の三点を満たすかの当てはめ問題が典型です。。 詳しくは、肢では「法定地上権（395条）：抵当権設定時にその土地に建物あり、抵当権実行で土地と建物が分離した場合に成立。要件の「同一人所有」「建物存在」「分離」の三点を満たすかの当てはめ問題が典型です。」のいずれかが正誤の分かれ目になりやすいです。特に類似制度（期間・要件・効力）の取り違え。数字と条文番号をセットで暗記する。
権利能力,けんりのうりょく,権利関係,権利関係,権利能力は出生から死亡まで（民法3条の趣旨）。,権利能力は出生から死亡まで（民法3条の趣旨）。,,,A,自然人は出生から死亡まで、法人は登記の完了から消滅まで権利能力を有します。胎児は将来のために必要な限度で既に生まれたものとみなされます（886条）。肢では「自然人は出生から死亡まで／法人は登記成立から／胎児の特例（886条）／権利能力と行為能力の区別」のいずれかが正誤の分かれ目になりやすいです。,権利能力とは,権利能力は出生から死亡まで（民法3条の趣旨）。,権利能力は出生から死亡まで（民法3条の趣旨）。自然人は出生から死亡まで、法人は登記の完了から消滅まで権利能力を有します。胎児は将来のために必要な限度で既に生まれたものとみなされます（886条）。権利関係では「誰に・どのような効果が及ぶか」「期間や要件の有無」を問う肢が多く、単語の意味だけでなく効力の発生・消滅のタイミングまでセットで押さえてください。,自然人は出生から死亡まで;法人は登記成立から;胎児の特例（886条）;権利能力と行為能力の区別,,「権利能力は出生から死亡まで（民法3条の趣旨）。法」を起点に、権利能力の表を作って関連用語と並べる。,【学習確認】権利能力について、次のうち試験で押さえるべき説明として適切なものはどれか。,要点は「肢では「権利能力は出生から死亡まで（民法3条の趣旨）」です。権利関係分野の関連用語・過去問演習ページで、条文番号と数値をセットで復習してください。,権利能力とは何ですか？,権利能力（けんりのうりょく）とは、権利能力の概要。権利能力は出生から死亡まで（民法3条の趣旨）。法人は登記成立で権利能力。胎児は将来のために必要な限り既に生まれたものとみなす（886条）が相続分野で頻出です。,権利能力は試験でどう押さえればよいですか？,まず権利能力は出生から死亡まで（民法3条の趣旨）。法人は登記成立で権利能力。胎児は将来のために必要な限り既に生まれたものとみなす（886条）が相続分野で頻出です。。 詳しくは、肢では「権利能力は出生から死亡まで（民法3条の趣旨）。法人は登記成立で権利能力。胎児は将来のために必要な限り既に生まれたものとみなす（886条）が相続分野で頻出です。」のいずれかが正誤の分かれ目になりやすいです。特に類似制度（期間・要件・効力）の取り違え。数字と条文番号をセットで暗記する。
行為能力,こういのうりょく,権利関係,権利関係,行為能力：成年年齢18歳（民法4条：2022年施行ルールを教材で確認）。,行為能力：成年年齢18歳（民法4条：2022年施行ルールを教材で確認）。,,,A,"行為能力：成年年齢18歳（民法4条：2022年施行ルールを教材で確認）。権利関係では誰にどの効果が及ぶか、期間・要件の有無が問われやすいです。関連用語と条文番号を比較表にまとめてください。

肢では「行為能力：成年年齢18歳（民法4条：2022年施行ルールを教材で確認）／未成年者の法律行為は原則取消し可能（5条）だが取立ての制限あり／制限行為能力者の保護と消費者契約の交差が肢に」のいずれかが正誤の分かれ目になりやすいです。

特に類似制度（期間・要件・効力）の取り違え。条文番号と数字をセットで暗記する。",行為能力とは,行為能力：成年年齢18歳（民法4条：2022年施行ルールを教材で確認）。,"行為能力：成年年齢18歳（民法4条：2022年施行ルールを教材で確認）。

行為能力：成年年齢18歳（民法4条：2022年施行ルールを教材で確認）。権利関係では誰にどの効果が及ぶか、期間・要件の有無が問われやすいです。関連用語と条文番号を比較表にまとめてください。

権利関係では「誰に・どのような効果が及ぶか」「期間や要件の有無」を問う肢が多く、単語の意味だけでなく効力の発生・消滅のタイミングまでセットで押さえてください。",行為能力：成年年齢18歳（民法4条：2022年施行ルールを教材で確認）;未成年者の法律行為は原則取消し可能（5条）だが取立ての制限あり;制限行為能力者の保護と消費者契約の交差が肢に,類似制度（期間・要件・効力）の取り違え。条文番号と数字をセットで暗記する。,「行為能力：成年年齢18歳（民法4条：2022年施」を起点に、行為能力の表を作って関連用語と並べる。,（2024年 第2問）制限行為能力者に関する次の記述のうち、民法の規定によれば、正しいものはどれか。,正答は選択肢2です。用語「行為能力」が問われた過去問のため、解説と条文の対応を確認してください。,行為能力とは何ですか？,行為能力（こういのうりょく）とは、行為能力の概要。行為能力：成年年齢18歳（民法4条：2022年施行ルールを教材で確認）。未成年者の法律行為は原則取消し可能（5条）だが取立ての制限あり。制限行為能力者の保護と消費者契約の交差が肢に。,行為能力は試験でどう押さえればよいですか？,まず行為能力：成年年齢18歳（民法4条：2022年施行ルールを教材で確認）。未成年者の法律行為は原則取消し可能（5条）だが取立ての制限あり。制限行為能力者の保護と消費者契約の交差が肢に。。 詳しくは、肢では「行為能力：成年年齢18歳（民法4条：2022年施行ルールを教材で確認）。未成年者の法律行為は原則取消し可能（5条）だが取立ての制限あり。制限行為能力者の保護と消費者契約の交差が肢に。」のいずれかが正誤の分かれ目になりやすいです。特に類似制度（期間・要件・効力）の取り違え。数字と条文番号をセットで暗記する。
表見代理,ひょうげんだいり,権利関係,権利関係,表見代理：代理権付与表示（109条）、権限外表示（110条）、代理権消滅後（112条）。,表見代理：代理権付与表示（109条）、権限外表示（110条）、代理権消滅後（112条）。,,,A,代理権がない・消滅した場合でも、表見事由により本人に効果が及ぶ制度。109条（付与表示）・110条（権限外）・112条（消滅後）の三類型を表にします。肢では「109条：代理権付与表示／110条：権限外表示／112条：代理権消滅後／無権代理との効果の違い」のいずれかが正誤の分かれ目になりやすいです。特に三類型の要件を取り違える。表見代理に悪意でも効くと誤る。,表見代理とは,表見代理：代理権付与表示（109条）、権限外表示（110条）、代理権消滅後（112条）。,表見代理：代理権付与表示（109条）、権限外表示（110条）、代理権消滅後（112条）。代理権がない・消滅した場合でも、表見事由により本人に効果が及ぶ制度。109条（付与表示）・110条（権限外）・112条（消滅後）の三類型を表にします。権利関係では「誰に・どのような効果が及ぶか」「期間や要件の有無」を問う肢が多く、単語の意味だけでなく効力の発生・消滅のタイミングまでセットで押さえてください。,109条：代理権付与表示;110条：権限外表示;112条：代理権消滅後;無権代理との効果の違い,三類型の要件を取り違える。表見代理に悪意でも効くと誤る。,「表見代理：代理権付与表示（109条）、権限外表示」を起点に、表見代理の表を作って関連用語と並べる。,（2023年 第5問）Aの代理人と称するBがAから代理権を与えられていないのにCと契約を締結した。民法の規定及び判例によれば正しいものはどれか。,正答は選択肢1です。用語「表見代理」が問われた過去問のため、解説と条文の対応を確認してください。,表見代理とは何ですか？,表見代理（ひょうげんだいり）とは、表見代理の概要。表見代理：代理権付与表示（109条）、権限外表示（110条）、代理権消滅後（112条）。「善悪意・有無過失」や本人の帰責性が横並び比較の中心。無権代理との違いをフローで。,表見代理は試験でどう押さえればよいですか？,まず表見代理：代理権付与表示（109条）、権限外表示（110条）、代理権消滅後（112条）。「善悪意・有無過失」や本人の帰責性が横並び比較の中心。無権代理との違いをフローで。。 詳しくは、肢では「表見代理：代理権付与表示（109条）、権限外表示（110条）、代理権消滅後（112条）。「善悪意・有無過失」や本人の帰責性が横並び比較の中心。無権代理との違いをフローで。」のいずれかが正誤の分かれ目になりやすいです。特に類似制度（期間・要件・効力）の取り違え。数字と条文番号をセットで暗記する。
自己契約・双方代理,じこけいやく・そうほうだいり,権利関係,権利関係,自己契約・双方代理は原則無効（民法108条）だが本人の同意・債務履行・純然享受など法定例外が肢に。,自己契約・双方代理は原則無効（民法108条）だが本人の同意・債務履行・純然享受など法定例外が肢に。,,,A,自己契約は代理人が本人の代理で自己と契約すること、双方代理は一人が双方の代理人となること。原則禁止され、例外（108条・107条3項）と無権代理・利益相反行為との整理が重要です。肢では「自己契約・双方代理は原則禁止／例外は本人の承諾・債務履行の性質／利益相反行為（108条）と区別／無権代理との違い」のいずれかが正誤の分かれ目になりやすいです。,自己契約・双方代理とは,自己契約・双方代理は原則無効（民法108条）だが本人の同意・債務履行・純然享受など法定例外が肢に。,自己契約・双方代理は原則無効（民法108条）だが本人の同意・債務履行・純然享受など法定例外が肢に。自己契約は代理人が本人の代理で自己と契約すること、双方代理は一人が双方の代理人となること。原則禁止され、例外（108条・107条3項）と無権代理・利益相反行為との整理が重要です。権利関係では「誰に・どのような効果が及ぶか」「期間や要件の有無」を問う肢が多く、単語の意味だけでなく効力の発生・消滅のタイミングまでセットで押さえてください。,自己契約・双方代理は原則禁止;例外は本人の承諾・債務履行の性質;利益相反行為（108条）と区別;無権代理との違い,,「自己契約・双方代理は原則無効（民法108条）だが」を起点に、自己契約・双方代理の表を作って関連用語と並べる。,【学習確認】自己契約・双方代理について、次のうち試験で押さえるべき説明として適切なものはどれか。,要点は「肢では「自己契約・双方代理は原則無効（民法108条）だが本人の同意・債務履行・純然享受など法定例外が肢に」です。権利関係分野の関連用語・過去問演習ページで、条文番号と数値をセットで復習してください。,自己契約・双方代理とは何ですか？,自己契約・双方代理（じこけいやく・そうほうだいり）とは、自己契約・双方代理の概要。自己契約・双方代理は原則無効（民法108条）だが本人の同意・債務履行・純然享受など法定例外が肢に。取締役の利益相反取引（会社法）との混同にも注意。,自己契約・双方代理は試験でどう押さえればよいですか？,まず自己契約・双方代理は原則無効（民法108条）だが本人の同意・債務履行・純然享受など法定例外が肢に。取締役の利益相反取引（会社法）との混同にも注意。。 詳しくは、肢では「自己契約・双方代理は原則無効（民法108条）だが本人の同意・債務履行・純然享受など法定例外が肢に。取締役の利益相反取引（会社法）との混同にも注意。」のいずれかが正誤の分かれ目になりやすいです。特に類似制度（期間・要件・効力）の取り違え。数字と条文番号をセットで暗記する。
混同,こんどう,権利関係,権利関係,混同（民法179条）で債権債務が同一人に帰すと消滅。,混同（民法179条）で債権債務が同一人に帰すと消滅。,,,A,同一の利益を有する目的で、債権・債務が同一人に帰属したときに消滅する制度（179条）。担保権は混同しても存続しうる例外（179条2項）が頻出です。肢では「債権債務が同一人に帰属すると消滅／担保権は例外で存続しうる／相殺との違い／遺留分は相殺禁止（903条2項）」のいずれかが正誤の分かれ目になりやすいです。,混同とは,混同（民法179条）で債権債務が同一人に帰すと消滅。,混同（民法179条）で債権債務が同一人に帰すと消滅。同一の利益を有する目的で、債権・債務が同一人に帰属したときに消滅する制度（179条）。担保権は混同しても存続しうる例外（179条2項）が頻出です。権利関係では「誰に・どのような効果が及ぶか」「期間や要件の有無」を問う肢が多く、単語の意味だけでなく効力の発生・消滅のタイミングまでセットで押さえてください。,債権債務が同一人に帰属すると消滅;担保権は例外で存続しうる;相殺との違い;遺留分は相殺禁止（903条2項）,,「混同（民法179条）で債権債務が同一人に帰すと消」を起点に、混同の表を作って関連用語と並べる。,【学習確認】混同について、次のうち試験で押さえるべき説明として適切なものはどれか。,要点は「肢では「混同（民法179条）で債権債務が同一人に帰すと消滅」です。権利関係分野の関連用語・過去問演習ページで、条文番号と数値をセットで復習してください。,混同とは何ですか？,混同（こんどう）とは、混同の概要。混同（民法179条）で債権債務が同一人に帰すと消滅。担保権は混同しても存続しうる例外（179条2項）が頻出。保証と主債務の混同も典型。,混同は試験でどう押さえればよいですか？,まず混同（民法179条）で債権債務が同一人に帰すと消滅。担保権は混同しても存続しうる例外（179条2項）が頻出。保証と主債務の混同も典型。。 詳しくは、肢では「混同（民法179条）で債権債務が同一人に帰すと消滅。担保権は混同しても存続しうる例外（179条2項）が頻出。保証と主債務の混同も典型。」のいずれかが正誤の分かれ目になりやすいです。特に類似制度（期間・要件・効力）の取り違え。数字と条文番号をセットで暗記する。
免除,めんじょ,権利関係,権利関係,免除（債権者の意思表示で債務消滅・508条）。,免除（債権者の意思表示で債務消滅・508条）。,,,A,"免除（債権者の意思表示で債務消滅・508条）。権利関係では誰にどの効果が及ぶか、期間・要件の有無が問われやすいです。関連用語と条文番号を比較表にまとめてください。

肢では「免除（債権者の意思表示で債務消滅・508条）／一部免除と残存、保証人への影響とセットの肢があります」のいずれかが正誤の分かれ目になりやすいです。

特に類似制度（期間・要件・効力）の取り違え。条文番号と数字をセットで暗記する。",免除とは,免除（債権者の意思表示で債務消滅・508条）。,"免除（債権者の意思表示で債務消滅・508条）。

免除（債権者の意思表示で債務消滅・508条）。権利関係では誰にどの効果が及ぶか、期間・要件の有無が問われやすいです。関連用語と条文番号を比較表にまとめてください。

権利関係では「誰に・どのような効果が及ぶか」「期間や要件の有無」を問う肢が多く、単語の意味だけでなく効力の発生・消滅のタイミングまでセットで押さえてください。",免除（債権者の意思表示で債務消滅・508条）;一部免除と残存、保証人への影響とセットの肢があります,類似制度（期間・要件・効力）の取り違え。条文番号と数字をセットで暗記する。,「免除（債権者の意思表示で債務消滅・508条）。一」を起点に、免除の表を作って関連用語と並べる。,（2024年 第26問）宅建業者の禁止行為に関する次の記述のうち、正しいものはどれか。,正答は選択肢2です。用語「免除」が問われた過去問のため、解説と条文の対応を確認してください。,免除とは何ですか？,免除（めんじょ）とは、免除の概要。免除（債権者の意思表示で債務消滅・508条）。一部免除と残存、保証人への影響とセットの肢があります。,免除は試験でどう押さえればよいですか？,まず免除（債権者の意思表示で債務消滅・508条）。一部免除と残存、保証人への影響とセットの肢があります。。 詳しくは、肢では「免除（債権者の意思表示で債務消滅・508条）。一部免除と残存、保証人への影響とセットの肢があります。」のいずれかが正誤の分かれ目になりやすいです。特に類似制度（期間・要件・効力）の取り違え。数字と条文番号をセットで暗記する。
更改,こうかい,権利関係,権利関係,更改（513条）：旧債務を消滅させ新債務を成立。,更改（513条）：旧債務を消滅させ新債務を成立。,,,A,従前の債務を消滅させ、新たな債務を成立させる制度（513条）。更改の意思・対象債務・第三者の利益との関係が問われます。肢では「従前の債務は消滅／新債務が成立／更改の意思が必要／保証・担保との関係」のいずれかが正誤の分かれ目になりやすいです。,更改とは,更改（513条）：旧債務を消滅させ新債務を成立。,更改（513条）：旧債務を消滅させ新債務を成立。従前の債務を消滅させ、新たな債務を成立させる制度（513条）。更改の意思・対象債務・第三者の利益との関係が問われます。権利関係では「誰に・どのような効果が及ぶか」「期間や要件の有無」を問う肢が多く、単語の意味だけでなく効力の発生・消滅のタイミングまでセットで押さえてください。,従前の債務は消滅;新債務が成立;更改の意思が必要;保証・担保との関係,,「更改（513条）：旧債務を消滅させ新債務を成立。」を起点に、更改の表を作って関連用語と並べる。,【学習確認】更改について、次のうち試験で押さえるべき説明として適切なものはどれか。,要点は「肢では「更改（513条）：旧債務を消滅させ新債務を成立」です。権利関係分野の関連用語・過去問演習ページで、条文番号と数値をセットで復習してください。,更改とは何ですか？,更改（こうかい）とは、更改の概要。更改（513条）：旧債務を消滅させ新債務を成立。更改の要件と承認の違いを区別。消滅時効の起算がリセットされうる点も理論問題に。,更改は試験でどう押さえればよいですか？,まず更改（513条）：旧債務を消滅させ新債務を成立。更改の要件と承認の違いを区別。消滅時効の起算がリセットされうる点も理論問題に。。 詳しくは、肢では「更改（513条）：旧債務を消滅させ新債務を成立。更改の要件と承認の違いを区別。消滅時効の起算がリセットされうる点も理論問題に。」のいずれかが正誤の分かれ目になりやすいです。特に類似制度（期間・要件・効力）の取り違え。数字と条文番号をセットで暗記する。
錯誤,しつぎ,権利関係,権利関係,錯誤（95条）：要素の錯誤と動機の錯誤の切り分け。,錯誤（95条）：要素の錯誤と動機の錯誤の切り分け。,,,A,"錯誤（95条）：要素の錯誤と動機の錯誤の切り分け。権利関係では誰にどの効果が及ぶか、期間・要件の有無が問われやすいです。関連用語と条文番号を比較表にまとめてください。

肢では「錯誤（95条）：要素の錯誤と動機の錯誤の切り分け／取消権の消滅は95条3項で「錯誤に気づいた日から5年」が典型／147条の「取消し得べき時から5年・行為の時から20年」との使い分けが比較問題になります／数字と条文番号をセットで暗記する」のいずれかが正誤の分かれ目になりやすいです。

特に類似制度（期間・要件・効力）の取り違え。条文番号と数字をセットで暗記する。",錯誤とは,錯誤（95条）：要素の錯誤と動機の錯誤の切り分け。,"錯誤（95条）：要素の錯誤と動機の錯誤の切り分け。

錯誤（95条）：要素の錯誤と動機の錯誤の切り分け。権利関係では誰にどの効果が及ぶか、期間・要件の有無が問われやすいです。関連用語と条文番号を比較表にまとめてください。

権利関係では「誰に・どのような効果が及ぶか」「期間や要件の有無」を問う肢が多く、単語の意味だけでなく効力の発生・消滅のタイミングまでセットで押さえてください。",錯誤（95条）：要素の錯誤と動機の錯誤の切り分け;取消権の消滅は95条3項で「錯誤に気づいた日から5年」が典型;147条の「取消し得べき時から5年・行為の時から20年」との使い分けが比較問題になります;数字と条文番号をセットで暗記する,類似制度（期間・要件・効力）の取り違え。条文番号と数字をセットで暗記する。,「錯誤（95条）：要素の錯誤と動機の錯誤の切り分け」を起点に、錯誤の表を作って関連用語と並べる。,（2024年 第1問）意思表示に関する次の記述のうち、民法の規定及び判例によれば、正しいものはどれか。,正答は選択肢2です。用語「錯誤」が問われた過去問のため、解説と条文の対応を確認してください。,錯誤とは何ですか？,錯誤（しつぎ）とは、錯誤の概要。錯誤（95条）：要素の錯誤と動機の錯誤の切り分け。取消権の消滅は95条3項で「錯誤に気づいた日から5年」が典型。147条の「取消し得べき時から5年・行為の時から20年」との使い分けが比較問題になります。,錯誤は試験でどう押さえればよいですか？,まず錯誤（95条）：要素の錯誤と動機の錯誤の切り分け。取消権の消滅は95条3項で「錯誤に気づいた日から5年」が典型。147条の「取消し得べき時から5年・行為の時から20年」との使い分けが比較問題になります。。 詳しくは、肢では「錯誤（95条）：要素の錯誤と動機の錯誤の切り分け。取消権の消滅は95条3項で「錯誤に気づいた日から5年」が典型。147条の「取消し得べき時から5年・行為の時から20年」との使い分けが比較問題になります。」のいずれかが正誤の分かれ目になりやすいです。特に類似制度（期間・要件・効力）の取り違え。数字と条文番号をセットで暗記する。
詐欺・強迫,さぎ・きょうはく,権利関係,権利関係,詐欺・強迫（96条）：取消は原則無制限（取消権の消滅は147条の原則に従うか教材で整理）。,詐欺・強迫（96条）：取消は原則無制限（取消権の消滅は147条の原則に従うか教材で整理）。,,,A,詐欺・強迫は意思表示の瑕疵。取消し・無効の効果、第三者保護、除斥期間（126条）が頻出。錯誤（95条）との要件差を表にまとめます。肢では「詐欺・強迫は取消し可能／第三者の保護の有無／除斥期間5年・20年／錯誤との要件比較」のいずれかが正誤の分かれ目になりやすいです。,詐欺・強迫とは,詐欺・強迫（96条）：取消は原則無制限（取消権の消滅は147条の原則に従うか教材で整理）。,詐欺・強迫（96条）：取消は原則無制限（取消権の消滅は147条の原則に従うか教材で整理）。詐欺・強迫は意思表示の瑕疵。取消し・無効の効果、第三者保護、除斥期間（126条）が頻出。錯誤（95条）との要件差を表にまとめます。権利関係では「誰に・どのような効果が及ぶか」「期間や要件の有無」を問う肢が多く、単語の意味だけでなく効力の発生・消滅のタイミングまでセットで押さえてください。,詐欺・強迫は取消し可能;第三者の保護の有無;除斥期間5年・20年;錯誤との要件比較,,「詐欺・強迫（96条）：取消は原則無制限（取消権の」を起点に、詐欺・強迫の表を作って関連用語と並べる。,【学習確認】詐欺・強迫について、次のうち試験で押さえるべき説明として適切なものはどれか。,要点は「肢では「詐欺・強迫（96条）：取消は原則無制限（取消権の消滅は147条の原則に従うか教材で整理）」です。権利関係分野の関連用語・過去問演習ページで、条文番号と数値をセットで復習してください。,詐欺・強迫とは何ですか？,詐欺・強迫（さぎ・きょうはく）とは、詐欺・強迫の概要。詐欺・強迫（96条）：取消は原則無制限（取消権の消滅は147条の原則に従うか教材で整理）。第三者の詐欺で相手方が悪意なら取消可（96条2項）。第三者が買主の詐欺助けた場合の取消は宅建のケースで。,詐欺・強迫は試験でどう押さえればよいですか？,まず詐欺・強迫（96条）：取消は原則無制限（取消権の消滅は147条の原則に従うか教材で整理）。第三者の詐欺で相手方が悪意なら取消可（96条2項）。第三者が買主の詐欺助けた場合の取消は宅建のケースで。。 詳しくは、肢では「詐欺・強迫（96条）：取消は原則無制限（取消権の消滅は147条の原則に従うか教材で整理）。第三者の詐欺で相手方が悪意なら取消可（96条2項）。第三者が買主の詐欺助けた場合の取消は宅建のケースで。」のいずれかが正誤の分かれ目になりやすいです。特に類似制度（期間・要件・効力）の取り違え。数字と条文番号をセットで暗記する。
根抵当権,ねていとうけん,権利関係,権利関係,根抵当権（民法398条の2以降）：極度額内で不特定債務を担保。,根抵当権（民法398条の2以降）：極度額内で不特定債務を担保。,,,A,一定の範囲内で確定する元本に担保する抵当権。極度額・元本確定・譲渡・併存の扱いが権利関係の最重要論点です。肢では「極度額の設定／元本の確定事由／普通抵当権との違い／譲渡・併存の制限」のいずれかが正誤の分かれ目になりやすいです。,根抵当権とは,根抵当権（民法398条の2以降）：極度額内で不特定債務を担保。,根抵当権（民法398条の2以降）：極度額内で不特定債務を担保。一定の範囲内で確定する元本に担保する抵当権。極度額・元本確定・譲渡・併存の扱いが権利関係の最重要論点です。権利関係では「誰に・どのような効果が及ぶか」「期間や要件の有無」を問う肢が多く、単語の意味だけでなく効力の発生・消滅のタイミングまでセットで押さえてください。,極度額の設定;元本の確定事由;普通抵当権との違い;譲渡・併存の制限,,「根抵当権（民法398条の2以降）：極度額内で不特」を起点に、根抵当権の表を作って関連用語と並べる。,（2025年 第5問）担保物権に関する次の記述のうち、民法の規定によれば、正しいものはどれか。,正答は選択肢4です。用語「根抵当権」が問われた過去問のため、解説と条文の対応を確認してください。,根抵当権とは何ですか？,根抵当権（ねていとうけん）とは、根抵当権の概要。根抵当権（民法398条の2以降）：極度額内で不特定債務を担保。担保する元本の確定事由（398条の12等）と債務者の変更は条文比較。普通抵当との違いを表で。,根抵当権は試験でどう押さえればよいですか？,まず根抵当権（民法398条の2以降）：極度額内で不特定債務を担保。担保する元本の確定事由（398条の12等）と債務者の変更は条文比較。普通抵当との違いを表で。。 詳しくは、肢では「根抵当権（民法398条の2以降）：極度額内で不特定債務を担保。担保する元本の確定事由（398条の12等）と債務者の変更は条文比較。普通抵当との違いを表で。」のいずれかが正誤の分かれ目になりやすいです。特に類似制度（期間・要件・効力）の取り違え。数字と条文番号をセットで暗記する。
抵当権の順位,ていとうけんのじゅんい,権利関係,権利関係,抵当権の順位は登記の先後順。,抵当権の順位は登記の先後順。,,,A,"抵当権の順位は登記の先後順。権利関係では誰にどの効果が及ぶか、期間・要件の有無が問われやすいです。関連用語と条文番号を比較表にまとめてください。

肢では「抵当権の順位は登記の先後順／数字と条文番号をセットで暗記する」のいずれかが正誤の分かれ目になりやすいです。

特に類似制度（期間・要件・効力）の取り違え。条文番号と数字をセットで暗記する。",抵当権の順位とは,抵当権の順位は登記の先後順。,"抵当権の順位は登記の先後順。

抵当権の順位は登記の先後順。権利関係では誰にどの効果が及ぶか、期間・要件の有無が問われやすいです。関連用語と条文番号を比較表にまとめてください。

権利関係では「誰に・どのような効果が及ぶか」「期間や要件の有無」を問う肢が多く、単語の意味だけでなく効力の発生・消滅のタイミングまでセットで押さえてください。",抵当権の順位は登記の先後順;数字と条文番号をセットで暗記する,類似制度（期間・要件・効力）の取り違え。条文番号と数字をセットで暗記する。,「抵当権の順位は登記の先後順。同一不動産に複数実行」を起点に、抵当権の順位の表を作って関連用語と並べる。,"（2016年 第4問）Aは、A所有の甲土地にBから借り入れた3,000万円の担保として抵当権を設定した。この場合における以下の記述のうち、民法の規定と判例に照らすと、誤っているものを選びなさい。",正答は選択肢2です。用語「抵当権の順位」が問われた過去問のため、解説と条文の対応を確認してください。,抵当権の順位とは何ですか？,抵当権の順位（ていとうけんのじゅんい）とは、抵当権の順位の概要。抵当権の順位は登記の先後順。同一不動産に複数実行したときの配当（競売法等）が計算小问题に。昇順・劣後の順位変更は順位変更登記です。,抵当権の順位は試験でどう押さえればよいですか？,まず抵当権の順位は登記の先後順。同一不動産に複数実行したときの配当（競売法等）が計算小问题に。昇順・劣後の順位変更は順位変更登記です。。 詳しくは、肢では「抵当権の順位は登記の先後順。同一不動産に複数実行したときの配当（競売法等）が計算小问题に。昇順・劣後の順位変更は順位変更登記です。」のいずれかが正誤の分かれ目になりやすいです。特に類似制度（期間・要件・効力）の取り違え。数字と条文番号をセットで暗記する。
抵当権の実行,ていとうけんのじっこう,権利関係,権利関係,担保不動産競売での参加・買受人負担、短期賃賃権の処理等。,担保不動産競売での参加・買受人負担、短期賃賃権の処理等。,,,A,"担保不動産競売での参加・買受人負担、短期賃賃権の処理等。権利関係では誰にどの効果が及ぶか、期間・要件の有無が問われやすいです。関連用語と条文番号を比較表にまとめてください。

肢では「担保不動産競売での参加・買受人負担、短期賃賃権の処理等／数字と条文番号をセットで暗記する」のいずれかが正誤の分かれ目になりやすいです。

特に類似制度（期間・要件・効力）の取り違え。条文番号と数字をセットで暗記する。",抵当権の実行とは,担保不動産競売での参加・買受人負担、短期賃賃権の処理等。,"担保不動産競売での参加・買受人負担、短期賃賃権の処理等。

担保不動産競売での参加・買受人負担、短期賃賃権の処理等。権利関係では誰にどの効果が及ぶか、期間・要件の有無が問われやすいです。関連用語と条文番号を比較表にまとめてください。

権利関係では「誰に・どのような効果が及ぶか」「期間や要件の有無」を問う肢が多く、単語の意味だけでなく効力の発生・消滅のタイミングまでセットで押さえてください。",担保不動産競売での参加・買受人負担、短期賃賃権の処理等;数字と条文番号をセットで暗記する,類似制度（期間・要件・効力）の取り違え。条文番号と数字をセットで暗記する。,「担保不動産競売での参加・買受人負担、短期賃賃権の」を起点に、抵当権の実行の表を作って関連用語と並べる。,（2021年 第1問）AがBに対して有する債権の担保として、A・B間でAを抵当権者、B所有の甲土地に抵当権を設定した場合に関する次の記述のうち、民法の規定及び判例によれば、正しいものはどれか。,正答は選択肢1です。用語「抵当権の実行」が問われた過去問のため、解説と条文の対応を確認してください。,抵当権の実行とは何ですか？,抵当権の実行（ていとうけんのじっこう）とは、抵当権の実行の概要。担保不動産競売での参加・買受人負担、短期賃賃権の処理等。競売での買収と登記済み権利の消滅の型を暗記。また執行文と交付請求との流れも。,抵当権の実行は試験でどう押さえればよいですか？,まず担保不動産競売での参加・買受人負担、短期賃賃権の処理等。競売での買収と登記済み権利の消滅の型を暗記。また執行文と交付請求との流れも。。 詳しくは、肢では「担保不動産競売での参加・買受人負担、短期賃賃権の処理等。競売での買収と登記済み権利の消滅の型を暗記。また執行文と交付請求との流れも。」のいずれかが正誤の分かれ目になりやすいです。特に類似制度（期間・要件・効力）の取り違え。数字と条文番号をセットで暗記する。
共同抵当,きょうどうていとう,権利関係,権利関係,共同抵当（民法392条）：代価から配当すべき債権額の算定（代価申出・代価分割）。,共同抵当（民法392条）：代価から配当すべき債権額の算定（代価申出・代価分割）。,,,A,"共同抵当（民法392条）：代価から配当すべき債権額の算定（代価申出・代価分割）。権利関係では誰にどの効果が及ぶか、期間・要件の有無が問われやすいです。関連用語と条文番号を比較表にまとめてください。

肢では「共同抵当（民法392条）：代価から配当すべき債権額の算定（代価申出・代価分割）／数字と条文番号をセットで暗記する」のいずれかが正誤の分かれ目になりやすいです。

特に類似制度（期間・要件・効力）の取り違え。条文番号と数字をセットで暗記する。",共同抵当とは,共同抵当（民法392条）：代価から配当すべき債権額の算定（代価申出・代価分割）。,"共同抵当（民法392条）：代価から配当すべき債権額の算定（代価申出・代価分割）。

共同抵当（民法392条）：代価から配当すべき債権額の算定（代価申出・代価分割）。権利関係では誰にどの効果が及ぶか、期間・要件の有無が問われやすいです。関連用語と条文番号を比較表にまとめてください。

権利関係では「誰に・どのような効果が及ぶか」「期間や要件の有無」を問う肢が多く、単語の意味だけでなく効力の発生・消滅のタイミングまでセットで押さえてください。",共同抵当（民法392条）：代価から配当すべき債権額の算定（代価申出・代価分割）;数字と条文番号をセットで暗記する,類似制度（期間・要件・効力）の取り違え。条文番号と数字をセットで暗記する。,「共同抵当（民法392条）：代価から配当すべき債権」を起点に、共同抵当の表を作って関連用語と並べる。,（2018年 第6問）Aが所有する甲土地上にBが乙建物を建築して所有権を登記していたところ、AがBから乙建物を買い取り、その後、Aが甲土地にCのために抵当権を設定し登記した。この場合の法定地上権についての以下の記述のうち…,正答は選択肢1です。用語「共同抵当」が問われた過去問のため、解説と条文の対応を確認してください。,共同抵当とは何ですか？,共同抵当（きょうどうていとう）とは、共同抵当の概要。共同抵当（民法392条）：代価から配当すべき債権額の算定（代価申出・代価分割）。各不動産の負担部分の割合が数字計算の芯。,共同抵当は試験でどう押さえればよいですか？,まず共同抵当（民法392条）：代価から配当すべき債権額の算定（代価申出・代価分割）。各不動産の負担部分の割合が数字計算の芯。。 詳しくは、肢では「共同抵当（民法392条）：代価から配当すべき債権額の算定（代価申出・代価分割）。各不動産の負担部分の割合が数字計算の芯。」のいずれかが正誤の分かれ目になりやすいです。特に類似制度（期間・要件・効力）の取り違え。数字と条文番号をセットで暗記する。
買戻し,かいもどし,権利関係,権利関係,買戻し（579条）：特殊な再売買の予約。,買戻し（579条）：特殊な再売買の予約。,,,A,売主が将来買い戻す特約付き売買（579条）。期間は10年、買主の転売・担保に対する売主の対抗が典型肢です。肢では「579条の特殊な再売買の予約／期間は10年／買主の転売・担保に対する対抗／回贈（再買）との違い」のいずれかが正誤の分かれ目になりやすいです。,買戻しとは,買戻し（579条）：特殊な再売買の予約。,買戻し（579条）：特殊な再売買の予約。売主が将来買い戻す特約付き売買（579条）。期間は10年、買主の転売・担保に対する売主の対抗が典型肢です。権利関係では「誰に・どのような効果が及ぶか」「期間や要件の有無」を問う肢が多く、単語の意味だけでなく効力の発生・消滅のタイミングまでセットで押さえてください。,579条の特殊な再売買の予約;期間は10年;買主の転売・担保に対する対抗;回贈（再買）との違い,,「買戻し（579条）：特殊な再売買の予約。期間10」を起点に、買戻しの表を作って関連用語と並べる。,【学習確認】買戻しについて、次のうち試験で押さえるべき説明として適切なものはどれか。,要点は「肢では「買戻し（579条）：特殊な再売買の予約」です。権利関係分野の関連用語・過去問演習ページで、条文番号と数値をセットで復習してください。,買戻しとは何ですか？,買戻し（かいもどし）とは、買戻しの概要。買戻し（579条）：特殊な再売買の予約。期間10年（579条2項）と買主の転売・担保に対する対抗の型が肢に。回贈（再買）の登記の要否も。,買戻しは試験でどう押さえればよいですか？,まず買戻し（579条）：特殊な再売買の予約。期間10年（579条2項）と買主の転売・担保に対する対抗の型が肢に。回贈（再買）の登記の要否も。。 詳しくは、肢では「買戻し（579条）：特殊な再売買の予約。期間10年（579条2項）と買主の転売・担保に対する対抗の型が肢に。回贈（再買）の登記の要否も。」のいずれかが正誤の分かれ目になりやすいです。特に類似制度（期間・要件・効力）の取り違え。数字と条文番号をセットで暗記する。
敷地権,しきちけん,権利関係,権利関係,借地権のうち建物の敷地についての権利（借地法上の概念整理）。,借地権のうち建物の敷地についての権利（借地法上の概念整理）。,,,A,"借地権のうち建物の敷地についての権利（借地法上の概念整理）。権利関係では誰にどの効果が及ぶか、期間・要件の有無が問われやすいです。関連用語と条文番号を比較表にまとめてください。

肢では「権利関係では誰にどの効果が及ぶか、期間・要件の有無が問われやすいです／関連用語と条文番号を比較表にまとめてください」のいずれかが正誤の分かれ目になりやすいです。

特に類似制度（期間・要件・効力）の取り違え。条文番号と数字をセットで暗記する。",敷地権とは,借地権のうち建物の敷地についての権利（借地法上の概念整理）。,"借地権のうち建物の敷地についての権利（借地法上の概念整理）。

借地権のうち建物の敷地についての権利（借地法上の概念整理）。権利関係では誰にどの効果が及ぶか、期間・要件の有無が問われやすいです。関連用語と条文番号を比較表にまとめてください。

権利関係では「誰に・どのような効果が及ぶか」「期間や要件の有無」を問う肢が多く、単語の意味だけでなく効力の発生・消滅のタイミングまでセットで押さえてください。",権利関係では誰にどの効果が及ぶか、期間・要件の有無が問われやすいです;関連用語と条文番号を比較表にまとめてください,類似制度（期間・要件・効力）の取り違え。条文番号と数字をセットで暗記する。,「借地権のうち建物の敷地についての権利（借地法上の」を起点に、敷地権の表を作って関連用語と並べる。,（2013年 第14問）不動産の登記についての以下の記述のうち、誤っているものを選びなさい。,正答は選択肢3です。用語「敷地権」が問われた過去問のため、解説と条文の対応を確認してください。,敷地権とは何ですか？,敷地権（しきちけん）とは、敷地権の概要。借地権のうち建物の敷地についての権利（借地法上の概念整理）。普通借地30年、定期借地の50年等の期間と更新の有無を混同させる問題に。,敷地権は試験でどう押さえればよいですか？,まず借地権のうち建物の敷地についての権利（借地法上の概念整理）。普通借地30年、定期借地の50年等の期間と更新の有無を混同させる問題に。。 詳しくは、肢では「借地権のうち建物の敷地についての権利（借地法上の概念整理）。普通借地30年、定期借地の50年等の期間と更新の有無を混同させる問題に。」のいずれかが正誤の分かれ目になりやすいです。特に類似制度（期間・要件・効力）の取り違え。数字と条文番号をセットで暗記する。
借地権の一体譲渡,しゃくちけんのいったいじょうと,権利関係,権利関係,借地権の譲渡は原則「建物と一体で」（借地18条の趣旨）。,借地権の譲渡は原則「建物と一体で」（借地18条の趣旨）。,,,A,借地権の譲渡は原則として建物と一体（借地18条）。承諾・優先承認・優先買取請求の手続と期間がセットで出題されます。肢では「建物と一体で譲渡／地主の承諾が必要／優先承認・優先買取請求／借家の譲渡（19条）との比較」のいずれかが正誤の分かれ目になりやすいです。,借地権の一体譲渡とは,借地権の譲渡は原則「建物と一体で」（借地18条の趣旨）。,借地権の譲渡は原則「建物と一体で」（借地18条の趣旨）。借地権の譲渡は原則として建物と一体（借地18条）。承諾・優先承認・優先買取請求の手続と期間がセットで出題されます。権利関係では「誰に・どのような効果が及ぶか」「期間や要件の有無」を問う肢が多く、単語の意味だけでなく効力の発生・消滅のタイミングまでセットで押さえてください。,建物と一体で譲渡;地主の承諾が必要;優先承認・優先買取請求;借家の譲渡（19条）との比較,,「借地権の譲渡は原則「建物と一体で」（借地18条の」を起点に、借地権の一体譲渡の表を作って関連用語と並べる。,【学習確認】借地権の一体譲渡について、次のうち試験で押さえるべき説明として適切なものはどれか。,要点は「肢では「借地権の譲渡は原則「建物と一体で」（借地18条の趣旨）」です。権利関係分野の関連用語・過去問演習ページで、条文番号と数値をセットで復習してください。,借地権の一体譲渡とは何ですか？,借地権の一体譲渡（しゃくちけんのいったいじょうと）とは、借地権の一体譲渡の概要。借地権の譲渡は原則「建物と一体で」（借地18条の趣旨）。承諾・優先譲渡請求（22条）の手続と期間が典型。借家の譲渡は承諾と地位移転（借家法19条等）で整理。,借地権の一体譲渡は試験でどう押さえればよいですか？,まず借地権の譲渡は原則「建物と一体で」（借地18条の趣旨）。承諾・優先譲渡請求（22条）の手続と期間が典型。借家の譲渡は承諾と地位移転（借家法19条等）で整理。。 詳しくは、肢では「借地権の譲渡は原則「建物と一体で」（借地18条の趣旨）。承諾・優先譲渡請求（22条）の手続と期間が典型。借家の譲渡は承諾と地位移転（借家法19条等）で整理。」のいずれかが正誤の分かれ目になりやすいです。特に類似制度（期間・要件・効力）の取り違え。数字と条文番号をセットで暗記する。
定期借地権・定期借家権,ていきしゃくちけん・ていきちんたいけん,権利関係,権利関係,定期借地は50年（借地22条の2）等の型、定期借家は1年以上（借家38条）で更新なし。,定期借地は50年（借地22条の2）等の型、定期借家は1年以上（借家38条）で更新なし。,,,A,"定期借地は50年（借地22条の2）等の型、定期借家は1年以上（借家38条）で更新なし。権利関係では誰にどの効果が及ぶか、期間・要件の有無が問われやすいです。関連用語と条文番号を比較表にまとめてください。

肢では「定期借地は50年（借地22条の2）等の型、定期借家は1年以上（借家38条）で更新なし／事業用定期借家10年未満の特則等は条文番号付きで暗記表に」のいずれかが正誤の分かれ目になりやすいです。

特に類似制度（期間・要件・効力）の取り違え。条文番号と数字をセットで暗記する。",定期借地権・定期借家権とは,定期借地は50年（借地22条の2）等の型、定期借家は1年以上（借家38条）で更新なし。,"定期借地は50年（借地22条の2）等の型、定期借家は1年以上（借家38条）で更新なし。

定期借地は50年（借地22条の2）等の型、定期借家は1年以上（借家38条）で更新なし。権利関係では誰にどの効果が及ぶか、期間・要件の有無が問われやすいです。関連用語と条文番号を比較表にまとめてください。

権利関係では「誰に・どのような効果が及ぶか」「期間や要件の有無」を問う肢が多く、単語の意味だけでなく効力の発生・消滅のタイミングまでセットで押さえてください。",定期借地は50年（借地22条の2）等の型、定期借家は1年以上（借家38条）で更新なし;事業用定期借家10年未満の特則等は条文番号付きで暗記表に,類似制度（期間・要件・効力）の取り違え。条文番号と数字をセットで暗記する。,「定期借地は50年（借地22条の2）等の型、定期借」を起点に、定期借地権・定期借家権の表を作って関連用語と並べる。,（2025年 第6問）借地権の対抗力に関する次の記述のうち、借地借家法の規定によれば、正しいものはどれか。,正答は選択肢2です。用語「定期借地権・定期借家権」が問われた過去問のため、解説と条文の対応を確認してください。,定期借地権・定期借家権とは何ですか？,定期借地権・定期借家権（ていきしゃくちけん・ていきちんたいけん）とは、定期借地権・定期借家権の概要。定期借地は50年（借地22条の2）等の型、定期借家は1年以上（借家38条）で更新なし。事業用定期借家10年未満の特則等は条文番号付きで暗記表に。,定期借地権・定期借家権は試験でどう押さえればよいですか？,まず定期借地は50年（借地22条の2）等の型、定期借家は1年以上（借家38条）で更新なし。事業用定期借家10年未満の特則等は条文番号付きで暗記表に。。 詳しくは、肢では「定期借地は50年（借地22条の2）等の型、定期借家は1年以上（借家38条）で更新なし。事業用定期借家10年未満の特則等は条文番号付きで暗記表に。」のいずれかが正誤の分かれ目になりやすいです。特に類似制度（期間・要件・効力）の取り違え。数字と条文番号をセットで暗記する。
更新拒絶の正当な事由,こうしんきょぜつのせいとうなじゆう,権利関係,権利関係,借地の更新拒絶の正当事由（借地26条各号）：建物の利益・地代水準・過去の経緯等の総合判断。,借地の更新拒絶の正当事由（借地26条各号）：建物の利益・地代水準・過去の経緯等の総合判断。,,,A,普通借地・借家の更新拒絶に必要な正当事由（借地13条・借家26条）。正当事由の存否と立退料・買取請求権の関係を条文ごとに整理します。肢では「更新拒絶には正当事由が必要／借地・借家で要件が異なる／立退料・買取とセット／定期借地・借家は更新なし」のいずれかが正誤の分かれ目になりやすいです。,更新拒絶の正当な事由とは,借地の更新拒絶の正当事由（借地26条各号）：建物の利益・地代水準・過去の経緯等の総合判断。,借地の更新拒絶の正当事由（借地26条各号）：建物の利益・地代水準・過去の経緯等の総合判断。普通借地・借家の更新拒絶に必要な正当事由（借地13条・借家26条）。正当事由の存否と立退料・買取請求権の関係を条文ごとに整理します。権利関係では「誰に・どのような効果が及ぶか」「期間や要件の有無」を問う肢が多く、単語の意味だけでなく効力の発生・消滅のタイミングまでセットで押さえてください。,更新拒絶には正当事由が必要;借地・借家で要件が異なる;立退料・買取とセット;定期借地・借家は更新なし,,「借地の更新拒絶の正当事由（借地26条各号）：建物」を起点に、更新拒絶の正当な事由の表を作って関連用語と並べる。,【学習確認】更新拒絶の正当な事由について、次のうち試験で押さえるべき説明として適切なものはどれか。,要点は「肢では「借地の更新拒絶の正当事由（借地26条各号）：建物の利益・地代水準・過去の経緯等の総合判断」です。権利関係分野の関連用語・過去問演習ページで、条文番号と数値をセットで復習してください。,更新拒絶の正当な事由とは何ですか？,更新拒絶の正当な事由（こうしんきょぜつのせいとうなじゆう）とは、更新拒絶の正当な事由の概要。借地の更新拒絶の正当事由（借地26条各号）：建物の利益・地代水準・過去の経緯等の総合判断。借家の正当事由（28条）との比較が横断問題に。,更新拒絶の正当な事由は試験でどう押さえればよいですか？,まず借地の更新拒絶の正当事由（借地26条各号）：建物の利益・地代水準・過去の経緯等の総合判断。借家の正当事由（28条）との比較が横断問題に。。 詳しくは、肢では「借地の更新拒絶の正当事由（借地26条各号）：建物の利益・地代水準・過去の経緯等の総合判断。借家の正当事由（28条）との比較が横断問題に。」のいずれかが正誤の分かれ目になりやすいです。特に類似制度（期間・要件・効力）の取り違え。数字と条文番号をセットで暗記する。
収去義務,しゅうきょぎむ,権利関係,権利関係,借地の終了で借地人の収去義務と残存建物（借地19条周辺）。,借地の終了で借地人の収去義務と残存建物（借地19条周辺）。,,,A,賃貸借終了後、賃借人が目的物を返還する義務。原状回復義務・立退料・明渡し訴訟との関係が借地借家法とセットで出題されます。肢では「賃貸借終了後に目的物を返還／原状回復義務との区別／明渡し・立退料との関係／借地借家法の保護規定」のいずれかが正誤の分かれ目になりやすいです。特に原状回復義務と収去義務を同一視する。立退料の支払先を誤る。,収去義務とは,借地の終了で借地人の収去義務と残存建物（借地19条周辺）。,借地の終了で借地人の収去義務と残存建物（借地19条周辺）。賃貸借終了後、賃借人が目的物を返還する義務。原状回復義務・立退料・明渡し訴訟との関係が借地借家法とセットで出題されます。権利関係では「誰に・どのような効果が及ぶか」「期間や要件の有無」を問う肢が多く、単語の意味だけでなく効力の発生・消滅のタイミングまでセットで押さえてください。,賃貸借終了後に目的物を返還;原状回復義務との区別;明渡し・立退料との関係;借地借家法の保護規定,原状回復義務と収去義務を同一視する。立退料の支払先を誤る。,終了→返す（収去）、傷→直す（原状回復）。,【学習確認】収去義務について、次のうち試験で押さえるべき説明として適切なものはどれか。,要点は「肢では「借地の終了で借地人の収去義務と残存建物（借地19条周辺）」です。権利関係分野の関連用語・過去問演習ページで、条文番号と数値をセットで復習してください。,収去義務とは何ですか？,収去義務（しゅうきょぎむ）とは、収去義務の概要。借地の終了で借地人の収去義務と残存建物（借地19条周辺）。立退料・損害賠償とセットの実務型が出ます。,収去義務は試験でどう押さえればよいですか？,まず借地の終了で借地人の収去義務と残存建物（借地19条周辺）。立退料・損害賠償とセットの実務型が出ます。。 詳しくは、肢では「借地の終了で借地人の収去義務と残存建物（借地19条周辺）。立退料・損害賠償とセットの実務型が出ます。」のいずれかが正誤の分かれ目になりやすいです。特に類似制度（期間・要件・効力）の取り違え。数字と条文番号をセットで暗記する。
共有物の分割,きょうゆうぶつのぶんかつ,権利関係,権利関係,共有物分割は実物分割・代償分割・競売（民法258条）。,共有物分割は実物分割・代償分割・競売（民法258条）。,,,A,"共有物分割は実物分割・代償分割・競売（民法258条）。権利関係では誰にどの効果が及ぶか、期間・要件の有無が問われやすいです。関連用語と条文番号を比較表にまとめてください。

肢では「共有物分割は実物分割・代償分割・競売（民法258条）／借地共有の分割と承継人の地位も混同肢」のいずれかが正誤の分かれ目になりやすいです。

特に類似制度（期間・要件・効力）の取り違え。条文番号と数字をセットで暗記する。",共有物の分割とは,共有物分割は実物分割・代償分割・競売（民法258条）。,"共有物分割は実物分割・代償分割・競売（民法258条）。

共有物分割は実物分割・代償分割・競売（民法258条）。権利関係では誰にどの効果が及ぶか、期間・要件の有無が問われやすいです。関連用語と条文番号を比較表にまとめてください。

権利関係では「誰に・どのような効果が及ぶか」「期間や要件の有無」を問う肢が多く、単語の意味だけでなく効力の発生・消滅のタイミングまでセットで押さえてください。",共有物分割は実物分割・代償分割・競売（民法258条）;借地共有の分割と承継人の地位も混同肢,類似制度（期間・要件・効力）の取り違え。条文番号と数字をセットで暗記する。,「共有物分割は実物分割・代償分割・競売（民法258」を起点に、共有物の分割の表を作って関連用語と並べる。,（2019年 第23問）不動産の取得に係る税金に関する次の記述のうち、正しいものはどれか。,正答は選択肢1です。用語「共有物の分割」が問われた過去問のため、解説と条文の対応を確認してください。,共有物の分割とは何ですか？,共有物の分割（きょうゆうぶつのぶんかつ）とは、共有物の分割の概要。共有物分割は実物分割・代償分割・競売（民法258条）。借地共有の分割と承継人の地位も混同肢。共有人数と手続の型を。,共有物の分割は試験でどう押さえればよいですか？,まず共有物分割は実物分割・代償分割・競売（民法258条）。借地共有の分割と承継人の地位も混同肢。共有人数と手続の型を。。 詳しくは、肢では「共有物分割は実物分割・代償分割・競売（民法258条）。借地共有の分割と承継人の地位も混同肢。共有人数と手続の型を。」のいずれかが正誤の分かれ目になりやすいです。特に類似制度（期間・要件・効力）の取り違え。数字と条文番号をセットで暗記する。
持分,しきぶん,権利関係,権利関係,持分は共有の割合（民法250条）。,持分は共有の割合（民法250条）。,,,A,"持分は共有の割合（民法250条）。権利関係では誰にどの効果が及ぶか、期間・要件の有無が問われやすいです。関連用語と条文番号を比較表にまとめてください。

肢では「持分は共有の割合（民法250条）／処分・管理の決議要件に直結」のいずれかが正誤の分かれ目になりやすいです。

特に類似制度（期間・要件・効力）の取り違え。条文番号と数字をセットで暗記する。",持分とは,持分は共有の割合（民法250条）。,"持分は共有の割合（民法250条）。

持分は共有の割合（民法250条）。権利関係では誰にどの効果が及ぶか、期間・要件の有無が問われやすいです。関連用語と条文番号を比較表にまとめてください。

権利関係では「誰に・どのような効果が及ぶか」「期間や要件の有無」を問う肢が多く、単語の意味だけでなく効力の発生・消滅のタイミングまでセットで押さえてください。",持分は共有の割合（民法250条）;処分・管理の決議要件に直結,類似制度（期間・要件・効力）の取り違え。条文番号と数字をセットで暗記する。,「持分は共有の割合（民法250条）。処分・管理の決」を起点に、持分の表を作って関連用語と並べる。,（2025年 第3問）共有に関する次の記述のうち、民法の規定によれば、正しいものはどれか。,正答は選択肢1です。用語「持分」が問われた過去問のため、解説と条文の対応を確認してください。,持分とは何ですか？,持分（しきぶん）とは、持分の概要。持分は共有の割合（民法250条）。処分・管理の決議要件に直結。信託受益権の持分とも用語比較されます。,持分は試験でどう押さえればよいですか？,まず持分は共有の割合（民法250条）。処分・管理の決議要件に直結。信託受益権の持分とも用語比較されます。。 詳しくは、肢では「持分は共有の割合（民法250条）。処分・管理の決議要件に直結。信託受益権の持分とも用語比較されます。」のいずれかが正誤の分かれ目になりやすいです。特に類似制度（期間・要件・効力）の取り違え。数字と条文番号をセットで暗記する。
優先承認権,ゆうせんじょうにんけん,権利関係,権利関係,地上権等の優先承認権（借地17条の2等）：譲渡・転貸の承諾請求と期間。,地上権等の優先承認権（借地17条の2等）：譲渡・転貸の承諾請求と期間。,,,A,借地権・借家権の譲渡・転貸で地主が先に承諾を検討する権利。優先買取請求権・承諾期間（1か月・2週間）と手続の順序が肢の定番です。肢では「譲渡・転貸時に地主が先に検討／承諾期間は借地1か月・借家2週間／優先買取請求権との関係／建物一体譲渡（18条）とセット」のいずれかが正誤の分かれ目になりやすいです。特に優先買取請求権と優先承認権の主体・時期を混同する。,優先承認権とは,地上権等の優先承認権（借地17条の2等）：譲渡・転貸の承諾請求と期間。,地上権等の優先承認権（借地17条の2等）：譲渡・転貸の承諾請求と期間。借地権・借家権の譲渡・転貸で地主が先に承諾を検討する権利。優先買取請求権・承諾期間（1か月・2週間）と手続の順序が肢の定番です。権利関係では「誰に・どのような効果が及ぶか」「期間や要件の有無」を問う肢が多く、単語の意味だけでなく効力の発生・消滅のタイミングまでセットで押さえてください。,譲渡・転貸時に地主が先に検討;承諾期間は借地1か月・借家2週間;優先買取請求権との関係;建物一体譲渡（18条）とセット,優先買取請求権と優先承認権の主体・時期を混同する。,「地上権等の優先承認権（借地17条の2等）：譲渡・」を起点に、優先承認権の表を作って関連用語と並べる。,【学習確認】優先承認権について、次のうち試験で押さえるべき説明として適切なものはどれか。,要点は「肢では「地上権等の優先承認権（借地17条の2等）：譲渡・転貸の承諾請求と期間」です。権利関係分野の関連用語・過去問演習ページで、条文番号と数値をセットで復習してください。,優先承認権とは何ですか？,優先承認権（ゆうせんじょうにんけん）とは、優先承認権の概要。地上権等の優先承認権（借地17条の2等）：譲渡・転貸の承諾請求と期間。承諾を得られなければ契約解除を申し立てる期間（1年）が肢に出ます。,優先承認権は試験でどう押さえればよいですか？,まず地上権等の優先承認権（借地17条の2等）：譲渡・転貸の承諾請求と期間。承諾を得られなければ契約解除を申し立てる期間（1年）が肢に出ます。。 詳しくは、肢では「地上権等の優先承認権（借地17条の2等）：譲渡・転貸の承諾請求と期間。承諾を得られなければ契約解除を申し立てる期間（1年）が肢に出ます。」のいずれかが正誤の分かれ目になりやすいです。特に類似制度（期間・要件・効力）の取り違え。数字と条文番号をセットで暗記する。
留置的効力,りゅうちてきこうりょく,権利関係,権利関係,留置的効力（留置権の効力の一部を質権が有するかの論点）。,留置的効力（留置権の効力の一部を質権が有するかの論点）。,,,A,"留置的効力（留置権の効力の一部を質権が有するかの論点）。権利関係では誰にどの効果が及ぶか、期間・要件の有無が問われやすいです。関連用語と条文番号を比較表にまとめてください。

肢では「留置的効力（留置権の効力の一部を質権が有するかの論点）／不動産質は原則禁止（348条）だが348条の2の特例も／条文番号は改正に注意」のいずれかが正誤の分かれ目になりやすいです。

特に類似制度（期間・要件・効力）の取り違え。条文番号と数字をセットで暗記する。",留置的効力とは,留置的効力（留置権の効力の一部を質権が有するかの論点）。,"留置的効力（留置権の効力の一部を質権が有するかの論点）。

留置的効力（留置権の効力の一部を質権が有するかの論点）。権利関係では誰にどの効果が及ぶか、期間・要件の有無が問われやすいです。関連用語と条文番号を比較表にまとめてください。

権利関係では「誰に・どのような効果が及ぶか」「期間や要件の有無」を問う肢が多く、単語の意味だけでなく効力の発生・消滅のタイミングまでセットで押さえてください。",留置的効力（留置権の効力の一部を質権が有するかの論点）;不動産質は原則禁止（348条）だが348条の2の特例も;条文番号は改正に注意,類似制度（期間・要件・効力）の取り違え。条文番号と数字をセットで暗記する。,「留置的効力（留置権の効力の一部を質権が有するかの」を起点に、留置的効力の表を作って関連用語と並べる。,【学習確認】留置的効力について、次のうち試験で押さえるべき説明として適切なものはどれか。,要点は「肢では「留置的効力（留置権の効力の一部を質権が有するかの論点）」です。権利関係分野の関連用語・過去問演習ページで、条文番号と数値をセットで復習してください。,留置的効力とは何ですか？,留置的効力（りゅうちてきこうりょく）とは、留置的効力の概要。留置的効力（留置権の効力の一部を質権が有するかの論点）。不動産質は原則禁止（348条）だが348条の2の特例も。条文番号は改正に注意。,留置的効力は試験でどう押さえればよいですか？,まず留置的効力（留置権の効力の一部を質権が有するかの論点）。不動産質は原則禁止（348条）だが348条の2の特例も。条文番号は改正に注意。。 詳しくは、肢では「留置的効力（留置権の効力の一部を質権が有するかの論点）。不動産質は原則禁止（348条）だが348条の2の特例も。条文番号は改正に注意。」のいずれかが正誤の分かれ目になりやすいです。特に類似制度（期間・要件・効力）の取り違え。数字と条文番号をセットで暗記する。
取得時効,しゅとくじこう,権利関係,権利関係,取得時効は162条：所有権は善意無過失10年・その他20年。,取得時効は162条：所有権は善意無過失10年・その他20年。,,,A,"取得時効は162条：所有権は善意無過失10年・その他20年。権利関係では誰にどの効果が及ぶか、期間・要件の有無が問われやすいです。関連用語と条文番号を比較表にまとめてください。

肢では「取得時効は162条：所有権は善意無過失10年・その他20年／占有の平穏・公然・他主の占有でないこと等の要件表を完成させる」のいずれかが正誤の分かれ目になりやすいです。

特に類似制度（期間・要件・効力）の取り違え。条文番号と数字をセットで暗記する。",取得時効とは,取得時効は162条：所有権は善意無過失10年・その他20年。,"取得時効は162条：所有権は善意無過失10年・その他20年。

取得時効は162条：所有権は善意無過失10年・その他20年。権利関係では誰にどの効果が及ぶか、期間・要件の有無が問われやすいです。関連用語と条文番号を比較表にまとめてください。

権利関係では「誰に・どのような効果が及ぶか」「期間や要件の有無」を問う肢が多く、単語の意味だけでなく効力の発生・消滅のタイミングまでセットで押さえてください。",取得時効は162条：所有権は善意無過失10年・その他20年;占有の平穏・公然・他主の占有でないこと等の要件表を完成させる,類似制度（期間・要件・効力）の取り違え。条文番号と数字をセットで暗記する。,「取得時効は162条：所有権は善意無過失10年・そ」を起点に、取得時効の表を作って関連用語と並べる。,（2025年 第2問）時効に関する次の記述のうち、民法の規定によれば、正しいものはどれか。,正答は選択肢2です。用語「取得時効」が問われた過去問のため、解説と条文の対応を確認してください。,取得時効とは何ですか？,取得時効（しゅとくじこう）とは、取得時効の概要。取得時効は162条：所有権は善意無過失10年・その他20年。占有の平穏・公然・他主の占有でないこと等の要件表を完成させる。,取得時効は試験でどう押さえればよいですか？,まず取得時効は162条：所有権は善意無過失10年・その他20年。占有の平穏・公然・他主の占有でないこと等の要件表を完成させる。。 詳しくは、肢では「取得時効は162条：所有権は善意無過失10年・その他20年。占有の平穏・公然・他主の占有でないこと等の要件表を完成させる。」のいずれかが正誤の分かれ目になりやすいです。特に類似制度（期間・要件・効力）の取り違え。数字と条文番号をセットで暗記する。
消滅時効,しょうめつじこう,権利関係,権利関係,消滅時効166条：債権の短期5年・長期10年。,消滅時効166条：債権の短期5年・長期10年。,,,A,"消滅時効166条：債権の短期5年・長期10年。権利関係では誰にどの効果が及ぶか、期間・要件の有無が問われやすいです。関連用語と条文番号を比較表にまとめてください。

肢では「消滅時効166条：債権の短期5年・長期10年／物上請求権の消滅（166条2項）と判例趣旨の整理が比較の中心／援用の要否（145条）も」のいずれかが正誤の分かれ目になりやすいです。

特に類似制度（期間・要件・効力）の取り違え。条文番号と数字をセットで暗記する。",消滅時効とは,消滅時効166条：債権の短期5年・長期10年。,"消滅時効166条：債権の短期5年・長期10年。

消滅時効166条：債権の短期5年・長期10年。権利関係では誰にどの効果が及ぶか、期間・要件の有無が問われやすいです。関連用語と条文番号を比較表にまとめてください。

権利関係では「誰に・どのような効果が及ぶか」「期間や要件の有無」を問う肢が多く、単語の意味だけでなく効力の発生・消滅のタイミングまでセットで押さえてください。",消滅時効166条：債権の短期5年・長期10年;物上請求権の消滅（166条2項）と判例趣旨の整理が比較の中心;援用の要否（145条）も,類似制度（期間・要件・効力）の取り違え。条文番号と数字をセットで暗記する。,「消滅時効166条：債権の短期5年・長期10年。物」を起点に、消滅時効の表を作って関連用語と並べる。,（2025年 第2問）時効に関する次の記述のうち、民法の規定によれば、正しいものはどれか。,正答は選択肢2です。用語「消滅時効」が問われた過去問のため、解説と条文の対応を確認してください。,消滅時効とは何ですか？,消滅時効（しょうめつじこう）とは、消滅時効の概要。消滅時効166条：債権の短期5年・長期10年。物上請求権の消滅（166条2項）と判例趣旨の整理が比較の中心。援用の要否（145条）も。,消滅時効は試験でどう押さえればよいですか？,まず消滅時効166条：債権の短期5年・長期10年。物上請求権の消滅（166条2項）と判例趣旨の整理が比較の中心。援用の要否（145条）も。。 詳しくは、肢では「消滅時効166条：債権の短期5年・長期10年。物上請求権の消滅（166条2項）と判例趣旨の整理が比較の中心。援用の要否（145条）も。」のいずれかが正誤の分かれ目になりやすいです。特に類似制度（期間・要件・効力）の取り違え。数字と条文番号をセットで暗記する。
違約金,いやくきん,権利関係,権利関係,違約金は予定額の減額（442条）が争点。,違約金は予定額の減額（442条）が争点。,,,A,"違約金は予定額の減額（442条）が争点。権利関係では誰にどの効果が及ぶか、期間・要件の有無が問われやすいです。関連用語と条文番号を比較表にまとめてください。

肢では「違約金は予定額の減額（442条）が争点／宅建業法の自ら売主の場合の損害賠償予定額上限「代金の20%」と混同比較されます／数字と条文番号をセットで暗記する」のいずれかが正誤の分かれ目になりやすいです。

特に類似制度（期間・要件・効力）の取り違え。条文番号と数字をセットで暗記する。",違約金とは,違約金は予定額の減額（442条）が争点。,"違約金は予定額の減額（442条）が争点。

違約金は予定額の減額（442条）が争点。権利関係では誰にどの効果が及ぶか、期間・要件の有無が問われやすいです。関連用語と条文番号を比較表にまとめてください。

権利関係では「誰に・どのような効果が及ぶか」「期間や要件の有無」を問う肢が多く、単語の意味だけでなく効力の発生・消滅のタイミングまでセットで押さえてください。",違約金は予定額の減額（442条）が争点;宅建業法の自ら売主の場合の損害賠償予定額上限「代金の20%」と混同比較されます;数字と条文番号をセットで暗記する,類似制度（期間・要件・効力）の取り違え。条文番号と数字をセットで暗記する。,「違約金は予定額の減額（442条）が争点。過大な違」を起点に、違約金の表を作って関連用語と並べる。,（2024年 第25問）クーリングオフに関する次の記述のうち、正しいものはどれか。,正答は選択肢3です。用語「違約金」が問われた過去問のため、解説と条文の対応を確認してください。,違約金とは何ですか？,違約金（いやくきん）とは、違約金の概要。違約金は予定額の減額（442条）が争点。過大な違約金は裁減。宅建業法の自ら売主の場合の損害賠償予定額上限「代金の20%」と混同比較されます。,違約金は試験でどう押さえればよいですか？,まず違約金は予定額の減額（442条）が争点。過大な違約金は裁減。宅建業法の自ら売主の場合の損害賠償予定額上限「代金の20%」と混同比較されます。。 詳しくは、肢では「違約金は予定額の減額（442条）が争点。過大な違約金は裁減。宅建業法の自ら売主の場合の損害賠償予定額上限「代金の20%」と混同比較されます。」のいずれかが正誤の分かれ目になりやすいです。特に類似制度（期間・要件・効力）の取り違え。数字と条文番号をセットで暗記する。
慰謝料,いしゃりょう,権利関係,権利関係,慰謝料は精神的損害の金銭評価（710条等）。,慰謝料は精神的損害の金銭評価（710条等）。,,,A,"慰謝料は精神的損害の金銭評価（710条等）。権利関係では誰にどの効果が及ぶか、期間・要件の有無が問われやすいです。関連用語と条文番号を比較表にまとめてください。

肢では「慰謝料は精神的損害の金銭評価（710条等）／時効は不法行為と同様724条の3年・20年が基礎／近隣トラブル・契約違反との区別が肢に」のいずれかが正誤の分かれ目になりやすいです。

特に類似制度（期間・要件・効力）の取り違え。条文番号と数字をセットで暗記する。",慰謝料とは,慰謝料は精神的損害の金銭評価（710条等）。,"慰謝料は精神的損害の金銭評価（710条等）。

慰謝料は精神的損害の金銭評価（710条等）。権利関係では誰にどの効果が及ぶか、期間・要件の有無が問われやすいです。関連用語と条文番号を比較表にまとめてください。

権利関係では「誰に・どのような効果が及ぶか」「期間や要件の有無」を問う肢が多く、単語の意味だけでなく効力の発生・消滅のタイミングまでセットで押さえてください。",慰謝料は精神的損害の金銭評価（710条等）;時効は不法行為と同様724条の3年・20年が基礎;近隣トラブル・契約違反との区別が肢に,類似制度（期間・要件・効力）の取り違え。条文番号と数字をセットで暗記する。,「慰謝料は精神的損害の金銭評価（710条等）。時効」を起点に、慰謝料の表を作って関連用語と並べる。,【学習確認】慰謝料について、次のうち試験で押さえるべき説明として適切なものはどれか。,要点は「肢では「慰謝料は精神的損害の金銭評価（710条等）」です。権利関係分野の関連用語・過去問演習ページで、条文番号と数値をセットで復習してください。,慰謝料とは何ですか？,慰謝料（いしゃりょう）とは、慰謝料の概要。慰謝料は精神的損害の金銭評価（710条等）。時効は不法行為と同様724条の3年・20年が基礎。近隣トラブル・契約違反との区別が肢に。,慰謝料は試験でどう押さえればよいですか？,まず慰謝料は精神的損害の金銭評価（710条等）。時効は不法行為と同様724条の3年・20年が基礎。近隣トラブル・契約違反との区別が肢に。。 詳しくは、肢では「慰謝料は精神的損害の金銭評価（710条等）。時効は不法行為と同様724条の3年・20年が基礎。近隣トラブル・契約違反との区別が肢に。」のいずれかが正誤の分かれ目になりやすいです。特に類似制度（期間・要件・効力）の取り違え。数字と条文番号をセットで暗記する。
履行遅滞による解除,りょうちいたいによるかいじょ,権利関係,権利関係,履行遅滞からの解除は催告後相当期間経過（541条1項）が基本。,履行遅滞からの解除は催告後相当期間経過（541条1項）が基本。,,,A,"履行遅滞からの解除は催告後相当期間経過（541条1項）が基本。権利関係では誰にどの効果が及ぶか、期間・要件の有無が問われやすいです。関連用語と条文番号を比較表にまとめてください。

肢では「履行遅滞からの解除は催告後相当期間経過（541条1項）が基本／定期行為・催告不要の場合（2項）も暗記」のいずれかが正誤の分かれ目になりやすいです。

特に類似制度（期間・要件・効力）の取り違え。条文番号と数字をセットで暗記する。",履行遅滞による解除とは,履行遅滞からの解除は催告後相当期間経過（541条1項）が基本。,"履行遅滞からの解除は催告後相当期間経過（541条1項）が基本。

履行遅滞からの解除は催告後相当期間経過（541条1項）が基本。権利関係では誰にどの効果が及ぶか、期間・要件の有無が問われやすいです。関連用語と条文番号を比較表にまとめてください。

権利関係では「誰に・どのような効果が及ぶか」「期間や要件の有無」を問う肢が多く、単語の意味だけでなく効力の発生・消滅のタイミングまでセットで押さえてください。",履行遅滞からの解除は催告後相当期間経過（541条1項）が基本;定期行為・催告不要の場合（2項）も暗記,類似制度（期間・要件・効力）の取り違え。条文番号と数字をセットで暗記する。,「履行遅滞からの解除は催告後相当期間経過（541条」を起点に、履行遅滞による解除の表を作って関連用語と並べる。,【学習確認】履行遅滞による解除について、次のうち試験で押さえるべき説明として適切なものはどれか。,要点は「肢では「履行遅滞からの解除は催告後相当期間経過（541条1項）が基本」です。権利関係分野の関連用語・過去問演習ページで、条文番号と数値をセットで復習してください。,履行遅滞による解除とは何ですか？,履行遅滞による解除（りょうちいたいによるかいじょ）とは、履行遅滞による解除の概要。履行遅滞からの解除は催告後相当期間経過（541条1項）が基本。定期行為・催告不要の場合（2項）も暗記。債務不履行と危険負担の境目も。,履行遅滞による解除は試験でどう押さえればよいですか？,まず履行遅滞からの解除は催告後相当期間経過（541条1項）が基本。定期行為・催告不要の場合（2項）も暗記。債務不履行と危険負担の境目も。。 詳しくは、肢では「履行遅滞からの解除は催告後相当期間経過（541条1項）が基本。定期行為・催告不要の場合（2項）も暗記。債務不履行と危険負担の境目も。」のいずれかが正誤の分かれ目になりやすいです。特に類似制度（期間・要件・効力）の取り違え。数字と条文番号をセットで暗記する。
制限行為能力者の保護,せいげんこういのうりょくしゃのほご,権利関係,権利関係,制限行為能力者の保護：法定代理人同意がない行為の取消（4条等）と相手方の催告権（145条の趣旨）。,制限行為能力者の保護：法定代理人同意がない行為の取消（4条等）と相手方の催告権（145条の趣旨）。,,,A,"制限行為能力者の保護：法定代理人同意がない行為の取消（4条等）と相手方の催告権（145条の趣旨）。権利関係では誰にどの効果が及ぶか、期間・要件の有無が問われやすいです。関連用語と条文番号を比較表にまとめてください。

肢では「制限行為能力者の保護：法定代理人同意がない行為の取消（4条等）と相手方の催告権（145条の趣旨）／成年被後見人の独立範囲は教材の表で」のいずれかが正誤の分かれ目になりやすいです。

特に類似制度（期間・要件・効力）の取り違え。条文番号と数字をセットで暗記する。",制限行為能力者の保護とは,制限行為能力者の保護：法定代理人同意がない行為の取消（4条等）と相手方の催告権（145条の趣旨）。,"制限行為能力者の保護：法定代理人同意がない行為の取消（4条等）と相手方の催告権（145条の趣旨）。

制限行為能力者の保護：法定代理人同意がない行為の取消（4条等）と相手方の催告権（145条の趣旨）。権利関係では誰にどの効果が及ぶか、期間・要件の有無が問われやすいです。関連用語と条文番号を比較表にまとめてください。

権利関係では「誰に・どのような効果が及ぶか」「期間や要件の有無」を問う肢が多く、単語の意味だけでなく効力の発生・消滅のタイミングまでセットで押さえてください。",制限行為能力者の保護：法定代理人同意がない行為の取消（4条等）と相手方の催告権（145条の趣旨）;成年被後見人の独立範囲は教材の表で,類似制度（期間・要件・効力）の取り違え。条文番号と数字をセットで暗記する。,「制限行為能力者の保護：法定代理人同意がない行為の」を起点に、制限行為能力者の保護の表を作って関連用語と並べる。,【学習確認】制限行為能力者の保護について、次のうち試験で押さえるべき説明として適切なものはどれか。,要点は「肢では「制限行為能力者の保護：法定代理人同意がない行為の取消（4条等）と相手方の催告権（145条の趣旨）」です。権利関係分野の関連用語・過去問演習ページで、条文番号と数値をセットで復習してください。,制限行為能力者の保護とは何ですか？,制限行為能力者の保護（せいげんこういのうりょくしゃのほご）とは、制限行為能力者の保護の概要。制限行為能力者の保護：法定代理人同意がない行為の取消（4条等）と相手方の催告権（145条の趣旨）。成年被後見人の独立範囲は教材の表で。,制限行為能力者の保護は試験でどう押さえればよいですか？,まず制限行為能力者の保護：法定代理人同意がない行為の取消（4条等）と相手方の催告権（145条の趣旨）。成年被後見人の独立範囲は教材の表で。。 詳しくは、肢では「制限行為能力者の保護：法定代理人同意がない行為の取消（4条等）と相手方の催告権（145条の趣旨）。成年被後見人の独立範囲は教材の表で。」のいずれかが正誤の分かれ目になりやすいです。特に類似制度（期間・要件・効力）の取り違え。数字と条文番号をセットで暗記する。
履行補助者の故意過失,りょうこほじょしゃのこいかしつ,権利関係,権利関係,履行補助者の故意過失は原則として債務者の責任（415条2項）。,履行補助者の故意過失は原則として債務者の責任（415条2項）。,,,A,"履行補助者の故意過失は原則として債務者の責任（415条2項）。権利関係では誰にどの効果が及ぶか、期間・要件の有無が問われやすいです。関連用語と条文番号を比較表にまとめてください。

肢では「履行補助者の故意過失は原則として債務者の責任（415条2項）／数字と条文番号をセットで暗記する」のいずれかが正誤の分かれ目になりやすいです。

特に類似制度（期間・要件・効力）の取り違え。条文番号と数字をセットで暗記する。",履行補助者の故意過失とは,履行補助者の故意過失は原則として債務者の責任（415条2項）。,"履行補助者の故意過失は原則として債務者の責任（415条2項）。

履行補助者の故意過失は原則として債務者の責任（415条2項）。権利関係では誰にどの効果が及ぶか、期間・要件の有無が問われやすいです。関連用語と条文番号を比較表にまとめてください。

権利関係では「誰に・どのような効果が及ぶか」「期間や要件の有無」を問う肢が多く、単語の意味だけでなく効力の発生・消滅のタイミングまでセットで押さえてください。",履行補助者の故意過失は原則として債務者の責任（415条2項）;数字と条文番号をセットで暗記する,類似制度（期間・要件・効力）の取り違え。条文番号と数字をセットで暗記する。,「履行補助者の故意過失は原則として債務者の責任（4」を起点に、履行補助者の故意過失の表を作って関連用語と並べる。,【学習確認】履行補助者の故意過失について、次のうち試験で押さえるべき説明として適切なものはどれか。,要点は「肢では「履行補助者の故意過失は原則として債務者の責任（415条2項）」です。権利関係分野の関連用語・過去問演習ページで、条文番号と数値をセットで復習してください。,履行補助者の故意過失とは何ですか？,履行補助者の故意過失（りょうこほじょしゃのこいかしつ）とは、履行補助者の故意過失の概要。履行補助者の故意過失は原則として債務者の責任（415条2項）。受託者選任・監督の注意義務とセットの穴埋めに。,履行補助者の故意過失は試験でどう押さえればよいですか？,まず履行補助者の故意過失は原則として債務者の責任（415条2項）。受託者選任・監督の注意義務とセットの穴埋めに。。 詳しくは、肢では「履行補助者の故意過失は原則として債務者の責任（415条2項）。受託者選任・監督の注意義務とセットの穴埋めに。」のいずれかが正誤の分かれ目になりやすいです。特に類似制度（期間・要件・効力）の取り違え。数字と条文番号をセットで暗記する。
遺留分,いりゅうぶん,権利関係,権利関係,遺留分：兄弟姉妹以外の相続人に対する留保（900条の2・1042条）。,遺留分：兄弟姉妹以外の相続人に対する留保（900条の2・1042条）。,,,A,"遺留分：兄弟姉妹以外の相続人に対する留保（900条の2・1042条）。権利関係では誰にどの効果が及ぶか、期間・要件の有無が問われやすいです。関連用語と条文番号を比較表にまとめてください。

肢では「遺留分：兄弟姉妹以外の相続人に対する留保（900条の2・1042条）／侵害額請求の相手方・金額算定（1046・1049条）は頻出計算問題の素地」のいずれかが正誤の分かれ目になりやすいです。

特に類似制度（期間・要件・効力）の取り違え。条文番号と数字をセットで暗記する。",遺留分とは,遺留分：兄弟姉妹以外の相続人に対する留保（900条の2・1042条）。,"遺留分：兄弟姉妹以外の相続人に対する留保（900条の2・1042条）。

遺留分：兄弟姉妹以外の相続人に対する留保（900条の2・1042条）。権利関係では誰にどの効果が及ぶか、期間・要件の有無が問われやすいです。関連用語と条文番号を比較表にまとめてください。

権利関係では「誰に・どのような効果が及ぶか」「期間や要件の有無」を問う肢が多く、単語の意味だけでなく効力の発生・消滅のタイミングまでセットで押さえてください。",遺留分：兄弟姉妹以外の相続人に対する留保（900条の2・1042条）;侵害額請求の相手方・金額算定（1046・1049条）は頻出計算問題の素地,類似制度（期間・要件・効力）の取り違え。条文番号と数字をセットで暗記する。,「遺留分：兄弟姉妹以外の相続人に対する留保（900」を起点に、遺留分の表を作って関連用語と並べる。,（2020年 第2問）Aが死亡し、相続人がB・C・Dの3名（各法定相続分3分の1）である場合に関する次の記述のうち、民法の規定及び判例によれば、正しいものはどれか。,正答は選択肢1です。用語「遺留分」が問われた過去問のため、解説と条文の対応を確認してください。,遺留分とは何ですか？,遺留分（いりゅうぶん）とは、遺留分の概要。遺留分：兄弟姉妹以外の相続人に対する留保（900条の2・1042条）。侵害額請求の相手方・金額算定（1046・1049条）は頻出計算問題の素地。,遺留分は試験でどう押さえればよいですか？,まず遺留分：兄弟姉妹以外の相続人に対する留保（900条の2・1042条）。侵害額請求の相手方・金額算定（1046・1049条）は頻出計算問題の素地。。 詳しくは、肢では「遺留分：兄弟姉妹以外の相続人に対する留保（900条の2・1042条）。侵害額請求の相手方・金額算定（1046・1049条）は頻出計算問題の素地。」のいずれかが正誤の分かれ目になりやすいです。特に類似制度（期間・要件・効力）の取り違え。数字と条文番号をセットで暗記する。
消費者契約における特約の制限,とくやくのせいげん,権利関係,権利関係,消費者契約法の無効事由（例：消費者の利益一方的な失わせる約款など）。,消費者契約法の無効事由（例：消費者の利益一方的な失わせる約款など）。,,,A,"消費者契約法の無効事由（例：消費者の利益一方的な失わせる約款など）。権利関係では誰にどの効果が及ぶか、期間・要件の有無が問われやすいです。関連用語と条文番号を比較表にまとめてください。

肢では「消費者契約法の無効事由（例：消費者の利益一方的な失わせる約款など）／条文番号より「一方的」「消費者・事業者」のラベルで即断練習／数字と条文番号をセットで暗記する」のいずれかが正誤の分かれ目になりやすいです。

特に類似制度（期間・要件・効力）の取り違え。条文番号と数字をセットで暗記する。",消費者契約における特約の制限とは,消費者契約法の無効事由（例：消費者の利益一方的な失わせる約款など）。,"消費者契約法の無効事由（例：消費者の利益一方的な失わせる約款など）。

消費者契約法の無効事由（例：消費者の利益一方的な失わせる約款など）。権利関係では誰にどの効果が及ぶか、期間・要件の有無が問われやすいです。関連用語と条文番号を比較表にまとめてください。

権利関係では「誰に・どのような効果が及ぶか」「期間や要件の有無」を問う肢が多く、単語の意味だけでなく効力の発生・消滅のタイミングまでセットで押さえてください。",消費者契約法の無効事由（例：消費者の利益一方的な失わせる約款など）;条文番号より「一方的」「消費者・事業者」のラベルで即断練習;数字と条文番号をセットで暗記する,類似制度（期間・要件・効力）の取り違え。条文番号と数字をセットで暗記する。,「消費者契約法の無効事由（例：消費者の利益一方的な」を起点に、消費者契約における特約の制限の表を作って関連用語と並べる。,【学習確認】消費者契約における特約の制限について、次のうち試験で押さえるべき説明として適切なものはどれか。,要点は「肢では「消費者契約法の無効事由（例：消費者の利益一方的な失わせる約款など）」です。権利関係分野の関連用語・過去問演習ページで、条文番号と数値をセットで復習してください。,消費者契約における特約の制限とは何ですか？,消費者契約における特約の制限（とくやくのせいげん）とは、消費者契約における特約の制限の概要。消費者契約法の無効事由（例：消費者の利益一方的な失わせる約款など）。条文番号より「一方的」「消費者・事業者」のラベルで即断練習。,消費者契約における特約の制限は試験でどう押さえればよいですか？,まず消費者契約法の無効事由（例：消費者の利益一方的な失わせる約款など）。条文番号より「一方的」「消費者・事業者」のラベルで即断練習。。 詳しくは、肢では「消費者契約法の無効事由（例：消費者の利益一方的な失わせる約款など）。条文番号より「一方的」「消費者・事業者」のラベルで即断練習。」のいずれかが正誤の分かれ目になりやすいです。特に類似制度（期間・要件・効力）の取り違え。数字と条文番号をセットで暗記する。
宅建業の免許,たっけんぎょうのめんきょ,宅建業法,宅建業法,免許：欠格事由（宅建業法64条各号）と更新（免許の有効期間は政令で6年等の数字は最新の宅建業法施行令・省令で要確認）。,免許：欠格事由（宅建業法64条各号）と更新（免許の有効期間は政令で6年等の数字は最新の宅建業法施行令・省令で要確認）。,,,A,宅地建物取引業を営むための国土交通大臣の免許。欠格事由（64条）・更新・営業保証金・保証協会加入がセットで出題されます。肢では「免許がなければ業不可／欠格事由（64条）／営業保証金の額／保証協会への加入」のいずれかが正誤の分かれ目になりやすいです。特に登録と免許を混同する。保証金の額を誤る。,宅建業の免許とは,免許：欠格事由（宅建業法64条各号）と更新（免許の有効期間は政令で6年等の数字は最新の宅建業法施行令・省令で要確認）。,免許：欠格事由（宅建業法64条各号）と更新（免許の有効期間は政令で6年等の数字は最新の宅建業法施行令・省令で要確認）。宅地建物取引業を営むための国土交通大臣の免許。欠格事由（64条）・更新・営業保証金・保証協会加入がセットで出題されます。宅建業法では書面交付の時期、記載事項、監督処分の段階など、手続の順序と義務者（業者・宅建士）の区別が問われやすいです。,免許がなければ業不可;欠格事由（64条）;営業保証金の額;保証協会への加入,登録と免許を混同する。保証金の額を誤る。,「免許：欠格事由（宅建業法64条各号）と更新（免許」を起点に、宅建業の免許の表を作って関連用語と並べる。,（2024年 第34問）欠格事由に関する次の記述のうち、正しいものはどれか。,正答は選択肢1です。用語「宅建業の免許」が問われた過去問のため、解説と条文の対応を確認してください。,宅建業の免許とは何ですか？,"宅建業の免許（たっけんぎょうのめんきょ）とは、宅建業の免許の概要。免許：欠格事由（宅建業法64条各号）と更新（免許の有効期間は政令で6年等の数字は最新の宅建業法施行令・省令で要確認）。営業保証金は主たる事務所1,000万円＋従たる500万円／所、協会加入は分担金主60万＋従30万／所（法48条の2等の根拠を教材で）。",宅建業の免許は試験でどう押さえればよいですか？,"まず免許：欠格事由（宅建業法64条各号）と更新（免許の有効期間は政令で6年等の数字は最新の宅建業法施行令・省令で要確認）。営業保証金は主たる事務所1,000万円＋従たる500万円／所、協会加入は分担金主60万＋従30万／所（法48条の2等の根拠を教材で）。。 詳しくは、肢では「免許：欠格事由（宅建業法64条各号）と更新（免許の有効期間は政令で6年等の数字は最新の宅建業法施行令・省令で要確認）。営業保証金は主たる事務所1,000万円＋従たる500万円／所、協会加入は分担金主60万＋従30万／所（法48条の2等の根拠を教材で）。」のいずれかが正誤の分かれ目になりやすいです。特に書面の交付時期・記載事項・監督処分の段階の混同。35条・37条・8条・14条の表で整理…"
宅建士,たっけんし,宅建業法,宅建業法,宅建士：名義貸し禁止、懲戒（免許取消等）。,宅建士：名義貸し禁止、懲戒（免許取消等）。,,,A,重要事項説明等を行う国家資格者。業務主任者（専任）とは役割が異なります。重説の実施・35条書面・名義貸し禁止・懲戒が頻出です。肢では「35条の重説を実施／契約成立前に説明／名義貸し・証の貸与禁止／業務主任者との役割分担」のいずれかが正誤の分かれ目になりやすいです。特に宅建士と業務主任者の役割を混同する。,宅建士とは,宅建士：名義貸し禁止、懲戒（免許取消等）。,宅建士：名義貸し禁止、懲戒（免許取消等）。重要事項説明等を行う国家資格者。業務主任者（専任）とは役割が異なります。重説の実施・35条書面・名義貸し禁止・懲戒が頻出です。宅建業法では書面交付の時期、記載事項、監督処分の段階など、手続の順序と義務者（業者・宅建士）の区別が問われやすいです。,35条の重説を実施;契約成立前に説明;名義貸し・証の貸与禁止;業務主任者との役割分担,宅建士と業務主任者の役割を混同する。,「宅建士：名義貸し禁止、懲戒（免許取消等）。重説は」を起点に、宅建士の表を作って関連用語と並べる。,（2025年 第29問）宅建士の業務停止・登録消除に関する次の記述のうち、正しいものはどれか。,正答は選択肢1です。用語「宅建士」が問われた過去問のため、解説と条文の対応を確認してください。,宅建士とは何ですか？,宅建士（たっけんし）とは、宅建士の概要。宅建士：名義貸し禁止、懲戒（免許取消等）。重説は「宅建士証の提示」と「契約前」の35条。実務上は登録実務講習・更新講習の年数は別枠（設問で出たら省令確認）。,宅建士は試験でどう押さえればよいですか？,まず宅建士：名義貸し禁止、懲戒（免許取消等）。重説は「宅建士証の提示」と「契約前」の35条。実務上は登録実務講習・更新講習の年数は別枠（設問で出たら省令確認）。。 詳しくは、肢では「宅建士：名義貸し禁止、懲戒（免許取消等）。重説は「宅建士証の提示」と「契約前」の35条。実務上は登録実務講習・更新講習の年数は別枠（設問で出たら省令確認）。」のいずれかが正誤の分かれ目になりやすいです。特に書面の交付時期・記載事項・監督処分の段階の混同。35条・37条・8条・14条の表で整理する。
宅地・建物の定義,たくち・たてものていぎ,宅建業法,宅建業法,宅地は原則一筆の土地の全部又は一部で建物が存する土地等（法2条1項1号ロの整理）。,宅地は原則一筆の土地の全部又は一部で建物が存する土地等（法2条1項1号ロの整理）。,,,A,"宅地は原則一筆の土地の全部又は一部で建物が存する土地等（法2条1項1号ロの整理）。宅建業法では書面交付の順序、記載事項、業者・宅建士の責任区分が頻出です。35条・37条・8条・14条を表で整理すると得点が安定します。

肢では「35条・37条・8条・14条の表で整理する／35条・37条・8条・14条の表で整理する／35条・37条・8条・14条の表で整理する」のいずれかが正誤の分かれ目になりやすいです。

特に書面の交付時期・記載事項・監督処分の段階の混同。35条・37条・8条・14条の表で整理する。",宅地・建物の定義とは,宅地は原則一筆の土地の全部又は一部で建物が存する土地等（法2条1項1号ロの整理）。,"宅地は原則一筆の土地の全部又は一部で建物が存する土地等（法2条1項1号ロの整理）。

宅地は原則一筆の土地の全部又は一部で建物が存する土地等（法2条1項1号ロの整理）。宅建業法では書面交付の順序、記載事項、業者・宅建士の責任区分が頻出です。35条・37条・8条・14条を表で整理すると得点が安定します。

宅建業法では書面交付の時期、記載事項、監督処分の段階など、手続の順序と義務者（業者・宅建士）の区別が問われやすいです。",35条・37条・8条・14条の表で整理する;35条・37条・8条・14条の表で整理する;35条・37条・8条・14条の表で整理する,書面の交付時期・記載事項・監督処分の段階の混同。35条・37条・8条・14条の表で整理する。,「宅地は原則一筆の土地の全部又は一部で建物が存する」を起点に、宅地・建物の定義の表を作って関連用語と並べる。,【学習確認】宅地・建物の定義について、次のうち試験で押さえるべき説明として適切なものはどれか。,要点は「肢では「宅地は原則一筆の土地の全部又は一部で建物が存する土地等（法2条1項1号ロの整理）」です。宅建業法分野の関連用語・過去問演習ページで、条文番号と数値をセットで復習してください。,宅地・建物の定義とは何ですか？,宅地・建物の定義（たくち・たてものていぎ）とは、宅地・建物の定義の概要。宅地は原則一筆の土地の全部又は一部で建物が存する土地等（法2条1項1号ロの整理）。建物は土地に定着する工作物（2条1項2号）。集合建物の一部は専有部分（建物区分所有法）。定義に当てはめ欠格・免許の対象かを判断する肢に。,宅地・建物の定義は試験でどう押さえればよいですか？,まず宅地は原則一筆の土地の全部又は一部で建物が存する土地等（法2条1項1号ロの整理）。建物は土地に定着する工作物（2条1項2号）。集合建物の一部は専有部分（建物区分所有法）。定義に当てはめ欠格・免許の対象かを判断する肢に。。 詳しくは、肢では「宅地は原則一筆の土地の全部又は一部で建物が存する土地等（法2条1項1号ロの整理）。建物は土地に定着する工作物（2条1項2号）。集合建物の一部は専有部分（建物区分所有法）。定義に当てはめ欠格・免許の対象かを判断する肢に。」のいずれかが正誤の分かれ目になりやすいです。特に書面の交付時期・記載事項・監督処分の段階の混同。35条・37条・8条・14条の表で整理する。
営業保証金と弁済業務保証金,えいぎょうほしょうきんとべんさいぎょうむほしょうきん,宅建業法,宅建業法,宅建業者が備える2つの補償制度,宅建業者が備える2つの補償制度。,,,A,営業保証金は主たる事務所の最寄りの供託所へ、弁済業務保証金は都道府県知事への供託。保証協会への加入で弁済業務保証金を減額できる制度とセットです。肢では「営業保証金は供託所へ供託／弁済業務保証金は知事へ供託／保証協会加入で減額／弁済の順位・還付手続」のいずれかが正誤の分かれ目になりやすいです。,営業保証金と弁済業務保証金とは,宅建業者が備える2つの補償制度,宅建業者が備える2つの補償制度。営業保証金は主たる事務所の最寄りの供託所へ、弁済業務保証金は都道府県知事への供託。保証協会への加入で弁済業務保証金を減額できる制度とセットです。宅建業法では書面交付の時期、記載事項、監督処分の段階など、手続の順序と義務者（業者・宅建士）の区別が問われやすいです。,営業保証金は供託所へ供託;弁済業務保証金は知事へ供託;保証協会加入で減額;弁済の順位・還付手続,,"「営業保証金1,000万円＋従500万円／所 vs」を起点に、営業保証金と弁済業務保証金の表を作って関連用語と並べる。",【学習確認】営業保証金と弁済業務保証金について、次のうち試験で押さえるべき説明として適切なものはどれか。,"要点は「肢では「営業保証金1,000万円＋従500万円／所 vs 保証協会の分担金主60万＋従30万／所」です。宅建業法分野の関連用語・過去問演習ページで、条文番号と数値をセットで復習してください。",営業保証金と弁済業務保証金とは何ですか？,"営業保証金と弁済業務保証金（えいぎょうほしょうきんとべんさいぎょうむほしょうきん）とは、宅建業者が備える2つの補償制度。営業保証金1,000万円＋従500万円／所 vs 保証協会の分担金主60万＋従30万／所。協会加入で営業保証金不要。還付は宅建業者以外（法64条の4等の趣旨）。数値暗記は速攻点。",営業保証金と弁済業務保証金は試験でどう押さえればよいですか？,"まず営業保証金1,000万円＋従500万円／所 vs 保証協会の分担金主60万＋従30万／所。協会加入で営業保証金不要。還付は宅建業者以外（法64条の4等の趣旨）。数値暗記は速攻点。。 詳しくは、肢では「営業保証金1,000万円＋従500万円／所 vs 保証協会の分担金主60万＋従30万／所。協会加入で営業保証金不要。還付は宅建業者以外（法64条の4等の趣旨）。数値暗記は速攻点。」のいずれかが正誤の分かれ目になりやすいです。特に書面の交付時期・記載事項・監督処分の段階の混同。35条・37条・8条・14条の表で整理する。"
保証協会,ほしょうきょうかい,宅建業法,宅建業法,宅建業保証協会への加入・交付金・保証履行の手続。,宅建業保証協会への加入・交付金・保証履行の手続。,,,A,宅建業者が加入する法人。営業保証金の供託・弁済業務・苦情処理を行います。供託額・分担金・弁済の範囲が宅建業法とセットで出題されます。肢では「全業者が加入／営業保証金の供託／弁済業務／分担金の額」のいずれかが正誤の分かれ目になりやすいです。,保証協会とは,宅建業保証協会への加入・交付金・保証履行の手続。,宅建業保証協会への加入・交付金・保証履行の手続。宅建業者が加入する法人。営業保証金の供託・弁済業務・苦情処理を行います。供託額・分担金・弁済の範囲が宅建業法とセットで出題されます。宅建業法では書面交付の時期、記載事項、監督処分の段階など、手続の順序と義務者（業者・宅建士）の区別が問われやすいです。,全業者が加入;営業保証金の供託;弁済業務;分担金の額,,「宅建業保証協会への加入・交付金・保証履行の手続。」を起点に、保証協会の表を作って関連用語と並べる。,（2025年 第21問）保証協会に関する次の記述のうち、正しいものはどれか。,正答は選択肢1です。用語「保証協会」が問われた過去問のため、解説と条文の対応を確認してください。,保証協会とは何ですか？,保証協会（ほしょうきょうかい）とは、保証協会の概要。宅建業保証協会への加入・交付金・保証履行の手続。供託に代わる仕組みとして分担金額（主60万・従30万）と営業保証金の差を比較表に。,保証協会は試験でどう押さえればよいですか？,まず宅建業保証協会への加入・交付金・保証履行の手続。供託に代わる仕組みとして分担金額（主60万・従30万）と営業保証金の差を比較表に。。 詳しくは、肢では「宅建業保証協会への加入・交付金・保証履行の手続。供託に代わる仕組みとして分担金額（主60万・従30万）と営業保証金の差を比較表に。」のいずれかが正誤の分かれ目になりやすいです。特に書面の交付時期・記載事項・監督処分の段階の混同。35条・37条・8条・14条の表で整理する。
重要事項説明（35条書面）,じゅうようじこうせつめい,宅建業法,宅建業法,契約前に宅建士が必ず説明する書面,契約前に宅建士が必ず説明する書面。,,,A,宅建士が宅建業者に代わって、契約成立前に買主・借主へ説明し記載した書面です。IT重説ではテレビ会議等の手続要件が追加されます。37条書面（契約書）・14条書面（申込）・8条書面（媒介）との交付順序が最重要です。肢では「契約成立前に説明し記載・交付／宅建士の記名（押印不要の整理）／記載事項は35条・施行規則／IT重説は35条の2と手続要件」のいずれかが正誤の分かれ目になりやすいです。,重要事項説明（35条書面）とは,契約前に宅建士が必ず説明する書面,契約前に宅建士が必ず説明する書面。宅建士が宅建業者に代わって、契約成立前に買主・借主へ説明し記載した書面です。IT重説ではテレビ会議等の手続要件が追加されます。37条書面（契約書）・14条書面（申込）・8条書面（媒介）との交付順序が最重要です。宅建業法では書面交付の時期、記載事項、監督処分の段階など、手続の順序と義務者（業者・宅建士）の区別が問われやすいです。,契約成立前に説明し記載・交付;宅建士の記名（押印不要の整理）;記載事項は35条・施行規則;IT重説は35条の2と手続要件,,「35条書面は契約前に買主・借主へ交付、宅建士が記」を起点に、重要事項説明（35条書面）の表を作って関連用語と並べる。,（2025年 第17問）重要事項説明に関する次の記述のうち、正しいものはどれか。,正答は選択肢2です。用語「重要事項説明（35条書面）」が問われた過去問のため、解説と条文の対応を確認してください。,重要事項説明（35条書面）とは何ですか？,重要事項説明（35条書面）（じゅうようじこうせつめい）とは、契約前に宅建士が必ず説明する書面。35条書面は契約前に買主・借主へ交付、宅建士が記名・実印ではなく「記名」で足りる改正後の整理（法35条）。IT重説（規則）や登記・法令制限・費用負担の記載事項（施行規則）を細目まで。37条書面は契約後遅滞なく双方へ（36条）。,重要事項説明（35条書面）は試験でどう押さえればよいですか？,まず35条書面は契約前に買主・借主へ交付、宅建士が記名・実印ではなく「記名」で足りる改正後の整理（法35条）。IT重説（規則）や登記・法令制限・費用負担の記載事項（施行規則）を細目まで。37条書面は契約後遅滞なく双方へ（36条）。。 詳しくは、肢では「35条書面は契約前に買主・借主へ交付、宅建士が記名・実印ではなく「記名」で足りる改正後の整理（法35条）。IT重説（規則）や登記・法令制限・費用負担の記載事項（施行規則）を細目まで。37条書面は契約後遅滞なく双方へ（36条）。」のいずれかが正誤の分かれ目になりやすいです。特に書面の交付時期・記載事項・監督処分の段階の混同。35条・37条・8条・14条の表で整理する。
37条書面,さんじゅうしちじょうしょめん,宅建業法,宅建業法,37条書面（取引の契約書）には代金支払・引渡し等の実務条項。,37条書面（取引の契約書）には代金支払・引渡し等の実務条項。,,,A,宅地建物取引の契約書面。代金・引渡し・手付等の実務条項を記載します。35条書面（重説）との交付時期・相手・記載事項の違いが最重要です。肢では「契約の内容を記載した書面／記名で足り押印不要／35条との交付順序／電磁的交付の要件」のいずれかが正誤の分かれ目になりやすいです。特に35条書面と37条書面の交付時期を逆にする。,37条書面とは,37条書面（取引の契約書）には代金支払・引渡し等の実務条項。,37条書面（取引の契約書）には代金支払・引渡し等の実務条項。宅地建物取引の契約書面。代金・引渡し・手付等の実務条項を記載します。35条書面（重説）との交付時期・相手・記載事項の違いが最重要です。宅建業法では書面交付の時期、記載事項、監督処分の段階など、手続の順序と義務者（業者・宅建士）の区別が問われやすいです。,契約の内容を記載した書面;記名で足り押印不要;35条との交付順序;電磁的交付の要件,35条書面と37条書面の交付時期を逆にする。,「37条書面（取引の契約書）には代金支払・引渡し等」を起点に、37条書面の表を作って関連用語と並べる。,（2025年 第19問）37条書面に関する次の記述のうち、正しいものはどれか。,正答は選択肢1です。用語「37条書面」が問われた過去問のため、解説と条文の対応を確認してください。,37条書面とは何ですか？,37条書面（さんじゅうしちじょうしょめん）とは、37条書面の概要。37条書面（取引の契約書）には代金支払・引渡し等の実務条項。押印不要（記名）と電磁的交付の要件（2022年5月施行の改正）が新傾向。35条との交付相手・時期の違いを表で。,37条書面は試験でどう押さえればよいですか？,まず37条書面（取引の契約書）には代金支払・引渡し等の実務条項。押印不要（記名）と電磁的交付の要件（2022年5月施行の改正）が新傾向。35条との交付相手・時期の違いを表で。。 詳しくは、肢では「37条書面（取引の契約書）には代金支払・引渡し等の実務条項。押印不要（記名）と電磁的交付の要件（2022年5月施行の改正）が新傾向。35条との交付相手・時期の違いを表で。」のいずれかが正誤の分かれ目になりやすいです。特に書面の交付時期・記載事項・監督処分の段階の混同。35条・37条・8条・14条の表で整理する。
レインズ,れいんず,宅建業法,宅建業法,レインズ登録：専任は申込受領から7日以内（法34条の2）、専属専任は5日以内（法34条の2の2）。,レインズ登録：専任は申込受領から7日以内（法34条の2）、専属専任は5日以内（法34条の2の2）。,,,A,指定流通機構による物件情報の登録・流通システム。専任・専属専任媒介の14日以内登録・登録事項が頻出です。肢では「専任・専属専任は14日以内登録／登録事項の網羅／一般媒介との違い／自己発見取引の扱い」のいずれかが正誤の分かれ目になりやすいです。,レインズとは,レインズ登録：専任は申込受領から7日以内（法34条の2）、専属専任は5日以内（法34条の2の2）。,レインズ登録：専任は申込受領から7日以内（法34条の2）、専属専任は5日以内（法34条の2の2）。指定流通機構による物件情報の登録・流通システム。専任・専属専任媒介の14日以内登録・登録事項が頻出です。宅建業法では書面交付の時期、記載事項、監督処分の段階など、手続の順序と義務者（業者・宅建士）の区別が問われやすいです。,専任・専属専任は14日以内登録;登録事項の網羅;一般媒介との違い;自己発見取引の扱い,,「レインズ登録：専任は申込受領から7日以内（法34」を起点に、レインズの表を作って関連用語と並べる。,（2024年 第23問）媒介契約に関する次の記述のうち、正しいものはどれか。,正答は選択肢3です。用語「レインズ」が問われた過去問のため、解説と条文の対応を確認してください。,レインズとは何ですか？,レインズ（れいんず）とは、レインズの概要。レインズ登録：専任は申込受領から7日以内（法34条の2）、専属専任は5日以内（法34条の2の2）。一般媒介は登録義務なし。報告は専任「2週に1回以上」、専属専任「1週に1回以上」（法35条の2）。数字の大小を必ず暗記。,レインズは試験でどう押さえればよいですか？,まずレインズ登録：専任は申込受領から7日以内（法34条の2）、専属専任は5日以内（法34条の2の2）。一般媒介は登録義務なし。報告は専任「2週に1回以上」、専属専任「1週に1回以上」（法35条の2）。数字の大小を必ず暗記。。 詳しくは、肢では「レインズ登録：専任は申込受領から7日以内（法34条の2）、専属専任は5日以内（法34条の2の2）。一般媒介は登録義務なし。報告は専任「2週に1回以上」、専属専任「1週に1回以上」（法35条の2）。数字の大小を必ず暗記。」のいずれかが正誤の分かれ目になりやすいです。特に書面の交付時期・記載事項・監督処分の段階の混同。35条・37条・8条・14条の表で整理する。
媒介契約の種類,ばいかいけいやくのしゅるい,宅建業法,宅建業法,一般・専任・専属専任の3種類,一般・専任・専属専任の3種類。,,,A,一般・専任・専属専任の三類型があり、依頼先の範囲・レインズ登録・自己発見取引の可否・報告義務が異なります。依頼者保護の観点から制限が設けられています。肢では「専任は依頼先一社・レインズ登録14日以内／専属専任は依頼者自身の売買も制限／一般媒介は複数業者に依頼可能／8条書面の交付とセット」のいずれかが正誤の分かれ目になりやすいです。,媒介契約の種類とは,一般・専任・専属専任の3種類,一般・専任・専属専任の3種類。一般・専任・専属専任の三類型があり、依頼先の範囲・レインズ登録・自己発見取引の可否・報告義務が異なります。依頼者保護の観点から制限が設けられています。宅建業法では書面交付の時期、記載事項、監督処分の段階など、手続の順序と義務者（業者・宅建士）の区別が問われやすいです。,専任は依頼先一社・レインズ登録14日以内;専属専任は依頼者自身の売買も制限;一般媒介は複数業者に依頼可能;8条書面の交付とセット,,「媒介契約の最長有効期間は3ヶ月（法34条1項）。」を起点に、媒介契約の種類の表を作って関連用語と並べる。,【学習確認】媒介契約の種類について、次のうち試験で押さえるべき説明として適切なものはどれか。,要点は「専任は依頼先一社・レインズ登録14日以内」です。宅建業法分野の関連用語・過去問演習ページで、条文番号と数値をセットで復習してください。,媒介契約の種類とは何ですか？,媒介契約の種類（ばいかいけいやくのしゅるい）とは、一般・専任・専属専任の3種類。媒介契約の最長有効期間は3ヶ月（法34条1項）。専任は自己発見取引可、専属専任は不可。上記レインズ期限とセットで表に。,媒介契約の種類は試験でどう押さえればよいですか？,まず媒介契約の最長有効期間は3ヶ月（法34条1項）。専任は自己発見取引可、専属専任は不可。上記レインズ期限とセットで表に。。 詳しくは、肢では「媒介契約の最長有効期間は3ヶ月（法34条1項）。専任は自己発見取引可、専属専任は不可。上記レインズ期限とセットで表に。」のいずれかが正誤の分かれ目になりやすいです。特に書面の交付時期・記載事項・監督処分の段階の混同。35条・37条・8条・14条の表で整理する。
報酬の計算（売買）,ほうしゅうのけいさん,宅建業法,宅建業法,売買仲介でもらえる報酬の上限,売買仲介でもらえる報酬の上限。,,,A,媒介報酬の上限額（売買は取引価格×3%＋6万円等）。消費税・借家・貸地の計算式との違いを表にします。肢では「売買の上限式／借家・貸地は別式／消費税の扱い／報酬の明瞭化」のいずれかが正誤の分かれ目になりやすいです。,報酬の計算（売買）とは,売買仲介でもらえる報酬の上限,売買仲介でもらえる報酬の上限。媒介報酬の上限額（売買は取引価格×3%＋6万円等）。消費税・借家・貸地の計算式との違いを表にします。宅建業法では書面交付の時期、記載事項、監督処分の段階など、手続の順序と義務者（業者・宅建士）の区別が問われやすいです。,売買の上限式;借家・貸地は別式;消費税の扱い;報酬の明瞭化,,「仲介手数料（売買）：代金200万円以下5%、20」を起点に、報酬の計算（売買）の表を作って関連用語と並べる。,（2019年 第34問）宅地建物取引業者の報酬に関する次の記述のうち、正しいものはどれか（消費税考慮不要）。,正答は選択肢1です。用語「報酬の計算（売買）」が問われた過去問のため、解説と条文の対応を確認してください。,報酬の計算（売買）とは何ですか？,"報酬の計算（売買）（ほうしゅうのけいさん）とは、売買仲介でもらえる報酬の上限。仲介手数料（売買）：代金200万円以下5%、200超400万以下4%＋2万、400万超3%＋6万（いずれも税抜・一方から）。例：1,000万なら3%＋6万＝36万円。低廉空き家（令和6年7月1日～）は800万円以下の宅建物で税込33万円上限等（告示・教材要確認）。消費税を上乗せできるかの設問に注意。",報酬の計算（売買）は試験でどう押さえればよいですか？,"まず仲介手数料（売買）：代金200万円以下5%、200超400万以下4%＋2万、400万超3%＋6万（いずれも税抜・一方から）。例：1,000万なら3%＋6万＝36万円。低廉空き家（令和6年7月1日～）は800万円以下の宅建物で税込33万円上限等（告示・教材要確認）。消費税を上乗せできるかの設問に注意。。 詳しくは、肢では「仲介手数料（売買）：代金200万円以下5%、200超400万以下4%＋2万、400万超3%＋6万（いずれも税抜・一方から）。例：1,000万なら3%＋6万＝36万円。低廉空き家（令和6年7月1日～）は800万円以下の宅建物で税込33万円上限等（告示・教材要確認）。消費税を上乗せできるかの設問に注意。」のいずれかが正誤の分かれ目になりやすいです。特に書面の交付時期・記載事項・監督処分の段…"
手付の種類,ておつのしゅるい,宅建業法,宅建業法,契約時に支払う手付金の3つの意味,契約時に支払う手付金の3つの意味。,,,A,証約手付・解約手付・違約手付・証拠手付の四類型。宅建業法上の手付上限（売買代金の20％）と民法の手付解除（557条）を混同しないこと。肢では「解約手付と手付解除（557条）の区別／証約手付は契約締結の証／違約手付は倍返し・没収／宅建業法の20％上限」のいずれかが正誤の分かれ目になりやすいです。,手付の種類とは,契約時に支払う手付金の3つの意味,契約時に支払う手付金の3つの意味。証約手付・解約手付・違約手付・証拠手付の四類型。宅建業法上の手付上限（売買代金の20％）と民法の手付解除（557条）を混同しないこと。宅建業法では書面交付の時期、記載事項、監督処分の段階など、手続の順序と義務者（業者・宅建士）の区別が問われやすいです。,解約手付と手付解除（557条）の区別;証約手付は契約締結の証;違約手付は倍返し・没収;宅建業法の20％上限,,「手付の上限は代金の20%（宅建業法43条1項・同」を起点に、手付の種類の表を作って関連用語と並べる。,【学習確認】手付の種類について、次のうち試験で押さえるべき説明として適切なものはどれか。,要点は「肢では「手付の上限は代金の20%（宅建業法43条1項・同施行令）」です。宅建業法分野の関連用語・過去問演習ページで、条文番号と数値をセットで復習してください。,手付の種類とは何ですか？,手付の種類（ておつのしゅるい）とは、契約時に支払う手付金の3つの意味。手付の上限は代金の20%（宅建業法43条1項・同施行令）。業者が自ら売主のときは解約手付（557条型）で相手方履行着手前までに解除。買主解除＝手付放棄、売主解除＝倍返しの型を暗記。,手付の種類は試験でどう押さえればよいですか？,まず手付の上限は代金の20%（宅建業法43条1項・同施行令）。業者が自ら売主のときは解約手付（557条型）で相手方履行着手前までに解除。買主解除＝手付放棄、売主解除＝倍返しの型を暗記。。 詳しくは、肢では「手付の上限は代金の20%（宅建業法43条1項・同施行令）。業者が自ら売主のときは解約手付（557条型）で相手方履行着手前までに解除。買主解除＝手付放棄、売主解除＝倍返しの型を暗記。」のいずれかが正誤の分かれ目になりやすいです。特に書面の交付時期・記載事項・監督処分の段階の混同。35条・37条・8条・14条の表で整理する。
クーリングオフ,くーりんぐおふ,宅建業法,宅建業法,一定期間内に一方的に解除できる制度,一定期間内に一方的に解除できる制度。,,,A,契約後8日以内に書面で無条件解除できる制度。発信主義・違約金請求不可・除外場所（事務所・届出展示場等）が肢の中心です。肢では「8日以内の書面解除／発信主義で効力発生／違約金・損害賠償請求不可／除外場所の当てはめ」のいずれかが正誤の分かれ目になりやすいです。特に到達主義と混同する。除外場所を誤る。,クーリングオフとは,一定期間内に一方的に解除できる制度,一定期間内に一方的に解除できる制度。契約後8日以内に書面で無条件解除できる制度。発信主義・違約金請求不可・除外場所（事務所・届出展示場等）が肢の中心です。宅建業法では書面交付の時期、記載事項、監督処分の段階など、手続の順序と義務者（業者・宅建士）の区別が問われやすいです。,8日以内の書面解除;発信主義で効力発生;違約金・損害賠償請求不可;除外場所の当てはめ,到達主義と混同する。除外場所を誤る。,「8日以内の書面解除（宅建業法37条・施行令で「8」を起点に、クーリングオフの表を作って関連用語と並べる。,（2025年 第20問）クーリングオフに関する次の記述のうち、正しいものはどれか。,正答は選択肢1です。用語「クーリングオフ」が問われた過去問のため、解説と条文の対応を確認してください。,クーリングオフとは何ですか？,クーリングオフ（くーりんぐおふ）とは、一定期間内に一方的に解除できる制度。8日以内の書面解除（宅建業法37条・施行令で「8日」）。発信主義で効力発生。違約金・損害賠償請求不可。除外場所（事務所・届出展示場・買主希望の自宅等）の当てはめが肢の主戦場。,クーリングオフは試験でどう押さえればよいですか？,まず8日以内の書面解除（宅建業法37条・施行令で「8日」）。発信主義で効力発生。違約金・損害賠償請求不可。除外場所（事務所・届出展示場・買主希望の自宅等）の当てはめが肢の主戦場。。 詳しくは、肢では「8日以内の書面解除（宅建業法37条・施行令で「8日」）。発信主義で効力発生。違約金・損害賠償請求不可。除外場所（事務所・届出展示場・買主希望の自宅等）の当てはめが肢の主戦場。」のいずれかが正誤の分かれ目になりやすいです。特に書面の交付時期・記載事項・監督処分の段階の混同。35条・37条・8条・14条の表で整理する。
監督処分,かんとくしょぶん,宅建業法,宅建業法,監督処分：業務停止・免許取消（法67条等）。,監督処分：業務停止・免許取消（法67条等）。,,,A,国土交通大臣等が行う行政処分。指示・業務停止・免許取消等の段階があります。欠格事由・再免許禁止期間（取消から5年等）と数字で整理します。肢では「指示・停止・取消の段階／免許取消と欠格事由／再免許禁止期間／宅建士の懲戒との関係」のいずれかが正誤の分かれ目になりやすいです。特に業務停止と免許取消の要件を混同する。,監督処分とは,監督処分：業務停止・免許取消（法67条等）。,監督処分：業務停止・免許取消（法67条等）。国土交通大臣等が行う行政処分。指示・業務停止・免許取消等の段階があります。欠格事由・再免許禁止期間（取消から5年等）と数字で整理します。宅建業法では書面交付の時期、記載事項、監督処分の段階など、手続の順序と義務者（業者・宅建士）の区別が問われやすいです。,指示・停止・取消の段階;免許取消と欠格事由;再免許禁止期間;宅建士の懲戒との関係,業務停止と免許取消の要件を混同する。,「監督処分：業務停止・免許取消（法67条等）。欠格」を起点に、監督処分の表を作って関連用語と並べる。,（2025年 第29問）宅建士の業務停止・登録消除に関する次の記述のうち、正しいものはどれか。,正答は選択肢1です。用語「監督処分」が問われた過去問のため、解説と条文の対応を確認してください。,監督処分とは何ですか？,監督処分（かんとくしょぶん）とは、監督処分の概要。監督処分：業務停止・免許取消（法67条等）。欠格事由・再免許の禁止期間（法68条：取消から5年等）を数字で。,監督処分は試験でどう押さえればよいですか？,まず監督処分：業務停止・免許取消（法67条等）。欠格事由・再免許の禁止期間（法68条：取消から5年等）を数字で。。 詳しくは、肢では「監督処分：業務停止・免許取消（法67条等）。欠格事由・再免許の禁止期間（法68条：取消から5年等）を数字で。」のいずれかが正誤の分かれ目になりやすいです。特に書面の交付時期・記載事項・監督処分の段階の混同。35条・37条・8条・14条の表で整理する。
広告規制,こうこくきせい,宅建業法,宅建業法,広告は著しく事実に相違・誤認を生ぼす表示禁止（法36条の2）。,広告は著しく事実に相違・誤認を生ぼす表示禁止（法36条の2）。,,,A,宅建業法上の広告は、登録番号・取引態様の明示、誇大広告の禁止等が定められます。景表法（優良誤認・有利誤認）との二重規制を意識してください。肢では「登録番号・取引態様の明示／誇大・虚偽広告の禁止／景表法との関係／未完成物件・低廉物件の表示規制」のいずれかが正誤の分かれ目になりやすいです。,広告規制とは,広告は著しく事実に相違・誤認を生ぼす表示禁止（法36条の2）。,広告は著しく事実に相違・誤認を生ぼす表示禁止（法36条の2）。宅建業法上の広告は、登録番号・取引態様の明示、誇大広告の禁止等が定められます。景表法（優良誤認・有利誤認）との二重規制を意識してください。宅建業法では書面交付の時期、記載事項、監督処分の段階など、手続の順序と義務者（業者・宅建士）の区別が問われやすいです。,登録番号・取引態様の明示;誇大・虚偽広告の禁止;景表法との関係;未完成物件・低廉物件の表示規制,,「広告は著しく事実に相違・誤認を生ぼす表示禁止（法」を起点に、広告規制の表を作って関連用語と並べる。,【学習確認】広告規制について、次のうち試験で押さえるべき説明として適切なものはどれか。,要点は「肢では「広告は著しく事実に相違・誤認を生ぼす表示禁止（法36条の2）」です。宅建業法分野の関連用語・過去問演習ページで、条文番号と数値をセットで復習してください。,広告規制とは何ですか？,広告規制（こうこくきせい）とは、広告規制の概要。広告は著しく事実に相違・誤認を生ぼす表示禁止（法36条の2）。景表法・不当景品類の表示防止法との境界も概論で。,広告規制は試験でどう押さえればよいですか？,まず広告は著しく事実に相違・誤認を生ぼす表示禁止（法36条の2）。景表法・不当景品類の表示防止法との境界も概論で。。 詳しくは、肢では「広告は著しく事実に相違・誤認を生ぼす表示禁止（法36条の2）。景表法・不当景品類の表示防止法との境界も概論で。」のいずれかが正誤の分かれ目になりやすいです。特に書面の交付時期・記載事項・監督処分の段階の混同。35条・37条・8条・14条の表で整理する。
業務上の規制,ぎょうむじょうのきせい,宅建業法,宅建業法,取引一任の契約・代理・媒介の区別、二重媒介の報酬、秘密保持。,取引一任の契約・代理・媒介の区別、二重媒介の報酬、秘密保持。,,,A,"取引一任の契約・代理・媒介の区別、二重媒介の報酬、秘密保持。宅建業法では書面交付の順序、記載事項、業者・宅建士の責任区分が頻出です。35条・37条・8条・14条を表で整理すると得点が安定します。

肢では「35条・37条・8条・14条の表で整理する／35条・37条・8条・14条の表で整理する／35条・37条・8条・14条の表で整理する」のいずれかが正誤の分かれ目になりやすいです。

特に書面の交付時期・記載事項・監督処分の段階の混同。35条・37条・8条・14条の表で整理する。",業務上の規制とは,取引一任の契約・代理・媒介の区別、二重媒介の報酬、秘密保持。,"取引一任の契約・代理・媒介の区別、二重媒介の報酬、秘密保持。

取引一任の契約・代理・媒介の区別、二重媒介の報酬、秘密保持。宅建業法では書面交付の順序、記載事項、業者・宅建士の責任区分が頻出です。35条・37条・8条・14条を表で整理すると得点が安定します。

宅建業法では書面交付の時期、記載事項、監督処分の段階など、手続の順序と義務者（業者・宅建士）の区別が問われやすいです。",35条・37条・8条・14条の表で整理する;35条・37条・8条・14条の表で整理する;35条・37条・8条・14条の表で整理する,書面の交付時期・記載事項・監督処分の段階の混同。35条・37条・8条・14条の表で整理する。,「取引一任の契約・代理・媒介の区別、二重媒介の報酬」を起点に、業務上の規制の表を作って関連用語と並べる。,【学習確認】業務上の規制について、次のうち試験で押さえるべき説明として適切なものはどれか。,要点は「肢では「取引一任の契約・代理・媒介の区別、二重媒介の報酬、秘密保持」です。宅建業法分野の関連用語・過去問演習ページで、条文番号と数値をセットで復習してください。,業務上の規制とは何ですか？,業務上の規制（ぎょうむじょうのきせい）とは、業務上の規制の概要。取引一任の契約・代理・媒介の区別、二重媒介の報酬、秘密保持。自ら売主のときの8種制限（法43–47条）と連動。,業務上の規制は試験でどう押さえればよいですか？,まず取引一任の契約・代理・媒介の区別、二重媒介の報酬、秘密保持。自ら売主のときの8種制限（法43–47条）と連動。。 詳しくは、肢では「取引一任の契約・代理・媒介の区別、二重媒介の報酬、秘密保持。自ら売主のときの8種制限（法43–47条）と連動。」のいずれかが正誤の分かれ目になりやすいです。特に書面の交付時期・記載事項・監督処分の段階の混同。35条・37条・8条・14条の表で整理する。
自己所有外物件の制限,じこしょゆうにぞくしないぶっけん,宅建業法,宅建業法,自己所有外物件の取扱い制限：他人の物を勝手に売れない（法39条の趣旨）。,自己所有外物件の取扱い制限：他人の物を勝手に売れない（法39条の趣旨）。,,,A,自己所有に属しない物件の取引には、重要事項説明・37条書面等の制限が加わります。自己所有物件との手続の違いを表で整理してください。肢では「自己所有外は説明・書面が厳格／重要事項の範囲が広い／37条書面の交付／自己所有との比較」のいずれかが正誤の分かれ目になりやすいです。,自己所有外物件の制限とは,自己所有外物件の取扱い制限：他人の物を勝手に売れない（法39条の趣旨）。,自己所有外物件の取扱い制限：他人の物を勝手に売れない（法39条の趣旨）。自己所有に属しない物件の取引には、重要事項説明・37条書面等の制限が加わります。自己所有物件との手続の違いを表で整理してください。宅建業法では書面交付の時期、記載事項、監督処分の段階など、手続の順序と義務者（業者・宅建士）の区別が問われやすいです。,自己所有外は説明・書面が厳格;重要事項の範囲が広い;37条書面の交付;自己所有との比較,,「自己所有外物件の取扱い制限：他人の物を勝手に売れ」を起点に、自己所有外物件の制限の表を作って関連用語と並べる。,【学習確認】自己所有外物件の制限について、次のうち試験で押さえるべき説明として適切なものはどれか。,要点は「肢では「自己所有外物件の取扱い制限：他人の物を勝手に売れない（法39条の趣旨）」です。宅建業法分野の関連用語・過去問演習ページで、条文番号と数値をセットで復習してください。,自己所有外物件の制限とは何ですか？,自己所有外物件の制限（じこしょゆうにぞくしないぶっけん）とは、自己所有外物件の制限の概要。自己所有外物件の取扱い制限：他人の物を勝手に売れない（法39条の趣旨）。他人物売買の代理・媒介の例外と免責の型。,自己所有外物件の制限は試験でどう押さえればよいですか？,まず自己所有外物件の取扱い制限：他人の物を勝手に売れない（法39条の趣旨）。他人物売買の代理・媒介の例外と免責の型。。 詳しくは、肢では「自己所有外物件の取扱い制限：他人の物を勝手に売れない（法39条の趣旨）。他人物売買の代理・媒介の例外と免責の型。」のいずれかが正誤の分かれ目になりやすいです。特に書面の交付時期・記載事項・監督処分の段階の混同。35条・37条・8条・14条の表で整理する。
割賦販売,わりふけはんばい,宅建業法,宅建業法,割賦販売法の対象・契約書面・クーリングオフ（同法の日数は条文で要確認）。,割賦販売法の対象・契約書面・クーリングオフ（同法の日数は条文で要確認）。,,,A,"割賦販売法の対象・契約書面・クーリングオフ（同法の日数は条文で要確認）。宅建業法では書面交付の順序、記載事項、業者・宅建士の責任区分が頻出です。35条・37条・8条・14条を表で整理すると得点が安定します。

肢では「割賦販売法の対象・契約書面・クーリングオフ（同法の日数は条文で要確認）／35条・37条・8条・14条の表で整理する」のいずれかが正誤の分かれ目になりやすいです。

特に書面の交付時期・記載事項・監督処分の段階の混同。35条・37条・8条・14条の表で整理する。",割賦販売とは,割賦販売法の対象・契約書面・クーリングオフ（同法の日数は条文で要確認）。,"割賦販売法の対象・契約書面・クーリングオフ（同法の日数は条文で要確認）。

割賦販売法の対象・契約書面・クーリングオフ（同法の日数は条文で要確認）。宅建業法では書面交付の順序、記載事項、業者・宅建士の責任区分が頻出です。35条・37条・8条・14条を表で整理すると得点が安定します。

宅建業法では書面交付の時期、記載事項、監督処分の段階など、手続の順序と義務者（業者・宅建士）の区別が問われやすいです。",割賦販売法の対象・契約書面・クーリングオフ（同法の日数は条文で要確認）;35条・37条・8条・14条の表で整理する,書面の交付時期・記載事項・監督処分の段階の混同。35条・37条・8条・14条の表で整理する。,「割賦販売法の対象・契約書面・クーリングオフ（同法」を起点に、割賦販売の表を作って関連用語と並べる。,（2016年 第29問）宅地建物取引業者Aの業務についての以下の記述のうち、宅地建物取引業法(以下、本問では「法」という。)の規定に違反するものの組合せはどれか。 ア Aは、マンションを分譲するに際して案内所を設置したが、…,正答は選択肢3です。用語「割賦販売」が問われた過去問のため、解説と条文の対応を確認してください。,割賦販売とは何ですか？,割賦販売（わりふけはんばい）とは、割賦販売の概要。割賦販売法の対象・契約書面・クーリングオフ（同法の日数は条文で要確認）。宅建のクーリングオフ8日と比較問題に。,割賦販売は試験でどう押さえればよいですか？,まず割賦販売法の対象・契約書面・クーリングオフ（同法の日数は条文で要確認）。宅建のクーリングオフ8日と比較問題に。。 詳しくは、肢では「割賦販売法の対象・契約書面・クーリングオフ（同法の日数は条文で要確認）。宅建のクーリングオフ8日と比較問題に。」のいずれかが正誤の分かれ目になりやすいです。特に書面の交付時期・記載事項・監督処分の段階の混同。35条・37条・8条・14条の表で整理する。
住宅品質確保法,じゅうたくひんしつかくほほう,宅建業法,宅建業法,住宅品質確保法：住宅性能評価・瑕疵保険・建設住宅の性能表示。,住宅品質確保法：住宅性能評価・瑕疵保険・建設住宅の性能表示。,,,A,"住宅品質確保法：住宅性能評価・瑕疵保険・建設住宅の性能表示。宅建業法では書面交付の順序、記載事項、業者・宅建士の責任区分が頻出です。35条・37条・8条・14条を表で整理すると得点が安定します。

肢では「35条・37条・8条・14条の表で整理する／35条・37条・8条・14条の表で整理する／35条・37条・8条・14条の表で整理する」のいずれかが正誤の分かれ目になりやすいです。

特に書面の交付時期・記載事項・監督処分の段階の混同。35条・37条・8条・14条の表で整理する。",住宅品質確保法とは,住宅品質確保法：住宅性能評価・瑕疵保険・建設住宅の性能表示。,"住宅品質確保法：住宅性能評価・瑕疵保険・建設住宅の性能表示。

住宅品質確保法：住宅性能評価・瑕疵保険・建設住宅の性能表示。宅建業法では書面交付の順序、記載事項、業者・宅建士の責任区分が頻出です。35条・37条・8条・14条を表で整理すると得点が安定します。

宅建業法では書面交付の時期、記載事項、監督処分の段階など、手続の順序と義務者（業者・宅建士）の区別が問われやすいです。",35条・37条・8条・14条の表で整理する;35条・37条・8条・14条の表で整理する;35条・37条・8条・14条の表で整理する,書面の交付時期・記載事項・監督処分の段階の混同。35条・37条・8条・14条の表で整理する。,「住宅品質確保法：住宅性能評価・瑕疵保険・建設住宅」を起点に、住宅品質確保法の表を作って関連用語と並べる。,（2020年 第37問）宅地建物取引業法に規定する重要事項説明書（35条書面）の記載事項に関する次の記述のうち、正しいものはどれか。,正答は選択肢2です。用語「住宅品質確保法」が問われた過去問のため、解説と条文の対応を確認してください。,住宅品質確保法とは何ですか？,住宅品質確保法（じゅうたくひんしつかくほほう）とは、住宅品質確保法の概要。住宅品質確保法：住宅性能評価・瑕疵保険・建設住宅の性能表示。十年責任（特定住宅の瑕疵担保責任の履行の確保等に関する法律）と混同注意。,住宅品質確保法は試験でどう押さえればよいですか？,まず住宅品質確保法：住宅性能評価・瑕疵保険・建設住宅の性能表示。十年責任（特定住宅の瑕疵担保責任の履行の確保等に関する法律）と混同注意。。 詳しくは、肢では「住宅品質確保法：住宅性能評価・瑕疵保険・建設住宅の性能表示。十年責任（特定住宅の瑕疵担保責任の履行の確保等に関する法律）と混同注意。」のいずれかが正誤の分かれ目になりやすいです。特に書面の交付時期・記載事項・監督処分の段階の混同。35条・37条・8条・14条の表で整理する。
8種制限,はっしゅせいげん,宅建業法,宅建業法,自ら売主の宅建業者に課される8つの制限,自ら売主の宅建業者に課される8つの制限。,,,A,宅建業者が行う宅地建物取引業以外の業務の制限（法2条5項等）。建設業・金融業等との兼業制限が問われます。肢では「取引業以外の業務制限／兼業の可否／建設業・金融との関係／免許の範囲」のいずれかが正誤の分かれ目になりやすいです。,8種制限とは,自ら売主の宅建業者に課される8つの制限,自ら売主の宅建業者に課される8つの制限。宅建業者が行う宅地建物取引業以外の業務の制限（法2条5項等）。建設業・金融業等との兼業制限が問われます。宅建業法では書面交付の時期、記載事項、監督処分の段階など、手続の順序と義務者（業者・宅建士）の区別が問われやすいです。,取引業以外の業務制限;兼業の可否;建設業・金融との関係;免許の範囲,,「8種制限：手付等20%上限、損害賠償予定20%上」を起点に、8種制限の表を作って関連用語と並べる。,（2024年 第21問）8種制限に関する次の記述のうち、正しいものはどれか。,正答は選択肢2です。用語「8種制限」が問われた過去問のため、解説と条文の対応を確認してください。,8種制限とは何ですか？,8種制限（はっしゅせいげん）とは、自ら売主の宅建業者に課される8つの制限。8種制限：手付等20%上限、損害賠償予定20%上限、クーリングオフ、他人物売買制限、手付解除特則、担保責任特則、未完成物件、解除・損害賠償特則（法43–47条）。対象は「業者が売主で相手が事業者でない買主」。,8種制限は試験でどう押さえればよいですか？,まず8種制限：手付等20%上限、損害賠償予定20%上限、クーリングオフ、他人物売買制限、手付解除特則、担保責任特則、未完成物件、解除・損害賠償特則（法43–47条）。対象は「業者が売主で相手が事業者でない買主」。。 詳しくは、肢では「8種制限：手付等20%上限、損害賠償予定20%上限、クーリングオフ、他人物売買制限、手付解除特則、担保責任特則、未完成物件、解除・損害賠償特則（法43–47条）。対象は「業者が売主で相手が事業者でない買主」。」のいずれかが正誤の分かれ目になりやすいです。特に書面の交付時期・記載事項・監督処分の段階の混同。35条・37条・8条・14条の表で整理する。
重要事項の範囲,じゅうようじこうのはんい,宅建業法,宅建業法,重要事項の範囲は施行規則で細目（道路位置指定・私道負担・負担金・飲用水等）。,重要事項の範囲は施行規則で細目（道路位置指定・私道負担・負担金・飲用水等）。,,,A,"重要事項の範囲は施行規則で細目（道路位置指定・私道負担・負担金・飲用水等）。宅建業法では書面交付の順序、記載事項、業者・宅建士の責任区分が頻出です。35条・37条・8条・14条を表で整理すると得点が安定します。

肢では「重要事項の範囲は施行規則で細目（道路位置指定・私道負担・負担金・飲用水等）／35条・37条・8条・14条の表で整理する」のいずれかが正誤の分かれ目になりやすいです。

特に書面の交付時期・記載事項・監督処分の段階の混同。35条・37条・8条・14条の表で整理する。",重要事項の範囲とは,重要事項の範囲は施行規則で細目（道路位置指定・私道負担・負担金・飲用水等）。,"重要事項の範囲は施行規則で細目（道路位置指定・私道負担・負担金・飲用水等）。

重要事項の範囲は施行規則で細目（道路位置指定・私道負担・負担金・飲用水等）。宅建業法では書面交付の順序、記載事項、業者・宅建士の責任区分が頻出です。35条・37条・8条・14条を表で整理すると得点が安定します。

宅建業法では書面交付の時期、記載事項、監督処分の段階など、手続の順序と義務者（業者・宅建士）の区別が問われやすいです。",重要事項の範囲は施行規則で細目（道路位置指定・私道負担・負担金・飲用水等）;35条・37条・8条・14条の表で整理する,書面の交付時期・記載事項・監督処分の段階の混同。35条・37条・8条・14条の表で整理する。,「重要事項の範囲は施行規則で細目（道路位置指定・私」を起点に、重要事項の範囲の表を作って関連用語と並べる。,【学習確認】重要事項の範囲について、次のうち試験で押さえるべき説明として適切なものはどれか。,要点は「肢では「重要事項の範囲は施行規則で細目（道路位置指定・私道負担・負担金・飲用水等）」です。宅建業法分野の関連用語・過去問演習ページで、条文番号と数値をセットで復習してください。,重要事項の範囲とは何ですか？,重要事項の範囲（じゅうようじこうのはんい）とは、重要事項の範囲の概要。重要事項の範囲は施行規則で細目（道路位置指定・私道負担・負担金・飲用水等）。IT重説で省略できない事項と、設備表の記載漏れが実務・試験双方で争点。,重要事項の範囲は試験でどう押さえればよいですか？,まず重要事項の範囲は施行規則で細目（道路位置指定・私道負担・負担金・飲用水等）。IT重説で省略できない事項と、設備表の記載漏れが実務・試験双方で争点。。 詳しくは、肢では「重要事項の範囲は施行規則で細目（道路位置指定・私道負担・負担金・飲用水等）。IT重説で省略できない事項と、設備表の記載漏れが実務・試験双方で争点。」のいずれかが正誤の分かれ目になりやすいです。特に書面の交付時期・記載事項・監督処分の段階の混同。35条・37条・8条・14条の表で整理する。
売買現場での説明,ばいばいげんばでのせつめい,宅建業法,宅建業法,現場説明と35条説明の役割分担。,現場説明と35条説明の役割分担。,,,A,"現場説明と35条説明の役割分担。宅建業法では書面交付の順序、記載事項、業者・宅建士の責任区分が頻出です。35条・37条・8条・14条を表で整理すると得点が安定します。

肢では「35条・37条・8条・14条の表で整理する／35条・37条・8条・14条の表で整理する／35条・37条・8条・14条の表で整理する」のいずれかが正誤の分かれ目になりやすいです。

特に書面の交付時期・記載事項・監督処分の段階の混同。35条・37条・8条・14条の表で整理する。",売買現場での説明とは,現場説明と35条説明の役割分担。,"現場説明と35条説明の役割分担。

現場説明と35条説明の役割分担。宅建業法では書面交付の順序、記載事項、業者・宅建士の責任区分が頻出です。35条・37条・8条・14条を表で整理すると得点が安定します。

宅建業法では書面交付の時期、記載事項、監督処分の段階など、手続の順序と義務者（業者・宅建士）の区別が問われやすいです。",35条・37条・8条・14条の表で整理する;35条・37条・8条・14条の表で整理する;35条・37条・8条・14条の表で整理する,書面の交付時期・記載事項・監督処分の段階の混同。35条・37条・8条・14条の表で整理する。,「現場説明と35条説明の役割分担。図面・測量・境界」を起点に、売買現場での説明の表を作って関連用語と並べる。,【学習確認】売買現場での説明について、次のうち試験で押さえるべき説明として適切なものはどれか。,要点は「肢では「現場説明と35条説明の役割分担」です。宅建業法分野の関連用語・過去問演習ページで、条文番号と数値をセットで復習してください。,売買現場での説明とは何ですか？,売買現場での説明（ばいばいげんばでのせつめい）とは、売買現場での説明の概要。現場説明と35条説明の役割分担。図面・測量・境界と重要事項の整合。虚偽説明の賠償（法35条の趣旨）と瑕疵担保の交差。,売買現場での説明は試験でどう押さえればよいですか？,まず現場説明と35条説明の役割分担。図面・測量・境界と重要事項の整合。虚偽説明の賠償（法35条の趣旨）と瑕疵担保の交差。。 詳しくは、肢では「現場説明と35条説明の役割分担。図面・測量・境界と重要事項の整合。虚偽説明の賠償（法35条の趣旨）と瑕疵担保の交差。」のいずれかが正誤の分かれ目になりやすいです。特に書面の交付時期・記載事項・監督処分の段階の混同。35条・37条・8条・14条の表で整理する。
契約書の作成・交付（37条）,けいやくしょのさくせい・こうふ,宅建業法,宅建業法,37条書面・契約書の記載必須事項（施行規則）。,37条書面・契約書の記載必須事項（施行規則）。,,,A,"37条書面・契約書の記載必須事項（施行規則）。宅建業法では書面交付の順序、記載事項、業者・宅建士の責任区分が頻出です。35条・37条・8条・14条を表で整理すると得点が安定します。

肢では「37条書面・契約書の記載必須事項（施行規則）／35条・37条・8条・14条の表で整理する」のいずれかが正誤の分かれ目になりやすいです。

特に書面の交付時期・記載事項・監督処分の段階の混同。35条・37条・8条・14条の表で整理する。",契約書の作成・交付（37条）とは,37条書面・契約書の記載必須事項（施行規則）。,"37条書面・契約書の記載必須事項（施行規則）。

37条書面・契約書の記載必須事項（施行規則）。宅建業法では書面交付の順序、記載事項、業者・宅建士の責任区分が頻出です。35条・37条・8条・14条を表で整理すると得点が安定します。

宅建業法では書面交付の時期、記載事項、監督処分の段階など、手続の順序と義務者（業者・宅建士）の区別が問われやすいです。",37条書面・契約書の記載必須事項（施行規則）;35条・37条・8条・14条の表で整理する,書面の交付時期・記載事項・監督処分の段階の混同。35条・37条・8条・14条の表で整理する。,「37条書面・契約書の記載必須事項（施行規則）。電」を起点に、契約書の作成・交付（37条）の表を作って関連用語と並べる。,（2025年 第46問）印紙税に関する次の記述のうち、正しいものはどれか。,正答は選択肢2です。用語「契約書の作成・交付（37条）」が問われた過去問のため、解説と条文の対応を確認してください。,契約書の作成・交付（37条）とは何ですか？,契約書の作成・交付（37条）（けいやくしょのさくせい・こうふ）とは、契約書の作成・交付（37条）の概要。37条書面・契約書の記載必須事項（施行規則）。電磁的交付の同意・保存・発信時刻。印紙税（1万円超の売買契約は課税）との関係。,契約書の作成・交付（37条）は試験でどう押さえればよいですか？,まず37条書面・契約書の記載必須事項（施行規則）。電磁的交付の同意・保存・発信時刻。印紙税（1万円超の売買契約は課税）との関係。。 詳しくは、肢では「37条書面・契約書の記載必須事項（施行規則）。電磁的交付の同意・保存・発信時刻。印紙税（1万円超の売買契約は課税）との関係。」のいずれかが正誤の分かれ目になりやすいです。特に書面の交付時期・記載事項・監督処分の段階の混同。35条・37条・8条・14条の表で整理する。
報酬の明瞭化,ほうしゅうのめいりょうか,宅建業法,宅建業法,報酬の明瞭化：媒介契約時に上限額等を書面で（法34条の2第4項・35条の2第3項周辺の趣旨）。,報酬の明瞭化：媒介契約時に上限額等を書面で（法34条の2第4項・35条の2第3項周辺の趣旨）。,,,A,"報酬の明瞭化：媒介契約時に上限額等を書面で（法34条の2第4項・35条の2第3項周辺の趣旨）。宅建業法では書面交付の順序、記載事項、業者・宅建士の責任区分が頻出です。35条・37条・8条・14条を表で整理すると得点が安定します。

肢では「報酬の明瞭化：媒介契約時に上限額等を書面で（法34条の2第4項・35条の2第3項周辺の趣旨）／35条・37条・8条・14条の表で整理する」のいずれかが正誤の分かれ目になりやすいです。

特に書面の交付時期・記載事項・監督処分の段階の混同。35条・37条・8条・14条の表で整理する。",報酬の明瞭化とは,報酬の明瞭化：媒介契約時に上限額等を書面で（法34条の2第4項・35条の2第3項周辺の趣旨）。,"報酬の明瞭化：媒介契約時に上限額等を書面で（法34条の2第4項・35条の2第3項周辺の趣旨）。

報酬の明瞭化：媒介契約時に上限額等を書面で（法34条の2第4項・35条の2第3項周辺の趣旨）。宅建業法では書面交付の順序、記載事項、業者・宅建士の責任区分が頻出です。35条・37条・8条・14条を表で整理すると得点が安定します。

宅建業法では書面交付の時期、記載事項、監督処分の段階など、手続の順序と義務者（業者・宅建士）の区別が問われやすいです。",報酬の明瞭化：媒介契約時に上限額等を書面で（法34条の2第4項・35条の2第3項周辺の趣旨）;35条・37条・8条・14条の表で整理する,書面の交付時期・記載事項・監督処分の段階の混同。35条・37条・8条・14条の表で整理する。,「報酬の明瞭化：媒介契約時に上限額等を書面で（法3」を起点に、報酬の明瞭化の表を作って関連用語と並べる。,【学習確認】報酬の明瞭化について、次のうち試験で押さえるべき説明として適切なものはどれか。,要点は「肢では「報酬の明瞭化：媒介契約時に上限額等を書面で（法34条の2第4項・35条の2第3項周辺の趣旨）」です。宅建業法分野の関連用語・過去問演習ページで、条文番号と数値をセットで復習してください。,報酬の明瞭化とは何ですか？,報酬の明瞭化（ほうしゅうのめいりょうか）とは、報酬の明瞭化の概要。報酬の明瞭化：媒介契約時に上限額等を書面で（法34条の2第4項・35条の2第3項周辺の趣旨）。税込表示の可否と消費税の扱い。,報酬の明瞭化は試験でどう押さえればよいですか？,まず報酬の明瞭化：媒介契約時に上限額等を書面で（法34条の2第4項・35条の2第3項周辺の趣旨）。税込表示の可否と消費税の扱い。。 詳しくは、肢では「報酬の明瞭化：媒介契約時に上限額等を書面で（法34条の2第4項・35条の2第3項周辺の趣旨）。税込表示の可否と消費税の扱い。」のいずれかが正誤の分かれ目になりやすいです。特に書面の交付時期・記載事項・監督処分の段階の混同。35条・37条・8条・14条の表で整理する。
宅建業者の賠償責任,たっけんぎょうしゃのばいしょうせきにん,宅建業法,宅建業法,宅建業者の損害賠償責任：重要事項の誤説明・不告知（法35条）、契約不適合・媒介の注意義務違反。,宅建業者の損害賠償責任：重要事項の誤説明・不告知（法35条）、契約不適合・媒介の注意義務違反。,,,A,"宅建業者の損害賠償責任：重要事項の誤説明・不告知（法35条）、契約不適合・媒介の注意義務違反。宅建業法では書面交付の順序、記載事項、業者・宅建士の責任区分が頻出です。35条・37条・8条・14条を表で整理すると得点が安定します。

肢では「宅建業者の損害賠償責任：重要事項の誤説明・不告知（法35条）、契約不適合・媒介の注意義務違反／35条・37条・8条・14条の表で整理する」のいずれかが正誤の分かれ目になりやすいです。

特に書面の交付時期・記載事項・監督処分の段階の混同。35条・37条・8条・14条の表で整理する。",宅建業者の賠償責任とは,宅建業者の損害賠償責任：重要事項の誤説明・不告知（法35条）、契約不適合・媒介の注意義務違反。,"宅建業者の損害賠償責任：重要事項の誤説明・不告知（法35条）、契約不適合・媒介の注意義務違反。

宅建業者の損害賠償責任：重要事項の誤説明・不告知（法35条）、契約不適合・媒介の注意義務違反。宅建業法では書面交付の順序、記載事項、業者・宅建士の責任区分が頻出です。35条・37条・8条・14条を表で整理すると得点が安定します。

宅建業法では書面交付の時期、記載事項、監督処分の段階など、手続の順序と義務者（業者・宅建士）の区別が問われやすいです。",宅建業者の損害賠償責任：重要事項の誤説明・不告知（法35条）、契約不適合・媒介の注意義務違反;35条・37条・8条・14条の表で整理する,書面の交付時期・記載事項・監督処分の段階の混同。35条・37条・8条・14条の表で整理する。,「宅建業者の損害賠償責任：重要事項の誤説明・不告知」を起点に、宅建業者の賠償責任の表を作って関連用語と並べる。,【学習確認】宅建業者の賠償責任について、次のうち試験で押さえるべき説明として適切なものはどれか。,要点は「肢では「宅建業者の損害賠償責任：重要事項の誤説明・不告知（法35条）、契約不適合・媒介の注意義務違反」です。宅建業法分野の関連用語・過去問演習ページで、条文番号と数値をセットで復習してください。,宅建業者の賠償責任とは何ですか？,宅建業者の賠償責任（たっけんぎょうしゃのばいしょうせきにん）とは、宅建業者の賠償責任の概要。宅建業者の損害賠償責任：重要事項の誤説明・不告知（法35条）、契約不適合・媒介の注意義務違反。損害額算定と因果関係が事例題の芯。,宅建業者の賠償責任は試験でどう押さえればよいですか？,まず宅建業者の損害賠償責任：重要事項の誤説明・不告知（法35条）、契約不適合・媒介の注意義務違反。損害額算定と因果関係が事例題の芯。。 詳しくは、肢では「宅建業者の損害賠償責任：重要事項の誤説明・不告知（法35条）、契約不適合・媒介の注意義務違反。損害額算定と因果関係が事例題の芯。」のいずれかが正誤の分かれ目になりやすいです。特に書面の交付時期・記載事項・監督処分の段階の混同。35条・37条・8条・14条の表で整理する。
貸室・貸パークの賃貸借,かしつ・かしパークのちんたいしゃく,宅建業法,宅建業法,貸室・貸パークの賃貸借は原則借地借家法の適用除外（法29条の2の趣旨を条文で）。,貸室・貸パークの賃貸借は原則借地借家法の適用除外（法29条の2の趣旨を条文で）。,,,A,"貸室・貸パークの賃貸借は原則借地借家法の適用除外（法29条の2の趣旨を条文で）。宅建業法では書面交付の順序、記載事項、業者・宅建士の責任区分が頻出です。35条・37条・8条・14条を表で整理すると得点が安定します。

肢では「貸室・貸パークの賃貸借は原則借地借家法の適用除外（法29条の2の趣旨を条文で）／35条・37条・8条・14条の表で整理する」のいずれかが正誤の分かれ目になりやすいです。

特に書面の交付時期・記載事項・監督処分の段階の混同。35条・37条・8条・14条の表で整理する。",貸室・貸パークの賃貸借とは,貸室・貸パークの賃貸借は原則借地借家法の適用除外（法29条の2の趣旨を条文で）。,"貸室・貸パークの賃貸借は原則借地借家法の適用除外（法29条の2の趣旨を条文で）。

貸室・貸パークの賃貸借は原則借地借家法の適用除外（法29条の2の趣旨を条文で）。宅建業法では書面交付の順序、記載事項、業者・宅建士の責任区分が頻出です。35条・37条・8条・14条を表で整理すると得点が安定します。

宅建業法では書面交付の時期、記載事項、監督処分の段階など、手続の順序と義務者（業者・宅建士）の区別が問われやすいです。",貸室・貸パークの賃貸借は原則借地借家法の適用除外（法29条の2の趣旨を条文で）;35条・37条・8条・14条の表で整理する,書面の交付時期・記載事項・監督処分の段階の混同。35条・37条・8条・14条の表で整理する。,「貸室・貸パークの賃貸借は原則借地借家法の適用除外」を起点に、貸室・貸パークの賃貸借の表を作って関連用語と並べる。,【学習確認】貸室・貸パークの賃貸借について、次のうち試験で押さえるべき説明として適切なものはどれか。,要点は「肢では「貸室・貸パークの賃貸借は原則借地借家法の適用除外（法29条の2の趣旨を条文で）」です。宅建業法分野の関連用語・過去問演習ページで、条文番号と数値をセットで復習してください。,貸室・貸パークの賃貸借とは何ですか？,貸室・貸パークの賃貸借（かしつ・かしパークのちんたいしゃく）とは、貸室・貸パークの賃貸借の概要。貸室・貸パークの賃貸借は原則借地借家法の適用除外（法29条の2の趣旨を条文で）。対象面積・用途の型を暗記。,貸室・貸パークの賃貸借は試験でどう押さえればよいですか？,まず貸室・貸パークの賃貸借は原則借地借家法の適用除外（法29条の2の趣旨を条文で）。対象面積・用途の型を暗記。。 詳しくは、肢では「貸室・貸パークの賃貸借は原則借地借家法の適用除外（法29条の2の趣旨を条文で）。対象面積・用途の型を暗記。」のいずれかが正誤の分かれ目になりやすいです。特に書面の交付時期・記載事項・監督処分の段階の混同。35条・37条・8条・14条の表で整理する。
他人物売買,たにんぶつばいばい,宅建業法,宅建業法,他人物売買の代理・媒介の禁止の例外（法39条2項各号）。,他人物売買の代理・媒介の禁止の例外（法39条2項各号）。,,,A,"他人物売買の代理・媒介の禁止の例外（法39条2項各号）。宅建業法では書面交付の順序、記載事項、業者・宅建士の責任区分が頻出です。35条・37条・8条・14条を表で整理すると得点が安定します。

肢では「他人物売買の代理・媒介の禁止の例外（法39条2項各号）／35条・37条・8条・14条の表で整理する」のいずれかが正誤の分かれ目になりやすいです。

特に書面の交付時期・記載事項・監督処分の段階の混同。35条・37条・8条・14条の表で整理する。",他人物売買とは,他人物売買の代理・媒介の禁止の例外（法39条2項各号）。,"他人物売買の代理・媒介の禁止の例外（法39条2項各号）。

他人物売買の代理・媒介の禁止の例外（法39条2項各号）。宅建業法では書面交付の順序、記載事項、業者・宅建士の責任区分が頻出です。35条・37条・8条・14条を表で整理すると得点が安定します。

宅建業法では書面交付の時期、記載事項、監督処分の段階など、手続の順序と義務者（業者・宅建士）の区別が問われやすいです。",他人物売買の代理・媒介の禁止の例外（法39条2項各号）;35条・37条・8条・14条の表で整理する,書面の交付時期・記載事項・監督処分の段階の混同。35条・37条・8条・14条の表で整理する。,「他人物売買の代理・媒介の禁止の例外（法39条2項」を起点に、他人物売買の表を作って関連用語と並べる。,（2021年 第33問）宅地建物取引業者が自ら売主の場合の自己の所有に属しない物件の売買に関する次の記述のうち、正しいものはどれか。,正答は選択肢3です。用語「他人物売買」が問われた過去問のため、解説と条文の対応を確認してください。,他人物売買とは何ですか？,他人物売買（たにんぶつばいばい）とは、他人物売買の概要。他人物売買の代理・媒介の禁止の例外（法39条2項各号）。無権代理の追認・表見と民法の接続。,他人物売買は試験でどう押さえればよいですか？,まず他人物売買の代理・媒介の禁止の例外（法39条2項各号）。無権代理の追認・表見と民法の接続。。 詳しくは、肢では「他人物売買の代理・媒介の禁止の例外（法39条2項各号）。無権代理の追認・表見と民法の接続。」のいずれかが正誤の分かれ目になりやすいです。特に書面の交付時期・記載事項・監督処分の段階の混同。35条・37条・8条・14条の表で整理する。
未完成物件の取引,みかんせいぶっけんのとりひき,宅建業法,宅建業法,未完成住宅の手付等：5%超の手付は保全措置（法41条）。,未完成住宅の手付等：5%超の手付は保全措置（法41条）。,,,A,建築工事完了前の宅地・建物の取引には特別な規制があります。建築確認・完了検査・広告規制と結びついて出題されます。肢では「完成前の取引は制限／建築確認・完了検査との関係／広告・媒介の制限／引渡し時期の説明」のいずれかが正誤の分かれ目になりやすいです。,未完成物件の取引とは,未完成住宅の手付等：5%超の手付は保全措置（法41条）。,未完成住宅の手付等：5%超の手付は保全措置（法41条）。建築工事完了前の宅地・建物の取引には特別な規制があります。建築確認・完了検査・広告規制と結びついて出題されます。宅建業法では書面交付の時期、記載事項、監督処分の段階など、手続の順序と義務者（業者・宅建士）の区別が問われやすいです。,完成前の取引は制限;建築確認・完了検査との関係;広告・媒介の制限;引渡し時期の説明,,「未完成住宅の手付等：5%超の手付は保全措置（法4」を起点に、未完成物件の取引の表を作って関連用語と並べる。,【学習確認】未完成物件の取引について、次のうち試験で押さえるべき説明として適切なものはどれか。,要点は「肢では「未完成住宅の手付等：5%超の手付は保全措置（法41条）」です。宅建業法分野の関連用語・過去問演習ページで、条文番号と数値をセットで復習してください。,未完成物件の取引とは何ですか？,未完成物件の取引（みかんせいぶっけんのとりひき）とは、未完成物件の取引の概要。未完成住宅の手付等：5%超の手付は保全措置（法41条）。引渡し時期・完成保証と8種制限の横断。,未完成物件の取引は試験でどう押さえればよいですか？,まず未完成住宅の手付等：5%超の手付は保全措置（法41条）。引渡し時期・完成保証と8種制限の横断。。 詳しくは、肢では「未完成住宅の手付等：5%超の手付は保全措置（法41条）。引渡し時期・完成保証と8種制限の横断。」のいずれかが正誤の分かれ目になりやすいです。特に書面の交付時期・記載事項・監督処分の段階の混同。35条・37条・8条・14条の表で整理する。
定期報告（媒介）,ていきほうこく,宅建業法,宅建業法,定期報告：専任2週に1回以上、専属専任1週に1回以上（法35条の2）。,定期報告：専任2週に1回以上、専属専任1週に1回以上（法35条の2）。,,,A,"定期報告：専任2週に1回以上、専属専任1週に1回以上（法35条の2）。宅建業法では書面交付の順序、記載事項、業者・宅建士の責任区分が頻出です。35条・37条・8条・14条を表で整理すると得点が安定します。

肢では「定期報告：専任2週に1回以上、専属専任1週に1回以上（法35条の2）／35条・37条・8条・14条の表で整理する」のいずれかが正誤の分かれ目になりやすいです。

特に書面の交付時期・記載事項・監督処分の段階の混同。35条・37条・8条・14条の表で整理する。",定期報告（媒介）とは,定期報告：専任2週に1回以上、専属専任1週に1回以上（法35条の2）。,"定期報告：専任2週に1回以上、専属専任1週に1回以上（法35条の2）。

定期報告：専任2週に1回以上、専属専任1週に1回以上（法35条の2）。宅建業法では書面交付の順序、記載事項、業者・宅建士の責任区分が頻出です。35条・37条・8条・14条を表で整理すると得点が安定します。

宅建業法では書面交付の時期、記載事項、監督処分の段階など、手続の順序と義務者（業者・宅建士）の区別が問われやすいです。",定期報告：専任2週に1回以上、専属専任1週に1回以上（法35条の2）;35条・37条・8条・14条の表で整理する,書面の交付時期・記載事項・監督処分の段階の混同。35条・37条・8条・14条の表で整理する。,「定期報告：専任2週に1回以上、専属専任1週に1回」を起点に、定期報告（媒介）の表を作って関連用語と並べる。,【学習確認】定期報告（媒介）について、次のうち試験で押さえるべき説明として適切なものはどれか。,要点は「肢では「定期報告：専任2週に1回以上、専属専任1週に1回以上（法35条の2）」です。宅建業法分野の関連用語・過去問演習ページで、条文番号と数値をセットで復習してください。,定期報告（媒介）とは何ですか？,定期報告（媒介）（ていきほうこく）とは、定期報告（媒介）の概要。定期報告：専任2週に1回以上、専属専任1週に1回以上（法35条の2）。内容・方法は宅建業法施行規則で細目。未報告の行政指導・処分も。,定期報告（媒介）は試験でどう押さえればよいですか？,まず定期報告：専任2週に1回以上、専属専任1週に1回以上（法35条の2）。内容・方法は宅建業法施行規則で細目。未報告の行政指導・処分も。。 詳しくは、肢では「定期報告：専任2週に1回以上、専属専任1週に1回以上（法35条の2）。内容・方法は宅建業法施行規則で細目。未報告の行政指導・処分も。」のいずれかが正誤の分かれ目になりやすいです。特に書面の交付時期・記載事項・監督処分の段階の混同。35条・37条・8条・14条の表で整理する。
レインズ登録の期限,れいんずとうろくのきげん,宅建業法,宅建業法,専任7日・専属専任5日（法34条の2系）。,専任7日・専属専任5日（法34条の2系）。,,,A,専任・専属専任媒介契約締結後、指定流通機構への登録期限は14日以内。登録事項・自己発見取引の扱いとセットで暗記します。肢では「専任・専属専任は14日以内に登録／登録事項の網羅／自己発見取引の可否／一般媒介との違い」のいずれかが正誤の分かれ目になりやすいです。,レインズ登録の期限とは,専任7日・専属専任5日（法34条の2系）。,専任7日・専属専任5日（法34条の2系）。専任・専属専任媒介契約締結後、指定流通機構への登録期限は14日以内。登録事項・自己発見取引の扱いとセットで暗記します。宅建業法では書面交付の時期、記載事項、監督処分の段階など、手続の順序と義務者（業者・宅建士）の区別が問われやすいです。,専任・専属専任は14日以内に登録;登録事項の網羅;自己発見取引の可否;一般媒介との違い,,「専任7日・専属専任5日（法34条の2系）。起算点」を起点に、レインズ登録の期限の表を作って関連用語と並べる。,【学習確認】レインズ登録の期限について、次のうち試験で押さえるべき説明として適切なものはどれか。,要点は「肢では「専任7日・専属専任5日（法34条の2系）」です。宅建業法分野の関連用語・過去問演習ページで、条文番号と数値をセットで復習してください。,レインズ登録の期限とは何ですか？,レインズ登録の期限（れいんずとうろくのきげん）とは、レインズ登録の期限の概要。専任7日・専属専任5日（法34条の2系）。起算点は「媒介契約の申込みを受けた日」等の条文用語で暗記。遅延の課徴金・監督処分のリスクも概説で。,レインズ登録の期限は試験でどう押さえればよいですか？,まず専任7日・専属専任5日（法34条の2系）。起算点は「媒介契約の申込みを受けた日」等の条文用語で暗記。遅延の課徴金・監督処分のリスクも概説で。。 詳しくは、肢では「専任7日・専属専任5日（法34条の2系）。起算点は「媒介契約の申込みを受けた日」等の条文用語で暗記。遅延の課徴金・監督処分のリスクも概説で。」のいずれかが正誤の分かれ目になりやすいです。特に書面の交付時期・記載事項・監督処分の段階の混同。35条・37条・8条・14条の表で整理する。
媒介契約の終了事由,ばいかいけいやくのしゅうりょうじゆう,宅建業法,宅建業法,媒介の終了：成立・打切り・期間満了。,媒介の終了：成立・打切り・期間満了。,,,A,期間満了・依頼者・媒介業者からの解除などで媒介契約が終了する事由。終了後の報酬請求・レインズ登録抹消・依頼者保護の観点が出題されます。肢では「期間満了・解除・依頼者の死亡等／終了後の報酬の扱い／8条書面の交付とセット／専任・専属専任の制限」のいずれかが正誤の分かれ目になりやすいです。,媒介契約の終了事由とは,媒介の終了：成立・打切り・期間満了。,媒介の終了：成立・打切り・期間満了。期間満了・依頼者・媒介業者からの解除などで媒介契約が終了する事由。終了後の報酬請求・レインズ登録抹消・依頼者保護の観点が出題されます。宅建業法では書面交付の時期、記載事項、監督処分の段階など、手続の順序と義務者（業者・宅建士）の区別が問われやすいです。,期間満了・解除・依頼者の死亡等;終了後の報酬の扱い;8条書面の交付とセット;専任・専属専任の制限,,「媒介の終了：成立・打切り・期間満了。専属専任で売」を起点に、媒介契約の終了事由の表を作って関連用語と並べる。,【学習確認】媒介契約の終了事由について、次のうち試験で押さえるべき説明として適切なものはどれか。,要点は「肢では「媒介の終了：成立・打切り・期間満了」です。宅建業法分野の関連用語・過去問演習ページで、条文番号と数値をセットで復習してください。,媒介契約の終了事由とは何ですか？,媒介契約の終了事由（ばいかいけいやくのしゅうりょうじゆう）とは、媒介契約の終了事由の概要。媒介の終了：成立・打切り・期間満了。専属専任で売主が直接契約した場合の報酬請求（法34条の2の2第3項）と「5日」登録の関係を整理。,媒介契約の終了事由は試験でどう押さえればよいですか？,まず媒介の終了：成立・打切り・期間満了。専属専任で売主が直接契約した場合の報酬請求（法34条の2の2第3項）と「5日」登録の関係を整理。。 詳しくは、肢では「媒介の終了：成立・打切り・期間満了。専属専任で売主が直接契約した場合の報酬請求（法34条の2の2第3項）と「5日」登録の関係を整理。」のいずれかが正誤の分かれ目になりやすいです。特に書面の交付時期・記載事項・監督処分の段階の混同。35条・37条・8条・14条の表で整理する。
特定電磁的手段による提供,とくていでんじてきしゅだんによるていきょう,宅建業法,宅建業法,電磁的方法による提供：特定電磁記録の承諾、表示の明確化、電子契約の成立時期。,電磁的方法による提供：特定電磁記録の承諾、表示の明確化、電子契約の成立時期。,,,A,"電磁的方法による提供：特定電磁記録の承諾、表示の明確化、電子契約の成立時期。宅建業法では書面交付の順序、記載事項、業者・宅建士の責任区分が頻出です。35条・37条・8条・14条を表で整理すると得点が安定します。

肢では「35条・37条・8条・14条の表で整理する／35条・37条・8条・14条の表で整理する／35条・37条・8条・14条の表で整理する」のいずれかが正誤の分かれ目になりやすいです。

特に書面の交付時期・記載事項・監督処分の段階の混同。35条・37条・8条・14条の表で整理する。",特定電磁的手段による提供とは,電磁的方法による提供：特定電磁記録の承諾、表示の明確化、電子契約の成立時期。,"電磁的方法による提供：特定電磁記録の承諾、表示の明確化、電子契約の成立時期。

電磁的方法による提供：特定電磁記録の承諾、表示の明確化、電子契約の成立時期。宅建業法では書面交付の順序、記載事項、業者・宅建士の責任区分が頻出です。35条・37条・8条・14条を表で整理すると得点が安定します。

宅建業法では書面交付の時期、記載事項、監督処分の段階など、手続の順序と義務者（業者・宅建士）の区別が問われやすいです。",35条・37条・8条・14条の表で整理する;35条・37条・8条・14条の表で整理する;35条・37条・8条・14条の表で整理する,書面の交付時期・記載事項・監督処分の段階の混同。35条・37条・8条・14条の表で整理する。,「電磁的方法による提供：特定電磁記録の承諾、表示の」を起点に、特定電磁的手段による提供の表を作って関連用語と並べる。,【学習確認】特定電磁的手段による提供について、次のうち試験で押さえるべき説明として適切なものはどれか。,要点は「肢では「電磁的方法による提供：特定電磁記録の承諾、表示の明確化、電子契約の成立時期」です。宅建業法分野の関連用語・過去問演習ページで、条文番号と数値をセットで復習してください。,特定電磁的手段による提供とは何ですか？,特定電磁的手段による提供（とくていでんじてきしゅだんによるていきょう）とは、特定電磁的手段による提供の概要。電磁的方法による提供：特定電磁記録の承諾、表示の明確化、電子契約の成立時期。35条・37条の電子交付特例と重なる部分を一本化して暗記。,特定電磁的手段による提供は試験でどう押さえればよいですか？,まず電磁的方法による提供：特定電磁記録の承諾、表示の明確化、電子契約の成立時期。35条・37条の電子交付特例と重なる部分を一本化して暗記。。 詳しくは、肢では「電磁的方法による提供：特定電磁記録の承諾、表示の明確化、電子契約の成立時期。35条・37条の電子交付特例と重なる部分を一本化して暗記。」のいずれかが正誤の分かれ目になりやすいです。特に書面の交付時期・記載事項・監督処分の段階の混同。35条・37条・8条・14条の表で整理する。
悪徳業者への規制,あくとくぎょうしゃへのきせい,宅建業法,宅建業法,悪質な勧誘・示談金の不当提供等への規制（割賦法・景表法・宅建業法の行政措置）。,悪質な勧誘・示談金の不当提供等への規制（割賦法・景表法・宅建業法の行政措置）。,,,A,"悪質な勧誘・示談金の不当提供等への規制（割賦法・景表法・宅建業法の行政措置）。宅建業法では書面交付の順序、記載事項、業者・宅建士の責任区分が頻出です。35条・37条・8条・14条を表で整理すると得点が安定します。

肢では「35条・37条・8条・14条の表で整理する／35条・37条・8条・14条の表で整理する／35条・37条・8条・14条の表で整理する」のいずれかが正誤の分かれ目になりやすいです。

特に書面の交付時期・記載事項・監督処分の段階の混同。35条・37条・8条・14条の表で整理する。",悪徳業者への規制とは,悪質な勧誘・示談金の不当提供等への規制（割賦法・景表法・宅建業法の行政措置）。,"悪質な勧誘・示談金の不当提供等への規制（割賦法・景表法・宅建業法の行政措置）。

悪質な勧誘・示談金の不当提供等への規制（割賦法・景表法・宅建業法の行政措置）。宅建業法では書面交付の順序、記載事項、業者・宅建士の責任区分が頻出です。35条・37条・8条・14条を表で整理すると得点が安定します。

宅建業法では書面交付の時期、記載事項、監督処分の段階など、手続の順序と義務者（業者・宅建士）の区別が問われやすいです。",35条・37条・8条・14条の表で整理する;35条・37条・8条・14条の表で整理する;35条・37条・8条・14条の表で整理する,書面の交付時期・記載事項・監督処分の段階の混同。35条・37条・8条・14条の表で整理する。,「悪質な勧誘・示談金の不当提供等への規制（割賦法・」を起点に、悪徳業者への規制の表を作って関連用語と並べる。,【学習確認】悪徳業者への規制について、次のうち試験で押さえるべき説明として適切なものはどれか。,要点は「肢では「悪質な勧誘・示談金の不当提供等への規制（割賦法・景表法・宅建業法の行政措置）」です。宅建業法分野の関連用語・過去問演習ページで、条文番号と数値をセットで復習してください。,悪徳業者への規制とは何ですか？,悪徳業者への規制（あくとくぎょうしゃへのきせい）とは、悪徳業者への規制の概要。悪質な勧誘・示談金の不当提供等への規制（割賦法・景表法・宅建業法の行政措置）。罰則・課徴金の条文番号は教材で。,悪徳業者への規制は試験でどう押さえればよいですか？,まず悪質な勧誘・示談金の不当提供等への規制（割賦法・景表法・宅建業法の行政措置）。罰則・課徴金の条文番号は教材で。。 詳しくは、肢では「悪質な勧誘・示談金の不当提供等への規制（割賦法・景表法・宅建業法の行政措置）。罰則・課徴金の条文番号は教材で。」のいずれかが正誤の分かれ目になりやすいです。特に書面の交付時期・記載事項・監督処分の段階の混同。35条・37条・8条・14条の表で整理する。
個人情報の取扱い,こじんじょうほうのあつかい,宅建業法,宅建業法,個人情報保護法：取得目的通知、第三者提供、漏えい報告。,個人情報保護法：取得目的通知、第三者提供、漏えい報告。,,,A,"個人情報保護法：取得目的通知、第三者提供、漏えい報告。宅建業法では書面交付の順序、記載事項、業者・宅建士の責任区分が頻出です。35条・37条・8条・14条を表で整理すると得点が安定します。

肢では「35条・37条・8条・14条の表で整理する／35条・37条・8条・14条の表で整理する／35条・37条・8条・14条の表で整理する」のいずれかが正誤の分かれ目になりやすいです。

特に書面の交付時期・記載事項・監督処分の段階の混同。35条・37条・8条・14条の表で整理する。",個人情報の取扱いとは,個人情報保護法：取得目的通知、第三者提供、漏えい報告。,"個人情報保護法：取得目的通知、第三者提供、漏えい報告。

個人情報保護法：取得目的通知、第三者提供、漏えい報告。宅建業法では書面交付の順序、記載事項、業者・宅建士の責任区分が頻出です。35条・37条・8条・14条を表で整理すると得点が安定します。

宅建業法では書面交付の時期、記載事項、監督処分の段階など、手続の順序と義務者（業者・宅建士）の区別が問われやすいです。",35条・37条・8条・14条の表で整理する;35条・37条・8条・14条の表で整理する;35条・37条・8条・14条の表で整理する,書面の交付時期・記載事項・監督処分の段階の混同。35条・37条・8条・14条の表で整理する。,「個人情報保護法：取得目的通知、第三者提供、漏えい」を起点に、個人情報の取扱いの表を作って関連用語と並べる。,【学習確認】個人情報の取扱いについて、次のうち試験で押さえるべき説明として適切なものはどれか。,要点は「肢では「個人情報保護法：取得目的通知、第三者提供、漏えい報告」です。宅建業法分野の関連用語・過去問演習ページで、条文番号と数値をセットで復習してください。,個人情報の取扱いとは何ですか？,個人情報の取扱い（こじんじょうほうのあつかい）とは、個人情報の取扱いの概要。個人情報保護法：取得目的通知、第三者提供、漏えい報告。取引先・顧客の個人情報の具体例（住民票・収入証明）で肢化。,個人情報の取扱いは試験でどう押さえればよいですか？,まず個人情報保護法：取得目的通知、第三者提供、漏えい報告。取引先・顧客の個人情報の具体例（住民票・収入証明）で肢化。。 詳しくは、肢では「個人情報保護法：取得目的通知、第三者提供、漏えい報告。取引先・顧客の個人情報の具体例（住民票・収入証明）で肢化。」のいずれかが正誤の分かれ目になりやすいです。特に書面の交付時期・記載事項・監督処分の段階の混同。35条・37条・8条・14条の表で整理する。
空き家・低廉物件の特例,あきや・ていれんぶっけんのとくれい,宅建業法,宅建業法,空き家・低廉物件の仲介手数料特例（令和6年7月1日～）：800万円以下の宅地・建物で税込33万円上限等（国土交通省告示・教材要確認）。,空き家・低廉物件の仲介手数料特例（令和6年7月1日～）：800万円以下の宅地・建物で税込33万円上限等（国土交通省告示・教材要確認）。,,,A,"空き家・低廉物件の仲介手数料特例（令和6年7月1日～）：800万円以下の宅地・建物で税込33万円上限等（国土交通省告示・教材要確認）。宅建業法では書面交付の順序、記載事項、業者・宅建士の責任区分が頻出です。35条・37条・8条・14条を表で整理すると得点が安定します。

肢では「空き家・低廉物件の仲介手数料特例（令和6年7月1日～）：800万円以下の宅地・建物で税込33万円上限等（国土交通省告示・教材要確認）／35条・37条・8条・14条の表で整理する」のいずれかが正誤の分かれ目になりやすいです。

特に書面の交付時期・記載事項・監督処分の段階の混同。35条・37条・8条・14条の表で整理する。",空き家・低廉物件の特例とは,空き家・低廉物件の仲介手数料特例（令和6年7月1日～）：800万円以下の宅地・建物で税込33万円上限等（国土交通省告示・教材要確認）。,"空き家・低廉物件の仲介手数料特例（令和6年7月1日～）：800万円以下の宅地・建物で税込33万円上限等（国土交通省告示・教材要確認）。

空き家・低廉物件の仲介手数料特例（令和6年7月1日～）：800万円以下の宅地・建物で税込33万円上限等（国土交通省告示・教材要確認）。宅建業法では書面交付の順序、記載事項、業者・宅建士の責任区分が頻出です。35条・37条・8条・14条を表で整理すると得点が安定します。

宅建業法では書面交付の時期、記載事項、監督処分の段階など、手続の順序と義務者（業者・宅建士）の区別が問われやすいです。",空き家・低廉物件の仲介手数料特例（令和6年7月1日～）：800万円以下の宅地・建物で税込33万円上限等（国土交通省告示・教材要確認）;35条・37条・8条・14条の表で整理する,書面の交付時期・記載事項・監督処分の段階の混同。35条・37条・8条・14条の表で整理する。,「空き家・低廉物件の仲介手数料特例（令和6年7月1」を起点に、空き家・低廉物件の特例の表を作って関連用語と並べる。,（2025年 第23問）媒介報酬に関する次の記述のうち、正しいものはどれか（消費税考慮不要）。,正答は選択肢3です。用語「空き家・低廉物件の特例」が問われた過去問のため、解説と条文の対応を確認してください。,空き家・低廉物件の特例とは何ですか？,空き家・低廉物件の特例（あきや・ていれんぶっけんのとくれい）とは、空き家・低廉物件の特例の概要。空き家・低廉物件の仲介手数料特例（令和6年7月1日～）：800万円以下の宅地・建物で税込33万円上限等（国土交通省告示・教材要確認）。説明・合意の要否と一般上限式の比較。,空き家・低廉物件の特例は試験でどう押さえればよいですか？,まず空き家・低廉物件の仲介手数料特例（令和6年7月1日～）：800万円以下の宅地・建物で税込33万円上限等（国土交通省告示・教材要確認）。説明・合意の要否と一般上限式の比較。。 詳しくは、肢では「空き家・低廉物件の仲介手数料特例（令和6年7月1日～）：800万円以下の宅地・建物で税込33万円上限等（国土交通省告示・教材要確認）。説明・合意の要否と一般上限式の比較。」のいずれかが正誤の分かれ目になりやすいです。特に書面の交付時期・記載事項・監督処分の段階の混同。35条・37条・8条・14条の表で整理する。
賃貸住宅管理業の登録,ちんたいじゅうたくかんりぎょうのとうろく,宅建業法,宅建業法,賃貸住宅管理業の登録制度：登録要件・業務範囲・主任者。,賃貸住宅管理業の登録制度：登録要件・業務範囲・主任者。,,,A,"賃貸住宅管理業の登録制度：登録要件・業務範囲・主任者。宅建業法では書面交付の順序、記載事項、業者・宅建士の責任区分が頻出です。35条・37条・8条・14条を表で整理すると得点が安定します。

肢では「35条・37条・8条・14条の表で整理する／35条・37条・8条・14条の表で整理する／35条・37条・8条・14条の表で整理する」のいずれかが正誤の分かれ目になりやすいです。

特に書面の交付時期・記載事項・監督処分の段階の混同。35条・37条・8条・14条の表で整理する。",賃貸住宅管理業の登録とは,賃貸住宅管理業の登録制度：登録要件・業務範囲・主任者。,"賃貸住宅管理業の登録制度：登録要件・業務範囲・主任者。

賃貸住宅管理業の登録制度：登録要件・業務範囲・主任者。宅建業法では書面交付の順序、記載事項、業者・宅建士の責任区分が頻出です。35条・37条・8条・14条を表で整理すると得点が安定します。

宅建業法では書面交付の時期、記載事項、監督処分の段階など、手続の順序と義務者（業者・宅建士）の区別が問われやすいです。",35条・37条・8条・14条の表で整理する;35条・37条・8条・14条の表で整理する;35条・37条・8条・14条の表で整理する,書面の交付時期・記載事項・監督処分の段階の混同。35条・37条・8条・14条の表で整理する。,「賃貸住宅管理業の登録制度：登録要件・業務範囲・主」を起点に、賃貸住宅管理業の登録の表を作って関連用語と並べる。,【学習確認】賃貸住宅管理業の登録について、次のうち試験で押さえるべき説明として適切なものはどれか。,要点は「肢では「賃貸住宅管理業の登録制度：登録要件・業務範囲・主任者」です。宅建業法分野の関連用語・過去問演習ページで、条文番号と数値をセットで復習してください。,賃貸住宅管理業の登録とは何ですか？,賃貸住宅管理業の登録（ちんたいじゅうたくかんりぎょうのとうろく）とは、賃貸住宅管理業の登録の概要。賃貸住宅管理業の登録制度：登録要件・業務範囲・主任者。登録5年更新（法律上の期間は施行令で要確認）が数字問題に。,賃貸住宅管理業の登録は試験でどう押さえればよいですか？,まず賃貸住宅管理業の登録制度：登録要件・業務範囲・主任者。登録5年更新（法律上の期間は施行令で要確認）が数字問題に。。 詳しくは、肢では「賃貸住宅管理業の登録制度：登録要件・業務範囲・主任者。登録5年更新（法律上の期間は施行令で要確認）が数字問題に。」のいずれかが正誤の分かれ目になりやすいです。特に書面の交付時期・記載事項・監督処分の段階の混同。35条・37条・8条・14条の表で整理する。
管理委託契約,かんりいたくけいやく,宅建業法,宅建業法,管理委託：借主対応・修繕・収納代行の範囲。,管理委託：借主対応・修繕・収納代行の範囲。,,,A,"管理委託：借主対応・修繕・収納代行の範囲。宅建業法では書面交付の順序、記載事項、業者・宅建士の責任区分が頻出です。35条・37条・8条・14条を表で整理すると得点が安定します。

肢では「管理委託：借主対応・修繕・収納代行の範囲／35条・37条・8条・14条の表で整理する」のいずれかが正誤の分かれ目になりやすいです。

特に書面の交付時期・記載事項・監督処分の段階の混同。35条・37条・8条・14条の表で整理する。",管理委託契約とは,管理委託：借主対応・修繕・収納代行の範囲。,"管理委託：借主対応・修繕・収納代行の範囲。

管理委託：借主対応・修繕・収納代行の範囲。宅建業法では書面交付の順序、記載事項、業者・宅建士の責任区分が頻出です。35条・37条・8条・14条を表で整理すると得点が安定します。

宅建業法では書面交付の時期、記載事項、監督処分の段階など、手続の順序と義務者（業者・宅建士）の区別が問われやすいです。",管理委託：借主対応・修繕・収納代行の範囲;35条・37条・8条・14条の表で整理する,書面の交付時期・記載事項・監督処分の段階の混同。35条・37条・8条・14条の表で整理する。,「管理委託：借主対応・修繕・収納代行の範囲。原状回」を起点に、管理委託契約の表を作って関連用語と並べる。,【学習確認】管理委託契約について、次のうち試験で押さえるべき説明として適切なものはどれか。,要点は「肢では「管理委託：借主対応・修繕・収納代行の範囲」です。宅建業法分野の関連用語・過去問演習ページで、条文番号と数値をセットで復習してください。,管理委託契約とは何ですか？,管理委託契約（かんりいたくけいやく）とは、管理委託契約の概要。管理委託：借主対応・修繕・収納代行の範囲。原状回復・敷金精算のフローと宅建士の関与の有無。,管理委託契約は試験でどう押さえればよいですか？,まず管理委託：借主対応・修繕・収納代行の範囲。原状回復・敷金精算のフローと宅建士の関与の有無。。 詳しくは、肢では「管理委託：借主対応・修繕・収納代行の範囲。原状回復・敷金精算のフローと宅建士の関与の有無。」のいずれかが正誤の分かれ目になりやすいです。特に書面の交付時期・記載事項・監督処分の段階の混同。35条・37条・8条・14条の表で整理する。
借地・借家の譲渡・転貸,しゃくち・ちんたいのじょうと・てんたい,宅建業法,宅建業法,借地・借家の譲渡・転貸の承諾・優先承認の条文（借地17条の2、借家19条等）。,借地・借家の譲渡・転貸の承諾・優先承認の条文（借地17条の2、借家19条等）。,,,A,"借地・借家の譲渡・転貸の承諾・優先承認の条文（借地17条の2、借家19条等）。宅建業法では書面交付の順序、記載事項、業者・宅建士の責任区分が頻出です。35条・37条・8条・14条を表で整理すると得点が安定します。

肢では「35条・37条・8条・14条の表で整理する／35条・37条・8条・14条の表で整理する」のいずれかが正誤の分かれ目になりやすいです。

特に書面の交付時期・記載事項・監督処分の段階の混同。35条・37条・8条・14条の表で整理する。",借地・借家の譲渡・転貸とは,借地・借家の譲渡・転貸の承諾・優先承認の条文（借地17条の2、借家19条等）。,"借地・借家の譲渡・転貸の承諾・優先承認の条文（借地17条の2、借家19条等）。

借地・借家の譲渡・転貸の承諾・優先承認の条文（借地17条の2、借家19条等）。宅建業法では書面交付の順序、記載事項、業者・宅建士の責任区分が頻出です。35条・37条・8条・14条を表で整理すると得点が安定します。

宅建業法では書面交付の時期、記載事項、監督処分の段階など、手続の順序と義務者（業者・宅建士）の区別が問われやすいです。",35条・37条・8条・14条の表で整理する;35条・37条・8条・14条の表で整理する,書面の交付時期・記載事項・監督処分の段階の混同。35条・37条・8条・14条の表で整理する。,「借地・借家の譲渡・転貸の承諾・優先承認の条文（借」を起点に、借地・借家の譲渡・転貸の表を作って関連用語と並べる。,【学習確認】借地・借家の譲渡・転貸について、次のうち試験で押さえるべき説明として適切なものはどれか。,要点は「肢では「借地・借家の譲渡・転貸の承諾・優先承認の条文（借地17条の2、借家19条等）」です。宅建業法分野の関連用語・過去問演習ページで、条文番号と数値をセットで復習してください。,借地・借家の譲渡・転貸とは何ですか？,借地・借家の譲渡・転貸（しゃくち・ちんたいのじょうと・てんたい）とは、借地・借家の譲渡・転貸の概要。借地・借家の譲渡・転貸の承諾・優先承認の条文（借地17条の2、借家19条等）。期間「1年」や承諾なき譲渡の効力が肢に。,借地・借家の譲渡・転貸は試験でどう押さえればよいですか？,まず借地・借家の譲渡・転貸の承諾・優先承認の条文（借地17条の2、借家19条等）。期間「1年」や承諾なき譲渡の効力が肢に。。 詳しくは、肢では「借地・借家の譲渡・転貸の承諾・優先承認の条文（借地17条の2、借家19条等）。期間「1年」や承諾なき譲渡の効力が肢に。」のいずれかが正誤の分かれ目になりやすいです。特に書面の交付時期・記載事項・監督処分の段階の混同。35条・37条・8条・14条の表で整理する。
売却代金の決済,ばいきゃくだいきんのけっさい,宅建業法,宅建業法,売買代金決済：手付・中間金・残金、司法書士の保管・送金、同時履行。,売買代金決済：手付・中間金・残金、司法書士の保管・送金、同時履行。,,,A,"売買代金決済：手付・中間金・残金、司法書士の保管・送金、同時履行。宅建業法では書面交付の順序、記載事項、業者・宅建士の責任区分が頻出です。35条・37条・8条・14条を表で整理すると得点が安定します。

肢では「売買代金決済：手付・中間金・残金、司法書士の保管・送金、同時履行／35条・37条・8条・14条の表で整理する」のいずれかが正誤の分かれ目になりやすいです。

特に書面の交付時期・記載事項・監督処分の段階の混同。35条・37条・8条・14条の表で整理する。",売却代金の決済とは,売買代金決済：手付・中間金・残金、司法書士の保管・送金、同時履行。,"売買代金決済：手付・中間金・残金、司法書士の保管・送金、同時履行。

売買代金決済：手付・中間金・残金、司法書士の保管・送金、同時履行。宅建業法では書面交付の順序、記載事項、業者・宅建士の責任区分が頻出です。35条・37条・8条・14条を表で整理すると得点が安定します。

宅建業法では書面交付の時期、記載事項、監督処分の段階など、手続の順序と義務者（業者・宅建士）の区別が問われやすいです。",売買代金決済：手付・中間金・残金、司法書士の保管・送金、同時履行;35条・37条・8条・14条の表で整理する,書面の交付時期・記載事項・監督処分の段階の混同。35条・37条・8条・14条の表で整理する。,「売買代金決済：手付・中間金・残金、司法書士の保管」を起点に、売却代金の決済の表を作って関連用語と並べる。,【学習確認】売却代金の決済について、次のうち試験で押さえるべき説明として適切なものはどれか。,要点は「肢では「売買代金決済：手付・中間金・残金、司法書士の保管・送金、同時履行」です。宅建業法分野の関連用語・過去問演習ページで、条文番号と数値をセットで復習してください。,売却代金の決済とは何ですか？,売却代金の決済（ばいきゃくだいきんのけっさい）とは、売却代金の決済の概要。売買代金決済：手付・中間金・残金、司法書士の保管・送金、同時履行。買主の資金計画と重要事項説明の整合。,売却代金の決済は試験でどう押さえればよいですか？,まず売買代金決済：手付・中間金・残金、司法書士の保管・送金、同時履行。買主の資金計画と重要事項説明の整合。。 詳しくは、肢では「売買代金決済：手付・中間金・残金、司法書士の保管・送金、同時履行。買主の資金計画と重要事項説明の整合。」のいずれかが正誤の分かれ目になりやすいです。特に書面の交付時期・記載事項・監督処分の段階の混同。35条・37条・8条・14条の表で整理する。
宅建業主任者,たっけんぎょうしゅにんしゃ,宅建業法,宅建業法,宅建業主任者：配置義務・5年ごとの講習（令和制度の詳細は省令要確認）。,宅建業主任者：配置義務・5年ごとの講習（令和制度の詳細は省令要確認）。,,,A,業務主任者は専任・選任・解任の要件があり、業務の管理監督を行います。宅建士（重説）との役割分担が試験頻出です。肢では「専任が原則／選任・解任の手続／業務の管理監督／宅建士との役割分担」のいずれかが正誤の分かれ目になりやすいです。,宅建業主任者とは,宅建業主任者：配置義務・5年ごとの講習（令和制度の詳細は省令要確認）。,宅建業主任者：配置義務・5年ごとの講習（令和制度の詳細は省令要確認）。業務主任者は専任・選任・解任の要件があり、業務の管理監督を行います。宅建士（重説）との役割分担が試験頻出です。宅建業法では書面交付の時期、記載事項、監督処分の段階など、手続の順序と義務者（業者・宅建士）の区別が問われやすいです。,専任が原則;選任・解任の手続;業務の管理監督;宅建士との役割分担,,「宅建業主任者：配置義務・5年ごとの講習（令和制度」を起点に、宅建業主任者の表を作って関連用語と並べる。,【学習確認】宅建業主任者について、次のうち試験で押さえるべき説明として適切なものはどれか。,要点は「肢では「宅建業主任者：配置義務・5年ごとの講習（令和制度の詳細は省令要確認）」です。宅建業法分野の関連用語・過去問演習ページで、条文番号と数値をセットで復習してください。,宅建業主任者とは何ですか？,宅建業主任者（たっけんぎょうしゅにんしゃ）とは、宅建業主任者の概要。宅建業主任者：配置義務・5年ごとの講習（令和制度の詳細は省令要確認）。違反時の監督処分と併せて。,宅建業主任者は試験でどう押さえればよいですか？,まず宅建業主任者：配置義務・5年ごとの講習（令和制度の詳細は省令要確認）。違反時の監督処分と併せて。。 詳しくは、肢では「宅建業主任者：配置義務・5年ごとの講習（令和制度の詳細は省令要確認）。違反時の監督処分と併せて。」のいずれかが正誤の分かれ目になりやすいです。特に書面の交付時期・記載事項・監督処分の段階の混同。35条・37条・8条・14条の表で整理する。
都市計画法,としけいかくほう,法令上の制限,法令上の制限,都市計画法：市街化区域・調整区域の線引き、都市計画施設、開発許可との接続。,都市計画法：市街化区域・調整区域の線引き、都市計画施設、開発許可との接続。,,,A,土地利用の基本法。用途地域・開発許可・市街化区域の線引きが宅建の法令制限の骨格です。都市計画施設・地区計画・建築協定との関係を表で整理します。肢では「用途地域・開発許可／市街化区域と調整区域／12条の線引き／都市計画施設・地区計画」のいずれかが正誤の分かれ目になりやすいです。特に建築基準法の数値規制と都市計画法の区域規制を混同する。,都市計画法とは,都市計画法：市街化区域・調整区域の線引き、都市計画施設、開発許可との接続。,都市計画法：市街化区域・調整区域の線引き、都市計画施設、開発許可との接続。土地利用の基本法。用途地域・開発許可・市街化区域の線引きが宅建の法令制限の骨格です。都市計画施設・地区計画・建築協定との関係を表で整理します。法令上の制限では数値（面積・幅員・率）と区域・号別の組み合わせが頻出するため、「どの法令の・どの区域で・何が必要か」を三段で覚えると安定します。,用途地域・開発許可;市街化区域と調整区域;12条の線引き;都市計画施設・地区計画,建築基準法の数値規制と都市計画法の区域規制を混同する。,「都市計画法：市街化区域・調整区域の線引き、都市計」を起点に、都市計画法の表を作って関連用語と並べる。,（2025年 第35問）都市計画に関する次の記述のうち、正しいものはどれか。,正答は選択肢2です。用語「都市計画法」が問われた過去問のため、解説と条文の対応を確認してください。,都市計画法とは何ですか？,都市計画法（としけいかくほう）とは、都市計画法の概要。都市計画法：市街化区域・調整区域の線引き、都市計画施設、開発許可との接続。用途地域は13地域。試験は「区域×行為×面積」の三段判定。,都市計画法は試験でどう押さえればよいですか？,まず都市計画法：市街化区域・調整区域の線引き、都市計画施設、開発許可との接続。用途地域は13地域。試験は「区域×行為×面積」の三段判定。。 詳しくは、肢では「都市計画法：市街化区域・調整区域の線引き、都市計画施設、開発許可との接続。用途地域は13地域。試験は「区域×行為×面積」の三段判定。」のいずれかが正誤の分かれ目になりやすいです。特に区域・用途・数値（面積・率・幅員）の組み合わせ誤り。例外規定との区別が問われる。
用途地域13種類,ようとちいき,法令上の制限,法令上の制限,土地の使い方を13種類に区分するルール,土地の使い方を13種類に区分するルール。,,,A,都市計画法に基づく土地利用の基本区分。住居系・商業系・工業系の建蔽率・容積率・建築物の用途制限を一覧表にすると得点が安定します。肢では「13種類の用途地域を区別／建蔽率・容積率は地域により異なる／商業地域と近隣商業地域の数値比較／用途地域と地区計画・建築協定の関係」のいずれかが正誤の分かれ目になりやすいです。,用途地域13種類とは,土地の使い方を13種類に区分するルール,土地の使い方を13種類に区分するルール。都市計画法に基づく土地利用の基本区分。住居系・商業系・工業系の建蔽率・容積率・建築物の用途制限を一覧表にすると得点が安定します。法令上の制限では数値（面積・幅員・率）と区域・号別の組み合わせが頻出するため、「どの法令の・どの区域で・何が必要か」を三段で覚えると安定します。,13種類の用途地域を区別;建蔽率・容積率は地域により異なる;商業地域と近隣商業地域の数値比較;用途地域と地区計画・建築協定の関係,,「用途地域は13区分。第一種低層住居専用は大学・病」を起点に、用途地域13種類の表を作って関連用語と並べる。,【学習確認】用途地域13種類について、次のうち試験で押さえるべき説明として適切なものはどれか。,要点は「13種類の用途地域を区別」です。法令上の制限分野の関連用語・過去問演習ページで、条文番号と数値をセットで復習してください。,用途地域13種類とは何ですか？,用途地域13種類（ようとちいき）とは、土地の使い方を13種類に区分するルール。用途地域は13区分。第一種低層住居専用は大学・病院不可、工業専用は住宅・病院・学校不可等の大原則を暗記。建ぺい率・容積率は都市計画で定める（建築基準法第48条前段の接続）。,用途地域13種類は試験でどう押さえればよいですか？,まず用途地域は13区分。第一種低層住居専用は大学・病院不可、工業専用は住宅・病院・学校不可等の大原則を暗記。建ぺい率・容積率は都市計画で定める（建築基準法第48条前段の接続）。。 詳しくは、肢では「用途地域は13区分。第一種低層住居専用は大学・病院不可、工業専用は住宅・病院・学校不可等の大原則を暗記。建ぺい率・容積率は都市計画で定める（建築基準法第48条前段の接続）。」のいずれかが正誤の分かれ目になりやすいです。特に区域・用途・数値（面積・率・幅員）の組み合わせ誤り。例外規定との区別が問われる。
建ぺい率・容積率,けんぺいりつ・ようせきりつ,法令上の制限,法令上の制限,敷地に対する建物の大きさの制限,敷地に対する建物の大きさの制限。,,,A,用途地域ごとに上限が定められる建築制限。建蔽率は敷地面積に対する建築面積の割合、容積率は敷地面積に対する延べ面積の割合です。緩和・角地・防火地域等の特例とセットで暗記します。肢では「用途地域ごとに上限が異なる／建蔽率＝建築面積÷敷地、容積率＝延べ面積÷敷地／角地・防火地域等で緩和があり得る／前面道路・セットバックで実効敷地が変わる」のいずれかが正誤の分かれ目になりやすいです。,建ぺい率・容積率とは,敷地に対する建物の大きさの制限,敷地に対する建物の大きさの制限。用途地域ごとに上限が定められる建築制限。建蔽率は敷地面積に対する建築面積の割合、容積率は敷地面積に対する延べ面積の割合です。緩和・角地・防火地域等の特例とセットで暗記します。法令上の制限では数値（面積・幅員・率）と区域・号別の組み合わせが頻出するため、「どの法令の・どの区域で・何が必要か」を三段で覚えると安定します。,用途地域ごとに上限が異なる;建蔽率＝建築面積÷敷地、容積率＝延べ面積÷敷地;角地・防火地域等で緩和があり得る;前面道路・セットバックで実効敷地が変わる,,「建ぺい率＝建築面積÷敷地×100。容積率＝延床÷」を起点に、建ぺい率・容積率の表を作って関連用語と並べる。,（2024年 第37問）建ぺい率・容積率に関する次の記述のうち、正しいものはどれか。,正答は選択肢1です。用語「建ぺい率・容積率」が問われた過去問のため、解説と条文の対応を確認してください。,建ぺい率・容積率とは何ですか？,建ぺい率・容積率（けんぺいりつ・ようせきりつ）とは、敷地に対する建物の大きさの制限。建ぺい率＝建築面積÷敷地×100。容積率＝延床÷敷地×100。角地緩和10%、耐火建築物等の建ぺい率10%加算（建築基準法56条・61条の趣旨）。前面道路幅12m未満は住居系で道路幅×0.4×係数と指定容積率の小さい方（法52条2項・別表第3）。,建ぺい率・容積率は試験でどう押さえればよいですか？,まず建ぺい率＝建築面積÷敷地×100。容積率＝延床÷敷地×100。角地緩和10%、耐火建築物等の建ぺい率10%加算（建築基準法56条・61条の趣旨）。前面道路幅12m未満は住居系で道路幅×0.4×係数と指定容積率の小さい方（法52条2項・別表第3）。。 詳しくは、肢では「建ぺい率＝建築面積÷敷地×100。容積率＝延床÷敷地×100。角地緩和10%、耐火建築物等の建ぺい率10%加算（建築基準法56条・61条の趣旨）。前面道路幅12m未満は住居系で道路幅×0.4×係数と指定容積率の小さい方（法52条2項・別表第3）。」のいずれかが正誤の分かれ目になりやすいです。特に区域・用途・数値（面積・率・幅員）の組み合わせ誤り。例外規定との区別が問われる。
容積率,ようせきりつ,法令上の制限,法令上の制限,容積率単独論点：道路幅制限、絶対高さ・斜線・日影との合成。,容積率単独論点：道路幅制限、絶対高さ・斜線・日影との合成。,,,A,敷地面積に対する延べ面積の上限割合。用途地域ごとに異なり、角地・防火地域等で緩和があり得ます。建蔽率との違いが定番です。肢では「延べ面積÷敷地面積／用途地域で上限が異なる／建蔽率との併記問題／緩和規定の有無」のいずれかが正誤の分かれ目になりやすいです。,容積率とは,容積率単独論点：道路幅制限、絶対高さ・斜線・日影との合成。,容積率単独論点：道路幅制限、絶対高さ・斜線・日影との合成。敷地面積に対する延べ面積の上限割合。用途地域ごとに異なり、角地・防火地域等で緩和があり得ます。建蔽率との違いが定番です。法令上の制限では数値（面積・幅員・率）と区域・号別の組み合わせが頻出するため、「どの法令の・どの区域で・何が必要か」を三段で覚えると安定します。,延べ面積÷敷地面積;用途地域で上限が異なる;建蔽率との併記問題;緩和規定の有無,,「容積率単独論点：道路幅制限、絶対高さ・斜線・日影」を起点に、容積率の表を作って関連用語と並べる。,（2024年 第37問）建ぺい率・容積率に関する次の記述のうち、正しいものはどれか。,正答は選択肢1です。用語「容積率」が問われた過去問のため、解説と条文の対応を確認してください。,容積率とは何ですか？,容積率（ようせきりつ）とは、容積率の概要。容積率単独論点：道路幅制限、絶対高さ・斜線・日影との合成。地下室（住宅の延床の1/3まで不算入等の特例は法52条2項4号の趣旨を教材で）。,容積率は試験でどう押さえればよいですか？,まず容積率単独論点：道路幅制限、絶対高さ・斜線・日影との合成。地下室（住宅の延床の1/3まで不算入等の特例は法52条2項4号の趣旨を教材で）。。 詳しくは、肢では「容積率単独論点：道路幅制限、絶対高さ・斜線・日影との合成。地下室（住宅の延床の1/3まで不算入等の特例は法52条2項4号の趣旨を教材で）。」のいずれかが正誤の分かれ目になりやすいです。特に区域・用途・数値（面積・率・幅員）の組み合わせ誤り。例外規定との区別が問われる。
建築基準法,けんちくきじゅんほう,法令上の制限,法令上の制限,建築基準法：用途地域ごとの建築制限、防火地域、道路、確認申請、完了検査。,建築基準法：用途地域ごとの建築制限、防火地域、道路、確認申請、完了検査。,,,A,建築物の構造・防火・採光・接道などの最低基準を定める法律。建築確認・完了検査・43条接道・48条高さ制限が試験の中心です。肢では「建築確認・完了検査／接道義務（43条）／建蔽率・容積率／違反建築物の扱い」のいずれかが正誤の分かれ目になりやすいです。,建築基準法とは,建築基準法：用途地域ごとの建築制限、防火地域、道路、確認申請、完了検査。,建築基準法：用途地域ごとの建築制限、防火地域、道路、確認申請、完了検査。建築物の構造・防火・採光・接道などの最低基準を定める法律。建築確認・完了検査・43条接道・48条高さ制限が試験の中心です。法令上の制限では数値（面積・幅員・率）と区域・号別の組み合わせが頻出するため、「どの法令の・どの区域で・何が必要か」を三段で覚えると安定します。,建築確認・完了検査;接道義務（43条）;建蔽率・容積率;違反建築物の扱い,,「建築基準法：用途地域ごとの建築制限、防火地域、道」を起点に、建築基準法の表を作って関連用語と並べる。,（2025年 第40問）日影規制に関する次の記述のうち、正しいものはどれか。,正答は選択肢2です。用語「建築基準法」が問われた過去問のため、解説と条文の対応を確認してください。,建築基準法とは何ですか？,建築基準法（けんちくきじゅんほう）とは、建築基準法の概要。建築基準法：用途地域ごとの建築制限、防火地域、道路、確認申請、完了検査。避難規定・構造耐力主要部の耐火性能の番号付き基準は本試験では概論寄り。,建築基準法は試験でどう押さえればよいですか？,まず建築基準法：用途地域ごとの建築制限、防火地域、道路、確認申請、完了検査。避難規定・構造耐力主要部の耐火性能の番号付き基準は本試験では概論寄り。。 詳しくは、肢では「建築基準法：用途地域ごとの建築制限、防火地域、道路、確認申請、完了検査。避難規定・構造耐力主要部の耐火性能の番号付き基準は本試験では概論寄り。」のいずれかが正誤の分かれ目になりやすいです。特に区域・用途・数値（面積・率・幅員）の組み合わせ誤り。例外規定との区別が問われる。
開発許可,かいはつきょか,法令上の制限,法令上の制限,宅地造成等の工事をするときの許可,宅地造成等の工事をするときの許可。,,,A,一定規模以上の開発行為には都市計画法上の許可が必要です。区域（市街化・調整・非線引き）と面積基準で要否が変わり、完了検査合格の公告前は建築物の建築ができません。肢では「区域と面積で許可要否が異なる／市街化調整区域は原則許可必要／完了検査合格公告前は建築不可／許可不要の開発行為の例外を整理」のいずれかが正誤の分かれ目になりやすいです。,開発許可とは,宅地造成等の工事をするときの許可,宅地造成等の工事をするときの許可。一定規模以上の開発行為には都市計画法上の許可が必要です。区域（市街化・調整・非線引き）と面積基準で要否が変わり、完了検査合格の公告前は建築物の建築ができません。法令上の制限では数値（面積・幅員・率）と区域・号別の組み合わせが頻出するため、「どの法令の・どの区域で・何が必要か」を三段で覚えると安定します。,区域と面積で許可要否が異なる;市街化調整区域は原則許可必要;完了検査合格公告前は建築不可;許可不要の開発行為の例外を整理,,"「開発行為：市街化区域1,000㎡以上原則許可、調」を起点に、開発許可の表を作って関連用語と並べる。",（2024年 第35問）開発許可に関する次の記述のうち、正しいものはどれか。,正答は選択肢3です。用語「開発許可」が問われた過去問のため、解説と条文の対応を確認してください。,開発許可とは何ですか？,"開発許可（かいはつきょか）とは、宅地造成等の工事をするときの許可。開発行為：市街化区域1,000㎡以上原則許可、調整区域は原則全面許可、非線引・準都市3,000㎡、区域外10,000㎡（都市計画法29条・33条・開発行為等指導要綱の型）。完了検査合格の公告前は建築不可の流れ。",開発許可は試験でどう押さえればよいですか？,"まず開発行為：市街化区域1,000㎡以上原則許可、調整区域は原則全面許可、非線引・準都市3,000㎡、区域外10,000㎡（都市計画法29条・33条・開発行為等指導要綱の型）。完了検査合格の公告前は建築不可の流れ。。 詳しくは、肢では「開発行為：市街化区域1,000㎡以上原則許可、調整区域は原則全面許可、非線引・準都市3,000㎡、区域外10,000㎡（都市計画法29条・33条・開発行為等指導要綱の型）。完了検査合格の公告前は建築不可の流れ。」のいずれかが正誤の分かれ目になりやすいです。特に区域・用途・数値（面積・率・幅員）の組み合わせ誤り。例外規定との区別が問われる。"
建築確認,けんちくかくにん,法令上の制限,法令上の制限,建築確認は建築主事等の適合審査（建築法6条）。,建築確認は建築主事等の適合審査（建築法6条）。,,,A,建築基準法に基づき、建築物が法令に適合するか確認する手続。確認済証・完了検査・開発許可・接道要件と手続の順序が法令上の制限の核です。肢では「建築前に確認申請／確認済証の交付／完了検査との関係／違反建築物の扱い」のいずれかが正誤の分かれ目になりやすいです。,建築確認とは,建築確認は建築主事等の適合審査（建築法6条）。,建築確認は建築主事等の適合審査（建築法6条）。建築基準法に基づき、建築物が法令に適合するか確認する手続。確認済証・完了検査・開発許可・接道要件と手続の順序が法令上の制限の核です。法令上の制限では数値（面積・幅員・率）と区域・号別の組み合わせが頻出するため、「どの法令の・どの区域で・何が必要か」を三段で覚えると安定します。,建築前に確認申請;確認済証の交付;完了検査との関係;違反建築物の扱い,,「建築確認は建築主事等の適合審査（建築法6条）。確」を起点に、建築確認の表を作って関連用語と並べる。,（2024年 第18問）宅建業者の広告に関する次の記述のうち、正しいものはどれか。,正答は選択肢3です。用語「建築確認」が問われた過去問のため、解説と条文の対応を確認してください。,建築確認とは何ですか？,建築確認（けんちくかくにん）とは、建築確認の概要。建築確認は建築主事等の適合審査（建築法6条）。確認不要建築物の一覧（法6条1項各号）と小規模建築物の特例が肢に。,建築確認は試験でどう押さえればよいですか？,まず建築確認は建築主事等の適合審査（建築法6条）。確認不要建築物の一覧（法6条1項各号）と小規模建築物の特例が肢に。。 詳しくは、肢では「建築確認は建築主事等の適合審査（建築法6条）。確認不要建築物の一覧（法6条1項各号）と小規模建築物の特例が肢に。」のいずれかが正誤の分かれ目になりやすいです。特に区域・用途・数値（面積・率・幅員）の組み合わせ誤り。例外規定との区別が問われる。
農地法3条・4条・5条,のうちほう,法令上の制限,法令上の制限,農地の売買・転用に必要な許可,農地の売買・転用に必要な許可。,,,A,農地の権利移転・転用の許可要件を規定。3条は売買・交換等、4条は貸付・転用、5条は立木の採取等。宅建の農地取引で重要です。肢では「3条は権利移転／4条は貸付・転用／5条は立木採取／農地転用・農振法との関係」のいずれかが正誤の分かれ目になりやすいです。,農地法3条・4条・5条とは,農地の売買・転用に必要な許可,農地の売買・転用に必要な許可。農地の権利移転・転用の許可要件を規定。3条は売買・交換等、4条は貸付・転用、5条は立木の採取等。宅建の農地取引で重要です。法令上の制限では数値（面積・幅員・率）と区域・号別の組み合わせが頻出するため、「どの法令の・どの区域で・何が必要か」を三段で覚えると安定します。,3条は権利移転;4条は貸付・転用;5条は立木採取;農地転用・農振法との関係,,「農地法：3条権利移動は農業委員会許可、4条自己転」を起点に、農地法3条・4条・5条の表を作って関連用語と並べる。,（2024年 第38問）農地法に関する次の記述のうち、正しいものはどれか。,正答は選択肢2です。用語「農地法3条・4条・5条」が問われた過去問のため、解説と条文の対応を確認してください。,農地法3条・4条・5条とは何ですか？,農地法3条・4条・5条（のうちほう）とは、農地の売買・転用に必要な許可。農地法：3条権利移動は農業委員会許可、4条自己転用・5条転用目的売買は知事等許可（市街化区域内は農業委員会届出のみの特例）。相続取得は3条の3で届出3ヶ月以内。,農地法3条・4条・5条は試験でどう押さえればよいですか？,まず農地法：3条権利移動は農業委員会許可、4条自己転用・5条転用目的売買は知事等許可（市街化区域内は農業委員会届出のみの特例）。相続取得は3条の3で届出3ヶ月以内。。 詳しくは、肢では「農地法：3条権利移動は農業委員会許可、4条自己転用・5条転用目的売買は知事等許可（市街化区域内は農業委員会届出のみの特例）。相続取得は3条の3で届出3ヶ月以内。」のいずれかが正誤の分かれ目になりやすいです。特に区域・用途・数値（面積・率・幅員）の組み合わせ誤り。例外規定との区別が問われる。
土地区画整理法,とちくかくせいりほう,法令上の制限,法令上の制限,土地区画整理：減歩・換地・清算金。,土地区画整理：減歩・換地・清算金。,,,A,土地区画整理事業により宅地を造成・交換する制度。換地・清算金・仮換地指定・事業認可の手続が出題されます。肢では「換地と清算金／事業認可・施行／仮換地・保留地／宅地造成と開発許可の関係」のいずれかが正誤の分かれ目になりやすいです。,土地区画整理法とは,土地区画整理：減歩・換地・清算金。,土地区画整理：減歩・換地・清算金。土地区画整理事業により宅地を造成・交換する制度。換地・清算金・仮換地指定・事業認可の手続が出題されます。法令上の制限では数値（面積・幅員・率）と区域・号別の組み合わせが頻出するため、「どの法令の・どの区域で・何が必要か」を三段で覚えると安定します。,換地と清算金;事業認可・施行;仮換地・保留地;宅地造成と開発許可の関係,,「土地区画整理：減歩・換地・清算金。事業計画認可と」を起点に、土地区画整理法の表を作って関連用語と並べる。,（2025年 第42問）仮換地に関する次の記述のうち、正しいものはどれか。,正答は選択肢3です。用語「土地区画整理法」が問われた過去問のため、解説と条文の対応を確認してください。,土地区画整理法とは何ですか？,土地区画整理法（とちくかくせいりほう）とは、土地区画整理法の概要。土地区画整理：減歩・換地・清算金。事業計画認可と仮換地、完了公告と建築可能時期。宅建では「換地→登記」の流れが基本。,土地区画整理法は試験でどう押さえればよいですか？,まず土地区画整理：減歩・換地・清算金。事業計画認可と仮換地、完了公告と建築可能時期。宅建では「換地→登記」の流れが基本。。 詳しくは、肢では「土地区画整理：減歩・換地・清算金。事業計画認可と仮換地、完了公告と建築可能時期。宅建では「換地→登記」の流れが基本。」のいずれかが正誤の分かれ目になりやすいです。特に区域・用途・数値（面積・率・幅員）の組み合わせ誤り。例外規定との区別が問われる。
国土利用計画法,こくどりようけいかくほう,法令上の制限,法令上の制限,国土利用計画法：土地取引の届出要否（面積・区域・用途の基準は政令）。,国土利用計画法：土地取引の届出要否（面積・区域・用途の基準は政令）。,,,A,土地の投機的取引の抑制と土地利用の適正化を目的とする法律。事後届出（23条）・土地利用の基本計画・監視区域が頻出です。肢では「事後届出の要件／監視区域・規制区域／土地取引の届出／都市計画法との役割分担」のいずれかが正誤の分かれ目になりやすいです。,国土利用計画法とは,国土利用計画法：土地取引の届出要否（面積・区域・用途の基準は政令）。,国土利用計画法：土地取引の届出要否（面積・区域・用途の基準は政令）。土地の投機的取引の抑制と土地利用の適正化を目的とする法律。事後届出（23条）・土地利用の基本計画・監視区域が頻出です。法令上の制限では数値（面積・幅員・率）と区域・号別の組み合わせが頻出するため、「どの法令の・どの区域で・何が必要か」を三段で覚えると安定します。,事後届出の要件;監視区域・規制区域;土地取引の届出;都市計画法との役割分担,,「国土利用計画法：土地取引の届出要否（面積・区域・」を起点に、国土利用計画法の表を作って関連用語と並べる。,（2025年 第41問）事後届出制に関する次の記述のうち、正しいものはどれか。,正答は選択肢2です。用語「国土利用計画法」が問われた過去問のため、解説と条文の対応を確認してください。,国土利用計画法とは何ですか？,国土利用計画法（こくどりようけいかくほう）とは、国土利用計画法の概要。国土利用計画法：土地取引の届出要否（面積・区域・用途の基準は政令）。届出後の都道府県知事等の勧告・公示の手続が数字付きで。,国土利用計画法は試験でどう押さえればよいですか？,まず国土利用計画法：土地取引の届出要否（面積・区域・用途の基準は政令）。届出後の都道府県知事等の勧告・公示の手続が数字付きで。。 詳しくは、肢では「国土利用計画法：土地取引の届出要否（面積・区域・用途の基準は政令）。届出後の都道府県知事等の勧告・公示の手続が数字付きで。」のいずれかが正誤の分かれ目になりやすいです。特に区域・用途・数値（面積・率・幅員）の組み合わせ誤り。例外規定との区別が問われる。
盛土規制法,もりどきせいほう,法令上の制限,法令上の制限,盛土規制法：盛土等の届出・許可の量・高さの閾値（条例・基準は政令・技術基準）。,盛土規制法：盛土等の届出・許可の量・高さの閾値（条例・基準は政令・技術基準）。,,,A,"盛土規制法：盛土等の届出・許可の量・高さの閾値（条例・基準は政令・技術基準）。法令上の制限では「どの法令の・どの区域で・何が必要か」を三段で覚えるとよいです。数値と例外規定の区別が問われます。

肢では「例外規定との区別が問われる／例外規定との区別が問われる／例外規定との区別が問われる」のいずれかが正誤の分かれ目になりやすいです。

特に区域・用途・数値（面積・率・幅員）の組み合わせ誤り。例外規定との区別が問われる。",盛土規制法とは,盛土規制法：盛土等の届出・許可の量・高さの閾値（条例・基準は政令・技術基準）。,"盛土規制法：盛土等の届出・許可の量・高さの閾値（条例・基準は政令・技術基準）。

盛土規制法：盛土等の届出・許可の量・高さの閾値（条例・基準は政令・技術基準）。法令上の制限では「どの法令の・どの区域で・何が必要か」を三段で覚えるとよいです。数値と例外規定の区別が問われます。

法令上の制限では数値（面積・幅員・率）と区域・号別の組み合わせが頻出するため、「どの法令の・どの区域で・何が必要か」を三段で覚えると安定します。",例外規定との区別が問われる;例外規定との区別が問われる;例外規定との区別が問われる,区域・用途・数値（面積・率・幅員）の組み合わせ誤り。例外規定との区別が問われる。,「盛土規制法：盛土等の届出・許可の量・高さの閾値（」を起点に、盛土規制法の表を作って関連用語と並べる。,（2025年 第39問）盛土規制法に関する次の記述のうち、正しいものはどれか。,正答は選択肢2です。用語「盛土規制法」が問われた過去問のため、解説と条文の対応を確認してください。,盛土規制法とは何ですか？,盛土規制法（もりどきせいほう）とは、盛土規制法の概要。盛土規制法：盛土等の届出・許可の量・高さの閾値（条例・基準は政令・技術基準）。急傾斜地・土砂災害特別警戒区域とセットの肢。,盛土規制法は試験でどう押さえればよいですか？,まず盛土規制法：盛土等の届出・許可の量・高さの閾値（条例・基準は政令・技術基準）。急傾斜地・土砂災害特別警戒区域とセットの肢。。 詳しくは、肢では「盛土規制法：盛土等の届出・許可の量・高さの閾値（条例・基準は政令・技術基準）。急傾斜地・土砂災害特別警戒区域とセットの肢。」のいずれかが正誤の分かれ目になりやすいです。特に区域・用途・数値（面積・率・幅員）の組み合わせ誤り。例外規定との区別が問われる。
景観法,けいかんほう,法令上の制限,法令上の制限,景観法：景観計画・準景観地区・景観重要建造物・眺望障害。,景観法：景観計画・準景観地区・景観重要建造物・眺望障害。,,,A,良好な景観の形成・保全を目的とする法律。景観計画・景観区・景観協定・届出・許可が問われます。肢では「景観計画・景観区／景観協定／行為の届出・許可／都市計画法・建築基準法との関係」のいずれかが正誤の分かれ目になりやすいです。,景観法とは,景観法：景観計画・準景観地区・景観重要建造物・眺望障害。,景観法：景観計画・準景観地区・景観重要建造物・眺望障害。良好な景観の形成・保全を目的とする法律。景観計画・景観区・景観協定・届出・許可が問われます。法令上の制限では数値（面積・幅員・率）と区域・号別の組み合わせが頻出するため、「どの法令の・どの区域で・何が必要か」を三段で覚えると安定します。,景観計画・景観区;景観協定;行為の届出・許可;都市計画法・建築基準法との関係,,「景観法：景観計画・準景観地区・景観重要建造物・眺」を起点に、景観法の表を作って関連用語と並べる。,（2017年 第22問）以下の記述のうち、正しいものを選びなさい。,正答は選択肢1です。用語「景観法」が問われた過去問のため、解説と条文の対応を確認してください。,景観法とは何ですか？,景観法（けいかんほう）とは、景観法の概要。景観法：景観計画・準景観地区・景観重要建造物・眺望障害。許可・届出・勧告の違いを表に。,景観法は試験でどう押さえればよいですか？,まず景観法：景観計画・準景観地区・景観重要建造物・眺望障害。許可・届出・勧告の違いを表に。。 詳しくは、肢では「景観法：景観計画・準景観地区・景観重要建造物・眺望障害。許可・届出・勧告の違いを表に。」のいずれかが正誤の分かれ目になりやすいです。特に区域・用途・数値（面積・率・幅員）の組み合わせ誤り。例外規定との区別が問われる。
地区計画,ちくけいかく,法令上の制限,法令上の制限,街区単位でのきめ細かい街づくりルール,街区単位でのきめ細かい街づくりルール。,,,A,都市計画法上、市街地の整備改善のため定める計画。建築物の形態・用途・建蔽率等の制限と建築協定との関係が頻出です。肢では「都市計画法の地区計画／建築物の制限内容／建築協定との関係／住民同意・手続」のいずれかが正誤の分かれ目になりやすいです。,地区計画とは,街区単位でのきめ細かい街づくりルール,街区単位でのきめ細かい街づくりルール。都市計画法上、市街地の整備改善のため定める計画。建築物の形態・用途・建蔽率等の制限と建築協定との関係が頻出です。法令上の制限では数値（面積・幅員・率）と区域・号別の組み合わせが頻出するため、「どの法令の・どの区域で・何が必要か」を三段で覚えると安定します。,都市計画法の地区計画;建築物の制限内容;建築協定との関係;住民同意・手続,,「地区計画：建築等の届出は着手30日前まで（都市計」を起点に、地区計画の表を作って関連用語と並べる。,（2025年 第35問）都市計画に関する次の記述のうち、正しいものはどれか。,正答は選択肢2です。用語「地区計画」が問われた過去問のため、解説と条文の対応を確認してください。,地区計画とは何ですか？,地区計画（ちくけいかく）とは、街区単位でのきめ細かい街づくりルール。地区計画：建築等の届出は着手30日前まで（都市計画法12条の5第5項）。許可ではなく届出、勧告のみで強制不可が典型正解。,地区計画は試験でどう押さえればよいですか？,まず地区計画：建築等の届出は着手30日前まで（都市計画法12条の5第5項）。許可ではなく届出、勧告のみで強制不可が典型正解。。 詳しくは、肢では「地区計画：建築等の届出は着手30日前まで（都市計画法12条の5第5項）。許可ではなく届出、勧告のみで強制不可が典型正解。」のいずれかが正誤の分かれ目になりやすいです。特に区域・用途・数値（面積・率・幅員）の組み合わせ誤り。例外規定との区別が問われる。
日影規制・斜線制限,にかげきせい・しゃせんせいげん,法令上の制限,法令上の制限,日影規制（建築法56条1項6号）：隣地境界からの高さ制限。,日影規制（建築法56条1項6号）：隣地境界からの高さ制限。斜線制限（道路斜線・北側斜線・隣地斜線）の適用順序が計算小问题に。,,,A,特に区域・用途・数値（面積・率・幅員）の組み合わせ誤り。例外規定との区別が問われる。特に区域・用途・数値（面積・率・幅員）の組み合わせ誤り。例外規定との区別が問われる。 特に区域・用途・数値（面積・率・幅員）の組み合わせ誤り。例外規定との区別が問われる。特に区域・用途・数値（面積・率・幅員）の組み合わせ誤り。例外規定との区別が問われる。肢では「日影規制（建築法56条1項6号）：隣地境界からの高さ制限／例外規定との区別が問われる」のいずれかが正誤の分かれ目になりやすいです。特に区域・用途・数値（面積・率・幅員）の組み合わせ誤り。例外規定との区別が問われる。,日影規制・斜線制限とは,日影規制（建築法56条1項6号）：隣地境界からの高さ制限。,日影規制（建築法56条1項6号）：隣地境界からの高さ制限。斜線制限（道路斜線・北側斜線・隣地斜線）の適用順序が計算小问题に。法令上の制限では数値（面積・幅員・率）と区域・号別の組み合わせが頻出するため、「どの法令の・どの区域で・何が必要か」を三段で覚えると安定します。,日影規制（建築法56条1項6号）：隣地境界からの高さ制限;例外規定との区別が問われる,区域・用途・数値（面積・率・幅員）の組み合わせ誤り。例外規定との区別が問われる。,「日影規制（建築法56条1項6号）：隣地境界からの」を起点に、日影規制・斜線制限の表を作って関連用語と並べる。,（2025年 第40問）日影規制に関する次の記述のうち、正しいものはどれか。,正答は選択肢2です。用語「日影規制・斜線制限」が問われた過去問のため、解説と条文の対応を確認してください。,日影規制・斜線制限とは何ですか？,日影規制・斜線制限（にかげきせい・しゃせんせいげん）とは、日影規制・斜線制限の概要。日影規制（建築法56条1項6号）：隣地境界からの高さ制限。斜線制限（道路斜線・北側斜線・隣地斜線）の適用順序が計算小问题に。,日影規制・斜線制限は試験でどう押さえればよいですか？,まず日影規制（建築法56条1項6号）：隣地境界からの高さ制限。斜線制限（道路斜線・北側斜線・隣地斜線）の適用順序が計算小问题に。。 詳しくは、肢では「日影規制（建築法56条1項6号）：隣地境界からの高さ制限。斜線制限（道路斜線・北側斜線・隣地斜線）の適用順序が計算小问题に。」のいずれかが正誤の分かれ目になりやすいです。特に区域・用途・数値（面積・率・幅員）の組み合わせ誤り。例外規定との区別が問われる。
市街化区域・市街化調整区域,しがいかくいき・ちょうせいくいき,法令上の制限,法令上の制限,市街化区域は既市街化を促進、調整区域は開発抑制。,市街化区域は既市街化を促進、調整区域は開発抑制。,,,A,12条の線引きによる土地利用の基本区分。市街化区域は積極誘導、調整区域は開発抑制。開発許可の要否と直結します。肢では「市街化区域は市街化を促進／調整区域は開発を抑制／開発許可の要否が異なる／非線引き区域との違い」のいずれかが正誤の分かれ目になりやすいです。,市街化区域・市街化調整区域とは,市街化区域は既市街化を促進、調整区域は開発抑制。,市街化区域は既市街化を促進、調整区域は開発抑制。12条の線引きによる土地利用の基本区分。市街化区域は積極誘導、調整区域は開発抑制。開発許可の要否と直結します。法令上の制限では数値（面積・幅員・率）と区域・号別の組み合わせが頻出するため、「どの法令の・どの区域で・何が必要か」を三段で覚えると安定します。,市街化区域は市街化を促進;調整区域は開発を抑制;開発許可の要否が異なる;非線引き区域との違い,,「市街化区域は既市街化を促進、調整区域は開発抑制。」を起点に、市街化区域・市街化調整区域の表を作って関連用語と並べる。,（2025年 第38問）農地法に関する次の記述のうち、正しいものはどれか。,正答は選択肢3です。用語「市街化区域・市街化調整区域」が問われた過去問のため、解説と条文の対応を確認してください。,市街化区域・市街化調整区域とは何ですか？,市街化区域・市街化調整区域（しがいかくいき・ちょうせいくいき）とは、市街化区域・市街化調整区域の概要。市街化区域は既市街化を促進、調整区域は開発抑制。開発許可・建築行為の可否は「線引き」とセット。非線引は原則制限ゆるむが開発面積要件あり。,市街化区域・市街化調整区域は試験でどう押さえればよいですか？,まず市街化区域は既市街化を促進、調整区域は開発抑制。開発許可・建築行為の可否は「線引き」とセット。非線引は原則制限ゆるむが開発面積要件あり。。 詳しくは、肢では「市街化区域は既市街化を促進、調整区域は開発抑制。開発許可・建築行為の可否は「線引き」とセット。非線引は原則制限ゆるむが開発面積要件あり。」のいずれかが正誤の分かれ目になりやすいです。特に区域・用途・数値（面積・率・幅員）の組み合わせ誤り。例外規定との区別が問われる。
非線引き区域,ひせんいんきくいき,法令上の制限,法令上の制限,非線引き区域：用途地域だけ指定されていない土地利用調整区域。,非線引き区域：用途地域だけ指定されていない土地利用調整区域。,,,A,"市街化区域・調整区域に区分されない区域。開発許可の面積基準（3,000㎡等）が線引き区域と異なるため数字で区別します。肢では「12条で線引きされていない区域／開発許可の面積基準／市街化・調整区域との違い／準都市計画区域との比較」のいずれかが正誤の分かれ目になりやすいです。",非線引き区域とは,非線引き区域：用途地域だけ指定されていない土地利用調整区域。,"非線引き区域：用途地域だけ指定されていない土地利用調整区域。市街化区域・調整区域に区分されない区域。開発許可の面積基準（3,000㎡等）が線引き区域と異なるため数字で区別します。法令上の制限では数値（面積・幅員・率）と区域・号別の組み合わせが頻出するため、「どの法令の・どの区域で・何が必要か」を三段で覚えると安定します。",12条で線引きされていない区域;開発許可の面積基準;市街化・調整区域との違い;準都市計画区域との比較,,「非線引き区域：用途地域だけ指定されていない土地利」を起点に、非線引き区域の表を作って関連用語と並べる。,【学習確認】非線引き区域について、次のうち試験で押さえるべき説明として適切なものはどれか。,要点は「肢では「非線引き区域：用途地域だけ指定されていない土地利用調整区域」です。法令上の制限分野の関連用語・過去問演習ページで、条文番号と数値をセットで復習してください。,非線引き区域とは何ですか？,"非線引き区域（ひせんいんきくいき）とは、非線引き区域の概要。非線引き区域：用途地域だけ指定されていない土地利用調整区域。開発3,000㎡以上等の開発許可要件を都市計画法とセットで。",非線引き区域は試験でどう押さえればよいですか？,"まず非線引き区域：用途地域だけ指定されていない土地利用調整区域。開発3,000㎡以上等の開発許可要件を都市計画法とセットで。。 詳しくは、肢では「非線引き区域：用途地域だけ指定されていない土地利用調整区域。開発3,000㎡以上等の開発許可要件を都市計画法とセットで。」のいずれかが正誤の分かれ目になりやすいです。特に区域・用途・数値（面積・率・幅員）の組み合わせ誤り。例外規定との区別が問われる。"
準都市計画区域,じゅんとしけいかくくいき,法令上の制限,法令上の制限,"準都市計画区域：都市計画法上の位置付けと開発許可3,000㎡ルール（開発関連と同じ表）。","準都市計画区域：都市計画法上の位置付けと開発許可3,000㎡ルール（開発関連と同じ表）。",,,A,都市計画区域外で市街地化が見込まれる区域。開発許可の面積基準・土地利用の規制が非線引き区域等と異なります。肢では「都市計画区域外／開発許可の基準／市街化区域外の規制／非線引き・線引き区域との比較」のいずれかが正誤の分かれ目になりやすいです。,準都市計画区域とは,"準都市計画区域：都市計画法上の位置付けと開発許可3,000㎡ルール（開発関連と同じ表）。","準都市計画区域：都市計画法上の位置付けと開発許可3,000㎡ルール（開発関連と同じ表）。都市計画区域外で市街地化が見込まれる区域。開発許可の面積基準・土地利用の規制が非線引き区域等と異なります。法令上の制限では数値（面積・幅員・率）と区域・号別の組み合わせが頻出するため、「どの法令の・どの区域で・何が必要か」を三段で覚えると安定します。",都市計画区域外;開発許可の基準;市街化区域外の規制;非線引き・線引き区域との比較,,「準都市計画区域：都市計画法上の位置付けと開発許可」を起点に、準都市計画区域の表を作って関連用語と並べる。,（2025年 第35問）都市計画に関する次の記述のうち、正しいものはどれか。,正答は選択肢2です。用語「準都市計画区域」が問われた過去問のため、解説と条文の対応を確認してください。,準都市計画区域とは何ですか？,"準都市計画区域（じゅんとしけいかくくいき）とは、準都市計画区域の概要。準都市計画区域：都市計画法上の位置付けと開発許可3,000㎡ルール（開発関連と同じ表）。市街化予定との混同禁止。",準都市計画区域は試験でどう押さえればよいですか？,"まず準都市計画区域：都市計画法上の位置付けと開発許可3,000㎡ルール（開発関連と同じ表）。市街化予定との混同禁止。。 詳しくは、肢では「準都市計画区域：都市計画法上の位置付けと開発許可3,000㎡ルール（開発関連と同じ表）。市街化予定との混同禁止。」のいずれかが正誤の分かれ目になりやすいです。特に区域・用途・数値（面積・率・幅員）の組み合わせ誤り。例外規定との区別が問われる。"
建築協定・地区計画等の関係,けんちくきょうてい・ちくけいかくとのかんけい,法令上の制限,法令上の制限,建築協定（建築法68条等）と地区計画・都市計画の優先関係。,建築協定（建築法68条等）と地区計画・都市計画の優先関係。,,,A,"建築協定（建築法68条等）と地区計画・都市計画の優先関係。法令上の制限では「どの法令の・どの区域で・何が必要か」を三段で覚えるとよいです。数値と例外規定の区別が問われます。

肢では「例外規定との区別が問われる／例外規定との区別が問われる／例外規定との区別が問われる」のいずれかが正誤の分かれ目になりやすいです。

特に区域・用途・数値（面積・率・幅員）の組み合わせ誤り。例外規定との区別が問われる。",建築協定・地区計画等の関係とは,建築協定（建築法68条等）と地区計画・都市計画の優先関係。,"建築協定（建築法68条等）と地区計画・都市計画の優先関係。

建築協定（建築法68条等）と地区計画・都市計画の優先関係。法令上の制限では「どの法令の・どの区域で・何が必要か」を三段で覚えるとよいです。数値と例外規定の区別が問われます。

法令上の制限では数値（面積・幅員・率）と区域・号別の組み合わせが頻出するため、「どの法令の・どの区域で・何が必要か」を三段で覚えると安定します。",例外規定との区別が問われる;例外規定との区別が問われる;例外規定との区別が問われる,区域・用途・数値（面積・率・幅員）の組み合わせ誤り。例外規定との区別が問われる。,「建築協定（建築法68条等）と地区計画・都市計画の」を起点に、建築協定・地区計画等の関係の表を作って関連用語と並べる。,（2015年 第18問）建築基準法についての以下の記述のうち、誤っているものを選びなさい。,正答は選択肢2です。用語「建築協定・地区計画等の関係」が問われた過去問のため、解説と条文の対応を確認してください。,建築協定・地区計画等の関係とは何ですか？,建築協定・地区計画等の関係（けんちくきょうてい・ちくけいかくとのかんけい）とは、建築協定・地区計画等の関係の概要。建築協定（建築法68条等）と地区計画・都市計画の優先関係。条例による条例建築・景観条例との重なり。,建築協定・地区計画等の関係は試験でどう押さえればよいですか？,まず建築協定（建築法68条等）と地区計画・都市計画の優先関係。条例による条例建築・景観条例との重なり。。 詳しくは、肢では「建築協定（建築法68条等）と地区計画・都市計画の優先関係。条例による条例建築・景観条例との重なり。」のいずれかが正誤の分かれ目になりやすいです。特に区域・用途・数値（面積・率・幅員）の組み合わせ誤り。例外規定との区別が問われる。
河川区域・堤外地,かせんくいき・ていがいち,法令上の制限,法令上の制限,河川法：河川区域・河川敷と建築制限。,河川法：河川区域・河川敷と建築制限。,,,A,"河川法：河川区域・河川敷と建築制限。法令上の制限では「どの法令の・どの区域で・何が必要か」を三段で覚えるとよいです。数値と例外規定の区別が問われます。

肢では「河川法：河川区域・河川敷と建築制限／例外規定との区別が問われる」のいずれかが正誤の分かれ目になりやすいです。

特に区域・用途・数値（面積・率・幅員）の組み合わせ誤り。例外規定との区別が問われる。",河川区域・堤外地とは,河川法：河川区域・河川敷と建築制限。,"河川法：河川区域・河川敷と建築制限。

河川法：河川区域・河川敷と建築制限。法令上の制限では「どの法令の・どの区域で・何が必要か」を三段で覚えるとよいです。数値と例外規定の区別が問われます。

法令上の制限では数値（面積・幅員・率）と区域・号別の組み合わせが頻出するため、「どの法令の・どの区域で・何が必要か」を三段で覚えると安定します。",河川法：河川区域・河川敷と建築制限;例外規定との区別が問われる,区域・用途・数値（面積・率・幅員）の組み合わせ誤り。例外規定との区別が問われる。,「河川法：河川区域・河川敷と建築制限。堤外地の埋立」を起点に、河川区域・堤外地の表を作って関連用語と並べる。,（2013年 第22問）以下の記述のうち、正しいものを選びなさい。,正答は選択肢2です。用語「河川区域・堤外地」が問われた過去問のため、解説と条文の対応を確認してください。,河川区域・堤外地とは何ですか？,河川区域・堤外地（かせんくいき・ていがいち）とは、河川区域・堤外地の概要。河川法：河川区域・河川敷と建築制限。堤外地の埋立・占用許可。堤防天端からの距離制限は設問化されやすい。,河川区域・堤外地は試験でどう押さえればよいですか？,まず河川法：河川区域・河川敷と建築制限。堤外地の埋立・占用許可。堤防天端からの距離制限は設問化されやすい。。 詳しくは、肢では「河川法：河川区域・河川敷と建築制限。堤外地の埋立・占用許可。堤防天端からの距離制限は設問化されやすい。」のいずれかが正誤の分かれ目になりやすいです。特に区域・用途・数値（面積・率・幅員）の組み合わせ誤り。例外規定との区別が問われる。
土砂災害警戒区域,どしゃさいがいけいかいくいき,法令上の制限,法令上の制限,土砂災害警戒区域：黄色・赤色の区分、建築制限・届出（土砂災害防止法）。,土砂災害警戒区域：黄色・赤色の区分、建築制限・届出（土砂災害防止法）。,,,A,土砂災害防止対策推進法に基づく警戒区域・特別警戒区域。建築物の構造規制・届出・勧告・立入検査が宅建で問われます。肢では「警戒区域と特別警戒区域／建築物の構造規制／届出・勧告／宅建の重説・37条との関係」のいずれかが正誤の分かれ目になりやすいです。,土砂災害警戒区域とは,土砂災害警戒区域：黄色・赤色の区分、建築制限・届出（土砂災害防止法）。,土砂災害警戒区域：黄色・赤色の区分、建築制限・届出（土砂災害防止法）。土砂災害防止対策推進法に基づく警戒区域・特別警戒区域。建築物の構造規制・届出・勧告・立入検査が宅建で問われます。法令上の制限では数値（面積・幅員・率）と区域・号別の組み合わせが頻出するため、「どの法令の・どの区域で・何が必要か」を三段で覚えると安定します。,警戒区域と特別警戒区域;建築物の構造規制;届出・勧告;宅建の重説・37条との関係,,「土砂災害警戒区域：黄色・赤色の区分、建築制限・届」を起点に、土砂災害警戒区域の表を作って関連用語と並べる。,【学習確認】土砂災害警戒区域について、次のうち試験で押さえるべき説明として適切なものはどれか。,要点は「肢では「土砂災害警戒区域：黄色・赤色の区分、建築制限・届出（土砂災害防止法）」です。法令上の制限分野の関連用語・過去問演習ページで、条文番号と数値をセットで復習してください。,土砂災害警戒区域とは何ですか？,土砂災害警戒区域（どしゃさいがいけいかいくいき）とは、土砂災害警戒区域の概要。土砂災害警戒区域：黄色・赤色の区分、建築制限・届出（土砂災害防止法）。急傾斜地崩壊危険区域（5ヘクタール基準等）と比較。,土砂災害警戒区域は試験でどう押さえればよいですか？,まず土砂災害警戒区域：黄色・赤色の区分、建築制限・届出（土砂災害防止法）。急傾斜地崩壊危険区域（5ヘクタール基準等）と比較。。 詳しくは、肢では「土砂災害警戒区域：黄色・赤色の区分、建築制限・届出（土砂災害防止法）。急傾斜地崩壊危険区域（5ヘクタール基準等）と比較。」のいずれかが正誤の分かれ目になりやすいです。特に区域・用途・数値（面積・率・幅員）の組み合わせ誤り。例外規定との区別が問われる。
津波・高潮対策区域,つなみ・たかしおたいさくくいき,法令上の制限,法令上の制限,津波災害警戒区域・高潮浸水想定区域：建築物の地下施設制限・避難施設等。,津波災害警戒区域・高潮浸水想定区域：建築物の地下施設制限・避難施設等。,,,A,"津波災害警戒区域・高潮浸水想定区域：建築物の地下施設制限・避難施設等。法令上の制限では「どの法令の・どの区域で・何が必要か」を三段で覚えるとよいです。数値と例外規定の区別が問われます。

肢では「津波災害警戒区域・高潮浸水想定区域：建築物の地下施設制限・避難施設等／例外規定との区別が問われる」のいずれかが正誤の分かれ目になりやすいです。

特に区域・用途・数値（面積・率・幅員）の組み合わせ誤り。例外規定との区別が問われる。",津波・高潮対策区域とは,津波災害警戒区域・高潮浸水想定区域：建築物の地下施設制限・避難施設等。,"津波災害警戒区域・高潮浸水想定区域：建築物の地下施設制限・避難施設等。

津波災害警戒区域・高潮浸水想定区域：建築物の地下施設制限・避難施設等。法令上の制限では「どの法令の・どの区域で・何が必要か」を三段で覚えるとよいです。数値と例外規定の区別が問われます。

法令上の制限では数値（面積・幅員・率）と区域・号別の組み合わせが頻出するため、「どの法令の・どの区域で・何が必要か」を三段で覚えると安定します。",津波災害警戒区域・高潮浸水想定区域：建築物の地下施設制限・避難施設等;例外規定との区別が問われる,区域・用途・数値（面積・率・幅員）の組み合わせ誤り。例外規定との区別が問われる。,「津波災害警戒区域・高潮浸水想定区域：建築物の地下」を起点に、津波・高潮対策区域の表を作って関連用語と並べる。,【学習確認】津波・高潮対策区域について、次のうち試験で押さえるべき説明として適切なものはどれか。,要点は「肢では「津波災害警戒区域・高潮浸水想定区域：建築物の地下施設制限・避難施設等」です。法令上の制限分野の関連用語・過去問演習ページで、条文番号と数値をセットで復習してください。,津波・高潮対策区域とは何ですか？,津波・高潮対策区域（つなみ・たかしおたいさくくいき）とは、津波・高潮対策区域の概要。津波災害警戒区域・高潮浸水想定区域：建築物の地下施設制限・避難施設等。防災集団移転促進事業とも概説で。,津波・高潮対策区域は試験でどう押さえればよいですか？,まず津波災害警戒区域・高潮浸水想定区域：建築物の地下施設制限・避難施設等。防災集団移転促進事業とも概説で。。 詳しくは、肢では「津波災害警戒区域・高潮浸水想定区域：建築物の地下施設制限・避難施設等。防災集団移転促進事業とも概説で。」のいずれかが正誤の分かれ目になりやすいです。特に区域・用途・数値（面積・率・幅員）の組み合わせ誤り。例外規定との区別が問われる。
自然公園・保全地域,しぜんこうえん・ほぜんちいき,法令上の制限,法令上の制限,自然公園法：特別地域・特別保護地区での行為制限。,自然公園法：特別地域・特別保護地区での行為制限。,,,A,"自然公園法：特別地域・特別保護地区での行為制限。法令上の制限では「どの法令の・どの区域で・何が必要か」を三段で覚えるとよいです。数値と例外規定の区別が問われます。

肢では「例外規定との区別が問われる／例外規定との区別が問われる／例外規定との区別が問われる」のいずれかが正誤の分かれ目になりやすいです。

特に区域・用途・数値（面積・率・幅員）の組み合わせ誤り。例外規定との区別が問われる。",自然公園・保全地域とは,自然公園法：特別地域・特別保護地区での行為制限。,"自然公園法：特別地域・特別保護地区での行為制限。

自然公園法：特別地域・特別保護地区での行為制限。法令上の制限では「どの法令の・どの区域で・何が必要か」を三段で覚えるとよいです。数値と例外規定の区別が問われます。

法令上の制限では数値（面積・幅員・率）と区域・号別の組み合わせが頻出するため、「どの法令の・どの区域で・何が必要か」を三段で覚えると安定します。",例外規定との区別が問われる;例外規定との区別が問われる;例外規定との区別が問われる,区域・用途・数値（面積・率・幅員）の組み合わせ誤り。例外規定との区別が問われる。,「自然公園法：特別地域・特別保護地区での行為制限。」を起点に、自然公園・保全地域の表を作って関連用語と並べる。,【学習確認】自然公園・保全地域について、次のうち試験で押さえるべき説明として適切なものはどれか。,要点は「肢では「自然公園法：特別地域・特別保護地区での行為制限」です。法令上の制限分野の関連用語・過去問演習ページで、条文番号と数値をセットで復習してください。,自然公園・保全地域とは何ですか？,自然公園・保全地域（しぜんこうえん・ほぜんちいき）とは、自然公園・保全地域の概要。自然公園法：特別地域・特別保護地区での行為制限。文化財保護法の史跡名勝天然記念物と混同肢。,自然公園・保全地域は試験でどう押さえればよいですか？,まず自然公園法：特別地域・特別保護地区での行為制限。文化財保護法の史跡名勝天然記念物と混同肢。。 詳しくは、肢では「自然公園法：特別地域・特別保護地区での行為制限。文化財保護法の史跡名勝天然記念物と混同肢。」のいずれかが正誤の分かれ目になりやすいです。特に区域・用途・数値（面積・率・幅員）の組み合わせ誤り。例外規定との区別が問われる。
文化財保護法の規制,ぶんかざいほごほうのきせい,法令上の制限,法令上の制限,文化財保護法：史跡・伝統的建造物群保存地区の行為制限、届出・許可。,文化財保護法：史跡・伝統的建造物群保存地区の行為制限、届出・許可。,,,A,"文化財保護法：史跡・伝統的建造物群保存地区の行為制限、届出・許可。法令上の制限では「どの法令の・どの区域で・何が必要か」を三段で覚えるとよいです。数値と例外規定の区別が問われます。

肢では「文化財保護法：史跡・伝統的建造物群保存地区の行為制限、届出・許可／例外規定との区別が問われる」のいずれかが正誤の分かれ目になりやすいです。

特に区域・用途・数値（面積・率・幅員）の組み合わせ誤り。例外規定との区別が問われる。",文化財保護法の規制とは,文化財保護法：史跡・伝統的建造物群保存地区の行為制限、届出・許可。,"文化財保護法：史跡・伝統的建造物群保存地区の行為制限、届出・許可。

文化財保護法：史跡・伝統的建造物群保存地区の行為制限、届出・許可。法令上の制限では「どの法令の・どの区域で・何が必要か」を三段で覚えるとよいです。数値と例外規定の区別が問われます。

法令上の制限では数値（面積・幅員・率）と区域・号別の組み合わせが頻出するため、「どの法令の・どの区域で・何が必要か」を三段で覚えると安定します。",文化財保護法：史跡・伝統的建造物群保存地区の行為制限、届出・許可;例外規定との区別が問われる,区域・用途・数値（面積・率・幅員）の組み合わせ誤り。例外規定との区別が問われる。,「文化財保護法：史跡・伝統的建造物群保存地区の行為」を起点に、文化財保護法の規制の表を作って関連用語と並べる。,【学習確認】文化財保護法の規制について、次のうち試験で押さえるべき説明として適切なものはどれか。,要点は「肢では「文化財保護法：史跡・伝統的建造物群保存地区の行為制限、届出・許可」です。法令上の制限分野の関連用語・過去問演習ページで、条文番号と数値をセットで復習してください。,文化財保護法の規制とは何ですか？,文化財保護法の規制（ぶんかざいほごほうのきせい）とは、文化財保護法の規制の概要。文化財保護法：史跡・伝統的建造物群保存地区の行為制限、届出・許可。景観法との手続比較。,文化財保護法の規制は試験でどう押さえればよいですか？,まず文化財保護法：史跡・伝統的建造物群保存地区の行為制限、届出・許可。景観法との手続比較。。 詳しくは、肢では「文化財保護法：史跡・伝統的建造物群保存地区の行為制限、届出・許可。景観法との手続比較。」のいずれかが正誤の分かれ目になりやすいです。特に区域・用途・数値（面積・率・幅員）の組み合わせ誤り。例外規定との区別が問われる。
住宅生産確保計画区域,じゅうたくせいさんかくほけいかくくいき,法令上の制限,法令上の制限,住宅生産確保計画区域：一定規模以上の宅地開発で計画区域内かの確認。,住宅生産確保計画区域：一定規模以上の宅地開発で計画区域内かの確認。,,,A,"住宅生産確保計画区域：一定規模以上の宅地開発で計画区域内かの確認。法令上の制限では「どの法令の・どの区域で・何が必要か」を三段で覚えるとよいです。数値と例外規定の区別が問われます。

肢では「住宅生産確保計画区域：一定規模以上の宅地開発で計画区域内かの確認／例外規定との区別が問われる」のいずれかが正誤の分かれ目になりやすいです。

特に区域・用途・数値（面積・率・幅員）の組み合わせ誤り。例外規定との区別が問われる。",住宅生産確保計画区域とは,住宅生産確保計画区域：一定規模以上の宅地開発で計画区域内かの確認。,"住宅生産確保計画区域：一定規模以上の宅地開発で計画区域内かの確認。

住宅生産確保計画区域：一定規模以上の宅地開発で計画区域内かの確認。法令上の制限では「どの法令の・どの区域で・何が必要か」を三段で覚えるとよいです。数値と例外規定の区別が問われます。

法令上の制限では数値（面積・幅員・率）と区域・号別の組み合わせが頻出するため、「どの法令の・どの区域で・何が必要か」を三段で覚えると安定します。",住宅生産確保計画区域：一定規模以上の宅地開発で計画区域内かの確認;例外規定との区別が問われる,区域・用途・数値（面積・率・幅員）の組み合わせ誤り。例外規定との区別が問われる。,「住宅生産確保計画区域：一定規模以上の宅地開発で計」を起点に、住宅生産確保計画区域の表を作って関連用語と並べる。,【学習確認】住宅生産確保計画区域について、次のうち試験で押さえるべき説明として適切なものはどれか。,要点は「肢では「住宅生産確保計画区域：一定規模以上の宅地開発で計画区域内かの確認」です。法令上の制限分野の関連用語・過去問演習ページで、条文番号と数値をセットで復習してください。,住宅生産確保計画区域とは何ですか？,住宅生産確保計画区域（じゅうたくせいさんかくほけいかくくいき）とは、住宅生産確保計画区域の概要。住宅生産確保計画区域：一定規模以上の宅地開発で計画区域内かの確認。住宅・宅地開発指導要綱の数値は通知改正に追従。,住宅生産確保計画区域は試験でどう押さえればよいですか？,まず住宅生産確保計画区域：一定規模以上の宅地開発で計画区域内かの確認。住宅・宅地開発指導要綱の数値は通知改正に追従。。 詳しくは、肢では「住宅生産確保計画区域：一定規模以上の宅地開発で計画区域内かの確認。住宅・宅地開発指導要綱の数値は通知改正に追従。」のいずれかが正誤の分かれ目になりやすいです。特に区域・用途・数値（面積・率・幅員）の組み合わせ誤り。例外規定との区別が問われる。
特定用途制限地域,とくていようとせいげんちいき,法令上の制限,法令上の制限,用途地域外で特定用途を制限する地域,用途地域外で特定用途を制限する地域。,,,A,"用途地域外で特定用途を制限する地域。法令上の制限では「どの法令の・どの区域で・何が必要か」を三段で覚えるとよいです。数値と例外規定の区別が問われます。

肢では「特定用途制限地域は、用途地域が定められていない区域で一定の建築物の用途を制限する地域です／例外規定との区別が問われる」のいずれかが正誤の分かれ目になりやすいです。

特に区域・用途・数値（面積・率・幅員）の組み合わせ誤り。例外規定との区別が問われる。",特定用途制限地域とは,用途地域外で特定用途を制限する地域,"用途地域外で特定用途を制限する地域。

用途地域外で特定用途を制限する地域。法令上の制限では「どの法令の・どの区域で・何が必要か」を三段で覚えるとよいです。数値と例外規定の区別が問われます。

法令上の制限では数値（面積・幅員・率）と区域・号別の組み合わせが頻出するため、「どの法令の・どの区域で・何が必要か」を三段で覚えると安定します。",特定用途制限地域は、用途地域が定められていない区域で一定の建築物の用途を制限する地域です;例外規定との区別が問われる,区域・用途・数値（面積・率・幅員）の組み合わせ誤り。例外規定との区別が問われる。,「特定用途制限地域は、用途地域が定められていない区」を起点に、特定用途制限地域の表を作って関連用語と並べる。,（2021年 第15問）都市計画法に規定する地域地区に関する次の記述のうち、正しいものはどれか。,正答は選択肢1です。用語「特定用途制限地域」が問われた過去問のため、解説と条文の対応を確認してください。,特定用途制限地域とは何ですか？,特定用途制限地域（とくていようとせいげんちいき）とは、用途地域外で特定用途を制限する地域。特定用途制限地域は、用途地域が定められていない区域で一定の建築物の用途を制限する地域です。非線引き区域・準都市計画区域との関係を押さえます。,特定用途制限地域は試験でどう押さえればよいですか？,まず特定用途制限地域は、用途地域が定められていない区域で一定の建築物の用途を制限する地域です。非線引き区域・準都市計画区域との関係を押さえます。。 詳しくは、肢では「特定用途制限地域は、用途地域が定められていない区域で一定の建築物の用途を制限する地域です。非線引き区域・準都市計画区域との関係を押さえます。」のいずれかが正誤の分かれ目になりやすいです。特に区域・用途・数値（面積・率・幅員）の組み合わせ誤り。例外規定との区別が問われる。
防火地域・準防火地域,ぼうかちいき・じゅんぼうかちいき,法令上の制限,法令上の制限,防火地域・準防火地域：耐火建築物義務・建ぺい率緩和（建築法60–61条）。,防火地域・準防火地域：耐火建築物義務・建ぺい率緩和（建築法60–61条）。,,,A,建築基準法上の防火・準防火地域。耐火建築物の義務・建蔽率緩和（60〜61条）が問われます。準防火地域では木造建築の可否が地域条例で補完される点に注意します。肢では「防火は耐火建築物義務／建蔽率・容積率の緩和／準防火と防火の違い／延焼のおそれの規制」のいずれかが正誤の分かれ目になりやすいです。,防火地域・準防火地域とは,防火地域・準防火地域：耐火建築物義務・建ぺい率緩和（建築法60–61条）。,防火地域・準防火地域：耐火建築物義務・建ぺい率緩和（建築法60–61条）。建築基準法上の防火・準防火地域。耐火建築物の義務・建蔽率緩和（60〜61条）が問われます。準防火地域では木造建築の可否が地域条例で補完される点に注意します。法令上の制限では数値（面積・幅員・率）と区域・号別の組み合わせが頻出するため、「どの法令の・どの区域で・何が必要か」を三段で覚えると安定します。,防火は耐火建築物義務;建蔽率・容積率の緩和;準防火と防火の違い;延焼のおそれの規制,,「防火地域・準防火地域：耐火建築物義務・建ぺい率緩」を起点に、防火地域・準防火地域の表を作って関連用語と並べる。,（2025年 第37問）防火・準防火地域に関する次の記述のうち、正しいものはどれか。,正答は選択肢3です。用語「防火地域・準防火地域」が問われた過去問のため、解説と条文の対応を確認してください。,防火地域・準防火地域とは何ですか？,防火地域・準防火地域（ぼうかちいき・じゅんぼうかちいき）とは、防火地域・準防火地域の概要。防火地域・準防火地域：耐火建築物義務・建ぺい率緩和（建築法60–61条）。準防火は木造許容の可否が地域ごと条例で補強。,防火地域・準防火地域は試験でどう押さえればよいですか？,まず防火地域・準防火地域：耐火建築物義務・建ぺい率緩和（建築法60–61条）。準防火は木造許容の可否が地域ごと条例で補強。。 詳しくは、肢では「防火地域・準防火地域：耐火建築物義務・建ぺい率緩和（建築法60–61条）。準防火は木造許容の可否が地域ごと条例で補強。」のいずれかが正誤の分かれ目になりやすいです。特に区域・用途・数値（面積・率・幅員）の組み合わせ誤り。例外規定との区別が問われる。
高さの限度（絶対高さ・斜線・道路）,たかさのげんど,法令上の制限,法令上の制限,高さ限度：絶対高さ、道路斜線（道路幅÷2＋〜mの型）、北側斜線、隣地斜線の四天王。,高さ限度：絶対高さ、道路斜線（道路幅÷2＋〜mの型）、北側斜線、隣地斜線の四天王。,,,A,"高さ限度：絶対高さ、道路斜線（道路幅÷2＋〜mの型）、北側斜線、隣地斜線の四天王。法令上の制限では「どの法令の・どの区域で・何が必要か」を三段で覚えるとよいです。数値と例外規定の区別が問われます。

肢では「高さ限度：絶対高さ、道路斜線（道路幅÷2＋〜mの型）、北側斜線、隣地斜線の四天王／例外規定との区別が問われる」のいずれかが正誤の分かれ目になりやすいです。

特に区域・用途・数値（面積・率・幅員）の組み合わせ誤り。例外規定との区別が問われる。",高さの限度（絶対高さ・斜線・道路）とは,高さ限度：絶対高さ、道路斜線（道路幅÷2＋〜mの型）、北側斜線、隣地斜線の四天王。,"高さ限度：絶対高さ、道路斜線（道路幅÷2＋〜mの型）、北側斜線、隣地斜線の四天王。

高さ限度：絶対高さ、道路斜線（道路幅÷2＋〜mの型）、北側斜線、隣地斜線の四天王。法令上の制限では「どの法令の・どの区域で・何が必要か」を三段で覚えるとよいです。数値と例外規定の区別が問われます。

法令上の制限では数値（面積・幅員・率）と区域・号別の組み合わせが頻出するため、「どの法令の・どの区域で・何が必要か」を三段で覚えると安定します。",高さ限度：絶対高さ、道路斜線（道路幅÷2＋〜mの型）、北側斜線、隣地斜線の四天王;例外規定との区別が問われる,区域・用途・数値（面積・率・幅員）の組み合わせ誤り。例外規定との区別が問われる。,「高さ限度：絶対高さ、道路斜線（道路幅÷2＋〜mの」を起点に、高さの限度（絶対高さ・斜線・道路）の表を作って関連用語と並べる。,（2018年 第19問）建築基準法(以下、本問では「法」という。)についての以下の記述のうち、 誤っているものを選びなさい。,正答は選択肢2です。用語「高さの限度（絶対高さ・斜線・道路）」が問われた過去問のため、解説と条文の対応を確認してください。,高さの限度（絶対高さ・斜線・道路）とは何ですか？,高さの限度（絶対高さ・斜線・道路）（たかさのげんど）とは、高さの限度（絶対高さ・斜線・道路）の概要。高さ限度：絶対高さ、道路斜線（道路幅÷2＋〜mの型）、北側斜線、隣地斜線の四天王。係数や道路前面の定義が計算の芯。,高さの限度（絶対高さ・斜線・道路）は試験でどう押さえればよいですか？,まず高さ限度：絶対高さ、道路斜線（道路幅÷2＋〜mの型）、北側斜線、隣地斜線の四天王。係数や道路前面の定義が計算の芯。。 詳しくは、肢では「高さ限度：絶対高さ、道路斜線（道路幅÷2＋〜mの型）、北側斜線、隣地斜線の四天王。係数や道路前面の定義が計算の芯。」のいずれかが正誤の分かれ目になりやすいです。特に区域・用途・数値（面積・率・幅員）の組み合わせ誤り。例外規定との区別が問われる。
前面道路とセットバック,ぜんめんどうろとセットバック,法令上の制限,法令上の制限,セットバック：道路構造令の道路幅と前面道路の関係。,セットバック：道路構造令の道路幅と前面道路の関係。,,,A,前面道路の幅員が4m未満のとき、建築物を後退させる制度。接道義務（43条）とセットバックの計算が一体で出題されます。肢では「前面道路4m未満でセットバック／接道2mと道路幅員4mを混同しない／実効敷地面積の減少／2項道路との組み合わせ」のいずれかが正誤の分かれ目になりやすいです。,前面道路とセットバックとは,セットバック：道路構造令の道路幅と前面道路の関係。,セットバック：道路構造令の道路幅と前面道路の関係。前面道路の幅員が4m未満のとき、建築物を後退させる制度。接道義務（43条）とセットバックの計算が一体で出題されます。法令上の制限では数値（面積・幅員・率）と区域・号別の組み合わせが頻出するため、「どの法令の・どの区域で・何が必要か」を三段で覚えると安定します。,前面道路4m未満でセットバック;接道2mと道路幅員4mを混同しない;実効敷地面積の減少;2項道路との組み合わせ,,「セットバック：道路構造令の道路幅と前面道路の関係」を起点に、前面道路とセットバックの表を作って関連用語と並べる。,【学習確認】前面道路とセットバックについて、次のうち試験で押さえるべき説明として適切なものはどれか。,要点は「肢では「セットバック：道路構造令の道路幅と前面道路の関係」です。法令上の制限分野の関連用語・過去問演習ページで、条文番号と数値をセットで復習してください。,前面道路とセットバックとは何ですか？,前面道路とセットバック（ぜんめんどうろとセットバック）とは、前面道路とセットバックの概要。セットバック：道路構造令の道路幅と前面道路の関係。幅員4m未満道路に接する敷地の後退2m基準（建築法43条2項・道路法42条2項の接道義務）が頻出。,前面道路とセットバックは試験でどう押さえればよいですか？,まずセットバック：道路構造令の道路幅と前面道路の関係。幅員4m未満道路に接する敷地の後退2m基準（建築法43条2項・道路法42条2項の接道義務）が頻出。。 詳しくは、肢では「セットバック：道路構造令の道路幅と前面道路の関係。幅員4m未満道路に接する敷地の後退2m基準（建築法43条2項・道路法42条2項の接道義務）が頻出。」のいずれかが正誤の分かれ目になりやすいです。特に区域・用途・数値（面積・率・幅員）の組み合わせ誤り。例外規定との区別が問われる。
建築確認申請,けんちくかくにんしんせい,法令上の制限,法令上の制限,建築確認申請の添付図書、構造計算適合性判定、長期優良住宅・耐震等級表示。,建築確認申請の添付図書、構造計算適合性判定、長期優良住宅・耐震等級表示。,,,A,"建築確認申請の添付図書、構造計算適合性判定、長期優良住宅・耐震等級表示。法令上の制限では「どの法令の・どの区域で・何が必要か」を三段で覚えるとよいです。数値と例外規定の区別が問われます。

肢では「建築確認申請の添付図書、構造計算適合性判定、長期優良住宅・耐震等級表示／例外規定との区別が問われる」のいずれかが正誤の分かれ目になりやすいです。

特に区域・用途・数値（面積・率・幅員）の組み合わせ誤り。例外規定との区別が問われる。",建築確認申請とは,建築確認申請の添付図書、構造計算適合性判定、長期優良住宅・耐震等級表示。,"建築確認申請の添付図書、構造計算適合性判定、長期優良住宅・耐震等級表示。

建築確認申請の添付図書、構造計算適合性判定、長期優良住宅・耐震等級表示。法令上の制限では「どの法令の・どの区域で・何が必要か」を三段で覚えるとよいです。数値と例外規定の区別が問われます。

法令上の制限では数値（面積・幅員・率）と区域・号別の組み合わせが頻出するため、「どの法令の・どの区域で・何が必要か」を三段で覚えると安定します。",建築確認申請の添付図書、構造計算適合性判定、長期優良住宅・耐震等級表示;例外規定との区別が問われる,区域・用途・数値（面積・率・幅員）の組み合わせ誤り。例外規定との区別が問われる。,「建築確認申請の添付図書、構造計算適合性判定、長期」を起点に、建築確認申請の表を作って関連用語と並べる。,（2024年 第18問）宅建業者の広告に関する次の記述のうち、正しいものはどれか。,正答は選択肢3です。用語「建築確認申請」が問われた過去問のため、解説と条文の対応を確認してください。,建築確認申請とは何ですか？,建築確認申請（けんちくかくにんしんせい）とは、建築確認申請の概要。建築確認申請の添付図書、構造計算適合性判定、長期優良住宅・耐震等級表示。確認検査済証の交付と着手。,建築確認申請は試験でどう押さえればよいですか？,まず建築確認申請の添付図書、構造計算適合性判定、長期優良住宅・耐震等級表示。確認検査済証の交付と着手。。 詳しくは、肢では「建築確認申請の添付図書、構造計算適合性判定、長期優良住宅・耐震等級表示。確認検査済証の交付と着手。」のいずれかが正誤の分かれ目になりやすいです。特に区域・用途・数値（面積・率・幅員）の組み合わせ誤り。例外規定との区別が問われる。
完了検査（建築基準法）,かんりょうけんさ,法令上の制限,法令上の制限,完了検査（建築法7条）：建築主事の検査合格前に使用禁止。,完了検査（建築法7条）：建築主事の検査合格前に使用禁止。,,,A,"完了検査（建築法7条）：建築主事の検査合格前に使用禁止。法令上の制限では「どの法令の・どの区域で・何が必要か」を三段で覚えるとよいです。数値と例外規定の区別が問われます。

肢では「完了検査（建築法7条）：建築主事の検査合格前に使用禁止／例外規定との区別が問われる」のいずれかが正誤の分かれ目になりやすいです。

特に区域・用途・数値（面積・率・幅員）の組み合わせ誤り。例外規定との区別が問われる。",完了検査（建築基準法）とは,完了検査（建築法7条）：建築主事の検査合格前に使用禁止。,"完了検査（建築法7条）：建築主事の検査合格前に使用禁止。

完了検査（建築法7条）：建築主事の検査合格前に使用禁止。法令上の制限では「どの法令の・どの区域で・何が必要か」を三段で覚えるとよいです。数値と例外規定の区別が問われます。

法令上の制限では数値（面積・幅員・率）と区域・号別の組み合わせが頻出するため、「どの法令の・どの区域で・何が必要か」を三段で覚えると安定します。",完了検査（建築法7条）：建築主事の検査合格前に使用禁止;例外規定との区別が問われる,区域・用途・数値（面積・率・幅員）の組み合わせ誤り。例外規定との区別が問われる。,「完了検査（建築法7条）：建築主事の検査合格前に使」を起点に、完了検査（建築基準法）の表を作って関連用語と並べる。,（2018年 第18問）建築基準法についての以下の記述のうち、正しいものを選びなさい。,正答は選択肢3です。用語「完了検査（建築基準法）」が問われた過去問のため、解説と条文の対応を確認してください。,完了検査（建築基準法）とは何ですか？,完了検査（建築基準法）（かんりょうけんさ）とは、完了検査（建築基準法）の概要。完了検査（建築法7条）：建築主事の検査合格前に使用禁止。中間検査・定期報告特定建築物と混同。,完了検査（建築基準法）は試験でどう押さえればよいですか？,まず完了検査（建築法7条）：建築主事の検査合格前に使用禁止。中間検査・定期報告特定建築物と混同。。 詳しくは、肢では「完了検査（建築法7条）：建築主事の検査合格前に使用禁止。中間検査・定期報告特定建築物と混同。」のいずれかが正誤の分かれ目になりやすいです。特に区域・用途・数値（面積・率・幅員）の組み合わせ誤り。例外規定との区別が問われる。
既存不適格建築物,きそんふてきかくけんちくぶつ,法令上の制限,法令上の制限,既存不適格建築物：旧法免許・改修の制限、除却・移転・用途変更。,既存不適格建築物：旧法免許・改修の制限、除却・移転・用途変更。,,,A,"既存不適格建築物：旧法免許・改修の制限、除却・移転・用途変更。法令上の制限では「どの法令の・どの区域で・何が必要か」を三段で覚えるとよいです。数値と例外規定の区別が問われます。

肢では「既存不適格建築物：旧法免許・改修の制限、除却・移転・用途変更／例外規定との区別が問われる」のいずれかが正誤の分かれ目になりやすいです。

特に区域・用途・数値（面積・率・幅員）の組み合わせ誤り。例外規定との区別が問われる。",既存不適格建築物とは,既存不適格建築物：旧法免許・改修の制限、除却・移転・用途変更。,"既存不適格建築物：旧法免許・改修の制限、除却・移転・用途変更。

既存不適格建築物：旧法免許・改修の制限、除却・移転・用途変更。法令上の制限では「どの法令の・どの区域で・何が必要か」を三段で覚えるとよいです。数値と例外規定の区別が問われます。

法令上の制限では数値（面積・幅員・率）と区域・号別の組み合わせが頻出するため、「どの法令の・どの区域で・何が必要か」を三段で覚えると安定します。",既存不適格建築物：旧法免許・改修の制限、除却・移転・用途変更;例外規定との区別が問われる,区域・用途・数値（面積・率・幅員）の組み合わせ誤り。例外規定との区別が問われる。,「既存不適格建築物：旧法免許・改修の制限、除却・移」を起点に、既存不適格建築物の表を作って関連用語と並べる。,（2013年 第50問）建築の構造についての以下の記述のうち、最も適当でないものを選びなさい。,正答は選択肢4です。用語「既存不適格建築物」が問われた過去問のため、解説と条文の対応を確認してください。,既存不適格建築物とは何ですか？,既存不適格建築物（きそんふてきかくけんちくぶつ）とは、既存不適格建築物の概要。既存不適格建築物：旧法免許・改修の制限、除却・移転・用途変更。増築時の現況足切りの考え方。,既存不適格建築物は試験でどう押さえればよいですか？,まず既存不適格建築物：旧法免許・改修の制限、除却・移転・用途変更。増築時の現況足切りの考え方。。 詳しくは、肢では「既存不適格建築物：旧法免許・改修の制限、除却・移転・用途変更。増築時の現況足切りの考え方。」のいずれかが正誤の分かれ目になりやすいです。特に区域・用途・数値（面積・率・幅員）の組み合わせ誤り。例外規定との区別が問われる。
特定建築物等の定期調査,とくていけんちくぶつちょうさ,法令上の制限,法令上の制限,大規模建築物等の定期調査・建築設備等の定期検査報告（建築法12条の2等）。,大規模建築物等の定期調査・建築設備等の定期検査報告（建築法12条の2等）。,,,A,"大規模建築物等の定期調査・建築設備等の定期検査報告（建築法12条の2等）。法令上の制限では「どの法令の・どの区域で・何が必要か」を三段で覚えるとよいです。数値と例外規定の区別が問われます。

肢では「大規模建築物等の定期調査・建築設備等の定期検査報告（建築法12条の2等）／例外規定との区別が問われる」のいずれかが正誤の分かれ目になりやすいです。

特に区域・用途・数値（面積・率・幅員）の組み合わせ誤り。例外規定との区別が問われる。",特定建築物等の定期調査とは,大規模建築物等の定期調査・建築設備等の定期検査報告（建築法12条の2等）。,"大規模建築物等の定期調査・建築設備等の定期検査報告（建築法12条の2等）。

大規模建築物等の定期調査・建築設備等の定期検査報告（建築法12条の2等）。法令上の制限では「どの法令の・どの区域で・何が必要か」を三段で覚えるとよいです。数値と例外規定の区別が問われます。

法令上の制限では数値（面積・幅員・率）と区域・号別の組み合わせが頻出するため、「どの法令の・どの区域で・何が必要か」を三段で覚えると安定します。",大規模建築物等の定期調査・建築設備等の定期検査報告（建築法12条の2等）;例外規定との区別が問われる,区域・用途・数値（面積・率・幅員）の組み合わせ誤り。例外規定との区別が問われる。,「大規模建築物等の定期調査・建築設備等の定期検査報」を起点に、特定建築物等の定期調査の表を作って関連用語と並べる。,【学習確認】特定建築物等の定期調査について、次のうち試験で押さえるべき説明として適切なものはどれか。,要点は「肢では「大規模建築物等の定期調査・建築設備等の定期検査報告（建築法12条の2等）」です。法令上の制限分野の関連用語・過去問演習ページで、条文番号と数値をセットで復習してください。,特定建築物等の定期調査とは何ですか？,特定建築物等の定期調査（とくていけんちくぶつちょうさ）とは、特定建築物等の定期調査の概要。大規模建築物等の定期調査・建築設備等の定期検査報告（建築法12条の2等）。対象床面積の閾値は政令・告示で要確認。,特定建築物等の定期調査は試験でどう押さえればよいですか？,まず大規模建築物等の定期調査・建築設備等の定期検査報告（建築法12条の2等）。対象床面積の閾値は政令・告示で要確認。。 詳しくは、肢では「大規模建築物等の定期調査・建築設備等の定期検査報告（建築法12条の2等）。対象床面積の閾値は政令・告示で要確認。」のいずれかが正誤の分かれ目になりやすいです。特に区域・用途・数値（面積・率・幅員）の組み合わせ誤り。例外規定との区別が問われる。
修繕・保存に関する条例,しゅうぜん・ほぞんにかんするじょうれい,法令上の制限,法令上の制限,外観・色彩・塀高の条例（建築基準法第44条但書の範囲）。,外観・色彩・塀高の条例（建築基準法第44条但書の範囲）。,,,A,"外観・色彩・塀高の条例（建築基準法第44条但書の範囲）。法令上の制限では「どの法令の・どの区域で・何が必要か」を三段で覚えるとよいです。数値と例外規定の区別が問われます。

肢では「外観・色彩・塀高の条例（建築基準法第44条但書の範囲）／例外規定との区別が問われる」のいずれかが正誤の分かれ目になりやすいです。

特に区域・用途・数値（面積・率・幅員）の組み合わせ誤り。例外規定との区別が問われる。",修繕・保存に関する条例とは,外観・色彩・塀高の条例（建築基準法第44条但書の範囲）。,"外観・色彩・塀高の条例（建築基準法第44条但書の範囲）。

外観・色彩・塀高の条例（建築基準法第44条但書の範囲）。法令上の制限では「どの法令の・どの区域で・何が必要か」を三段で覚えるとよいです。数値と例外規定の区別が問われます。

法令上の制限では数値（面積・幅員・率）と区域・号別の組み合わせが頻出するため、「どの法令の・どの区域で・何が必要か」を三段で覚えると安定します。",外観・色彩・塀高の条例（建築基準法第44条但書の範囲）;例外規定との区別が問われる,区域・用途・数値（面積・率・幅員）の組み合わせ誤り。例外規定との区別が問われる。,「外観・色彩・塀高の条例（建築基準法第44条但書の」を起点に、修繕・保存に関する条例の表を作って関連用語と並べる。,【学習確認】修繕・保存に関する条例について、次のうち試験で押さえるべき説明として適切なものはどれか。,要点は「肢では「外観・色彩・塀高の条例（建築基準法第44条但書の範囲）」です。法令上の制限分野の関連用語・過去問演習ページで、条文番号と数値をセットで復習してください。,修繕・保存に関する条例とは何ですか？,修繕・保存に関する条例（しゅうぜん・ほぞんにかんするじょうれい）とは、修繕・保存に関する条例の概要。外観・色彩・塀高の条例（建築基準法第44条但書の範囲）。地区計画との重複適用。,修繕・保存に関する条例は試験でどう押さえればよいですか？,まず外観・色彩・塀高の条例（建築基準法第44条但書の範囲）。地区計画との重複適用。。 詳しくは、肢では「外観・色彩・塀高の条例（建築基準法第44条但書の範囲）。地区計画との重複適用。」のいずれかが正誤の分かれ目になりやすいです。特に区域・用途・数値（面積・率・幅員）の組み合わせ誤り。例外規定との区別が問われる。
公益的施設の立地調整,こうえきてきしせつのりちちょうせい,法令上の制限,法令上の制限,公益的施設の立地：学校・病院・福祉施設の計画誘導。,公益的施設の立地：学校・病院・福祉施設の計画誘導。,,,A,"公益的施設の立地：学校・病院・福祉施設の計画誘導。法令上の制限では「どの法令の・どの区域で・何が必要か」を三段で覚えるとよいです。数値と例外規定の区別が問われます。

肢では「公益的施設の立地：学校・病院・福祉施設の計画誘導／例外規定との区別が問われる」のいずれかが正誤の分かれ目になりやすいです。

特に区域・用途・数値（面積・率・幅員）の組み合わせ誤り。例外規定との区別が問われる。",公益的施設の立地調整とは,公益的施設の立地：学校・病院・福祉施設の計画誘導。,"公益的施設の立地：学校・病院・福祉施設の計画誘導。

公益的施設の立地：学校・病院・福祉施設の計画誘導。法令上の制限では「どの法令の・どの区域で・何が必要か」を三段で覚えるとよいです。数値と例外規定の区別が問われます。

法令上の制限では数値（面積・幅員・率）と区域・号別の組み合わせが頻出するため、「どの法令の・どの区域で・何が必要か」を三段で覚えると安定します。",公益的施設の立地：学校・病院・福祉施設の計画誘導;例外規定との区別が問われる,区域・用途・数値（面積・率・幅員）の組み合わせ誤り。例外規定との区別が問われる。,「公益的施設の立地：学校・病院・福祉施設の計画誘導」を起点に、公益的施設の立地調整の表を作って関連用語と並べる。,【学習確認】公益的施設の立地調整について、次のうち試験で押さえるべき説明として適切なものはどれか。,要点は「肢では「公益的施設の立地：学校・病院・福祉施設の計画誘導」です。法令上の制限分野の関連用語・過去問演習ページで、条文番号と数値をセットで復習してください。,公益的施設の立地調整とは何ですか？,公益的施設の立地調整（こうえきてきしせつのりちちょうせい）とは、公益的施設の立地調整の概要。公益的施設の立地：学校・病院・福祉施設の計画誘導。都市計画施設としての位置付けと市街地開発事業の整合。,公益的施設の立地調整は試験でどう押さえればよいですか？,まず公益的施設の立地：学校・病院・福祉施設の計画誘導。都市計画施設としての位置付けと市街地開発事業の整合。。 詳しくは、肢では「公益的施設の立地：学校・病院・福祉施設の計画誘導。都市計画施設としての位置付けと市街地開発事業の整合。」のいずれかが正誤の分かれ目になりやすいです。特に区域・用途・数値（面積・率・幅員）の組み合わせ誤り。例外規定との区別が問われる。
土地区画整理事業の換地,とちくかくせいりじぎょうのかんち,法令上の制限,法令上の制限,土地区画整理の換地計画：清算金・減歩率。,土地区画整理の換地計画：清算金・減歩率。,,,A,"土地区画整理の換地計画：清算金・減歩率。法令上の制限では「どの法令の・どの区域で・何が必要か」を三段で覚えるとよいです。数値と例外規定の区別が問われます。

肢では「土地区画整理の換地計画：清算金・減歩率／例外規定との区別が問われる」のいずれかが正誤の分かれ目になりやすいです。

特に区域・用途・数値（面積・率・幅員）の組み合わせ誤り。例外規定との区別が問われる。",土地区画整理事業の換地とは,土地区画整理の換地計画：清算金・減歩率。,"土地区画整理の換地計画：清算金・減歩率。

土地区画整理の換地計画：清算金・減歩率。法令上の制限では「どの法令の・どの区域で・何が必要か」を三段で覚えるとよいです。数値と例外規定の区別が問われます。

法令上の制限では数値（面積・幅員・率）と区域・号別の組み合わせが頻出するため、「どの法令の・どの区域で・何が必要か」を三段で覚えると安定します。",土地区画整理の換地計画：清算金・減歩率;例外規定との区別が問われる,区域・用途・数値（面積・率・幅員）の組み合わせ誤り。例外規定との区別が問われる。,「土地区画整理の換地計画：清算金・減歩率。精算前後」を起点に、土地区画整理事業の換地の表を作って関連用語と並べる。,【学習確認】土地区画整理事業の換地について、次のうち試験で押さえるべき説明として適切なものはどれか。,要点は「肢では「土地区画整理の換地計画：清算金・減歩率」です。法令上の制限分野の関連用語・過去問演習ページで、条文番号と数値をセットで復習してください。,土地区画整理事業の換地とは何ですか？,土地区画整理事業の換地（とちくかくせいりじぎょうのかんち）とは、土地区画整理事業の換地の概要。土地区画整理の換地計画：清算金・減歩率。精算前後の登記と所有権移転の流れ。,土地区画整理事業の換地は試験でどう押さえればよいですか？,まず土地区画整理の換地計画：清算金・減歩率。精算前後の登記と所有権移転の流れ。。 詳しくは、肢では「土地区画整理の換地計画：清算金・減歩率。精算前後の登記と所有権移転の流れ。」のいずれかが正誤の分かれ目になりやすいです。特に区域・用途・数値（面積・率・幅員）の組み合わせ誤り。例外規定との区別が問われる。
新住宅市街地開発事業,しんじゅうたくしがいちかいはつじぎょう,法令上の制限,法令上の制限,新住宅市街地開発事業：土地区画整理・新築市街地開発の違い。,新住宅市街地開発事業：土地区画整理・新築市街地開発の違い。,,,A,"新住宅市街地開発事業：土地区画整理・新築市街地開発の違い。法令上の制限では「どの法令の・どの区域で・何が必要か」を三段で覚えるとよいです。数値と例外規定の区別が問われます。

肢では「新住宅市街地開発事業：土地区画整理・新築市街地開発の違い／例外規定との区別が問われる」のいずれかが正誤の分かれ目になりやすいです。

特に区域・用途・数値（面積・率・幅員）の組み合わせ誤り。例外規定との区別が問われる。",新住宅市街地開発事業とは,新住宅市街地開発事業：土地区画整理・新築市街地開発の違い。,"新住宅市街地開発事業：土地区画整理・新築市街地開発の違い。

新住宅市街地開発事業：土地区画整理・新築市街地開発の違い。法令上の制限では「どの法令の・どの区域で・何が必要か」を三段で覚えるとよいです。数値と例外規定の区別が問われます。

法令上の制限では数値（面積・幅員・率）と区域・号別の組み合わせが頻出するため、「どの法令の・どの区域で・何が必要か」を三段で覚えると安定します。",新住宅市街地開発事業：土地区画整理・新築市街地開発の違い;例外規定との区別が問われる,区域・用途・数値（面積・率・幅員）の組み合わせ誤り。例外規定との区別が問われる。,「新住宅市街地開発事業：土地区画整理・新築市街地開」を起点に、新住宅市街地開発事業の表を作って関連用語と並べる。,（2015年 第31問）宅地建物取引業者が、宅地建物取引業法第35条に規定する重要事項の説明を行う場合における以下の記述のうち、宅地建物取引業法の規定に違反するものはいくつあるか。 ア 宅地の貸借の媒介の場合、当該宅地が都…,正答は選択肢2です。用語「新住宅市街地開発事業」が問われた過去問のため、解説と条文の対応を確認してください。,新住宅市街地開発事業とは何ですか？,新住宅市街地開発事業（しんじゅうたくしがいちかいはつじぎょう）とは、新住宅市街地開発事業の概要。新住宅市街地開発事業：土地区画整理・新築市街地開発の違い。施行地区・保留地の扱い。,新住宅市街地開発事業は試験でどう押さえればよいですか？,まず新住宅市街地開発事業：土地区画整理・新築市街地開発の違い。施行地区・保留地の扱い。。 詳しくは、肢では「新住宅市街地開発事業：土地区画整理・新築市街地開発の違い。施行地区・保留地の扱い。」のいずれかが正誤の分かれ目になりやすいです。特に区域・用途・数値（面積・率・幅員）の組み合わせ誤り。例外規定との区別が問われる。
臨港地区計画,りんこうちくけいかく,法令上の制限,法令上の制限,臨港地区計画：港湾区域・臨港地区と都市計画の重なり。,臨港地区計画：港湾区域・臨港地区と都市計画の重なり。,,,A,"臨港地区計画：港湾区域・臨港地区と都市計画の重なり。法令上の制限では「どの法令の・どの区域で・何が必要か」を三段で覚えるとよいです。数値と例外規定の区別が問われます。

肢では「臨港地区計画：港湾区域・臨港地区と都市計画の重なり／例外規定との区別が問われる」のいずれかが正誤の分かれ目になりやすいです。

特に区域・用途・数値（面積・率・幅員）の組み合わせ誤り。例外規定との区別が問われる。",臨港地区計画とは,臨港地区計画：港湾区域・臨港地区と都市計画の重なり。,"臨港地区計画：港湾区域・臨港地区と都市計画の重なり。

臨港地区計画：港湾区域・臨港地区と都市計画の重なり。法令上の制限では「どの法令の・どの区域で・何が必要か」を三段で覚えるとよいです。数値と例外規定の区別が問われます。

法令上の制限では数値（面積・幅員・率）と区域・号別の組み合わせが頻出するため、「どの法令の・どの区域で・何が必要か」を三段で覚えると安定します。",臨港地区計画：港湾区域・臨港地区と都市計画の重なり;例外規定との区別が問われる,区域・用途・数値（面積・率・幅員）の組み合わせ誤り。例外規定との区別が問われる。,「臨港地区計画：港湾区域・臨港地区と都市計画の重な」を起点に、臨港地区計画の表を作って関連用語と並べる。,【学習確認】臨港地区計画について、次のうち試験で押さえるべき説明として適切なものはどれか。,要点は「肢では「臨港地区計画：港湾区域・臨港地区と都市計画の重なり」です。法令上の制限分野の関連用語・過去問演習ページで、条文番号と数値をセットで復習してください。,臨港地区計画とは何ですか？,臨港地区計画（りんこうちくけいかく）とは、臨港地区計画の概要。臨港地区計画：港湾区域・臨港地区と都市計画の重なり。物流施設誘導と住環境の調整。,臨港地区計画は試験でどう押さえればよいですか？,まず臨港地区計画：港湾区域・臨港地区と都市計画の重なり。物流施設誘導と住環境の調整。。 詳しくは、肢では「臨港地区計画：港湾区域・臨港地区と都市計画の重なり。物流施設誘導と住環境の調整。」のいずれかが正誤の分かれ目になりやすいです。特に区域・用途・数値（面積・率・幅員）の組み合わせ誤り。例外規定との区別が問われる。
高度利用地区,こうどりようちく,法令上の制限,法令上の制限,土地の合理的かつ健全な高度利用を図る地区,土地の合理的かつ健全な高度利用を図る地区。,,,A,"土地の合理的かつ健全な高度利用を図る地区。法令上の制限では「どの法令の・どの区域で・何が必要か」を三段で覚えるとよいです。数値と例外規定の区別が問われます。

肢では「高度利用地区は、市街地の高度利用と都市機能更新を目的に、容積率・建ぺい率・壁面位置などを定める地区です／例外規定との区別が問われる」のいずれかが正誤の分かれ目になりやすいです。

特に区域・用途・数値（面積・率・幅員）の組み合わせ誤り。例外規定との区別が問われる。",高度利用地区とは,土地の合理的かつ健全な高度利用を図る地区,"土地の合理的かつ健全な高度利用を図る地区。

土地の合理的かつ健全な高度利用を図る地区。法令上の制限では「どの法令の・どの区域で・何が必要か」を三段で覚えるとよいです。数値と例外規定の区別が問われます。

法令上の制限では数値（面積・幅員・率）と区域・号別の組み合わせが頻出するため、「どの法令の・どの区域で・何が必要か」を三段で覚えると安定します。",高度利用地区は、市街地の高度利用と都市機能更新を目的に、容積率・建ぺい率・壁面位置などを定める地区です;例外規定との区別が問われる,区域・用途・数値（面積・率・幅員）の組み合わせ誤り。例外規定との区別が問われる。,「高度利用地区は、市街地の高度利用と都市機能更新を」を起点に、高度利用地区の表を作って関連用語と並べる。,（2016年 第16問）都市計画法についての以下の記述のうち、正しいものを選びなさい。,正答は選択肢1です。用語「高度利用地区」が問われた過去問のため、解説と条文の対応を確認してください。,高度利用地区とは何ですか？,高度利用地区（こうどりようちく）とは、土地の合理的かつ健全な高度利用を図る地区。高度利用地区は、市街地の高度利用と都市機能更新を目的に、容積率・建ぺい率・壁面位置などを定める地区です。高度地区と名称が似ているため注意します。,高度利用地区は試験でどう押さえればよいですか？,まず高度利用地区は、市街地の高度利用と都市機能更新を目的に、容積率・建ぺい率・壁面位置などを定める地区です。高度地区と名称が似ているため注意します。。 詳しくは、肢では「高度利用地区は、市街地の高度利用と都市機能更新を目的に、容積率・建ぺい率・壁面位置などを定める地区です。高度地区と名称が似ているため注意します。」のいずれかが正誤の分かれ目になりやすいです。特に区域・用途・数値（面積・率・幅員）の組み合わせ誤り。例外規定との区別が問われる。
農業振興地域・農地転用,のうぎょうしんこうちいき,法令上の制限,法令上の制限,農業振興地域・農用地区域：農地転用の抑制と都市計画農用地の関係。,農業振興地域・農用地区域：農地転用の抑制と都市計画農用地の関係。,,,A,"農業振興地域・農用地区域：農地転用の抑制と都市計画農用地の関係。法令上の制限では「どの法令の・どの区域で・何が必要か」を三段で覚えるとよいです。数値と例外規定の区別が問われます。

肢では「例外規定との区別が問われる／例外規定との区別が問われる／例外規定との区別が問われる」のいずれかが正誤の分かれ目になりやすいです。

特に区域・用途・数値（面積・率・幅員）の組み合わせ誤り。例外規定との区別が問われる。",農業振興地域・農地転用とは,農業振興地域・農用地区域：農地転用の抑制と都市計画農用地の関係。,"農業振興地域・農用地区域：農地転用の抑制と都市計画農用地の関係。

農業振興地域・農用地区域：農地転用の抑制と都市計画農用地の関係。法令上の制限では「どの法令の・どの区域で・何が必要か」を三段で覚えるとよいです。数値と例外規定の区別が問われます。

法令上の制限では数値（面積・幅員・率）と区域・号別の組み合わせが頻出するため、「どの法令の・どの区域で・何が必要か」を三段で覚えると安定します。",例外規定との区別が問われる;例外規定との区別が問われる;例外規定との区別が問われる,区域・用途・数値（面積・率・幅員）の組み合わせ誤り。例外規定との区別が問われる。,「農業振興地域・農用地区域：農地転用の抑制と都市計」を起点に、農業振興地域・農地転用の表を作って関連用語と並べる。,（2022年 第20問）農地法に関する次の記述のうち、正しいものはどれか。,正答は選択肢3です。用語「農業振興地域・農地転用」が問われた過去問のため、解説と条文の対応を確認してください。,農業振興地域・農地転用とは何ですか？,農業振興地域・農地転用（のうぎょうしんこうちいき）とは、農業振興地域・農地転用の概要。農業振興地域・農用地区域：農地転用の抑制と都市計画農用地の関係。農地法3・4・5条と二重チェック。,農業振興地域・農地転用は試験でどう押さえればよいですか？,まず農業振興地域・農用地区域：農地転用の抑制と都市計画農用地の関係。農地法3・4・5条と二重チェック。。 詳しくは、肢では「農業振興地域・農用地区域：農地転用の抑制と都市計画農用地の関係。農地法3・4・5条と二重チェック。」のいずれかが正誤の分かれ目になりやすいです。特に区域・用途・数値（面積・率・幅員）の組み合わせ誤り。例外規定との区別が問われる。
不動産取得税,ふどうさんしゅとくぜい,税・その他,税・その他,不動産を取得したときに一度だけかかる税,不動産を取得したときに一度だけかかる税。,,,A,不動産を取得したときに都道府県が課する地方税。課税標準・税率・軽減税率・共有物分割の非課税などが頻出です。肢では「取得時に課税／都道府県税／軽減税率の適用／共有物分割の特例」のいずれかが正誤の分かれ目になりやすいです。,不動産取得税とは,不動産を取得したときに一度だけかかる税,不動産を取得したときに一度だけかかる税。不動産を取得したときに都道府県が課する地方税。課税標準・税率・軽減税率・共有物分割の非課税などが頻出です。税・その他は計算問題と統計・関連法令の知識問題が混在します。用語の定義に加え、誰が納税義務者か・いつ申告するかまで確認してください。,取得時に課税;都道府県税;軽減税率の適用;共有物分割の特例,,「不動産取得税：標準税率4%だが軽減により住宅・用」を起点に、不動産取得税の表を作って関連用語と並べる。,（2024年 第43問）不動産取得税に関する次の記述のうち、正しいものはどれか。,正答は選択肢2です。用語「不動産取得税」が問われた過去問のため、解説と条文の対応を確認してください。,不動産取得税とは何ですか？,"不動産取得税（ふどうさんしゅとくぜい）とは、不動産を取得したときに一度だけかかる税。不動産取得税：標準税率4%だが軽減により住宅・用地は3%が原則イメージ（地方税法の特例）。新築住宅は一定控除あり（認定長期優良住宅1,300万円、その他長期優良・低炭素・ZEH水準など1,200万円等の控除―年度・要件は教材要確認）。相続・法人合併等は非課税事由。",不動産取得税は試験でどう押さえればよいですか？,"まず不動産取得税：標準税率4%だが軽減により住宅・用地は3%が原則イメージ（地方税法の特例）。新築住宅は一定控除あり（認定長期優良住宅1,300万円、その他長期優良・低炭素・ZEH水準など1,200万円等の控除―年度・要件は教材要確認）。相続・法人合併等は非課税事由。。 詳しくは、肢では「不動産取得税：標準税率4%だが軽減により住宅・用地は3%が原則イメージ（地方税法の特例）。新築住宅は一定控除あり（認定長期優良住宅1,300万円、その他長期優良・低炭素・ZEH水準など1,200万円等の控除―年度・要件は教材要確認）。相続・法人合併等は非課税事由。」のいずれかが正誤の分かれ目になりやすいです。特に課税主体・申告期限・税率・控除の要件の混同。計算問題では算式の順序を誤りや…"
固定資産税,こていしさんぜい,税・その他,税・その他,毎年1月1日の所有者に課税される税,毎年1月1日の所有者に課税される税。,,,A,市町村が課する地方税。1月1日時点の所有者が納税義務者で、課税標準・軽減措置・納付方法（公租公課）が宅建で頻出です。肢では「1月1日の所有者が納税義務者／課税標準は固定資産評価額／新築住宅の軽減・住宅用地特例／都市計画税との違い」のいずれかが正誤の分かれ目になりやすいです。,固定資産税とは,毎年1月1日の所有者に課税される税,毎年1月1日の所有者に課税される税。市町村が課する地方税。1月1日時点の所有者が納税義務者で、課税標準・軽減措置・納付方法（公租公課）が宅建で頻出です。税・その他は計算問題と統計・関連法令の知識問題が混在します。用語の定義に加え、誰が納税義務者か・いつ申告するかまで確認してください。,1月1日の所有者が納税義務者;課税標準は固定資産評価額;新築住宅の軽減・住宅用地特例;都市計画税との違い,,「固定資産税：標準税率1.4%に市町村民税〇・条例」を起点に、固定資産税の表を作って関連用語と並べる。,（2024年 第44問）固定資産税に関する次の記述のうち、正しいものはどれか。,正答は選択肢1です。用語「固定資産税」が問われた過去問のため、解説と条文の対応を確認してください。,固定資産税とは何ですか？,固定資産税（こていしさんぜい）とは、毎年1月1日の所有者に課税される税。固定資産税：標準税率1.4%に市町村民税〇・条例で変動あり。住宅用地の課税標準は「200㎡まで小規模1/6」「超える一般1/3」。賦課期日は毎年1月1日。評価替え3年サイクルのイメージで暗記。,固定資産税は試験でどう押さえればよいですか？,まず固定資産税：標準税率1.4%に市町村民税〇・条例で変動あり。住宅用地の課税標準は「200㎡まで小規模1/6」「超える一般1/3」。賦課期日は毎年1月1日。評価替え3年サイクルのイメージで暗記。。 詳しくは、肢では「固定資産税：標準税率1.4%に市町村民税〇・条例で変動あり。住宅用地の課税標準は「200㎡まで小規模1/6」「超える一般1/3」。賦課期日は毎年1月1日。評価替え3年サイクルのイメージで暗記。」のいずれかが正誤の分かれ目になりやすいです。特に課税主体・申告期限・税率・控除の要件の混同。計算問題では算式の順序を誤りやすい。
固定資産税の納付,こていしさんぜいののうふ,税・その他,税・その他,固定資産税の納期：原則4期分割（4・7・12・翌2月）の地方税。,固定資産税の納期：原則4期分割（4・7・12・翌2月）の地方税。,,,A,市町村が課する固定資産税・都市計画税の納付方法。納税義務者（1月1日時点の所有者）・公租公課・通知・納期限が頻出です。肢では「1月1日の所有者が納税義務者／固定資産税と都市計画税／公租公課としての負担／納付方法・時期」のいずれかが正誤の分かれ目になりやすいです。,固定資産税の納付とは,固定資産税の納期：原則4期分割（4・7・12・翌2月）の地方税。,固定資産税の納期：原則4期分割（4・7・12・翌2月）の地方税。市町村が課する固定資産税・都市計画税の納付方法。納税義務者（1月1日時点の所有者）・公租公課・通知・納期限が頻出です。税・その他は計算問題と統計・関連法令の知識問題が混在します。用語の定義に加え、誰が納税義務者か・いつ申告するかまで確認してください。,1月1日の所有者が納税義務者;固定資産税と都市計画税;公租公課としての負担;納付方法・時期,,「固定資産税の納期：原則4期分割（4・7・12・翌」を起点に、固定資産税の納付の表を作って関連用語と並べる。,【学習確認】固定資産税の納付について、次のうち試験で押さえるべき説明として適切なものはどれか。,要点は「肢では「固定資産税の納期：原則4期分割（4・7・12・翌2月）の地方税」です。税・その他分野の関連用語・過去問演習ページで、条文番号と数値をセットで復習してください。,固定資産税の納付とは何ですか？,固定資産税の納付（こていしさんぜいののうふ）とは、固定資産税の納付の概要。固定資産税の納期：原則4期分割（4・7・12・翌2月）の地方税。特別徴収（給与天引き）と普通徴収の違い、新築の課税開始時期を整理。,固定資産税の納付は試験でどう押さえればよいですか？,まず固定資産税の納期：原則4期分割（4・7・12・翌2月）の地方税。特別徴収（給与天引き）と普通徴収の違い、新築の課税開始時期を整理。。 詳しくは、肢では「固定資産税の納期：原則4期分割（4・7・12・翌2月）の地方税。特別徴収（給与天引き）と普通徴収の違い、新築の課税開始時期を整理。」のいずれかが正誤の分かれ目になりやすいです。特に課税主体・申告期限・税率・控除の要件の混同。計算問題では算式の順序を誤りやすい。
印紙税,いんしぜい,税・その他,税・その他,契約書などの文書に課される国税,契約書などの文書に課される国税。,,,A,契約書等の文書に課される国税。不動産売買契約書の課税標準・税率表・収入印紙の貼付が実務・試験の論点です。肢では「契約書に課税／売買の課税標準／税率の区分／電子契約との関係」のいずれかが正誤の分かれ目になりやすいです。,印紙税とは,契約書などの文書に課される国税,契約書などの文書に課される国税。契約書等の文書に課される国税。不動産売買契約書の課税標準・税率表・収入印紙の貼付が実務・試験の論点です。税・その他は計算問題と統計・関連法令の知識問題が混在します。用語の定義に加え、誰が納税義務者か・いつ申告するかまで確認してください。,契約書に課税;売買の課税標準;税率の区分;電子契約との関係,,"「印紙税：不動産売買契約書は課税（例：1,000万」を起点に、印紙税の表を作って関連用語と並べる。",（2025年 第46問）印紙税に関する次の記述のうち、正しいものはどれか。,正答は選択肢2です。用語「印紙税」が問われた過去問のため、解説と条文の対応を確認してください。,印紙税とは何ですか？,"印紙税（いんしぜい）とは、契約書などの文書に課される国税。印紙税：不動産売買契約書は課税（例：1,000万円超の売買で非課税下限1万円未満・非課税の例外を確認）。電磁的記録のみの契約は原則非課税。原本2通なら2通分。",印紙税は試験でどう押さえればよいですか？,"まず印紙税：不動産売買契約書は課税（例：1,000万円超の売買で非課税下限1万円未満・非課税の例外を確認）。電磁的記録のみの契約は原則非課税。原本2通なら2通分。。 詳しくは、肢では「印紙税：不動産売買契約書は課税（例：1,000万円超の売買で非課税下限1万円未満・非課税の例外を確認）。電磁的記録のみの契約は原則非課税。原本2通なら2通分。」のいずれかが正誤の分かれ目になりやすいです。特に課税主体・申告期限・税率・控除の要件の混同。計算問題では算式の順序を誤りやすい。"
登録免許税,とうろくめんきょぜい,税・その他,税・その他,登記を行うときに必要な国税,登記を行うときに必要な国税。,,,A,登記・登録等の手続に課される国税。所有権移転登記・抵当権設定登記の税率（固定額・課税標準）が問われます。肢では「登記・登録に課税／所有権移転の税率／抵当権設定の税率／課税標準と税率表」のいずれかが正誤の分かれ目になりやすいです。,登録免許税とは,登記を行うときに必要な国税,登記を行うときに必要な国税。登記・登録等の手続に課される国税。所有権移転登記・抵当権設定登記の税率（固定額・課税標準）が問われます。税・その他は計算問題と統計・関連法令の知識問題が混在します。用語の定義に加え、誰が納税義務者か・いつ申告するかまで確認してください。,登記・登録に課税;所有権移転の税率;抵当権設定の税率;課税標準と税率表,,「登録免許税：保存0.4%、売買譲渡2.0%、相続」を起点に、登録免許税の表を作って関連用語と並べる。,（2025年 第44問）登録免許税に関する次の記述のうち、正しいものはどれか。,正答は選択肢3です。用語「登録免許税」が問われた過去問のため、解説と条文の対応を確認してください。,登録免許税とは何ですか？,登録免許税（とうろくめんきょぜい）とは、登記を行うときに必要な国税。登録免許税：保存0.4%、売買譲渡2.0%、相続譲渡0.4%、抵当権設定0.4%（課税標準は債権額）が基本（割合は教材の表で最新確認）。住宅用の軽減（保存0.15%、売買0.3%、抵当0.1%等）は要件込みで暗記。,登録免許税は試験でどう押さえればよいですか？,まず登録免許税：保存0.4%、売買譲渡2.0%、相続譲渡0.4%、抵当権設定0.4%（課税標準は債権額）が基本（割合は教材の表で最新確認）。住宅用の軽減（保存0.15%、売買0.3%、抵当0.1%等）は要件込みで暗記。。 詳しくは、肢では「登録免許税：保存0.4%、売買譲渡2.0%、相続譲渡0.4%、抵当権設定0.4%（課税標準は債権額）が基本（割合は教材の表で最新確認）。住宅用の軽減（保存0.15%、売買0.3%、抵当0.1%等）は要件込みで暗記。」のいずれかが正誤の分かれ目になりやすいです。特に課税主体・申告期限・税率・控除の要件の混同。計算問題では算式の順序を誤りやすい。
譲渡所得（長期・短期）,じょうとしょとく,税・その他,税・その他,不動産を売ったときの利益に対する税,不動産を売ったときの利益に対する税。,,,A,不動産譲渡の所得区分。保有期間が5年超なら長期、以下なら短期（原則）。税率・特別控除・買換え特例と計算問題が結びつきます。肢では「5年超が長期（原則）／短期・長期で税率が異なる／譲渡所得の計算式／特別控除・買換え特例」のいずれかが正誤の分かれ目になりやすいです。,譲渡所得（長期・短期）とは,不動産を売ったときの利益に対する税,不動産を売ったときの利益に対する税。不動産譲渡の所得区分。保有期間が5年超なら長期、以下なら短期（原則）。税率・特別控除・買換え特例と計算問題が結びつきます。税・その他は計算問題と統計・関連法令の知識問題が混在します。用語の定義に加え、誰が納税義務者か・いつ申告するかまで確認してください。,5年超が長期（原則）;短期・長期で税率が異なる;譲渡所得の計算式;特別控除・買換え特例,,「譲渡所得税：保有5年以下「短期」（所得税30％＋」を起点に、譲渡所得（長期・短期）の表を作って関連用語と並べる。,（2025年 第43問）譲渡所得に関する次の記述のうち、正しいものはどれか。,正答は選択肢1です。用語「譲渡所得（長期・短期）」が問われた過去問のため、解説と条文の対応を確認してください。,譲渡所得（長期・短期）とは何ですか？,"譲渡所得（長期・短期）（じょうとしょとく）とは、不動産を売ったときの利益に対する税。譲渡所得税：保有5年以下「短期」（所得税30％＋住民税9％＋復興0.315%込み約39.63%）、保有5年超「長期」（15％＋5％＋復興で約20.315%※教材表）。居住用財産3,000万円特例の適用要件（売却までの期限・居住期間）は条文番号とセット。",譲渡所得（長期・短期）は試験でどう押さえればよいですか？,"まず譲渡所得税：保有5年以下「短期」（所得税30％＋住民税9％＋復興0.315%込み約39.63%）、保有5年超「長期」（15％＋5％＋復興で約20.315%※教材表）。居住用財産3,000万円特例の適用要件（売却までの期限・居住期間）は条文番号とセット。。 詳しくは、肢では「譲渡所得税：保有5年以下「短期」（所得税30％＋住民税9％＋復興0.315%込み約39.63%）、保有5年超「長期」（15％＋5％＋復興で約20.315%※教材表）。居住用財産3,000万円特例の適用要件（売却までの期限・居住期間）は条文番号とセット。」のいずれかが正誤の分かれ目になりやすいです。特に課税主体・申告期限・税率・控除の要件の混同。計算問題では算式の順序を誤りやすい。"
居住用財産の買換え特例,きょじゅうようざいさんのかいかえとくれい,税・その他,税・その他,居住用財産の買換え特例：売却後1年経過までに買換え認識、その他適用要件・特例の追認要件（税制改正に追従）。,居住用財産の買換え特例：売却後1年経過までに買換え認識、その他適用要件・特例の追認要件（税制改正に追従）。,,,A,居住用財産を譲渡した場合に、買い替えにより譲渡所得の課税を繰り延べる特例。買換えの期間・価額・適用回数が肢になります。肢では「譲渡所得の課税繰延／買換えの要件・期間／居住用財産の範囲／3000万円控除との関係」のいずれかが正誤の分かれ目になりやすいです。,居住用財産の買換え特例とは,居住用財産の買換え特例：売却後1年経過までに買換え認識、その他適用要件・特例の追認要件（税制改正に追従）。,居住用財産の買換え特例：売却後1年経過までに買換え認識、その他適用要件・特例の追認要件（税制改正に追従）。居住用財産を譲渡した場合に、買い替えにより譲渡所得の課税を繰り延べる特例。買換えの期間・価額・適用回数が肢になります。税・その他は計算問題と統計・関連法令の知識問題が混在します。用語の定義に加え、誰が納税義務者か・いつ申告するかまで確認してください。,譲渡所得の課税繰延;買換えの要件・期間;居住用財産の範囲;3000万円控除との関係,,「居住用財産の買換え特例：売却後1年経過までに買換」を起点に、居住用財産の買換え特例の表を作って関連用語と並べる。,【学習確認】居住用財産の買換え特例について、次のうち試験で押さえるべき説明として適切なものはどれか。,要点は「肢では「居住用財産の買換え特例：売却後1年経過までに買換え認識、その他適用要件・特例の追認要件（税制改正に追従）」です。税・その他分野の関連用語・過去問演習ページで、条文番号と数値をセットで復習してください。,居住用財産の買換え特例とは何ですか？,"居住用財産の買換え特例（きょじゅうようざいさんのかいかえとくれい）とは、居住用財産の買換え特例の概要。居住用財産の買換え特例：売却後1年経過までに買換え認識、その他適用要件・特例の追認要件（税制改正に追従）。3,000万控除との選択関係も。",居住用財産の買換え特例は試験でどう押さえればよいですか？,"まず居住用財産の買換え特例：売却後1年経過までに買換え認識、その他適用要件・特例の追認要件（税制改正に追従）。3,000万控除との選択関係も。。 詳しくは、肢では「居住用財産の買換え特例：売却後1年経過までに買換え認識、その他適用要件・特例の追認要件（税制改正に追従）。3,000万控除との選択関係も。」のいずれかが正誤の分かれ目になりやすいです。特に課税主体・申告期限・税率・控除の要件の混同。計算問題では算式の順序を誤りやすい。"
住宅ローン控除,じゅうたくろーんこうじょ,税・その他,税・その他,"住宅ローン減税：控除率・最大控除期間・控除対象借入金上限（省エネ等で段階）、合計所得金額3,000万円超は不可等のIncome要件。","住宅ローン減税：控除率・最大控除期間・控除対象借入金上限（省エネ等で段階）、合計所得金額3,000万円超は不可等のIncome要件。",,,A,住宅借入金等の年末残高に応じて所得税から控除される制度。適用要件・控除期間・リフォーム・中古住宅の区分を整理します。肢では「年末残高に応じて控除／適用要件・期間／新築・中古・リフォーム／所得税との関係」のいずれかが正誤の分かれ目になりやすいです。,住宅ローン控除とは,"住宅ローン減税：控除率・最大控除期間・控除対象借入金上限（省エネ等で段階）、合計所得金額3,000万円超は不可等のIncome要件。","住宅ローン減税：控除率・最大控除期間・控除対象借入金上限（省エネ等で段階）、合計所得金額3,000万円超は不可等のIncome要件。住宅借入金等の年末残高に応じて所得税から控除される制度。適用要件・控除期間・リフォーム・中古住宅の区分を整理します。税・その他は計算問題と統計・関連法令の知識問題が混在します。用語の定義に加え、誰が納税義務者か・いつ申告するかまで確認してください。",年末残高に応じて控除;適用要件・期間;新築・中古・リフォーム;所得税との関係,,「住宅ローン減税：控除率・最大控除期間・控除対象借」を起点に、住宅ローン控除の表を作って関連用語と並べる。,（2024年 第45問）居住用財産の譲渡に関する特例の記述のうち、正しいものはどれか。,正答は選択肢3です。用語「住宅ローン控除」が問われた過去問のため、解説と条文の対応を確認してください。,住宅ローン控除とは何ですか？,"住宅ローン控除（じゅうたくろーんこうじょ）とは、住宅ローン控除の概要。住宅ローン減税：控除率・最大控除期間・控除対象借入金上限（省エネ等で段階）、合計所得金額3,000万円超は不可等のIncome要件。適用開始日・転居要件を年度ごと確認。",住宅ローン控除は試験でどう押さえればよいですか？,"まず住宅ローン減税：控除率・最大控除期間・控除対象借入金上限（省エネ等で段階）、合計所得金額3,000万円超は不可等のIncome要件。適用開始日・転居要件を年度ごと確認。。 詳しくは、肢では「住宅ローン減税：控除率・最大控除期間・控除対象借入金上限（省エネ等で段階）、合計所得金額3,000万円超は不可等のIncome要件。適用開始日・転居要件を年度ごと確認。」のいずれかが正誤の分かれ目になりやすいです。特に課税主体・申告期限・税率・控除の要件の混同。計算問題では算式の順序を誤りやすい。"
住宅取得等資金の贈与税非課税,じゅうたくしゅとくとうしきん,税・その他,税・その他,"住宅取得等資金贈与の非課税：婚姻予定直系卑属からの赠与の1,000万円まで等（特例要件・申告義務は国税局通達・法令で確認）。","住宅取得等資金贈与の非課税：婚姻予定直系卑属からの赠与の1,000万円まで等（特例要件・申告義務は国税局通達・法令で確認）。",,,A,"住宅取得等資金贈与の非課税：婚姻予定直系卑属からの赠与の1,000万円まで等（特例要件・申告義務は国税局通達・法令で確認）。税・その他は課税主体・申告期限・税率・控除要件と計算手順がセットで出題されます。

肢では「住宅取得等資金贈与の非課税：婚姻予定直系卑属からの赠与の1,000万円まで等（特例要件・申告義務は国税局通達・法令で確認）／特に課税主体・申告期限・税率・控除の要件の混同」のいずれかが正誤の分かれ目になりやすいです。

特に課税主体・申告期限・税率・控除の要件の混同。計算問題では算式の順序を誤りやすい。",住宅取得等資金の贈与税非課税とは,"住宅取得等資金贈与の非課税：婚姻予定直系卑属からの赠与の1,000万円まで等（特例要件・申告義務は国税局通達・法令で確認）。","住宅取得等資金贈与の非課税：婚姻予定直系卑属からの赠与の1,000万円まで等（特例要件・申告義務は国税局通達・法令で確認）。

住宅取得等資金贈与の非課税：婚姻予定直系卑属からの赠与の1,000万円まで等（特例要件・申告義務は国税局通達・法令で確認）。税・その他は課税主体・申告期限・税率・控除要件と計算手順がセットで出題されます。

税・その他は計算問題と統計・関連法令の知識問題が混在します。用語の定義に加え、誰が納税義務者か・いつ申告するかまで確認してください。","住宅取得等資金贈与の非課税：婚姻予定直系卑属からの赠与の1,000万円まで等（特例要件・申告義務は国税局通達・法令で確認）;特に課税主体・申告期限・税率・控除の要件の混同",課税主体・申告期限・税率・控除の要件の混同。計算問題では算式の順序を誤りやすい。,「住宅取得等資金贈与の非課税：婚姻予定直系卑属から」を起点に、住宅取得等資金の贈与税非課税の表を作って関連用語と並べる。,【学習確認】住宅取得等資金の贈与税非課税について、次のうち試験で押さえるべき説明として適切なものはどれか。,"要点は「肢では「住宅取得等資金贈与の非課税：婚姻予定直系卑属からの赠与の1,000万円まで等（特例要件・申告義務は国税局通達・法令で確認）」です。税・その他分野の関連用語・過去問演習ページで、条文番号と数値をセットで復習してください。",住宅取得等資金の贈与税非課税とは何ですか？,"住宅取得等資金の贈与税非課税（じゅうたくしゅとくとうしきん）とは、住宅取得等資金の贈与税非課税の概要。住宅取得等資金贈与の非課税：婚姻予定直系卑属からの赠与の1,000万円まで等（特例要件・申告義務は国税局通達・法令で確認）。相続開始前の問題とも絡む。",住宅取得等資金の贈与税非課税は試験でどう押さえればよいですか？,"まず住宅取得等資金贈与の非課税：婚姻予定直系卑属からの赠与の1,000万円まで等（特例要件・申告義務は国税局通達・法令で確認）。相続開始前の問題とも絡む。。 詳しくは、肢では「住宅取得等資金贈与の非課税：婚姻予定直系卑属からの赠与の1,000万円まで等（特例要件・申告義務は国税局通達・法令で確認）。相続開始前の問題とも絡む。」のいずれかが正誤の分かれ目になりやすいです。特に課税主体・申告期限・税率・控除の要件の混同。計算問題では算式の順序を誤りやすい。"
相続税,そうぞくぜいきん,税・その他,税・その他,相続税：基礎控除・税額換算／累進税率。,相続税：基礎控除・税額換算／累進税率。,,,A,相続・遺贈により財産を取得した場合に課される国税。評価（土地の小規模宅地特例等）・基礎控除・税率が不動産実務と結びつきます。肢では「相続開始時に課税／財産評価／小規模宅地等の特例／基礎控除・税率」のいずれかが正誤の分かれ目になりやすいです。,相続税とは,相続税：基礎控除・税額換算／累進税率。,相続税：基礎控除・税額換算／累進税率。相続・遺贈により財産を取得した場合に課される国税。評価（土地の小規模宅地特例等）・基礎控除・税率が不動産実務と結びつきます。税・その他は計算問題と統計・関連法令の知識問題が混在します。用語の定義に加え、誰が納税義務者か・いつ申告するかまで確認してください。,相続開始時に課税;財産評価;小規模宅地等の特例;基礎控除・税率,,「相続税：基礎控除・税額換算／累進税率。特例適用地」を起点に、相続税の表を作って関連用語と並べる。,【学習確認】相続税について、次のうち試験で押さえるべき説明として適切なものはどれか。,要点は「肢では「相続税：基礎控除・税額換算／累進税率」です。税・その他分野の関連用語・過去問演習ページで、条文番号と数値をセットで復習してください。,相続税とは何ですか？,相続税（そうぞくぜいきん）とは、相続税の概要。相続税：基礎控除・税額換算／累進税率。特例適用地域の必要居住年数要件（特例税率の住宅地等）は数字暗記。申告期限10ヶ月。,相続税は試験でどう押さえればよいですか？,まず相続税：基礎控除・税額換算／累進税率。特例適用地域の必要居住年数要件（特例税率の住宅地等）は数字暗記。申告期限10ヶ月。。 詳しくは、肢では「相続税：基礎控除・税額換算／累進税率。特例適用地域の必要居住年数要件（特例税率の住宅地等）は数字暗記。申告期限10ヶ月。」のいずれかが正誤の分かれ目になりやすいです。特に課税主体・申告期限・税率・控除の要件の混同。計算問題では算式の順序を誤りやすい。
消費税と不動産,しょうひぜいとふどうさん,税・その他,税・その他,消費税：土地譲渡は非課税、建物は課税（事業者間・課税事業者かがポイント）。,消費税：土地譲渡は非課税、建物は課税（事業者間・課税事業者かがポイント）。,,,A,不動産の売買・貸付けにおける消費税の課税関係。課税・非課税・簡易課税・仕入税額控除の可否が論点になります。肢では「土地は非課税（原則）／建物は課税対象／貸付の非課税選択／仕入税額控除」のいずれかが正誤の分かれ目になりやすいです。,消費税と不動産とは,消費税：土地譲渡は非課税、建物は課税（事業者間・課税事業者かがポイント）。,消費税：土地譲渡は非課税、建物は課税（事業者間・課税事業者かがポイント）。不動産の売買・貸付けにおける消費税の課税関係。課税・非課税・簡易課税・仕入税額控除の可否が論点になります。税・その他は計算問題と統計・関連法令の知識問題が混在します。用語の定義に加え、誰が納税義務者か・いつ申告するかまで確認してください。,土地は非課税（原則）;建物は課税対象;貸付の非課税選択;仕入税額控除,,「消費税：土地譲渡は非課税、建物は課税（事業者間・」を起点に、消費税と不動産の表を作って関連用語と並べる。,【学習確認】消費税と不動産について、次のうち試験で押さえるべき説明として適切なものはどれか。,要点は「肢では「消費税：土地譲渡は非課税、建物は課税（事業者間・課税事業者かがポイント）」です。税・その他分野の関連用語・過去問演習ページで、条文番号と数値をセットで復習してください。,消費税と不動産とは何ですか？,消費税と不動産（しょうひぜいとふどうさん）とは、消費税と不動産の概要。消費税：土地譲渡は非課税、建物は課税（事業者間・課税事業者かがポイント）。仲介手数料は課税。対価の返還と税額調整。,消費税と不動産は試験でどう押さえればよいですか？,まず消費税：土地譲渡は非課税、建物は課税（事業者間・課税事業者かがポイント）。仲介手数料は課税。対価の返還と税額調整。。 詳しくは、肢では「消費税：土地譲渡は非課税、建物は課税（事業者間・課税事業者かがポイント）。仲介手数料は課税。対価の返還と税額調整。」のいずれかが正誤の分かれ目になりやすいです。特に課税主体・申告期限・税率・控除の要件の混同。計算問題では算式の順序を誤りやすい。
地価公示・不動産鑑定,ちかこうじ・ふどうさんかんてい,税・その他,税・その他,地価公示：1月1日基準、年1回公表。,地価公示：1月1日基準、年1回公表。,,,A,"地価公示：1月1日基準、年1回公表。税・その他は課税主体・申告期限・税率・控除要件と計算手順がセットで出題されます。

肢では「特に課税主体・申告期限・税率・控除の要件の混同／特に課税主体・申告期限・税率・控除の要件の混同／特に課税主体・申告期限・税率・控除の要件の混同」のいずれかが正誤の分かれ目になりやすいです。

特に課税主体・申告期限・税率・控除の要件の混同。計算問題では算式の順序を誤りやすい。",地価公示・不動産鑑定とは,地価公示：1月1日基準、年1回公表。,"地価公示：1月1日基準、年1回公表。

地価公示：1月1日基準、年1回公表。税・その他は課税主体・申告期限・税率・控除要件と計算手順がセットで出題されます。

税・その他は計算問題と統計・関連法令の知識問題が混在します。用語の定義に加え、誰が納税義務者か・いつ申告するかまで確認してください。",特に課税主体・申告期限・税率・控除の要件の混同;特に課税主体・申告期限・税率・控除の要件の混同;特に課税主体・申告期限・税率・控除の要件の混同,課税主体・申告期限・税率・控除の要件の混同。計算問題では算式の順序を誤りやすい。,「地価公示：1月1日基準、年1回公表。基準地の標準」を起点に、地価公示・不動産鑑定の表を作って関連用語と並べる。,（2025年 第47問）不動産鑑定評価に関する次の記述のうち、正しいものはどれか。,正答は選択肢2です。用語「地価公示・不動産鑑定」が問われた過去問のため、解説と条文の対応を確認してください。,地価公示・不動産鑑定とは何ですか？,地価公示・不動産鑑定（ちかこうじ・ふどうさんかんてい）とは、地価公示・不動産鑑定の概要。地価公示：1月1日基準、年1回公表。基準地の標準地価格を相続税・固定資産税評価の参考に。鑑定評価の三原則（原価・取引・収益）を肢に。,地価公示・不動産鑑定は試験でどう押さえればよいですか？,まず地価公示：1月1日基準、年1回公表。基準地の標準地価格を相続税・固定資産税評価の参考に。鑑定評価の三原則（原価・取引・収益）を肢に。。 詳しくは、肢では「地価公示：1月1日基準、年1回公表。基準地の標準地価格を相続税・固定資産税評価の参考に。鑑定評価の三原則（原価・取引・収益）を肢に。」のいずれかが正誤の分かれ目になりやすいです。特に課税主体・申告期限・税率・控除の要件の混同。計算問題では算式の順序を誤りやすい。
固定資産税の課税標準と控除,こていしさんぜいのかぜいひょうじゅん,税・その他,税・その他,固定資産税の課税標準：固定資産評価額（路線価・時価比例）。,固定資産税の課税標準：固定資産評価額（路線価・時価比例）。,,,A,"固定資産税の課税標準：固定資産評価額（路線価・時価比例）。税・その他は課税主体・申告期限・税率・控除要件と計算手順がセットで出題されます。

肢では「特に課税主体・申告期限・税率・控除の要件の混同／特に課税主体・申告期限・税率・控除の要件の混同／特に課税主体・申告期限・税率・控除の要件の混同」のいずれかが正誤の分かれ目になりやすいです。

特に課税主体・申告期限・税率・控除の要件の混同。計算問題では算式の順序を誤りやすい。",固定資産税の課税標準と控除とは,固定資産税の課税標準：固定資産評価額（路線価・時価比例）。,"固定資産税の課税標準：固定資産評価額（路線価・時価比例）。

固定資産税の課税標準：固定資産評価額（路線価・時価比例）。税・その他は課税主体・申告期限・税率・控除要件と計算手順がセットで出題されます。

税・その他は計算問題と統計・関連法令の知識問題が混在します。用語の定義に加え、誰が納税義務者か・いつ申告するかまで確認してください。",特に課税主体・申告期限・税率・控除の要件の混同;特に課税主体・申告期限・税率・控除の要件の混同;特に課税主体・申告期限・税率・控除の要件の混同,課税主体・申告期限・税率・控除の要件の混同。計算問題では算式の順序を誤りやすい。,「固定資産税の課税標準：固定資産評価額（路線価・時」を起点に、固定資産税の課税標準と控除の表を作って関連用語と並べる。,【学習確認】固定資産税の課税標準と控除について、次のうち試験で押さえるべき説明として適切なものはどれか。,要点は「肢では「固定資産税の課税標準：固定資産評価額（路線価・時価比例）」です。税・その他分野の関連用語・過去問演習ページで、条文番号と数値をセットで復習してください。,固定資産税の課税標準と控除とは何ですか？,固定資産税の課税標準と控除（こていしさんぜいのかぜいひょうじゅん）とは、固定資産税の課税標準と控除の概要。固定資産税の課税標準：固定資産評価額（路線価・時価比例）。小規模住宅用地の200㎡ライン、事業用と住居用の切替えの賦課期日。,固定資産税の課税標準と控除は試験でどう押さえればよいですか？,まず固定資産税の課税標準：固定資産評価額（路線価・時価比例）。小規模住宅用地の200㎡ライン、事業用と住居用の切替えの賦課期日。。 詳しくは、肢では「固定資産税の課税標準：固定資産評価額（路線価・時価比例）。小規模住宅用地の200㎡ライン、事業用と住居用の切替えの賦課期日。」のいずれかが正誤の分かれ目になりやすいです。特に課税主体・申告期限・税率・控除の要件の混同。計算問題では算式の順序を誤りやすい。
固定資産税評価の調整,こていしさんぜいひょうかのちょうせい,税・その他,税・その他,固定資産税の負担調整：再評価の反映、補正率、都市計画税（0.3%のイメージ・条例）との重課計算も地方税演習で。,固定資産税の負担調整：再評価の反映、補正率、都市計画税（0.3%のイメージ・条例）との重課計算も地方税演習で。,,,A,"固定資産税の負担調整：再評価の反映、補正率、都市計画税（0.3%のイメージ・条例）との重課計算も地方税演習で。税・その他は課税主体・申告期限・税率・控除要件と計算手順がセットで出題されます。

肢では「固定資産税の負担調整：再評価の反映、補正率、都市計画税（0.3%のイメージ・条例）との重課計算も地方税演習で／特に課税主体・申告期限・税率・控除の要件の混同」のいずれかが正誤の分かれ目になりやすいです。

特に課税主体・申告期限・税率・控除の要件の混同。計算問題では算式の順序を誤りやすい。",固定資産税評価の調整とは,固定資産税の負担調整：再評価の反映、補正率、都市計画税（0.3%のイメージ・条例）との重課計算も地方税演習で。,"固定資産税の負担調整：再評価の反映、補正率、都市計画税（0.3%のイメージ・条例）との重課計算も地方税演習で。

固定資産税の負担調整：再評価の反映、補正率、都市計画税（0.3%のイメージ・条例）との重課計算も地方税演習で。税・その他は課税主体・申告期限・税率・控除要件と計算手順がセットで出題されます。

税・その他は計算問題と統計・関連法令の知識問題が混在します。用語の定義に加え、誰が納税義務者か・いつ申告するかまで確認してください。",固定資産税の負担調整：再評価の反映、補正率、都市計画税（0.3%のイメージ・条例）との重課計算も地方税演習で;特に課税主体・申告期限・税率・控除の要件の混同,課税主体・申告期限・税率・控除の要件の混同。計算問題では算式の順序を誤りやすい。,「固定資産税の負担調整：再評価の反映、補正率、都市」を起点に、固定資産税評価の調整の表を作って関連用語と並べる。,【学習確認】固定資産税評価の調整について、次のうち試験で押さえるべき説明として適切なものはどれか。,要点は「肢では「固定資産税の負担調整：再評価の反映、補正率、都市計画税（0.3%のイメージ・条例）との重課計算も地方税演習で」です。税・その他分野の関連用語・過去問演習ページで、条文番号と数値をセットで復習してください。,固定資産税評価の調整とは何ですか？,固定資産税評価の調整（こていしさんぜいひょうかのちょうせい）とは、固定資産税評価の調整の概要。固定資産税の負担調整：再評価の反映、補正率、都市計画税（0.3%のイメージ・条例）との重課計算も地方税演習で。,固定資産税評価の調整は試験でどう押さえればよいですか？,まず固定資産税の負担調整：再評価の反映、補正率、都市計画税（0.3%のイメージ・条例）との重課計算も地方税演習で。。 詳しくは、肢では「固定資産税の負担調整：再評価の反映、補正率、都市計画税（0.3%のイメージ・条例）との重課計算も地方税演習で。」のいずれかが正誤の分かれ目になりやすいです。特に課税主体・申告期限・税率・控除の要件の混同。計算問題では算式の順序を誤りやすい。
取得時期と課税関係,しゅとくじきとかぜいかんけい,税・その他,税・その他,取得時期による課税関係：不動産取得税の賦課基準時、共有持分変更の増減、合併・分割との関係。,取得時期による課税関係：不動産取得税の賦課基準時、共有持分変更の増減、合併・分割との関係。,,,A,"取得時期による課税関係：不動産取得税の賦課基準時、共有持分変更の増減、合併・分割との関係。税・その他は課税主体・申告期限・税率・控除要件と計算手順がセットで出題されます。

肢では「取得時期による課税関係：不動産取得税の賦課基準時、共有持分変更の増減、合併・分割との関係／特に課税主体・申告期限・税率・控除の要件の混同」のいずれかが正誤の分かれ目になりやすいです。

特に課税主体・申告期限・税率・控除の要件の混同。計算問題では算式の順序を誤りやすい。",取得時期と課税関係とは,取得時期による課税関係：不動産取得税の賦課基準時、共有持分変更の増減、合併・分割との関係。,"取得時期による課税関係：不動産取得税の賦課基準時、共有持分変更の増減、合併・分割との関係。

取得時期による課税関係：不動産取得税の賦課基準時、共有持分変更の増減、合併・分割との関係。税・その他は課税主体・申告期限・税率・控除要件と計算手順がセットで出題されます。

税・その他は計算問題と統計・関連法令の知識問題が混在します。用語の定義に加え、誰が納税義務者か・いつ申告するかまで確認してください。",取得時期による課税関係：不動産取得税の賦課基準時、共有持分変更の増減、合併・分割との関係;特に課税主体・申告期限・税率・控除の要件の混同,課税主体・申告期限・税率・控除の要件の混同。計算問題では算式の順序を誤りやすい。,「取得時期による課税関係：不動産取得税の賦課基準時」を起点に、取得時期と課税関係の表を作って関連用語と並べる。,【学習確認】取得時期と課税関係について、次のうち試験で押さえるべき説明として適切なものはどれか。,要点は「肢では「取得時期による課税関係：不動産取得税の賦課基準時、共有持分変更の増減、合併・分割との関係」です。税・その他分野の関連用語・過去問演習ページで、条文番号と数値をセットで復習してください。,取得時期と課税関係とは何ですか？,取得時期と課税関係（しゅとくじきとかぜいかんけい）とは、取得時期と課税関係の概要。取得時期による課税関係：不動産取得税の賦課基準時、共有持分変更の増減、合併・分割との関係。,取得時期と課税関係は試験でどう押さえればよいですか？,まず取得時期による課税関係：不動産取得税の賦課基準時、共有持分変更の増減、合併・分割との関係。。 詳しくは、肢では「取得時期による課税関係：不動産取得税の賦課基準時、共有持分変更の増減、合併・分割との関係。」のいずれかが正誤の分かれ目になりやすいです。特に課税主体・申告期限・税率・控除の要件の混同。計算問題では算式の順序を誤りやすい。
譲渡所得の計算の基本,じょうとしょとくのけいさんのきほん,税・その他,税・その他,譲渡所得の計算：譲渡価額－取得費－譲渡費用、短期・長期の判定は「権利確定時」か「売却年月日」の基準日を問題文で読み分け。,譲渡所得の計算：譲渡価額－取得費－譲渡費用、短期・長期の判定は「権利確定時」か「売却年月日」の基準日を問題文で読み分け。,,,A,"譲渡所得の計算：譲渡価額－取得費－譲渡費用、短期・長期の判定は「権利確定時」か「売却年月日」の基準日を問題文で読み分け。税・その他は課税主体・申告期限・税率・控除要件と計算手順がセットで出題されます。

肢では「譲渡所得の計算：譲渡価額－取得費－譲渡費用、短期・長期の判定は「権利確定時」か「売却年月日」の基準日を問題文で読み分け／特に課税主体・申告期限・税率・控除の要件の混同」のいずれかが正誤の分かれ目になりやすいです。

特に課税主体・申告期限・税率・控除の要件の混同。計算問題では算式の順序を誤りやすい。",譲渡所得の計算の基本とは,譲渡所得の計算：譲渡価額－取得費－譲渡費用、短期・長期の判定は「権利確定時」か「売却年月日」の基準日を問題文で読み分け。,"譲渡所得の計算：譲渡価額－取得費－譲渡費用、短期・長期の判定は「権利確定時」か「売却年月日」の基準日を問題文で読み分け。

譲渡所得の計算：譲渡価額－取得費－譲渡費用、短期・長期の判定は「権利確定時」か「売却年月日」の基準日を問題文で読み分け。税・その他は課税主体・申告期限・税率・控除要件と計算手順がセットで出題されます。

税・その他は計算問題と統計・関連法令の知識問題が混在します。用語の定義に加え、誰が納税義務者か・いつ申告するかまで確認してください。",譲渡所得の計算：譲渡価額－取得費－譲渡費用、短期・長期の判定は「権利確定時」か「売却年月日」の基準日を問題文で読み分け;特に課税主体・申告期限・税率・控除の要件の混同,課税主体・申告期限・税率・控除の要件の混同。計算問題では算式の順序を誤りやすい。,「譲渡所得の計算：譲渡価額－取得費－譲渡費用、短期」を起点に、譲渡所得の計算の基本の表を作って関連用語と並べる。,【学習確認】譲渡所得の計算の基本について、次のうち試験で押さえるべき説明として適切なものはどれか。,要点は「肢では「譲渡所得の計算：譲渡価額－取得費－譲渡費用、短期・長期の判定は「権利確定時」か「売却年月日」の基準日を問題文で読み分け」です。税・その他分野の関連用語・過去問演習ページで、条文番号と数値をセットで復習してください。,譲渡所得の計算の基本とは何ですか？,譲渡所得の計算の基本（じょうとしょとくのけいさんのきほん）とは、譲渡所得の計算の基本の概要。譲渡所得の計算：譲渡価額－取得費－譲渡費用、短期・長期の判定は「権利確定時」か「売却年月日」の基準日を問題文で読み分け。,譲渡所得の計算の基本は試験でどう押さえればよいですか？,まず譲渡所得の計算：譲渡価額－取得費－譲渡費用、短期・長期の判定は「権利確定時」か「売却年月日」の基準日を問題文で読み分け。。 詳しくは、肢では「譲渡所得の計算：譲渡価額－取得費－譲渡費用、短期・長期の判定は「権利確定時」か「売却年月日」の基準日を問題文で読み分け。」のいずれかが正誤の分かれ目になりやすいです。特に課税主体・申告期限・税率・控除の要件の混同。計算問題では算式の順序を誤りやすい。
居住用財産の譲渡特例（概要）,きょじゅうようざいさんのじょうととくれい,税・その他,税・その他,"居住用財産の譲渡特例：3,000万円控除と買換え特例の関係、所有期間10年超の軽減税率（所得税10%+住民税4%のイメージ）など条件表を完成。","居住用財産の譲渡特例：3,000万円控除と買換え特例の関係、所有期間10年超の軽減税率（所得税10%+住民税4%のイメージ）など条件表を完成。",,,A,"居住用財産の譲渡特例：3,000万円控除と買換え特例の関係、所有期間10年超の軽減税率（所得税10%+住民税4%のイメージ）など条件表を完成。税・その他は課税主体・申告期限・税率・控除要件と計算手順がセットで出題されます。

肢では「居住用財産の譲渡特例：3,000万円控除と買換え特例の関係、所有期間10年超の軽減税率（所得税10%+住民税4%のイメージ）など条件表を完成／特に課税主体・申告期限・税率・控除の要件の混同」のいずれかが正誤の分かれ目になりやすいです。

特に課税主体・申告期限・税率・控除の要件の混同。計算問題では算式の順序を誤りやすい。",居住用財産の譲渡特例（概要）とは,"居住用財産の譲渡特例：3,000万円控除と買換え特例の関係、所有期間10年超の軽減税率（所得税10%+住民税4%のイメージ）など条件表を完成。","居住用財産の譲渡特例：3,000万円控除と買換え特例の関係、所有期間10年超の軽減税率（所得税10%+住民税4%のイメージ）など条件表を完成。

居住用財産の譲渡特例：3,000万円控除と買換え特例の関係、所有期間10年超の軽減税率（所得税10%+住民税4%のイメージ）など条件表を完成。税・その他は課税主体・申告期限・税率・控除要件と計算手順がセットで出題されます。

税・その他は計算問題と統計・関連法令の知識問題が混在します。用語の定義に加え、誰が納税義務者か・いつ申告するかまで確認してください。","居住用財産の譲渡特例：3,000万円控除と買換え特例の関係、所有期間10年超の軽減税率（所得税10%+住民税4%のイメージ）など条件表を完成;特に課税主体・申告期限・税率・控除の要件の混同",課税主体・申告期限・税率・控除の要件の混同。計算問題では算式の順序を誤りやすい。,"「居住用財産の譲渡特例：3,000万円控除と買換え」を起点に、居住用財産の譲渡特例（概要）の表を作って関連用語と並べる。",【学習確認】居住用財産の譲渡特例（概要）について、次のうち試験で押さえるべき説明として適切なものはどれか。,"要点は「肢では「居住用財産の譲渡特例：3,000万円控除と買換え特例の関係、所有期間10年超の軽減税率（所得税10%+住民税4%のイメージ）など条件表を完成」です。税・その他分野の関連用語・過去問演習ページで、条文番号と数値をセットで復習してください。",居住用財産の譲渡特例（概要）とは何ですか？,"居住用財産の譲渡特例（概要）（きょじゅうようざいさんのじょうととくれい）とは、居住用財産の譲渡特例（概要）の概要。居住用財産の譲渡特例：3,000万円控除と買換え特例の関係、所有期間10年超の軽減税率（所得税10%+住民税4%のイメージ）など条件表を完成。",居住用財産の譲渡特例（概要）は試験でどう押さえればよいですか？,"まず居住用財産の譲渡特例：3,000万円控除と買換え特例の関係、所有期間10年超の軽減税率（所得税10%+住民税4%のイメージ）など条件表を完成。。 詳しくは、肢では「居住用財産の譲渡特例：3,000万円控除と買換え特例の関係、所有期間10年超の軽減税率（所得税10%+住民税4%のイメージ）など条件表を完成。」のいずれかが正誤の分かれ目になりやすいです。特に課税主体・申告期限・税率・控除の要件の混同。計算問題では算式の順序を誤りやすい。"
譲渡所得と損失の繰越控除,じょうとそんしつのくりこしこうじょ,税・その他,税・その他,譲渡損失の繰越控除：居住用財産の買換え特別控除の対象外取得の損失繰越（対象年数3年等の型は教材要確認）。,譲渡損失の繰越控除：居住用財産の買換え特別控除の対象外取得の損失繰越（対象年数3年等の型は教材要確認）。,,,A,"譲渡損失の繰越控除：居住用財産の買換え特別控除の対象外取得の損失繰越（対象年数3年等の型は教材要確認）。税・その他は課税主体・申告期限・税率・控除要件と計算手順がセットで出題されます。

肢では「特に課税主体・申告期限・税率・控除の要件の混同／特に課税主体・申告期限・税率・控除の要件の混同／特に課税主体・申告期限・税率・控除の要件の混同」のいずれかが正誤の分かれ目になりやすいです。

特に課税主体・申告期限・税率・控除の要件の混同。計算問題では算式の順序を誤りやすい。",譲渡所得と損失の繰越控除とは,譲渡損失の繰越控除：居住用財産の買換え特別控除の対象外取得の損失繰越（対象年数3年等の型は教材要確認）。,"譲渡損失の繰越控除：居住用財産の買換え特別控除の対象外取得の損失繰越（対象年数3年等の型は教材要確認）。

譲渡損失の繰越控除：居住用財産の買換え特別控除の対象外取得の損失繰越（対象年数3年等の型は教材要確認）。税・その他は課税主体・申告期限・税率・控除要件と計算手順がセットで出題されます。

税・その他は計算問題と統計・関連法令の知識問題が混在します。用語の定義に加え、誰が納税義務者か・いつ申告するかまで確認してください。",特に課税主体・申告期限・税率・控除の要件の混同;特に課税主体・申告期限・税率・控除の要件の混同;特に課税主体・申告期限・税率・控除の要件の混同,課税主体・申告期限・税率・控除の要件の混同。計算問題では算式の順序を誤りやすい。,「譲渡損失の繰越控除：居住用財産の買換え特別控除の」を起点に、譲渡所得と損失の繰越控除の表を作って関連用語と並べる。,【学習確認】譲渡所得と損失の繰越控除について、次のうち試験で押さえるべき説明として適切なものはどれか。,要点は「肢では「譲渡損失の繰越控除：居住用財産の買換え特別控除の対象外取得の損失繰越（対象年数3年等の型は教材要確認）」です。税・その他分野の関連用語・過去問演習ページで、条文番号と数値をセットで復習してください。,譲渡所得と損失の繰越控除とは何ですか？,譲渡所得と損失の繰越控除（じょうとそんしつのくりこしこうじょ）とは、譲渡所得と損失の繰越控除の概要。譲渡損失の繰越控除：居住用財産の買換え特別控除の対象外取得の損失繰越（対象年数3年等の型は教材要確認）。一般に難関なので頻出は中級以上。,譲渡所得と損失の繰越控除は試験でどう押さえればよいですか？,まず譲渡損失の繰越控除：居住用財産の買換え特別控除の対象外取得の損失繰越（対象年数3年等の型は教材要確認）。一般に難関なので頻出は中級以上。。 詳しくは、肢では「譲渡損失の繰越控除：居住用財産の買換え特別控除の対象外取得の損失繰越（対象年数3年等の型は教材要確認）。一般に難関なので頻出は中級以上。」のいずれかが正誤の分かれ目になりやすいです。特に課税主体・申告期限・税率・控除の要件の混同。計算問題では算式の順序を誤りやすい。
不動産取引における消費税,ふどうさんとりひきにおけるしょうひぜい,税・その他,税・その他,不動産取引の消費税額計算：税込・税抜の逆算、課税売上割合、仕入税額控除。,不動産取引の消費税額計算：税込・税抜の逆算、課税売上割合、仕入税額控除。,,,A,"不動産取引の消費税額計算：税込・税抜の逆算、課税売上割合、仕入税額控除。税・その他は課税主体・申告期限・税率・控除要件と計算手順がセットで出題されます。

肢では「不動産取引の消費税額計算：税込・税抜の逆算、課税売上割合、仕入税額控除／特に課税主体・申告期限・税率・控除の要件の混同」のいずれかが正誤の分かれ目になりやすいです。

特に課税主体・申告期限・税率・控除の要件の混同。計算問題では算式の順序を誤りやすい。",不動産取引における消費税とは,不動産取引の消費税額計算：税込・税抜の逆算、課税売上割合、仕入税額控除。,"不動産取引の消費税額計算：税込・税抜の逆算、課税売上割合、仕入税額控除。

不動産取引の消費税額計算：税込・税抜の逆算、課税売上割合、仕入税額控除。税・その他は課税主体・申告期限・税率・控除要件と計算手順がセットで出題されます。

税・その他は計算問題と統計・関連法令の知識問題が混在します。用語の定義に加え、誰が納税義務者か・いつ申告するかまで確認してください。",不動産取引の消費税額計算：税込・税抜の逆算、課税売上割合、仕入税額控除;特に課税主体・申告期限・税率・控除の要件の混同,課税主体・申告期限・税率・控除の要件の混同。計算問題では算式の順序を誤りやすい。,「不動産取引の消費税額計算：税込・税抜の逆算、課税」を起点に、不動産取引における消費税の表を作って関連用語と並べる。,【学習確認】不動産取引における消費税について、次のうち試験で押さえるべき説明として適切なものはどれか。,要点は「肢では「不動産取引の消費税額計算：税込・税抜の逆算、課税売上割合、仕入税額控除」です。税・その他分野の関連用語・過去問演習ページで、条文番号と数値をセットで復習してください。,不動産取引における消費税とは何ですか？,不動産取引における消費税（ふどうさんとりひきにおけるしょうひぜい）とは、不動産取引における消費税の概要。不動産取引の消費税額計算：税込・税抜の逆算、課税売上割合、仕入税額控除。建物売買の契約書と申告の整合。,不動産取引における消費税は試験でどう押さえればよいですか？,まず不動産取引の消費税額計算：税込・税抜の逆算、課税売上割合、仕入税額控除。建物売買の契約書と申告の整合。。 詳しくは、肢では「不動産取引の消費税額計算：税込・税抜の逆算、課税売上割合、仕入税額控除。建物売買の契約書と申告の整合。」のいずれかが正誤の分かれ目になりやすいです。特に課税主体・申告期限・税率・控除の要件の混同。計算問題では算式の順序を誤りやすい。
相続税の財産評価（不動産）,そうぞくぜいのざいさんひょうか,税・その他,税・その他,相続税の財産評価：路線価方式・時価、未登記建物、借地権の割合控除。,相続税の財産評価：路線価方式・時価、未登記建物、借地権の割合控除。,,,A,"相続税の財産評価：路線価方式・時価、未登記建物、借地権の割合控除。税・その他は課税主体・申告期限・税率・控除要件と計算手順がセットで出題されます。

肢では「特に課税主体・申告期限・税率・控除の要件の混同／特に課税主体・申告期限・税率・控除の要件の混同／特に課税主体・申告期限・税率・控除の要件の混同」のいずれかが正誤の分かれ目になりやすいです。

特に課税主体・申告期限・税率・控除の要件の混同。計算問題では算式の順序を誤りやすい。",相続税の財産評価（不動産）とは,相続税の財産評価：路線価方式・時価、未登記建物、借地権の割合控除。,"相続税の財産評価：路線価方式・時価、未登記建物、借地権の割合控除。

相続税の財産評価：路線価方式・時価、未登記建物、借地権の割合控除。税・その他は課税主体・申告期限・税率・控除要件と計算手順がセットで出題されます。

税・その他は計算問題と統計・関連法令の知識問題が混在します。用語の定義に加え、誰が納税義務者か・いつ申告するかまで確認してください。",特に課税主体・申告期限・税率・控除の要件の混同;特に課税主体・申告期限・税率・控除の要件の混同;特に課税主体・申告期限・税率・控除の要件の混同,課税主体・申告期限・税率・控除の要件の混同。計算問題では算式の順序を誤りやすい。,「相続税の財産評価：路線価方式・時価、未登記建物、」を起点に、相続税の財産評価（不動産）の表を作って関連用語と並べる。,【学習確認】相続税の財産評価（不動産）について、次のうち試験で押さえるべき説明として適切なものはどれか。,要点は「肢では「相続税の財産評価：路線価方式・時価、未登記建物、借地権の割合控除」です。税・その他分野の関連用語・過去問演習ページで、条文番号と数値をセットで復習してください。,相続税の財産評価（不動産）とは何ですか？,相続税の財産評価（不動産）（そうぞくぜいのざいさんひょうか）とは、相続税の財産評価（不動産）の概要。相続税の財産評価：路線価方式・時価、未登記建物、借地権の割合控除。小規模宅地等の特例（80%減・50%減）の要件と面積上限。,相続税の財産評価（不動産）は試験でどう押さえればよいですか？,まず相続税の財産評価：路線価方式・時価、未登記建物、借地権の割合控除。小規模宅地等の特例（80%減・50%減）の要件と面積上限。。 詳しくは、肢では「相続税の財産評価：路線価方式・時価、未登記建物、借地権の割合控除。小規模宅地等の特例（80%減・50%減）の要件と面積上限。」のいずれかが正誤の分かれ目になりやすいです。特に課税主体・申告期限・税率・控除の要件の混同。計算問題では算式の順序を誤りやすい。
敷地権の譲渡と所得税,しきちけんのじょうととしょとくぜい,税・その他,税・その他,敷地権譲渡の所得税：譲渡所得か雑所得かの切り分け、借地権の対価の評価。,敷地権譲渡の所得税：譲渡所得か雑所得かの切り分け、借地権の対価の評価。,,,A,"敷地権譲渡の所得税：譲渡所得か雑所得かの切り分け、借地権の対価の評価。税・その他は課税主体・申告期限・税率・控除要件と計算手順がセットで出題されます。

肢では「敷地権譲渡の所得税：譲渡所得か雑所得かの切り分け、借地権の対価の評価／特に課税主体・申告期限・税率・控除の要件の混同」のいずれかが正誤の分かれ目になりやすいです。

特に課税主体・申告期限・税率・控除の要件の混同。計算問題では算式の順序を誤りやすい。",敷地権の譲渡と所得税とは,敷地権譲渡の所得税：譲渡所得か雑所得かの切り分け、借地権の対価の評価。,"敷地権譲渡の所得税：譲渡所得か雑所得かの切り分け、借地権の対価の評価。

敷地権譲渡の所得税：譲渡所得か雑所得かの切り分け、借地権の対価の評価。税・その他は課税主体・申告期限・税率・控除要件と計算手順がセットで出題されます。

税・その他は計算問題と統計・関連法令の知識問題が混在します。用語の定義に加え、誰が納税義務者か・いつ申告するかまで確認してください。",敷地権譲渡の所得税：譲渡所得か雑所得かの切り分け、借地権の対価の評価;特に課税主体・申告期限・税率・控除の要件の混同,課税主体・申告期限・税率・控除の要件の混同。計算問題では算式の順序を誤りやすい。,「敷地権譲渡の所得税：譲渡所得か雑所得かの切り分け」を起点に、敷地権の譲渡と所得税の表を作って関連用語と並べる。,【学習確認】敷地権の譲渡と所得税について、次のうち試験で押さえるべき説明として適切なものはどれか。,要点は「肢では「敷地権譲渡の所得税：譲渡所得か雑所得かの切り分け、借地権の対価の評価」です。税・その他分野の関連用語・過去問演習ページで、条文番号と数値をセットで復習してください。,敷地権の譲渡と所得税とは何ですか？,敷地権の譲渡と所得税（しきちけんのじょうととしょとくぜい）とは、敷地権の譲渡と所得税の概要。敷地権譲渡の所得税：譲渡所得か雑所得かの切り分け、借地権の対価の評価。短期長期の判定。,敷地権の譲渡と所得税は試験でどう押さえればよいですか？,まず敷地権譲渡の所得税：譲渡所得か雑所得かの切り分け、借地権の対価の評価。短期長期の判定。。 詳しくは、肢では「敷地権譲渡の所得税：譲渡所得か雑所得かの切り分け、借地権の対価の評価。短期長期の判定。」のいずれかが正誤の分かれ目になりやすいです。特に課税主体・申告期限・税率・控除の要件の混同。計算問題では算式の順序を誤りやすい。
地価公示・基準地価,ちかこうじ・きじゅんちか,税・その他,税・その他,地価公示と基準地価：公表主体の違い（国土交通省 vs 都道府県）、利用目的（相続評価・近隣比較）。,地価公示と基準地価：公表主体の違い（国土交通省 vs 都道府県）、利用目的（相続評価・近隣比較）。,,,A,"地価公示と基準地価：公表主体の違い（国土交通省 vs 都道府県）、利用目的（相続評価・近隣比較）。税・その他は課税主体・申告期限・税率・控除要件と計算手順がセットで出題されます。

肢では「地価公示と基準地価：公表主体の違い（国土交通省 vs 都道府県）、利用目的（相続評価・近隣比較）／特に課税主体・申告期限・税率・控除の要件の混同」のいずれかが正誤の分かれ目になりやすいです。

特に課税主体・申告期限・税率・控除の要件の混同。計算問題では算式の順序を誤りやすい。",地価公示・基準地価とは,地価公示と基準地価：公表主体の違い（国土交通省 vs 都道府県）、利用目的（相続評価・近隣比較）。,"地価公示と基準地価：公表主体の違い（国土交通省 vs 都道府県）、利用目的（相続評価・近隣比較）。

地価公示と基準地価：公表主体の違い（国土交通省 vs 都道府県）、利用目的（相続評価・近隣比較）。税・その他は課税主体・申告期限・税率・控除要件と計算手順がセットで出題されます。

税・その他は計算問題と統計・関連法令の知識問題が混在します。用語の定義に加え、誰が納税義務者か・いつ申告するかまで確認してください。",地価公示と基準地価：公表主体の違い（国土交通省 vs 都道府県）、利用目的（相続評価・近隣比較）;特に課税主体・申告期限・税率・控除の要件の混同,課税主体・申告期限・税率・控除の要件の混同。計算問題では算式の順序を誤りやすい。,「地価公示と基準地価：公表主体の違い（国土交通省 」を起点に、地価公示・基準地価の表を作って関連用語と並べる。,（2024年 第46問）地価公示法に関する次の記述のうち、正しいものはどれか。,正答は選択肢1です。用語「地価公示・基準地価」が問われた過去問のため、解説と条文の対応を確認してください。,地価公示・基準地価とは何ですか？,地価公示・基準地価（ちかこうじ・きじゅんちか）とは、地価公示・基準地価の概要。地価公示と基準地価：公表主体の違い（国土交通省 vs 都道府県）、利用目的（相続評価・近隣比較）。1月1日・9月の公表時期の型。,地価公示・基準地価は試験でどう押さえればよいですか？,まず地価公示と基準地価：公表主体の違い（国土交通省 vs 都道府県）、利用目的（相続評価・近隣比較）。1月1日・9月の公表時期の型。。 詳しくは、肢では「地価公示と基準地価：公表主体の違い（国土交通省 vs 都道府県）、利用目的（相続評価・近隣比較）。1月1日・9月の公表時期の型。」のいずれかが正誤の分かれ目になりやすいです。特に課税主体・申告期限・税率・控除の要件の混同。計算問題では算式の順序を誤りやすい。
住宅ローンの所得税控除と源泉,じゅうたくろーんのこうじょとげんせん,税・その他,税・その他,住宅ローン：年末調整・確定申告での控除額計算、給与の源泉と住借特別控除の重複関係。,住宅ローン：年末調整・確定申告での控除額計算、給与の源泉と住借特別控除の重複関係。,,,A,"住宅ローン：年末調整・確定申告での控除額計算、給与の源泉と住借特別控除の重複関係。税・その他は課税主体・申告期限・税率・控除要件と計算手順がセットで出題されます。

肢では「特に課税主体・申告期限・税率・控除の要件の混同／特に課税主体・申告期限・税率・控除の要件の混同／特に課税主体・申告期限・税率・控除の要件の混同」のいずれかが正誤の分かれ目になりやすいです。

特に課税主体・申告期限・税率・控除の要件の混同。計算問題では算式の順序を誤りやすい。",住宅ローンの所得税控除と源泉とは,住宅ローン：年末調整・確定申告での控除額計算、給与の源泉と住借特別控除の重複関係。,"住宅ローン：年末調整・確定申告での控除額計算、給与の源泉と住借特別控除の重複関係。

住宅ローン：年末調整・確定申告での控除額計算、給与の源泉と住借特別控除の重複関係。税・その他は課税主体・申告期限・税率・控除要件と計算手順がセットで出題されます。

税・その他は計算問題と統計・関連法令の知識問題が混在します。用語の定義に加え、誰が納税義務者か・いつ申告するかまで確認してください。",特に課税主体・申告期限・税率・控除の要件の混同;特に課税主体・申告期限・税率・控除の要件の混同;特に課税主体・申告期限・税率・控除の要件の混同,課税主体・申告期限・税率・控除の要件の混同。計算問題では算式の順序を誤りやすい。,「住宅ローン：年末調整・確定申告での控除額計算、給」を起点に、住宅ローンの所得税控除と源泉の表を作って関連用語と並べる。,【学習確認】住宅ローンの所得税控除と源泉について、次のうち試験で押さえるべき説明として適切なものはどれか。,要点は「肢では「住宅ローン：年末調整・確定申告での控除額計算、給与の源泉と住借特別控除の重複関係」です。税・その他分野の関連用語・過去問演習ページで、条文番号と数値をセットで復習してください。,住宅ローンの所得税控除と源泉とは何ですか？,住宅ローンの所得税控除と源泉（じゅうたくろーんのこうじょとげんせん）とは、住宅ローンの所得税控除と源泉の概要。住宅ローン：年末調整・確定申告での控除額計算、給与の源泉と住借特別控除の重複関係。控除期間13年・10年の制度差に注意。,住宅ローンの所得税控除と源泉は試験でどう押さえればよいですか？,まず住宅ローン：年末調整・確定申告での控除額計算、給与の源泉と住借特別控除の重複関係。控除期間13年・10年の制度差に注意。。 詳しくは、肢では「住宅ローン：年末調整・確定申告での控除額計算、給与の源泉と住借特別控除の重複関係。控除期間13年・10年の制度差に注意。」のいずれかが正誤の分かれ目になりやすいです。特に課税主体・申告期限・税率・控除の要件の混同。計算問題では算式の順序を誤りやすい。
不動産所得・譲渡所得・雑所得の区分,ふどうさんしょとくのくぶん,税・その他,税・その他,不動産所得・譲渡・雑所得の区分：賃貸の必要経費（減価償却・修繕費）、長期譲渡の分離課税、一時的な売却益の雑所得化の誤りを避ける。,不動産所得・譲渡・雑所得の区分：賃貸の必要経費（減価償却・修繕費）、長期譲渡の分離課税、一時的な売却益の雑所得化の誤りを避ける。,,,A,"不動産所得・譲渡・雑所得の区分：賃貸の必要経費（減価償却・修繕費）、長期譲渡の分離課税、一時的な売却益の雑所得化の誤りを避ける。税・その他は課税主体・申告期限・税率・控除要件と計算手順がセットで出題されます。

肢では「不動産所得・譲渡・雑所得の区分：賃貸の必要経費（減価償却・修繕費）、長期譲渡の分離課税、一時的な売却益の雑所得化の誤りを避ける／特に課税主体・申告期限・税率・控除の要件の混同」のいずれかが正誤の分かれ目になりやすいです。

特に課税主体・申告期限・税率・控除の要件の混同。計算問題では算式の順序を誤りやすい。",不動産所得・譲渡所得・雑所得の区分とは,不動産所得・譲渡・雑所得の区分：賃貸の必要経費（減価償却・修繕費）、長期譲渡の分離課税、一時的な売却益の雑所得化の誤りを避ける。,"不動産所得・譲渡・雑所得の区分：賃貸の必要経費（減価償却・修繕費）、長期譲渡の分離課税、一時的な売却益の雑所得化の誤りを避ける。

不動産所得・譲渡・雑所得の区分：賃貸の必要経費（減価償却・修繕費）、長期譲渡の分離課税、一時的な売却益の雑所得化の誤りを避ける。税・その他は課税主体・申告期限・税率・控除要件と計算手順がセットで出題されます。

税・その他は計算問題と統計・関連法令の知識問題が混在します。用語の定義に加え、誰が納税義務者か・いつ申告するかまで確認してください。",不動産所得・譲渡・雑所得の区分：賃貸の必要経費（減価償却・修繕費）、長期譲渡の分離課税、一時的な売却益の雑所得化の誤りを避ける;特に課税主体・申告期限・税率・控除の要件の混同,課税主体・申告期限・税率・控除の要件の混同。計算問題では算式の順序を誤りやすい。,「不動産所得・譲渡・雑所得の区分：賃貸の必要経費（」を起点に、不動産所得・譲渡所得・雑所得の区分の表を作って関連用語と並べる。,（2025年 第43問）譲渡所得に関する次の記述のうち、正しいものはどれか。,正答は選択肢1です。用語「不動産所得・譲渡所得・雑所得の区分」が問われた過去問のため、解説と条文の対応を確認してください。,不動産所得・譲渡所得・雑所得の区分とは何ですか？,不動産所得・譲渡所得・雑所得の区分（ふどうさんしょとくのくぶん）とは、不動産所得・譲渡所得・雑所得の区分の概要。不動産所得・譲渡・雑所得の区分：賃貸の必要経費（減価償却・修繕費）、長期譲渡の分離課税、一時的な売却益の雑所得化の誤りを避ける。,不動産所得・譲渡所得・雑所得の区分は試験でどう押さえればよいですか？,まず不動産所得・譲渡・雑所得の区分：賃貸の必要経費（減価償却・修繕費）、長期譲渡の分離課税、一時的な売却益の雑所得化の誤りを避ける。。 詳しくは、肢では「不動産所得・譲渡・雑所得の区分：賃貸の必要経費（減価償却・修繕費）、長期譲渡の分離課税、一時的な売却益の雑所得化の誤りを避ける。」のいずれかが正誤の分かれ目になりやすいです。特に課税主体・申告期限・税率・控除の要件の混同。計算問題では算式の順序を誤りやすい。
登記関係の国税のまとめ,とうきかんけいのこくぜいのまとめ,税・その他,税・その他,登記関係国税：登録免許税と印紙税の使い分け、電子登記の手数料。,登記関係国税：登録免許税と印紙税の使い分け、電子登記の手数料。,,,A,"登記関係国税：登録免許税と印紙税の使い分け、電子登記の手数料。税・その他は課税主体・申告期限・税率・控除要件と計算手順がセットで出題されます。

肢では「登記関係国税：登録免許税と印紙税の使い分け、電子登記の手数料／特に課税主体・申告期限・税率・控除の要件の混同」のいずれかが正誤の分かれ目になりやすいです。

特に課税主体・申告期限・税率・控除の要件の混同。計算問題では算式の順序を誤りやすい。",登記関係の国税のまとめとは,登記関係国税：登録免許税と印紙税の使い分け、電子登記の手数料。,"登記関係国税：登録免許税と印紙税の使い分け、電子登記の手数料。

登記関係国税：登録免許税と印紙税の使い分け、電子登記の手数料。税・その他は課税主体・申告期限・税率・控除要件と計算手順がセットで出題されます。

税・その他は計算問題と統計・関連法令の知識問題が混在します。用語の定義に加え、誰が納税義務者か・いつ申告するかまで確認してください。",登記関係国税：登録免許税と印紙税の使い分け、電子登記の手数料;特に課税主体・申告期限・税率・控除の要件の混同,課税主体・申告期限・税率・控除の要件の混同。計算問題では算式の順序を誤りやすい。,「登記関係国税：登録免許税と印紙税の使い分け、電子」を起点に、登記関係の国税のまとめの表を作って関連用語と並べる。,【学習確認】登記関係の国税のまとめについて、次のうち試験で押さえるべき説明として適切なものはどれか。,要点は「肢では「登記関係国税：登録免許税と印紙税の使い分け、電子登記の手数料」です。税・その他分野の関連用語・過去問演習ページで、条文番号と数値をセットで復習してください。,登記関係の国税のまとめとは何ですか？,登記関係の国税のまとめ（とうきかんけいのこくぜいのまとめ）とは、登記関係の国税のまとめの概要。登記関係国税：登録免許税と印紙税の使い分け、電子登記の手数料。申告納付の期限（登記申請時）を暗記。,登記関係の国税のまとめは試験でどう押さえればよいですか？,まず登記関係国税：登録免許税と印紙税の使い分け、電子登記の手数料。申告納付の期限（登記申請時）を暗記。。 詳しくは、肢では「登記関係国税：登録免許税と印紙税の使い分け、電子登記の手数料。申告納付の期限（登記申請時）を暗記。」のいずれかが正誤の分かれ目になりやすいです。特に課税主体・申告期限・税率・控除の要件の混同。計算問題では算式の順序を誤りやすい。
償却資産税,しょうきゃくしさんぜい,税・その他,税・その他,償却資産税：事業用償却資産の課税（市町村）。,償却資産税：事業用償却資産の課税（市町村）。,,,A,"償却資産税：事業用償却資産の課税（市町村）。税・その他は課税主体・申告期限・税率・控除要件と計算手順がセットで出題されます。

肢では「特に課税主体・申告期限・税率・控除の要件の混同／特に課税主体・申告期限・税率・控除の要件の混同／特に課税主体・申告期限・税率・控除の要件の混同」のいずれかが正誤の分かれ目になりやすいです。

特に課税主体・申告期限・税率・控除の要件の混同。計算問題では算式の順序を誤りやすい。",償却資産税とは,償却資産税：事業用償却資産の課税（市町村）。,"償却資産税：事業用償却資産の課税（市町村）。

償却資産税：事業用償却資産の課税（市町村）。税・その他は課税主体・申告期限・税率・控除要件と計算手順がセットで出題されます。

税・その他は計算問題と統計・関連法令の知識問題が混在します。用語の定義に加え、誰が納税義務者か・いつ申告するかまで確認してください。",特に課税主体・申告期限・税率・控除の要件の混同;特に課税主体・申告期限・税率・控除の要件の混同;特に課税主体・申告期限・税率・控除の要件の混同,課税主体・申告期限・税率・控除の要件の混同。計算問題では算式の順序を誤りやすい。,「償却資産税：事業用償却資産の課税（市町村）。耐用」を起点に、償却資産税の表を作って関連用語と並べる。,【学習確認】償却資産税について、次のうち試験で押さえるべき説明として適切なものはどれか。,要点は「肢では「償却資産税：事業用償却資産の課税（市町村）」です。税・その他分野の関連用語・過去問演習ページで、条文番号と数値をセットで復習してください。,償却資産税とは何ですか？,償却資産税（しょうきゃくしさんぜい）とは、償却資産税（概要）の概要。償却資産税：事業用償却資産の課税（市町村）。耐用年数・残存価額想定。住宅用の家屋は固定資産税側で処理が主。,償却資産税は試験でどう押さえればよいですか？,まず償却資産税：事業用償却資産の課税（市町村）。耐用年数・残存価額想定。住宅用の家屋は固定資産税側で処理が主。。 詳しくは、肢では「償却資産税：事業用償却資産の課税（市町村）。耐用年数・残存価額想定。住宅用の家屋は固定資産税側で処理が主。」のいずれかが正誤の分かれ目になりやすいです。特に課税主体・申告期限・税率・控除の要件の混同。計算問題では算式の順序を誤りやすい。
契約の成立,けいやくのせいりつ,権利関係,権利関係,申込みと承諾が合致して契約が成立する仕組み,申込みと承諾が合致して契約が成立する仕組み。,,,A,"申込みと承諾が合致して契約が成立する仕組み。権利関係では誰にどの効果が及ぶか、期間・要件の有無が問われやすいです。関連用語と条文番号を比較表にまとめてください。

肢では「権利関係では誰にどの効果が及ぶか、期間・要件の有無が問われやすいです／関連用語と条文番号を比較表にまとめてください」のいずれかが正誤の分かれ目になりやすいです。

特に類似制度（期間・要件・効力）の取り違え。条文番号と数字をセットで暗記する。",契約の成立とは,申込みと承諾が合致して契約が成立する仕組み,"申込みと承諾が合致して契約が成立する仕組み。

申込みと承諾が合致して契約が成立する仕組み。権利関係では誰にどの効果が及ぶか、期間・要件の有無が問われやすいです。関連用語と条文番号を比較表にまとめてください。

権利関係では「誰に・どのような効果が及ぶか」「期間や要件の有無」を問う肢が多く、単語の意味だけでなく効力の発生・消滅のタイミングまでセットで押さえてください。",権利関係では誰にどの効果が及ぶか、期間・要件の有無が問われやすいです;関連用語と条文番号を比較表にまとめてください,類似制度（期間・要件・効力）の取り違え。条文番号と数字をセットで暗記する。,「契約の成立は、申込みと承諾の意思表示が合致した時」を起点に、契約の成立の表を作って関連用語と並べる。,（2018年 第30問）宅地建物取引業者A(消費税課税事業者)は、Bが所有する建物について、B及びCから媒介の依頼を受け、Bを貸主、Cを借主とし、 1か月分の倍賃を10万円(消費税等相当額を含まない。)、CからBに支払われ…,正答は選択肢4です。用語「契約の成立」が問われた過去問のため、解説と条文の対応を確認してください。,契約の成立とは何ですか？,契約の成立（けいやくのせいりつ）とは、申込みと承諾が合致して契約が成立する仕組み。契約の成立は、申込みと承諾の意思表示が合致した時点で発生します。宅建では売買契約の成立時期、書面作成との違い、撤回・取消しとの関係が問われます。,契約の成立は試験でどう押さえればよいですか？,まず契約の成立は、申込みと承諾の意思表示が合致した時点で発生します。宅建では売買契約の成立時期、書面作成との違い、撤回・取消しとの関係が問われます。。 詳しくは、肢では「契約の成立は、申込みと承諾の意思表示が合致した時点で発生します。宅建では売買契約の成立時期、書面作成との違い、撤回・取消しとの関係が問われます。」のいずれかが正誤の分かれ目になりやすいです。特に類似制度（期間・要件・効力）の取り違え。数字と条文番号をセットで暗記する。
契約解除,けいやくかいじょ,権利関係,権利関係,有効に成立した契約を後から解消する制度,有効に成立した契約を後から解消する制度。,,,A,"有効に成立した契約を後から解消する制度。権利関係では誰にどの効果が及ぶか、期間・要件の有無が問われやすいです。関連用語と条文番号を比較表にまとめてください。

肢では「契約解除は、債務不履行や解除権の発生により契約関係を解消する制度です／数字と条文番号をセットで暗記する」のいずれかが正誤の分かれ目になりやすいです。

特に類似制度（期間・要件・効力）の取り違え。条文番号と数字をセットで暗記する。",契約解除とは,有効に成立した契約を後から解消する制度,"有効に成立した契約を後から解消する制度。

有効に成立した契約を後から解消する制度。権利関係では誰にどの効果が及ぶか、期間・要件の有無が問われやすいです。関連用語と条文番号を比較表にまとめてください。

権利関係では「誰に・どのような効果が及ぶか」「期間や要件の有無」を問う肢が多く、単語の意味だけでなく効力の発生・消滅のタイミングまでセットで押さえてください。",契約解除は、債務不履行や解除権の発生により契約関係を解消する制度です;数字と条文番号をセットで暗記する,類似制度（期間・要件・効力）の取り違え。条文番号と数字をセットで暗記する。,「契約解除は、債務不履行や解除権の発生により契約関」を起点に、契約解除の表を作って関連用語と並べる。,（2024年 第3問）不動産の物権変動に関する次の記述のうち、民法の規定及び判例によれば、正しいものはどれか。,正答は選択肢2です。用語「契約解除」が問われた過去問のため、解説と条文の対応を確認してください。,契約解除とは何ですか？,契約解除（けいやくかいじょ）とは、有効に成立した契約を後から解消する制度。契約解除は、債務不履行や解除権の発生により契約関係を解消する制度です。催告解除・無催告解除・解除後の原状回復を、手付解除や取消しと区別します。,契約解除は試験でどう押さえればよいですか？,まず契約解除は、債務不履行や解除権の発生により契約関係を解消する制度です。催告解除・無催告解除・解除後の原状回復を、手付解除や取消しと区別します。。 詳しくは、肢では「契約解除は、債務不履行や解除権の発生により契約関係を解消する制度です。催告解除・無催告解除・解除後の原状回復を、手付解除や取消しと区別します。」のいずれかが正誤の分かれ目になりやすいです。特に類似制度（期間・要件・効力）の取り違え。数字と条文番号をセットで暗記する。
原状回復義務,げんじょうかいふくぎむ,権利関係,権利関係,契約終了後に元の状態へ戻す義務,契約終了後に元の状態へ戻す義務。,,,A,"契約終了後に元の状態へ戻す義務。権利関係では誰にどの効果が及ぶか、期間・要件の有無が問われやすいです。関連用語と条文番号を比較表にまとめてください。

肢では「権利関係では誰にどの効果が及ぶか、期間・要件の有無が問われやすいです／関連用語と条文番号を比較表にまとめてください」のいずれかが正誤の分かれ目になりやすいです。

特に類似制度（期間・要件・効力）の取り違え。条文番号と数字をセットで暗記する。",原状回復義務とは,契約終了後に元の状態へ戻す義務,"契約終了後に元の状態へ戻す義務。

契約終了後に元の状態へ戻す義務。権利関係では誰にどの効果が及ぶか、期間・要件の有無が問われやすいです。関連用語と条文番号を比較表にまとめてください。

権利関係では「誰に・どのような効果が及ぶか」「期間や要件の有無」を問う肢が多く、単語の意味だけでなく効力の発生・消滅のタイミングまでセットで押さえてください。",権利関係では誰にどの効果が及ぶか、期間・要件の有無が問われやすいです;関連用語と条文番号を比較表にまとめてください,類似制度（期間・要件・効力）の取り違え。条文番号と数字をセットで暗記する。,「原状回復義務は、解除や賃貸借終了時に当事者が受け」を起点に、原状回復義務の表を作って関連用語と並べる。,（2023年 第6問）民法に規定する契約の解除に関する次の記述のうち、正しいものはどれか。,正答は選択肢1です。用語「原状回復義務」が問われた過去問のため、解説と条文の対応を確認してください。,原状回復義務とは何ですか？,原状回復義務（げんじょうかいふくぎむ）とは、契約終了後に元の状態へ戻す義務。原状回復義務は、解除や賃貸借終了時に当事者が受け取ったものを返す義務です。賃貸借では通常損耗・経年劣化を借主負担にできるかが頻出です。,原状回復義務は試験でどう押さえればよいですか？,まず原状回復義務は、解除や賃貸借終了時に当事者が受け取ったものを返す義務です。賃貸借では通常損耗・経年劣化を借主負担にできるかが頻出です。。 詳しくは、肢では「原状回復義務は、解除や賃貸借終了時に当事者が受け取ったものを返す義務です。賃貸借では通常損耗・経年劣化を借主負担にできるかが頻出です。」のいずれかが正誤の分かれ目になりやすいです。特に類似制度（期間・要件・効力）の取り違え。数字と条文番号をセットで暗記する。
損害賠償,そんがいばいしょう,権利関係,権利関係,債務不履行や不法行為により生じた損害を補填する制度,債務不履行や不法行為により生じた損害を補填する制度。,,,A,"債務不履行や不法行為により生じた損害を補填する制度。権利関係では誰にどの効果が及ぶか、期間・要件の有無が問われやすいです。関連用語と条文番号を比較表にまとめてください。

肢では「損害賠償は、債務不履行・不法行為により生じた損害を金銭で填補する制度です／数字と条文番号をセットで暗記する」のいずれかが正誤の分かれ目になりやすいです。

特に類似制度（期間・要件・効力）の取り違え。条文番号と数字をセットで暗記する。",損害賠償とは,債務不履行や不法行為により生じた損害を補填する制度,"債務不履行や不法行為により生じた損害を補填する制度。

債務不履行や不法行為により生じた損害を補填する制度。権利関係では誰にどの効果が及ぶか、期間・要件の有無が問われやすいです。関連用語と条文番号を比較表にまとめてください。

権利関係では「誰に・どのような効果が及ぶか」「期間や要件の有無」を問う肢が多く、単語の意味だけでなく効力の発生・消滅のタイミングまでセットで押さえてください。",損害賠償は、債務不履行・不法行為により生じた損害を金銭で填補する制度です;数字と条文番号をセットで暗記する,類似制度（期間・要件・効力）の取り違え。条文番号と数字をセットで暗記する。,「損害賠償は、債務不履行・不法行為により生じた損害」を起点に、損害賠償の表を作って関連用語と並べる。,（2025年 第10問）相殺に関する次の記述のうち、民法の規定によれば、正しいものはどれか。,正答は選択肢4です。用語「損害賠償」が問われた過去問のため、解説と条文の対応を確認してください。,損害賠償とは何ですか？,損害賠償（そんがいばいしょう）とは、債務不履行や不法行為により生じた損害を補填する制度。損害賠償は、債務不履行・不法行為により生じた損害を金銭で填補する制度です。帰責事由、因果関係、損害額、過失相殺の有無を分けて判断します。,損害賠償は試験でどう押さえればよいですか？,まず損害賠償は、債務不履行・不法行為により生じた損害を金銭で填補する制度です。帰責事由、因果関係、損害額、過失相殺の有無を分けて判断します。。 詳しくは、肢では「損害賠償は、債務不履行・不法行為により生じた損害を金銭で填補する制度です。帰責事由、因果関係、損害額、過失相殺の有無を分けて判断します。」のいずれかが正誤の分かれ目になりやすいです。特に類似制度（期間・要件・効力）の取り違え。数字と条文番号をセットで暗記する。
果実,かじつ,権利関係,権利関係,物から生じる収益や産出物,物から生じる収益や産出物。,,,A,"物から生じる収益や産出物。権利関係では誰にどの効果が及ぶか、期間・要件の有無が問われやすいです。関連用語と条文番号を比較表にまとめてください。

肢では「権利関係では誰にどの効果が及ぶか、期間・要件の有無が問われやすいです／関連用語と条文番号を比較表にまとめてください」のいずれかが正誤の分かれ目になりやすいです。

特に類似制度（期間・要件・効力）の取り違え。条文番号と数字をセットで暗記する。",果実とは,物から生じる収益や産出物,"物から生じる収益や産出物。

物から生じる収益や産出物。権利関係では誰にどの効果が及ぶか、期間・要件の有無が問われやすいです。関連用語と条文番号を比較表にまとめてください。

権利関係では「誰に・どのような効果が及ぶか」「期間や要件の有無」を問う肢が多く、単語の意味だけでなく効力の発生・消滅のタイミングまでセットで押さえてください。",権利関係では誰にどの効果が及ぶか、期間・要件の有無が問われやすいです;関連用語と条文番号を比較表にまとめてください,類似制度（期間・要件・効力）の取り違え。条文番号と数字をセットで暗記する。,「果実には天然果実と法定果実があり、不動産では賃料」を起点に、果実の表を作って関連用語と並べる。,（2019年 第11問）抵当権に関する次の記述のうち、民法の規定及び判例によれば正しいものはどれか。,正答は選択肢1です。用語「果実」が問われた過去問のため、解説と条文の対応を確認してください。,果実とは何ですか？,果実（かじつ）とは、物から生じる収益や産出物。果実には天然果実と法定果実があり、不動産では賃料が法定果実の代表例です。抵当権の効力が果実に及ぶ時期や、占有者の果実取得と絡めて出題されます。,果実は試験でどう押さえればよいですか？,まず果実には天然果実と法定果実があり、不動産では賃料が法定果実の代表例です。抵当権の効力が果実に及ぶ時期や、占有者の果実取得と絡めて出題されます。。 詳しくは、肢では「果実には天然果実と法定果実があり、不動産では賃料が法定果実の代表例です。抵当権の効力が果実に及ぶ時期や、占有者の果実取得と絡めて出題されます。」のいずれかが正誤の分かれ目になりやすいです。特に類似制度（期間・要件・効力）の取り違え。数字と条文番号をセットで暗記する。
所有権,しょゆうけん,権利関係,権利関係,物を全面的に支配できる物権,物を全面的に支配できる物権。,,,A,"物を全面的に支配できる物権。権利関係では誰にどの効果が及ぶか、期間・要件の有無が問われやすいです。関連用語と条文番号を比較表にまとめてください。

肢では「権利関係では誰にどの効果が及ぶか、期間・要件の有無が問われやすいです／関連用語と条文番号を比較表にまとめてください」のいずれかが正誤の分かれ目になりやすいです。

特に類似制度（期間・要件・効力）の取り違え。条文番号と数字をセットで暗記する。",所有権とは,物を全面的に支配できる物権,"物を全面的に支配できる物権。

物を全面的に支配できる物権。権利関係では誰にどの効果が及ぶか、期間・要件の有無が問われやすいです。関連用語と条文番号を比較表にまとめてください。

権利関係では「誰に・どのような効果が及ぶか」「期間や要件の有無」を問う肢が多く、単語の意味だけでなく効力の発生・消滅のタイミングまでセットで押さえてください。",権利関係では誰にどの効果が及ぶか、期間・要件の有無が問われやすいです;関連用語と条文番号を比較表にまとめてください,類似制度（期間・要件・効力）の取り違え。条文番号と数字をセットで暗記する。,「所有権は、法令の制限内で物を使用・収益・処分でき」を起点に、所有権の表を作って関連用語と並べる。,（2025年 第44問）登録免許税に関する次の記述のうち、正しいものはどれか。,正答は選択肢3です。用語「所有権」が問われた過去問のため、解説と条文の対応を確認してください。,所有権とは何ですか？,所有権（しょゆうけん）とは、物を全面的に支配できる物権。所有権は、法令の制限内で物を使用・収益・処分できる権利です。取得時効、共有、相隣関係、区分所有との関連で、所有権の制限が問われます。,所有権は試験でどう押さえればよいですか？,まず所有権は、法令の制限内で物を使用・収益・処分できる権利です。取得時効、共有、相隣関係、区分所有との関連で、所有権の制限が問われます。。 詳しくは、肢では「所有権は、法令の制限内で物を使用・収益・処分できる権利です。取得時効、共有、相隣関係、区分所有との関連で、所有権の制限が問われます。」のいずれかが正誤の分かれ目になりやすいです。特に類似制度（期間・要件・効力）の取り違え。数字と条文番号をセットで暗記する。
占有,せんゆう,権利関係,権利関係,物を事実上支配している状態,物を事実上支配している状態。,,,A,"物を事実上支配している状態。権利関係では誰にどの効果が及ぶか、期間・要件の有無が問われやすいです。関連用語と条文番号を比較表にまとめてください。

肢では「占有は、物を事実上支配する状態です／数字と条文番号をセットで暗記する」のいずれかが正誤の分かれ目になりやすいです。

特に類似制度（期間・要件・効力）の取り違え。条文番号と数字をセットで暗記する。",占有とは,物を事実上支配している状態,"物を事実上支配している状態。

物を事実上支配している状態。権利関係では誰にどの効果が及ぶか、期間・要件の有無が問われやすいです。関連用語と条文番号を比較表にまとめてください。

権利関係では「誰に・どのような効果が及ぶか」「期間や要件の有無」を問う肢が多く、単語の意味だけでなく効力の発生・消滅のタイミングまでセットで押さえてください。",占有は、物を事実上支配する状態です;数字と条文番号をセットで暗記する,類似制度（期間・要件・効力）の取り違え。条文番号と数字をセットで暗記する。,「占有は、物を事実上支配する状態です。取得時効では」を起点に、占有の表を作って関連用語と並べる。,（2022年 第14問）不動産の物権変動に関する次の記述のうち、民法の規定及び判例によれば正しいものはどれか。,正答は選択肢1です。用語「占有」が問われた過去問のため、解説と条文の対応を確認してください。,占有とは何ですか？,占有（せんゆう）とは、物を事実上支配している状態。占有は、物を事実上支配する状態です。取得時効では所有の意思、平穏・公然、善意無過失などが問題になり、所有権や登記とは別に整理します。,占有は試験でどう押さえればよいですか？,まず占有は、物を事実上支配する状態です。取得時効では所有の意思、平穏・公然、善意無過失などが問題になり、所有権や登記とは別に整理します。。 詳しくは、肢では「占有は、物を事実上支配する状態です。取得時効では所有の意思、平穏・公然、善意無過失などが問題になり、所有権や登記とは別に整理します。」のいずれかが正誤の分かれ目になりやすいです。特に類似制度（期間・要件・効力）の取り違え。数字と条文番号をセットで暗記する。
占有回収の訴え,せんゆうかいしゅうのうったえ,権利関係,権利関係,奪われた占有を回復するための占有訴権,奪われた占有を回復するための占有訴権。,,,A,"奪われた占有を回復するための占有訴権。権利関係では誰にどの効果が及ぶか、期間・要件の有無が問われやすいです。関連用語と条文番号を比較表にまとめてください。

肢では「占有回収の訴えは、占有を奪われた者が返還を求める制度です／数字と条文番号をセットで暗記する」のいずれかが正誤の分かれ目になりやすいです。

特に類似制度（期間・要件・効力）の取り違え。条文番号と数字をセットで暗記する。",占有回収の訴えとは,奪われた占有を回復するための占有訴権,"奪われた占有を回復するための占有訴権。

奪われた占有を回復するための占有訴権。権利関係では誰にどの効果が及ぶか、期間・要件の有無が問われやすいです。関連用語と条文番号を比較表にまとめてください。

権利関係では「誰に・どのような効果が及ぶか」「期間や要件の有無」を問う肢が多く、単語の意味だけでなく効力の発生・消滅のタイミングまでセットで押さえてください。",占有回収の訴えは、占有を奪われた者が返還を求める制度です;数字と条文番号をセットで暗記する,類似制度（期間・要件・効力）の取り違え。条文番号と数字をセットで暗記する。,「占有回収の訴えは、占有を奪われた者が返還を求める」を起点に、占有回収の訴えの表を作って関連用語と並べる。,（2015年 第5問）占有についての以下の記述のうち、民法の規定と判例に照らすと、正しいものを選びなさい。,正答は選択肢3です。用語「占有回収の訴え」が問われた過去問のため、解説と条文の対応を確認してください。,占有回収の訴えとは何ですか？,占有回収の訴え（せんゆうかいしゅうのうったえ）とは、奪われた占有を回復するための占有訴権。占有回収の訴えは、占有を奪われた者が返還を求める制度です。本権の有無ではなく占有状態の保護が中心で、所有権に基づく返還請求と区別します。,占有回収の訴えは試験でどう押さえればよいですか？,まず占有回収の訴えは、占有を奪われた者が返還を求める制度です。本権の有無ではなく占有状態の保護が中心で、所有権に基づく返還請求と区別します。。 詳しくは、肢では「占有回収の訴えは、占有を奪われた者が返還を求める制度です。本権の有無ではなく占有状態の保護が中心で、所有権に基づく返還請求と区別します。」のいずれかが正誤の分かれ目になりやすいです。特に類似制度（期間・要件・効力）の取り違え。数字と条文番号をセットで暗記する。
物権的請求権,ぶっけんてきせいきゅうけん,権利関係,権利関係,物権を妨げる状態の排除を求める権利,物権を妨げる状態の排除を求める権利。,,,A,返還請求・妨害排除請求・妨害予防請求に類型化。所有権・地上権・地役権等の物権に基づき、損害賠償請求とは別個の救済です。肢では「返還・排除・予防の三類型／物権に基づく請求／損害賠償との併用／賃借人の対抗権との関係」のいずれかが正誤の分かれ目になりやすいです。,物権的請求権とは,物権を妨げる状態の排除を求める権利,物権を妨げる状態の排除を求める権利。返還請求・妨害排除請求・妨害予防請求に類型化。所有権・地上権・地役権等の物権に基づき、損害賠償請求とは別個の救済です。権利関係では「誰に・どのような効果が及ぶか」「期間や要件の有無」を問う肢が多く、単語の意味だけでなく効力の発生・消滅のタイミングまでセットで押さえてください。,返還・排除・予防の三類型;物権に基づく請求;損害賠償との併用;賃借人の対抗権との関係,,「物権的請求権は、返還請求・妨害排除請求・妨害予防」を起点に、物権的請求権の表を作って関連用語と並べる。,【学習確認】物権的請求権について、次のうち試験で押さえるべき説明として適切なものはどれか。,要点は「肢では「物権的請求権は、返還請求・妨害排除請求・妨害予防請求に整理されます」です。権利関係分野の関連用語・過去問演習ページで、条文番号と数値をセットで復習してください。,物権的請求権とは何ですか？,物権的請求権（ぶっけんてきせいきゅうけん）とは、物権を妨げる状態の排除を求める権利。物権的請求権は、返還請求・妨害排除請求・妨害予防請求に整理されます。所有権や地役権の侵害事例で、損害賠償とは別に効果を判断します。,物権的請求権は試験でどう押さえればよいですか？,まず物権的請求権は、返還請求・妨害排除請求・妨害予防請求に整理されます。所有権や地役権の侵害事例で、損害賠償とは別に効果を判断します。。 詳しくは、肢では「物権的請求権は、返還請求・妨害排除請求・妨害予防請求に整理されます。所有権や地役権の侵害事例で、損害賠償とは別に効果を判断します。」のいずれかが正誤の分かれ目になりやすいです。特に類似制度（期間・要件・効力）の取り違え。数字と条文番号をセットで暗記する。
抵当権設定契約,ていとうけんせっていけいやく,権利関係,権利関係,債権を担保するため抵当権を設定する契約,債権を担保するため抵当権を設定する契約。,,,A,"債権を担保するため抵当権を設定する契約。権利関係では誰にどの効果が及ぶか、期間・要件の有無が問われやすいです。関連用語と条文番号を比較表にまとめてください。

肢では「抵当権設定契約は、債権担保のため不動産に抵当権を設定する契約です／数字と条文番号をセットで暗記する」のいずれかが正誤の分かれ目になりやすいです。

特に類似制度（期間・要件・効力）の取り違え。条文番号と数字をセットで暗記する。",抵当権設定契約とは,債権を担保するため抵当権を設定する契約,"債権を担保するため抵当権を設定する契約。

債権を担保するため抵当権を設定する契約。権利関係では誰にどの効果が及ぶか、期間・要件の有無が問われやすいです。関連用語と条文番号を比較表にまとめてください。

権利関係では「誰に・どのような効果が及ぶか」「期間や要件の有無」を問う肢が多く、単語の意味だけでなく効力の発生・消滅のタイミングまでセットで押さえてください。",抵当権設定契約は、債権担保のため不動産に抵当権を設定する契約です;数字と条文番号をセットで暗記する,類似制度（期間・要件・効力）の取り違え。条文番号と数字をセットで暗記する。,「抵当権設定契約は、債権担保のため不動産に抵当権を」を起点に、抵当権設定契約の表を作って関連用語と並べる。,【学習確認】抵当権設定契約について、次のうち試験で押さえるべき説明として適切なものはどれか。,要点は「肢では「抵当権設定契約は、債権担保のため不動産に抵当権を設定する契約です」です。権利関係分野の関連用語・過去問演習ページで、条文番号と数値をセットで復習してください。,抵当権設定契約とは何ですか？,抵当権設定契約（ていとうけんせっていけいやく）とは、債権を担保するため抵当権を設定する契約。抵当権設定契約は、債権担保のため不動産に抵当権を設定する契約です。成立は契約、第三者対抗は登記という二段構造を押さえます。,抵当権設定契約は試験でどう押さえればよいですか？,まず抵当権設定契約は、債権担保のため不動産に抵当権を設定する契約です。成立は契約、第三者対抗は登記という二段構造を押さえます。。 詳しくは、肢では「抵当権設定契約は、債権担保のため不動産に抵当権を設定する契約です。成立は契約、第三者対抗は登記という二段構造を押さえます。」のいずれかが正誤の分かれ目になりやすいです。特に類似制度（期間・要件・効力）の取り違え。数字と条文番号をセットで暗記する。
物上保証人,ぶつじょうほしょうにん,権利関係,権利関係,他人の債務のため自己の物を担保に出す人,他人の債務のため自己の物を担保に出す人。,,,A,"他人の債務のため自己の物を担保に出す人。権利関係では誰にどの効果が及ぶか、期間・要件の有無が問われやすいです。関連用語と条文番号を比較表にまとめてください。

肢では「物上保証人は、自分の財産に抵当権などを設定して他人の債務を担保する人です／数字と条文番号をセットで暗記する」のいずれかが正誤の分かれ目になりやすいです。

特に類似制度（期間・要件・効力）の取り違え。条文番号と数字をセットで暗記する。",物上保証人とは,他人の債務のため自己の物を担保に出す人,"他人の債務のため自己の物を担保に出す人。

他人の債務のため自己の物を担保に出す人。権利関係では誰にどの効果が及ぶか、期間・要件の有無が問われやすいです。関連用語と条文番号を比較表にまとめてください。

権利関係では「誰に・どのような効果が及ぶか」「期間や要件の有無」を問う肢が多く、単語の意味だけでなく効力の発生・消滅のタイミングまでセットで押さえてください。",物上保証人は、自分の財産に抵当権などを設定して他人の債務を担保する人です;数字と条文番号をセットで暗記する,類似制度（期間・要件・効力）の取り違え。条文番号と数字をセットで暗記する。,「物上保証人は、自分の財産に抵当権などを設定して他」を起点に、物上保証人の表を作って関連用語と並べる。,"（2013年 第6問）A銀行のBに対する貸付債権1,500万円につき、CがBの委託を受けて全額について連帯保証をし、D及びEは物上保証人として自己の所有する不動産にそれぞれ抵当権を設定していた場合、以下の記述のうち、民法…",正答は選択肢4です。用語「物上保証人」が問われた過去問のため、解説と条文の対応を確認してください。,物上保証人とは何ですか？,物上保証人（ぶつじょうほしょうにん）とは、他人の債務のため自己の物を担保に出す人。物上保証人は、自分の財産に抵当権などを設定して他人の債務を担保する人です。保証人のように債務全体を負うわけではなく、担保物の価値の範囲で責任を負います。,物上保証人は試験でどう押さえればよいですか？,まず物上保証人は、自分の財産に抵当権などを設定して他人の債務を担保する人です。保証人のように債務全体を負うわけではなく、担保物の価値の範囲で責任を負います。。 詳しくは、肢では「物上保証人は、自分の財産に抵当権などを設定して他人の債務を担保する人です。保証人のように債務全体を負うわけではなく、担保物の価値の範囲で責任を負います。」のいずれかが正誤の分かれ目になりやすいです。特に類似制度（期間・要件・効力）の取り違え。数字と条文番号をセットで暗記する。
追及効,ついきゅうこう,権利関係,権利関係,物が移転しても物権の効力が追いかける性質,物が移転しても物権の効力が追いかける性質。,,,A,"物が移転しても物権の効力が追いかける性質。権利関係では誰にどの効果が及ぶか、期間・要件の有無が問われやすいです。関連用語と条文番号を比較表にまとめてください。

肢では「追及効は、目的物が第三者に移転しても物権の効力が及ぶ性質です／抵当権や所有権の対抗関係では、登記などの対抗要件とセットで考えます」のいずれかが正誤の分かれ目になりやすいです。

特に類似制度（期間・要件・効力）の取り違え。条文番号と数字をセットで暗記する。",追及効とは,物が移転しても物権の効力が追いかける性質,"物が移転しても物権の効力が追いかける性質。

物が移転しても物権の効力が追いかける性質。権利関係では誰にどの効果が及ぶか、期間・要件の有無が問われやすいです。関連用語と条文番号を比較表にまとめてください。

権利関係では「誰に・どのような効果が及ぶか」「期間や要件の有無」を問う肢が多く、単語の意味だけでなく効力の発生・消滅のタイミングまでセットで押さえてください。",追及効は、目的物が第三者に移転しても物権の効力が及ぶ性質です;抵当権や所有権の対抗関係では、登記などの対抗要件とセットで考えます,類似制度（期間・要件・効力）の取り違え。条文番号と数字をセットで暗記する。,「追及効は、目的物が第三者に移転しても物権の効力が」を起点に、追及効の表を作って関連用語と並べる。,【学習確認】追及効について、次のうち試験で押さえるべき説明として適切なものはどれか。,要点は「肢では「追及効は、目的物が第三者に移転しても物権の効力が及ぶ性質です」です。権利関係分野の関連用語・過去問演習ページで、条文番号と数値をセットで復習してください。,追及効とは何ですか？,追及効（ついきゅうこう）とは、物が移転しても物権の効力が追いかける性質。追及効は、目的物が第三者に移転しても物権の効力が及ぶ性質です。抵当権や所有権の対抗関係では、登記などの対抗要件とセットで考えます。,追及効は試験でどう押さえればよいですか？,まず追及効は、目的物が第三者に移転しても物権の効力が及ぶ性質です。抵当権や所有権の対抗関係では、登記などの対抗要件とセットで考えます。。 詳しくは、肢では「追及効は、目的物が第三者に移転しても物権の効力が及ぶ性質です。抵当権や所有権の対抗関係では、登記などの対抗要件とセットで考えます。」のいずれかが正誤の分かれ目になりやすいです。特に類似制度（期間・要件・効力）の取り違え。数字と条文番号をセットで暗記する。
優先弁済権,ゆうせんべんさいけん,権利関係,権利関係,他の債権者に先立って弁済を受ける権利,他の債権者に先立って弁済を受ける権利。,,,A,"他の債権者に先立って弁済を受ける権利。権利関係では誰にどの効果が及ぶか、期間・要件の有無が問われやすいです。関連用語と条文番号を比較表にまとめてください。

肢では「権利関係では誰にどの効果が及ぶか、期間・要件の有無が問われやすいです／関連用語と条文番号を比較表にまとめてください」のいずれかが正誤の分かれ目になりやすいです。

特に類似制度（期間・要件・効力）の取り違え。条文番号と数字をセットで暗記する。",優先弁済権とは,他の債権者に先立って弁済を受ける権利,"他の債権者に先立って弁済を受ける権利。

他の債権者に先立って弁済を受ける権利。権利関係では誰にどの効果が及ぶか、期間・要件の有無が問われやすいです。関連用語と条文番号を比較表にまとめてください。

権利関係では「誰に・どのような効果が及ぶか」「期間や要件の有無」を問う肢が多く、単語の意味だけでなく効力の発生・消滅のタイミングまでセットで押さえてください。",権利関係では誰にどの効果が及ぶか、期間・要件の有無が問われやすいです;関連用語と条文番号を比較表にまとめてください,類似制度（期間・要件・効力）の取り違え。条文番号と数字をセットで暗記する。,「優先弁済権は、担保物権者が競売代金などから他の債」を起点に、優先弁済権の表を作って関連用語と並べる。,（2020年 第6問）物権の種類に関する次の記述のうち、民法の規定によれば正しいものはどれか。,正答は選択肢2です。用語「優先弁済権」が問われた過去問のため、解説と条文の対応を確認してください。,優先弁済権とは何ですか？,優先弁済権（ゆうせんべんさいけん）とは、他の債権者に先立って弁済を受ける権利。優先弁済権は、担保物権者が競売代金などから他の債権者より先に弁済を受ける権利です。抵当権・質権・先取特権の共通点として問われます。,優先弁済権は試験でどう押さえればよいですか？,まず優先弁済権は、担保物権者が競売代金などから他の債権者より先に弁済を受ける権利です。抵当権・質権・先取特権の共通点として問われます。。 詳しくは、肢では「優先弁済権は、担保物権者が競売代金などから他の債権者より先に弁済を受ける権利です。抵当権・質権・先取特権の共通点として問われます。」のいずれかが正誤の分かれ目になりやすいです。特に類似制度（期間・要件・効力）の取り違え。数字と条文番号をセットで暗記する。
危険負担,きけんふたん,権利関係,権利関係,契約後に目的物が滅失した場合のリスク分担,契約後に目的物が滅失した場合のリスク分担。,,,A,双務契約で引渡し前に目的物が滅失した場合の損失負担（534条）。売買・賃貸借の引渡しと同時履行の抗弁権と併せて整理します。肢では「引渡し前の滅失は売主負担（原則）／引渡し後は買主負担／同時履行の抗弁との関係／不可抗力の扱い」のいずれかが正誤の分かれ目になりやすいです。,危険負担とは,契約後に目的物が滅失した場合のリスク分担,契約後に目的物が滅失した場合のリスク分担。双務契約で引渡し前に目的物が滅失した場合の損失負担（534条）。売買・賃貸借の引渡しと同時履行の抗弁権と併せて整理します。権利関係では「誰に・どのような効果が及ぶか」「期間や要件の有無」を問う肢が多く、単語の意味だけでなく効力の発生・消滅のタイミングまでセットで押さえてください。,引渡し前の滅失は売主負担（原則）;引渡し後は買主負担;同時履行の抗弁との関係;不可抗力の扱い,,「危険負担は、売買契約後に目的物が当事者の責任なく」を起点に、危険負担の表を作って関連用語と並べる。,【学習確認】危険負担について、次のうち試験で押さえるべき説明として適切なものはどれか。,要点は「肢では「危険負担は、売買契約後に目的物が当事者の責任なく滅失した場合の代金支払義務を考える制度です」です。権利関係分野の関連用語・過去問演習ページで、条文番号と数値をセットで復習してください。,危険負担とは何ですか？,危険負担（きけんふたん）とは、契約後に目的物が滅失した場合のリスク分担。危険負担は、売買契約後に目的物が当事者の責任なく滅失した場合の代金支払義務を考える制度です。履行不能、解除、契約不適合責任との区別が重要です。,危険負担は試験でどう押さえればよいですか？,まず危険負担は、売買契約後に目的物が当事者の責任なく滅失した場合の代金支払義務を考える制度です。履行不能、解除、契約不適合責任との区別が重要です。。 詳しくは、肢では「危険負担は、売買契約後に目的物が当事者の責任なく滅失した場合の代金支払義務を考える制度です。履行不能、解除、契約不適合責任との区別が重要です。」のいずれかが正誤の分かれ目になりやすいです。特に類似制度（期間・要件・効力）の取り違え。数字と条文番号をセットで暗記する。
同時履行の抗弁権,どうじりこうのこうべんけん,権利関係,権利関係,相手の履行まで自分の履行を拒める権利,相手の履行まで自分の履行を拒める権利。,,,A,双務契約で相手方が債務を履行するまでは履行を拒む抗弁権（533条）。危険負担・売買・賃貸借の引渡しと結びついて出題されます。肢では「双務契約で相手の履行を待てる／533条／危険負担との関係／先履行抗弁との区別」のいずれかが正誤の分かれ目になりやすいです。,同時履行の抗弁権とは,相手の履行まで自分の履行を拒める権利,相手の履行まで自分の履行を拒める権利。双務契約で相手方が債務を履行するまでは履行を拒む抗弁権（533条）。危険負担・売買・賃貸借の引渡しと結びついて出題されます。権利関係では「誰に・どのような効果が及ぶか」「期間や要件の有無」を問う肢が多く、単語の意味だけでなく効力の発生・消滅のタイミングまでセットで押さえてください。,双務契約で相手の履行を待てる;533条;危険負担との関係;先履行抗弁との区別,,「同時履行の抗弁権は、双務契約で相手が履行を提供す」を起点に、同時履行の抗弁権の表を作って関連用語と並べる。,（2015年 第8問）同時履行の抗弁権についての以下の記述のうち、民法の規定と判例に照らすと、正しいものがいくつあるか選びなさい。 ア マンションの賃貸借契約終了に伴う賃貸人の敷金返還債務と、賃借人の明渡債務は、特別の約…,正答は選択肢1です。用語「同時履行の抗弁権」が問われた過去問のため、解説と条文の対応を確認してください。,同時履行の抗弁権とは何ですか？,同時履行の抗弁権（どうじりこうのこうべんけん）とは、相手の履行まで自分の履行を拒める権利。同時履行の抗弁権は、双務契約で相手が履行を提供するまで自己の履行を拒める権利です。売買の代金支払と引渡し、解除後の原状回復で頻出です。,同時履行の抗弁権は試験でどう押さえればよいですか？,まず同時履行の抗弁権は、双務契約で相手が履行を提供するまで自己の履行を拒める権利です。売買の代金支払と引渡し、解除後の原状回復で頻出です。。 詳しくは、肢では「同時履行の抗弁権は、双務契約で相手が履行を提供するまで自己の履行を拒める権利です。売買の代金支払と引渡し、解除後の原状回復で頻出です。」のいずれかが正誤の分かれ目になりやすいです。特に類似制度（期間・要件・効力）の取り違え。数字と条文番号をセットで暗記する。
第三者弁済,だいさんしゃべんさい,権利関係,権利関係,債務者以外の者が債務を弁済すること,債務者以外の者が債務を弁済すること。,,,A,"債務者以外の者が債務を弁済すること。権利関係では誰にどの効果が及ぶか、期間・要件の有無が問われやすいです。関連用語と条文番号を比較表にまとめてください。

肢では「第三者弁済は、債務者以外の者が債務を弁済する制度です／数字と条文番号をセットで暗記する」のいずれかが正誤の分かれ目になりやすいです。

特に類似制度（期間・要件・効力）の取り違え。条文番号と数字をセットで暗記する。",第三者弁済とは,債務者以外の者が債務を弁済すること,"債務者以外の者が債務を弁済すること。

債務者以外の者が債務を弁済すること。権利関係では誰にどの効果が及ぶか、期間・要件の有無が問われやすいです。関連用語と条文番号を比較表にまとめてください。

権利関係では「誰に・どのような効果が及ぶか」「期間や要件の有無」を問う肢が多く、単語の意味だけでなく効力の発生・消滅のタイミングまでセットで押さえてください。",第三者弁済は、債務者以外の者が債務を弁済する制度です;数字と条文番号をセットで暗記する,類似制度（期間・要件・効力）の取り違え。条文番号と数字をセットで暗記する。,「第三者弁済は、債務者以外の者が債務を弁済する制度」を起点に、第三者弁済の表を作って関連用語と並べる。,【学習確認】第三者弁済について、次のうち試験で押さえるべき説明として適切なものはどれか。,要点は「肢では「第三者弁済は、債務者以外の者が債務を弁済する制度です」です。権利関係分野の関連用語・過去問演習ページで、条文番号と数値をセットで復習してください。,第三者弁済とは何ですか？,第三者弁済（だいさんしゃべんさい）とは、債務者以外の者が債務を弁済すること。第三者弁済は、債務者以外の者が債務を弁済する制度です。利害関係の有無、債務者の意思、弁済後の求償・代位を分けて押さえます。,第三者弁済は試験でどう押さえればよいですか？,まず第三者弁済は、債務者以外の者が債務を弁済する制度です。利害関係の有無、債務者の意思、弁済後の求償・代位を分けて押さえます。。 詳しくは、肢では「第三者弁済は、債務者以外の者が債務を弁済する制度です。利害関係の有無、債務者の意思、弁済後の求償・代位を分けて押さえます。」のいずれかが正誤の分かれ目になりやすいです。特に類似制度（期間・要件・効力）の取り違え。数字と条文番号をセットで暗記する。
債務引受,さいむひきうけ,権利関係,権利関係,債務を第三者が引き受ける制度,債務を第三者が引き受ける制度。,,,A,"債務を第三者が引き受ける制度。権利関係では誰にどの効果が及ぶか、期間・要件の有無が問われやすいです。関連用語と条文番号を比較表にまとめてください。

肢では「債務引受は、債務を第三者が負担する制度です／数字と条文番号をセットで暗記する」のいずれかが正誤の分かれ目になりやすいです。

特に類似制度（期間・要件・効力）の取り違え。条文番号と数字をセットで暗記する。",債務引受とは,債務を第三者が引き受ける制度,"債務を第三者が引き受ける制度。

債務を第三者が引き受ける制度。権利関係では誰にどの効果が及ぶか、期間・要件の有無が問われやすいです。関連用語と条文番号を比較表にまとめてください。

権利関係では「誰に・どのような効果が及ぶか」「期間や要件の有無」を問う肢が多く、単語の意味だけでなく効力の発生・消滅のタイミングまでセットで押さえてください。",債務引受は、債務を第三者が負担する制度です;数字と条文番号をセットで暗記する,類似制度（期間・要件・効力）の取り違え。条文番号と数字をセットで暗記する。,「債務引受は、債務を第三者が負担する制度です。免責」を起点に、債務引受の表を作って関連用語と並べる。,（2016年 第1問）以下の記述のうち、民法の条文に規定されているものはどれか。,正答は選択肢4です。用語「債務引受」が問われた過去問のため、解説と条文の対応を確認してください。,債務引受とは何ですか？,債務引受（さいむひきうけ）とは、債務を第三者が引き受ける制度。債務引受は、債務を第三者が負担する制度です。免責的債務引受と併存的債務引受を区別し、債権者の関与や担保の扱いに注意します。,債務引受は試験でどう押さえればよいですか？,まず債務引受は、債務を第三者が負担する制度です。免責的債務引受と併存的債務引受を区別し、債権者の関与や担保の扱いに注意します。。 詳しくは、肢では「債務引受は、債務を第三者が負担する制度です。免責的債務引受と併存的債務引受を区別し、債権者の関与や担保の扱いに注意します。」のいずれかが正誤の分かれ目になりやすいです。特に類似制度（期間・要件・効力）の取り違え。数字と条文番号をセットで暗記する。
債権譲渡,さいけんじょうと,権利関係,権利関係,債権者が債権を第三者へ移転すること,債権者が債権を第三者へ移転すること。,,,A,"債権者が債権を第三者へ移転すること。権利関係では誰にどの効果が及ぶか、期間・要件の有無が問われやすいです。関連用語と条文番号を比較表にまとめてください。

肢では「権利関係では誰にどの効果が及ぶか、期間・要件の有無が問われやすいです／関連用語と条文番号を比較表にまとめてください」のいずれかが正誤の分かれ目になりやすいです。

特に類似制度（期間・要件・効力）の取り違え。条文番号と数字をセットで暗記する。",債権譲渡とは,債権者が債権を第三者へ移転すること,"債権者が債権を第三者へ移転すること。

債権者が債権を第三者へ移転すること。権利関係では誰にどの効果が及ぶか、期間・要件の有無が問われやすいです。関連用語と条文番号を比較表にまとめてください。

権利関係では「誰に・どのような効果が及ぶか」「期間や要件の有無」を問う肢が多く、単語の意味だけでなく効力の発生・消滅のタイミングまでセットで押さえてください。",権利関係では誰にどの効果が及ぶか、期間・要件の有無が問われやすいです;関連用語と条文番号を比較表にまとめてください,類似制度（期間・要件・効力）の取り違え。条文番号と数字をセットで暗記する。,「債権譲渡は、債権者が有する債権を第三者に移転する」を起点に、債権譲渡の表を作って関連用語と並べる。,（2023年 第3問）AがBに対して有する100万円の金銭債権をAがCに譲渡した場合に関する次の記述のうち、民法の規定によれば、正しいものはどれか。,正答は選択肢1です。用語「債権譲渡」が問われた過去問のため、解説と条文の対応を確認してください。,債権譲渡とは何ですか？,債権譲渡（さいけんじょうと）とは、債権者が債権を第三者へ移転すること。債権譲渡は、債権者が有する債権を第三者に移転する制度です。債務者対抗要件、第三者対抗要件、譲渡制限特約の扱いを比較します。,債権譲渡は試験でどう押さえればよいですか？,まず債権譲渡は、債権者が有する債権を第三者に移転する制度です。債務者対抗要件、第三者対抗要件、譲渡制限特約の扱いを比較します。。 詳しくは、肢では「債権譲渡は、債権者が有する債権を第三者に移転する制度です。債務者対抗要件、第三者対抗要件、譲渡制限特約の扱いを比較します。」のいずれかが正誤の分かれ目になりやすいです。特に類似制度（期間・要件・効力）の取り違え。数字と条文番号をセットで暗記する。
人的担保,じんてきたんぽ,権利関係,権利関係,人の信用を担保にする制度,人の信用を担保にする制度。,,,A,保証・連帯保証など、債務者以外の人の信用を担保とする制度。物的担保（抵当権・質権等）との補充性・抗弁の有無の違いが最重要です。肢では「保証・連帯保証が代表／催告・検索の抗弁（保証）／連帯保証は原則抗弁なし／物的担保との比較表」のいずれかが正誤の分かれ目になりやすいです。特に連帯債務と連帯保証を混同する。物的担保に抗弁があると誤る。,人的担保とは,人の信用を担保にする制度,人の信用を担保にする制度。保証・連帯保証など、債務者以外の人の信用を担保とする制度。物的担保（抵当権・質権等）との補充性・抗弁の有無の違いが最重要です。権利関係では「誰に・どのような効果が及ぶか」「期間や要件の有無」を問う肢が多く、単語の意味だけでなく効力の発生・消滅のタイミングまでセットで押さえてください。,保証・連帯保証が代表;催告・検索の抗弁（保証）;連帯保証は原則抗弁なし;物的担保との比較表,連帯債務と連帯保証を混同する。物的担保に抗弁があると誤る。,「人的担保は、保証や連帯保証のように人の責任財産を」を起点に、人的担保の表を作って関連用語と並べる。,【学習確認】人的担保について、次のうち試験で押さえるべき説明として適切なものはどれか。,要点は「肢では「人的担保は、保証や連帯保証のように人の責任財産を担保にする制度です」です。権利関係分野の関連用語・過去問演習ページで、条文番号と数値をセットで復習してください。,人的担保とは何ですか？,人的担保（じんてきたんぽ）とは、人の信用を担保にする制度。人的担保は、保証や連帯保証のように人の責任財産を担保にする制度です。物的担保との違い、催告・検索の抗弁権、分別の利益を比較します。,人的担保は試験でどう押さえればよいですか？,まず人的担保は、保証や連帯保証のように人の責任財産を担保にする制度です。物的担保との違い、催告・検索の抗弁権、分別の利益を比較します。。 詳しくは、肢では「人的担保は、保証や連帯保証のように人の責任財産を担保にする制度です。物的担保との違い、催告・検索の抗弁権、分別の利益を比較します。」のいずれかが正誤の分かれ目になりやすいです。特に類似制度（期間・要件・効力）の取り違え。数字と条文番号をセットで暗記する。
物的担保,ぶってきたんぽ,権利関係,権利関係,物の価値を担保にする制度,物の価値を担保にする制度。,,,A,抵当権・質権・留置権・先取特権など、物の価値を担保とする制度。人的担保との優先順位・実行手続・対抗要件の違いを整理します。肢では「抵当権・質権・留置権・先取特権／登記・占有の要否／優先弁済の順位／人的担保との区別」のいずれかが正誤の分かれ目になりやすいです。,物的担保とは,物の価値を担保にする制度,物の価値を担保にする制度。抵当権・質権・留置権・先取特権など、物の価値を担保とする制度。人的担保との優先順位・実行手続・対抗要件の違いを整理します。権利関係では「誰に・どのような効果が及ぶか」「期間や要件の有無」を問う肢が多く、単語の意味だけでなく効力の発生・消滅のタイミングまでセットで押さえてください。,抵当権・質権・留置権・先取特権;登記・占有の要否;優先弁済の順位;人的担保との区別,,「物的担保は、抵当権・質権・先取特権など物の交換価」を起点に、物的担保の表を作って関連用語と並べる。,【学習確認】物的担保について、次のうち試験で押さえるべき説明として適切なものはどれか。,要点は「肢では「物的担保は、抵当権・質権・先取特権など物の交換価値を担保にする制度です」です。権利関係分野の関連用語・過去問演習ページで、条文番号と数値をセットで復習してください。,物的担保とは何ですか？,物的担保（ぶってきたんぽ）とは、物の価値を担保にする制度。物的担保は、抵当権・質権・先取特権など物の交換価値を担保にする制度です。優先弁済、対抗要件、目的物の範囲を横断的に整理します。,物的担保は試験でどう押さえればよいですか？,まず物的担保は、抵当権・質権・先取特権など物の交換価値を担保にする制度です。優先弁済、対抗要件、目的物の範囲を横断的に整理します。。 詳しくは、肢では「物的担保は、抵当権・質権・先取特権など物の交換価値を担保にする制度です。優先弁済、対抗要件、目的物の範囲を横断的に整理します。」のいずれかが正誤の分かれ目になりやすいです。特に類似制度（期間・要件・効力）の取り違え。数字と条文番号をセットで暗記する。
免許の更新,めんきょのこうしん,宅建業法,宅建業法,宅建業免許を継続するための更新手続,宅建業免許を継続するための更新手続。,,,A,"宅建業免許を継続するための更新手続。宅建業法では書面交付の順序、記載事項、業者・宅建士の責任区分が頻出です。35条・37条・8条・14条を表で整理すると得点が安定します。

肢では「35条・37条・8条・14条の表で整理する／35条・37条・8条・14条の表で整理する／35条・37条・8条・14条の表で整理する」のいずれかが正誤の分かれ目になりやすいです。

特に書面の交付時期・記載事項・監督処分の段階の混同。35条・37条・8条・14条の表で整理する。",免許の更新とは,宅建業免許を継続するための更新手続,"宅建業免許を継続するための更新手続。

宅建業免許を継続するための更新手続。宅建業法では書面交付の順序、記載事項、業者・宅建士の責任区分が頻出です。35条・37条・8条・14条を表で整理すると得点が安定します。

宅建業法では書面交付の時期、記載事項、監督処分の段階など、手続の順序と義務者（業者・宅建士）の区別が問われやすいです。",35条・37条・8条・14条の表で整理する;35条・37条・8条・14条の表で整理する;35条・37条・8条・14条の表で整理する,書面の交付時期・記載事項・監督処分の段階の混同。35条・37条・8条・14条の表で整理する。,「免許の更新は、有効期間満了後も宅建業を続けるため」を起点に、免許の更新の表を作って関連用語と並べる。,（2024年 第15問）宅建業の免許に関する次の記述のうち、正しいものはどれか。,正答は選択肢1です。用語「免許の更新」が問われた過去問のため、解説と条文の対応を確認してください。,免許の更新とは何ですか？,免許の更新（めんきょのこうしん）とは、宅建業免許を継続するための更新手続。免許の更新は、有効期間満了後も宅建業を続けるための手続です。更新申請期間、更新中の効力、免許換えとの違いを整理します。,免許の更新は試験でどう押さえればよいですか？,まず免許の更新は、有効期間満了後も宅建業を続けるための手続です。更新申請期間、更新中の効力、免許換えとの違いを整理します。。 詳しくは、肢では「免許の更新は、有効期間満了後も宅建業を続けるための手続です。更新申請期間、更新中の効力、免許換えとの違いを整理します。」のいずれかが正誤の分かれ目になりやすいです。特に書面の交付時期・記載事項・監督処分の段階の混同。35条・37条・8条・14条の表で整理する。
免許換え,めんきょがえ,宅建業法,宅建業法,事務所所在地の変化に応じて免許権者を変える手続,事務所所在地の変化に応じて免許権者を変える手続。,,,A,"事務所所在地の変化に応じて免許権者を変える手続。宅建業法では書面交付の順序、記載事項、業者・宅建士の責任区分が頻出です。35条・37条・8条・14条を表で整理すると得点が安定します。

肢では「免許換えは、事務所の設置状況が変わり大臣免許・知事免許の区分が変わる場合の手続です／35条・37条・8条・14条の表で整理する」のいずれかが正誤の分かれ目になりやすいです。

特に書面の交付時期・記載事項・監督処分の段階の混同。35条・37条・8条・14条の表で整理する。",免許換えとは,事務所所在地の変化に応じて免許権者を変える手続,"事務所所在地の変化に応じて免許権者を変える手続。

事務所所在地の変化に応じて免許権者を変える手続。宅建業法では書面交付の順序、記載事項、業者・宅建士の責任区分が頻出です。35条・37条・8条・14条を表で整理すると得点が安定します。

宅建業法では書面交付の時期、記載事項、監督処分の段階など、手続の順序と義務者（業者・宅建士）の区別が問われやすいです。",免許換えは、事務所の設置状況が変わり大臣免許・知事免許の区分が変わる場合の手続です;35条・37条・8条・14条の表で整理する,書面の交付時期・記載事項・監督処分の段階の混同。35条・37条・8条・14条の表で整理する。,「免許換えは、事務所の設置状況が変わり大臣免許・知」を起点に、免許換えの表を作って関連用語と並べる。,（2018年 第36問）宅地建物取引業の免許(以下、本問では「免許」という。)についての以下の記述のうち、宅地建物取引業法の規定に照らすと、正しいものを選びなさい。,正答は選択肢3です。用語「免許換え」が問われた過去問のため、解説と条文の対応を確認してください。,免許換えとは何ですか？,免許換え（めんきょがえ）とは、事務所所在地の変化に応じて免許権者を変える手続。免許換えは、事務所の設置状況が変わり大臣免許・知事免許の区分が変わる場合の手続です。変更届では足りないケースを判別します。,免許換えは試験でどう押さえればよいですか？,まず免許換えは、事務所の設置状況が変わり大臣免許・知事免許の区分が変わる場合の手続です。変更届では足りないケースを判別します。。 詳しくは、肢では「免許換えは、事務所の設置状況が変わり大臣免許・知事免許の区分が変わる場合の手続です。変更届では足りないケースを判別します。」のいずれかが正誤の分かれ目になりやすいです。特に書面の交付時期・記載事項・監督処分の段階の混同。35条・37条・8条・14条の表で整理する。
廃業等の届出,はいぎょうとうのとどけで,宅建業法,宅建業法,宅建業をやめた場合などに必要な届出,宅建業をやめた場合などに必要な届出。,,,A,"宅建業をやめた場合などに必要な届出。宅建業法では書面交付の順序、記載事項、業者・宅建士の責任区分が頻出です。35条・37条・8条・14条を表で整理すると得点が安定します。

肢では「廃業等の届出は、宅建業者が死亡・合併・破産・解散・廃止した場合に行う届出です／35条・37条・8条・14条の表で整理する」のいずれかが正誤の分かれ目になりやすいです。

特に書面の交付時期・記載事項・監督処分の段階の混同。35条・37条・8条・14条の表で整理する。",廃業等の届出とは,宅建業をやめた場合などに必要な届出,"宅建業をやめた場合などに必要な届出。

宅建業をやめた場合などに必要な届出。宅建業法では書面交付の順序、記載事項、業者・宅建士の責任区分が頻出です。35条・37条・8条・14条を表で整理すると得点が安定します。

宅建業法では書面交付の時期、記載事項、監督処分の段階など、手続の順序と義務者（業者・宅建士）の区別が問われやすいです。",廃業等の届出は、宅建業者が死亡・合併・破産・解散・廃止した場合に行う届出です;35条・37条・8条・14条の表で整理する,書面の交付時期・記載事項・監督処分の段階の混同。35条・37条・8条・14条の表で整理する。,「廃業等の届出は、宅建業者が死亡・合併・破産・解散」を起点に、廃業等の届出の表を作って関連用語と並べる。,（2019年 第26問）宅地建物取引業法に規定する免許に関する次の記述のうち、正しいものはどれか。,正答は選択肢3です。用語「廃業等の届出」が問われた過去問のため、解説と条文の対応を確認してください。,廃業等の届出とは何ですか？,廃業等の届出（はいぎょうとうのとどけで）とは、宅建業をやめた場合などに必要な届出。廃業等の届出は、宅建業者が死亡・合併・破産・解散・廃止した場合に行う届出です。届出義務者と届出期限を事由ごとに整理します。,廃業等の届出は試験でどう押さえればよいですか？,まず廃業等の届出は、宅建業者が死亡・合併・破産・解散・廃止した場合に行う届出です。届出義務者と届出期限を事由ごとに整理します。。 詳しくは、肢では「廃業等の届出は、宅建業者が死亡・合併・破産・解散・廃止した場合に行う届出です。届出義務者と届出期限を事由ごとに整理します。」のいずれかが正誤の分かれ目になりやすいです。特に書面の交付時期・記載事項・監督処分の段階の混同。35条・37条・8条・14条の表で整理する。
宅建士資格登録簿,たっけんししかくとうろくぼ,宅建業法,宅建業法,宅建士の登録事項を管理する帳簿,宅建士の登録事項を管理する帳簿。,,,A,"宅建士の登録事項を管理する帳簿。宅建業法では書面交付の順序、記載事項、業者・宅建士の責任区分が頻出です。35条・37条・8条・14条を表で整理すると得点が安定します。

肢では「35条・37条・8条・14条の表で整理する／35条・37条・8条・14条の表で整理する／35条・37条・8条・14条の表で整理する」のいずれかが正誤の分かれ目になりやすいです。

特に書面の交付時期・記載事項・監督処分の段階の混同。35条・37条・8条・14条の表で整理する。",宅建士資格登録簿とは,宅建士の登録事項を管理する帳簿,"宅建士の登録事項を管理する帳簿。

宅建士の登録事項を管理する帳簿。宅建業法では書面交付の順序、記載事項、業者・宅建士の責任区分が頻出です。35条・37条・8条・14条を表で整理すると得点が安定します。

宅建業法では書面交付の時期、記載事項、監督処分の段階など、手続の順序と義務者（業者・宅建士）の区別が問われやすいです。",35条・37条・8条・14条の表で整理する;35条・37条・8条・14条の表で整理する;35条・37条・8条・14条の表で整理する,書面の交付時期・記載事項・監督処分の段階の混同。35条・37条・8条・14条の表で整理する。,「宅建士資格登録簿は、宅建士の氏名・住所・本籍・勤」を起点に、宅建士資格登録簿の表を作って関連用語と並べる。,【学習確認】宅建士資格登録簿について、次のうち試験で押さえるべき説明として適切なものはどれか。,要点は「肢では「宅建士資格登録簿は、宅建士の氏名・住所・本籍・勤務先など登録事項を管理するものです」です。宅建業法分野の関連用語・過去問演習ページで、条文番号と数値をセットで復習してください。,宅建士資格登録簿とは何ですか？,宅建士資格登録簿（たっけんししかくとうろくぼ）とは、宅建士の登録事項を管理する帳簿。宅建士資格登録簿は、宅建士の氏名・住所・本籍・勤務先など登録事項を管理するものです。変更登録、死亡等の届出、宅建士証との関係が問われます。,宅建士資格登録簿は試験でどう押さえればよいですか？,まず宅建士資格登録簿は、宅建士の氏名・住所・本籍・勤務先など登録事項を管理するものです。変更登録、死亡等の届出、宅建士証との関係が問われます。。 詳しくは、肢では「宅建士資格登録簿は、宅建士の氏名・住所・本籍・勤務先など登録事項を管理するものです。変更登録、死亡等の届出、宅建士証との関係が問われます。」のいずれかが正誤の分かれ目になりやすいです。特に書面の交付時期・記載事項・監督処分の段階の混同。35条・37条・8条・14条の表で整理する。
登録の移転,とうろくのいてん,宅建業法,宅建業法,勤務先の都道府県へ宅建士登録を移す制度,勤務先の都道府県へ宅建士登録を移す制度。,,,A,"勤務先の都道府県へ宅建士登録を移す制度。宅建業法では書面交付の順序、記載事項、業者・宅建士の責任区分が頻出です。35条・37条・8条・14条を表で整理すると得点が安定します。

肢では「登録の移転は、宅建士が別の都道府県の宅建業者に従事する場合に登録先を移す制度です／35条・37条・8条・14条の表で整理する」のいずれかが正誤の分かれ目になりやすいです。

特に書面の交付時期・記載事項・監督処分の段階の混同。35条・37条・8条・14条の表で整理する。",登録の移転とは,勤務先の都道府県へ宅建士登録を移す制度,"勤務先の都道府県へ宅建士登録を移す制度。

勤務先の都道府県へ宅建士登録を移す制度。宅建業法では書面交付の順序、記載事項、業者・宅建士の責任区分が頻出です。35条・37条・8条・14条を表で整理すると得点が安定します。

宅建業法では書面交付の時期、記載事項、監督処分の段階など、手続の順序と義務者（業者・宅建士）の区別が問われやすいです。",登録の移転は、宅建士が別の都道府県の宅建業者に従事する場合に登録先を移す制度です;35条・37条・8条・14条の表で整理する,書面の交付時期・記載事項・監督処分の段階の混同。35条・37条・8条・14条の表で整理する。,「登録の移転は、宅建士が別の都道府県の宅建業者に従」を起点に、登録の移転の表を作って関連用語と並べる。,（2021年 第28問）宅地建物取引業法に規定する宅地建物取引士の登録に関する次の記述のうち、正しいものはどれか。,正答は選択肢3です。用語「登録の移転」が問われた過去問のため、解説と条文の対応を確認してください。,登録の移転とは何ですか？,登録の移転（とうろくのいてん）とは、勤務先の都道府県へ宅建士登録を移す制度。登録の移転は、宅建士が別の都道府県の宅建業者に従事する場合に登録先を移す制度です。任意制度である点と、宅建士証の書換え・交付を区別します。,登録の移転は試験でどう押さえればよいですか？,まず登録の移転は、宅建士が別の都道府県の宅建業者に従事する場合に登録先を移す制度です。任意制度である点と、宅建士証の書換え・交付を区別します。。 詳しくは、肢では「登録の移転は、宅建士が別の都道府県の宅建業者に従事する場合に登録先を移す制度です。任意制度である点と、宅建士証の書換え・交付を区別します。」のいずれかが正誤の分かれ目になりやすいです。特に書面の交付時期・記載事項・監督処分の段階の混同。35条・37条・8条・14条の表で整理する。
事務所の範囲,じむしょのはんい,宅建業法,宅建業法,宅建業法上の事務所に当たる場所の判断,宅建業法上の事務所に当たる場所の判断。,,,A,"宅建業法上の事務所に当たる場所の判断。宅建業法では書面交付の順序、記載事項、業者・宅建士の責任区分が頻出です。35条・37条・8条・14条を表で整理すると得点が安定します。

肢では「事務所の範囲は、継続的に契約締結権限を持つ場所かどうかで判断します／35条・37条・8条・14条の表で整理する」のいずれかが正誤の分かれ目になりやすいです。

特に書面の交付時期・記載事項・監督処分の段階の混同。35条・37条・8条・14条の表で整理する。",事務所の範囲とは,宅建業法上の事務所に当たる場所の判断,"宅建業法上の事務所に当たる場所の判断。

宅建業法上の事務所に当たる場所の判断。宅建業法では書面交付の順序、記載事項、業者・宅建士の責任区分が頻出です。35条・37条・8条・14条を表で整理すると得点が安定します。

宅建業法では書面交付の時期、記載事項、監督処分の段階など、手続の順序と義務者（業者・宅建士）の区別が問われやすいです。",事務所の範囲は、継続的に契約締結権限を持つ場所かどうかで判断します;35条・37条・8条・14条の表で整理する,書面の交付時期・記載事項・監督処分の段階の混同。35条・37条・8条・14条の表で整理する。,「事務所の範囲は、継続的に契約締結権限を持つ場所か」を起点に、事務所の範囲の表を作って関連用語と並べる。,【学習確認】事務所の範囲について、次のうち試験で押さえるべき説明として適切なものはどれか。,要点は「肢では「事務所の範囲は、継続的に契約締結権限を持つ場所かどうかで判断します」です。宅建業法分野の関連用語・過去問演習ページで、条文番号と数値をセットで復習してください。,事務所の範囲とは何ですか？,事務所の範囲（じむしょのはんい）とは、宅建業法上の事務所に当たる場所の判断。事務所の範囲は、継続的に契約締結権限を持つ場所かどうかで判断します。案内所との違い、専任宅建士や標識設置義務の有無を比較します。,事務所の範囲は試験でどう押さえればよいですか？,まず事務所の範囲は、継続的に契約締結権限を持つ場所かどうかで判断します。案内所との違い、専任宅建士や標識設置義務の有無を比較します。。 詳しくは、肢では「事務所の範囲は、継続的に契約締結権限を持つ場所かどうかで判断します。案内所との違い、専任宅建士や標識設置義務の有無を比較します。」のいずれかが正誤の分かれ目になりやすいです。特に書面の交付時期・記載事項・監督処分の段階の混同。35条・37条・8条・14条の表で整理する。
案内所の届出,あんないしょのとどけで,宅建業法,宅建業法,一定の案内所を設ける場合の届出義務,一定の案内所を設ける場合の届出義務。,,,A,"一定の案内所を設ける場合の届出義務。宅建業法では書面交付の順序、記載事項、業者・宅建士の責任区分が頻出です。35条・37条・8条・14条を表で整理すると得点が安定します。

肢では「案内所の届出は、契約行為等を行う案内所・展示場を設ける場合に必要です／35条・37条・8条・14条の表で整理する」のいずれかが正誤の分かれ目になりやすいです。

特に書面の交付時期・記載事項・監督処分の段階の混同。35条・37条・8条・14条の表で整理する。",案内所の届出とは,一定の案内所を設ける場合の届出義務,"一定の案内所を設ける場合の届出義務。

一定の案内所を設ける場合の届出義務。宅建業法では書面交付の順序、記載事項、業者・宅建士の責任区分が頻出です。35条・37条・8条・14条を表で整理すると得点が安定します。

宅建業法では書面交付の時期、記載事項、監督処分の段階など、手続の順序と義務者（業者・宅建士）の区別が問われやすいです。",案内所の届出は、契約行為等を行う案内所・展示場を設ける場合に必要です;35条・37条・8条・14条の表で整理する,書面の交付時期・記載事項・監督処分の段階の混同。35条・37条・8条・14条の表で整理する。,「案内所の届出は、契約行為等を行う案内所・展示場を」を起点に、案内所の届出の表を作って関連用語と並べる。,【学習確認】案内所の届出について、次のうち試験で押さえるべき説明として適切なものはどれか。,要点は「肢では「案内所の届出は、契約行為等を行う案内所・展示場を設ける場合に必要です」です。宅建業法分野の関連用語・過去問演習ページで、条文番号と数値をセットで復習してください。,案内所の届出とは何ですか？,案内所の届出（あんないしょのとどけで）とは、一定の案内所を設ける場合の届出義務。案内所の届出は、契約行為等を行う案内所・展示場を設ける場合に必要です。届出時期、専任宅建士の設置、標識掲示とセットで覚えます。,案内所の届出は試験でどう押さえればよいですか？,まず案内所の届出は、契約行為等を行う案内所・展示場を設ける場合に必要です。届出時期、専任宅建士の設置、標識掲示とセットで覚えます。。 詳しくは、肢では「案内所の届出は、契約行為等を行う案内所・展示場を設ける場合に必要です。届出時期、専任宅建士の設置、標識掲示とセットで覚えます。」のいずれかが正誤の分かれ目になりやすいです。特に書面の交付時期・記載事項・監督処分の段階の混同。35条・37条・8条・14条の表で整理する。
標識の掲示,ひょうしきのけいじ,宅建業法,宅建業法,事務所や案内所に標識を掲げる義務,事務所や案内所に標識を掲げる義務。,,,A,"事務所や案内所に標識を掲げる義務。宅建業法では書面交付の順序、記載事項、業者・宅建士の責任区分が頻出です。35条・37条・8条・14条を表で整理すると得点が安定します。

肢では「標識の掲示は、宅建業者が事務所や一定の案内所に免許番号などを示す義務です／35条・37条・8条・14条の表で整理する」のいずれかが正誤の分かれ目になりやすいです。

特に書面の交付時期・記載事項・監督処分の段階の混同。35条・37条・8条・14条の表で整理する。",標識の掲示とは,事務所や案内所に標識を掲げる義務,"事務所や案内所に標識を掲げる義務。

事務所や案内所に標識を掲げる義務。宅建業法では書面交付の順序、記載事項、業者・宅建士の責任区分が頻出です。35条・37条・8条・14条を表で整理すると得点が安定します。

宅建業法では書面交付の時期、記載事項、監督処分の段階など、手続の順序と義務者（業者・宅建士）の区別が問われやすいです。",標識の掲示は、宅建業者が事務所や一定の案内所に免許番号などを示す義務です;35条・37条・8条・14条の表で整理する,書面の交付時期・記載事項・監督処分の段階の混同。35条・37条・8条・14条の表で整理する。,「標識の掲示は、宅建業者が事務所や一定の案内所に免」を起点に、標識の掲示の表を作って関連用語と並べる。,【学習確認】標識の掲示について、次のうち試験で押さえるべき説明として適切なものはどれか。,要点は「肢では「標識の掲示は、宅建業者が事務所や一定の案内所に免許番号などを示す義務です」です。宅建業法分野の関連用語・過去問演習ページで、条文番号と数値をセットで復習してください。,標識の掲示とは何ですか？,標識の掲示（ひょうしきのけいじ）とは、事務所や案内所に標識を掲げる義務。標識の掲示は、宅建業者が事務所や一定の案内所に免許番号などを示す義務です。帳簿・従業者名簿・報酬額掲示との違いを比較します。,標識の掲示は試験でどう押さえればよいですか？,まず標識の掲示は、宅建業者が事務所や一定の案内所に免許番号などを示す義務です。帳簿・従業者名簿・報酬額掲示との違いを比較します。。 詳しくは、肢では「標識の掲示は、宅建業者が事務所や一定の案内所に免許番号などを示す義務です。帳簿・従業者名簿・報酬額掲示との違いを比較します。」のいずれかが正誤の分かれ目になりやすいです。特に書面の交付時期・記載事項・監督処分の段階の混同。35条・37条・8条・14条の表で整理する。
従業者名簿,じゅうぎょうしゃめいぼ,宅建業法,宅建業法,事務所ごとに備える従業者の名簿,事務所ごとに備える従業者の名簿。,,,A,"事務所ごとに備える従業者の名簿。宅建業法では書面交付の順序、記載事項、業者・宅建士の責任区分が頻出です。35条・37条・8条・14条を表で整理すると得点が安定します。

肢では「35条・37条・8条・14条の表で整理する／35条・37条・8条・14条の表で整理する／35条・37条・8条・14条の表で整理する」のいずれかが正誤の分かれ目になりやすいです。

特に書面の交付時期・記載事項・監督処分の段階の混同。35条・37条・8条・14条の表で整理する。",従業者名簿とは,事務所ごとに備える従業者の名簿,"事務所ごとに備える従業者の名簿。

事務所ごとに備える従業者の名簿。宅建業法では書面交付の順序、記載事項、業者・宅建士の責任区分が頻出です。35条・37条・8条・14条を表で整理すると得点が安定します。

宅建業法では書面交付の時期、記載事項、監督処分の段階など、手続の順序と義務者（業者・宅建士）の区別が問われやすいです。",35条・37条・8条・14条の表で整理する;35条・37条・8条・14条の表で整理する;35条・37条・8条・14条の表で整理する,書面の交付時期・記載事項・監督処分の段階の混同。35条・37条・8条・14条の表で整理する。,「従業者名簿は、宅建業者が事務所ごとに備え付ける名」を起点に、従業者名簿の表を作って関連用語と並べる。,（2025年 第24問）宅建業者の事務所に関する次の記述のうち、正しいものはどれか。,正答は選択肢4です。用語「従業者名簿」が問われた過去問のため、解説と条文の対応を確認してください。,従業者名簿とは何ですか？,従業者名簿（じゅうぎょうしゃめいぼ）とは、事務所ごとに備える従業者の名簿。従業者名簿は、宅建業者が事務所ごとに備え付ける名簿です。保存期間、閲覧対象、従業者証明書との違いを数字付きで整理します。,従業者名簿は試験でどう押さえればよいですか？,まず従業者名簿は、宅建業者が事務所ごとに備え付ける名簿です。保存期間、閲覧対象、従業者証明書との違いを数字付きで整理します。。 詳しくは、肢では「従業者名簿は、宅建業者が事務所ごとに備え付ける名簿です。保存期間、閲覧対象、従業者証明書との違いを数字付きで整理します。」のいずれかが正誤の分かれ目になりやすいです。特に書面の交付時期・記載事項・監督処分の段階の混同。35条・37条・8条・14条の表で整理する。
取引台帳,とりひきだいちょう,宅建業法,宅建業法,宅建業者が取引内容を記録する帳簿,宅建業者が取引内容を記録する帳簿。,,,A,"宅建業者が取引内容を記録する帳簿。宅建業法では書面交付の順序、記載事項、業者・宅建士の責任区分が頻出です。35条・37条・8条・14条を表で整理すると得点が安定します。

肢では「35条・37条・8条・14条の表で整理する／35条・37条・8条・14条の表で整理する／35条・37条・8条・14条の表で整理する」のいずれかが正誤の分かれ目になりやすいです。

特に書面の交付時期・記載事項・監督処分の段階の混同。35条・37条・8条・14条の表で整理する。",取引台帳とは,宅建業者が取引内容を記録する帳簿,"宅建業者が取引内容を記録する帳簿。

宅建業者が取引内容を記録する帳簿。宅建業法では書面交付の順序、記載事項、業者・宅建士の責任区分が頻出です。35条・37条・8条・14条を表で整理すると得点が安定します。

宅建業法では書面交付の時期、記載事項、監督処分の段階など、手続の順序と義務者（業者・宅建士）の区別が問われやすいです。",35条・37条・8条・14条の表で整理する;35条・37条・8条・14条の表で整理する;35条・37条・8条・14条の表で整理する,書面の交付時期・記載事項・監督処分の段階の混同。35条・37条・8条・14条の表で整理する。,「取引台帳は、宅建業者が取引の年月日・物件・代金な」を起点に、取引台帳の表を作って関連用語と並べる。,【学習確認】取引台帳について、次のうち試験で押さえるべき説明として適切なものはどれか。,要点は「肢では「取引台帳は、宅建業者が取引の年月日・物件・代金などを記録する帳簿です」です。宅建業法分野の関連用語・過去問演習ページで、条文番号と数値をセットで復習してください。,取引台帳とは何ですか？,取引台帳（とりひきだいちょう）とは、宅建業者が取引内容を記録する帳簿。取引台帳は、宅建業者が取引の年月日・物件・代金などを記録する帳簿です。事務所ごとの備付け、保存期間、記載事項が出題されます。,取引台帳は試験でどう押さえればよいですか？,まず取引台帳は、宅建業者が取引の年月日・物件・代金などを記録する帳簿です。事務所ごとの備付け、保存期間、記載事項が出題されます。。 詳しくは、肢では「取引台帳は、宅建業者が取引の年月日・物件・代金などを記録する帳簿です。事務所ごとの備付け、保存期間、記載事項が出題されます。」のいずれかが正誤の分かれ目になりやすいです。特に書面の交付時期・記載事項・監督処分の段階の混同。35条・37条・8条・14条の表で整理する。
報酬額の掲示,ほうしゅうがくのけいじ,宅建業法,宅建業法,事務所ごとに報酬額表を掲示する義務,事務所ごとに報酬額表を掲示する義務。,,,A,"事務所ごとに報酬額表を掲示する義務。宅建業法では書面交付の順序、記載事項、業者・宅建士の責任区分が頻出です。35条・37条・8条・14条を表で整理すると得点が安定します。

肢では「35条・37条・8条・14条の表で整理する／35条・37条・8条・14条の表で整理する／35条・37条・8条・14条の表で整理する」のいずれかが正誤の分かれ目になりやすいです。

特に書面の交付時期・記載事項・監督処分の段階の混同。35条・37条・8条・14条の表で整理する。",報酬額の掲示とは,事務所ごとに報酬額表を掲示する義務,"事務所ごとに報酬額表を掲示する義務。

事務所ごとに報酬額表を掲示する義務。宅建業法では書面交付の順序、記載事項、業者・宅建士の責任区分が頻出です。35条・37条・8条・14条を表で整理すると得点が安定します。

宅建業法では書面交付の時期、記載事項、監督処分の段階など、手続の順序と義務者（業者・宅建士）の区別が問われやすいです。",35条・37条・8条・14条の表で整理する;35条・37条・8条・14条の表で整理する;35条・37条・8条・14条の表で整理する,書面の交付時期・記載事項・監督処分の段階の混同。35条・37条・8条・14条の表で整理する。,「報酬額の掲示は、宅建業者が事務所ごとに報酬額を掲」を起点に、報酬額の掲示の表を作って関連用語と並べる。,【学習確認】報酬額の掲示について、次のうち試験で押さえるべき説明として適切なものはどれか。,要点は「肢では「報酬額の掲示は、宅建業者が事務所ごとに報酬額を掲げる義務です」です。宅建業法分野の関連用語・過去問演習ページで、条文番号と数値をセットで復習してください。,報酬額の掲示とは何ですか？,報酬額の掲示（ほうしゅうがくのけいじ）とは、事務所ごとに報酬額表を掲示する義務。報酬額の掲示は、宅建業者が事務所ごとに報酬額を掲げる義務です。媒介契約書への記載や実際の報酬上限計算と連動して問われます。,報酬額の掲示は試験でどう押さえればよいですか？,まず報酬額の掲示は、宅建業者が事務所ごとに報酬額を掲げる義務です。媒介契約書への記載や実際の報酬上限計算と連動して問われます。。 詳しくは、肢では「報酬額の掲示は、宅建業者が事務所ごとに報酬額を掲げる義務です。媒介契約書への記載や実際の報酬上限計算と連動して問われます。」のいずれかが正誤の分かれ目になりやすいです。特に書面の交付時期・記載事項・監督処分の段階の混同。35条・37条・8条・14条の表で整理する。
名義貸しの禁止,めいぎがしのきんし,宅建業法,宅建業法,免許や宅建士名義を他人に使わせることの禁止,免許や宅建士名義を他人に使わせることの禁止。,,,A,免許・登録を他人に貸し渡す行為は禁止。免許取消・罰則の対象となります。宅建士証の貸与も同様に禁止されます。肢では「免許・登録の名義貸し禁止／宅建士証の貸与も禁止／免許取消・罰則／業者・個人の責任」のいずれかが正誤の分かれ目になりやすいです。,名義貸しの禁止とは,免許や宅建士名義を他人に使わせることの禁止,免許や宅建士名義を他人に使わせることの禁止。免許・登録を他人に貸し渡す行為は禁止。免許取消・罰則の対象となります。宅建士証の貸与も同様に禁止されます。宅建業法では書面交付の時期、記載事項、監督処分の段階など、手続の順序と義務者（業者・宅建士）の区別が問われやすいです。,免許・登録の名義貸し禁止;宅建士証の貸与も禁止;免許取消・罰則;業者・個人の責任,,「名義貸しの禁止は、宅建業免許や宅建士の名義を他人」を起点に、名義貸しの禁止の表を作って関連用語と並べる。,【学習確認】名義貸しの禁止について、次のうち試験で押さえるべき説明として適切なものはどれか。,要点は「肢では「名義貸しの禁止は、宅建業免許や宅建士の名義を他人に利用させる行為を禁じる規制です」です。宅建業法分野の関連用語・過去問演習ページで、条文番号と数値をセットで復習してください。,名義貸しの禁止とは何ですか？,名義貸しの禁止（めいぎがしのきんし）とは、免許や宅建士名義を他人に使わせることの禁止。名義貸しの禁止は、宅建業免許や宅建士の名義を他人に利用させる行為を禁じる規制です。無免許営業、名義貸し、従業者証明書の不正使用を区別します。,名義貸しの禁止は試験でどう押さえればよいですか？,まず名義貸しの禁止は、宅建業免許や宅建士の名義を他人に利用させる行為を禁じる規制です。無免許営業、名義貸し、従業者証明書の不正使用を区別します。。 詳しくは、肢では「名義貸しの禁止は、宅建業免許や宅建士の名義を他人に利用させる行為を禁じる規制です。無免許営業、名義貸し、従業者証明書の不正使用を区別します。」のいずれかが正誤の分かれ目になりやすいです。特に書面の交付時期・記載事項・監督処分の段階の混同。35条・37条・8条・14条の表で整理する。
秘密保持義務,ひみつほじぎむ,宅建業法,宅建業法,業務上知った秘密を漏らしてはならない義務,業務上知った秘密を漏らしてはならない義務。,,,A,"業務上知った秘密を漏らしてはならない義務。宅建業法では書面交付の順序、記載事項、業者・宅建士の責任区分が頻出です。35条・37条・8条・14条を表で整理すると得点が安定します。

肢では「35条・37条・8条・14条の表で整理する／35条・37条・8条・14条の表で整理する／35条・37条・8条・14条の表で整理する」のいずれかが正誤の分かれ目になりやすいです。

特に書面の交付時期・記載事項・監督処分の段階の混同。35条・37条・8条・14条の表で整理する。",秘密保持義務とは,業務上知った秘密を漏らしてはならない義務,"業務上知った秘密を漏らしてはならない義務。

業務上知った秘密を漏らしてはならない義務。宅建業法では書面交付の順序、記載事項、業者・宅建士の責任区分が頻出です。35条・37条・8条・14条を表で整理すると得点が安定します。

宅建業法では書面交付の時期、記載事項、監督処分の段階など、手続の順序と義務者（業者・宅建士）の区別が問われやすいです。",35条・37条・8条・14条の表で整理する;35条・37条・8条・14条の表で整理する;35条・37条・8条・14条の表で整理する,書面の交付時期・記載事項・監督処分の段階の混同。35条・37条・8条・14条の表で整理する。,「秘密保持義務は、宅建業者や宅建士が業務上知った秘」を起点に、秘密保持義務の表を作って関連用語と並べる。,（2024年 第20問）宅建業者の業務に関する次の記述のうち、正しいものはどれか。,正答は選択肢1です。用語「秘密保持義務」が問われた過去問のため、解説と条文の対応を確認してください。,秘密保持義務とは何ですか？,秘密保持義務（ひみつほじぎむ）とは、業務上知った秘密を漏らしてはならない義務。秘密保持義務は、宅建業者や宅建士が業務上知った秘密を漏らしてはならない義務です。退職後も続く点、正当な理由がある場合との区別が問われます。,秘密保持義務は試験でどう押さえればよいですか？,まず秘密保持義務は、宅建業者や宅建士が業務上知った秘密を漏らしてはならない義務です。退職後も続く点、正当な理由がある場合との区別が問われます。。 詳しくは、肢では「秘密保持義務は、宅建業者や宅建士が業務上知った秘密を漏らしてはならない義務です。退職後も続く点、正当な理由がある場合との区別が問われます。」のいずれかが正誤の分かれ目になりやすいです。特に書面の交付時期・記載事項・監督処分の段階の混同。35条・37条・8条・14条の表で整理する。
重要事項の不告知,じゅうようじこうのふこくち,宅建業法,宅建業法,重要事項を故意に告げない行為,重要事項を故意に告げない行為。,,,A,重要事項を知りながら説明せず、又は不実告知した場合の責任。35条書面・損害賠償・契約解除との関係が宅建業法の実務中心です。肢では「知りながら説明しない・不実告知／損害賠償責任／契約解除の可能性／35条書面との関係」のいずれかが正誤の分かれ目になりやすいです。,重要事項の不告知とは,重要事項を故意に告げない行為,重要事項を故意に告げない行為。重要事項を知りながら説明せず、又は不実告知した場合の責任。35条書面・損害賠償・契約解除との関係が宅建業法の実務中心です。宅建業法では書面交付の時期、記載事項、監督処分の段階など、手続の順序と義務者（業者・宅建士）の区別が問われやすいです。,知りながら説明しない・不実告知;損害賠償責任;契約解除の可能性;35条書面との関係,,「重要事項の不告知は、取引判断に重要な事項を故意に」を起点に、重要事項の不告知の表を作って関連用語と並べる。,【学習確認】重要事項の不告知について、次のうち試験で押さえるべき説明として適切なものはどれか。,要点は「肢では「重要事項の不告知は、取引判断に重要な事項を故意に告げない行為です」です。宅建業法分野の関連用語・過去問演習ページで、条文番号と数値をセットで復習してください。,重要事項の不告知とは何ですか？,重要事項の不告知（じゅうようじこうのふこくち）とは、重要事項を故意に告げない行為。重要事項の不告知は、取引判断に重要な事項を故意に告げない行為です。虚偽告知、不実告知、断定的判断の提供と並べて業務規制を整理します。,重要事項の不告知は試験でどう押さえればよいですか？,まず重要事項の不告知は、取引判断に重要な事項を故意に告げない行為です。虚偽告知、不実告知、断定的判断の提供と並べて業務規制を整理します。。 詳しくは、肢では「重要事項の不告知は、取引判断に重要な事項を故意に告げない行為です。虚偽告知、不実告知、断定的判断の提供と並べて業務規制を整理します。」のいずれかが正誤の分かれ目になりやすいです。特に書面の交付時期・記載事項・監督処分の段階の混同。35条・37条・8条・14条の表で整理する。
不実告知,ふじつこくち,宅建業法,宅建業法,事実と異なることを告げる禁止行為,事実と異なることを告げる禁止行為。,,,A,重要事項について虚偽の告知をした行為。知らなかったことの抗弁、業者・宅建士の責任区分が問われます。肢では「虚偽の告知／損害賠償・解除／重要事項の範囲／過失の有無」のいずれかが正誤の分かれ目になりやすいです。,不実告知とは,事実と異なることを告げる禁止行為,事実と異なることを告げる禁止行為。重要事項について虚偽の告知をした行為。知らなかったことの抗弁、業者・宅建士の責任区分が問われます。宅建業法では書面交付の時期、記載事項、監督処分の段階など、手続の順序と義務者（業者・宅建士）の区別が問われやすいです。,虚偽の告知;損害賠償・解除;重要事項の範囲;過失の有無,,「不実告知は、取引相手に事実と異なる説明をする禁止」を起点に、不実告知の表を作って関連用語と並べる。,【学習確認】不実告知について、次のうち試験で押さえるべき説明として適切なものはどれか。,要点は「肢では「不実告知は、取引相手に事実と異なる説明をする禁止行為です」です。宅建業法分野の関連用語・過去問演習ページで、条文番号と数値をセットで復習してください。,不実告知とは何ですか？,不実告知（ふじつこくち）とは、事実と異なることを告げる禁止行為。不実告知は、取引相手に事実と異なる説明をする禁止行為です。重要事項説明の誤り、広告規制、損害賠償責任との接続が問われます。,不実告知は試験でどう押さえればよいですか？,まず不実告知は、取引相手に事実と異なる説明をする禁止行為です。重要事項説明の誤り、広告規制、損害賠償責任との接続が問われます。。 詳しくは、肢では「不実告知は、取引相手に事実と異なる説明をする禁止行為です。重要事項説明の誤り、広告規制、損害賠償責任との接続が問われます。」のいずれかが正誤の分かれ目になりやすいです。特に書面の交付時期・記載事項・監督処分の段階の混同。35条・37条・8条・14条の表で整理する。
断定的判断の提供,だんていてきはんだんのていきょう,宅建業法,宅建業法,将来利益などを断定的に告げる禁止行為,将来利益などを断定的に告げる禁止行為。,,,A,"将来利益などを断定的に告げる禁止行為。宅建業法では書面交付の順序、記載事項、業者・宅建士の責任区分が頻出です。35条・37条・8条・14条を表で整理すると得点が安定します。

肢では「断定的判断の提供は、将来の値上がりや収益を確実であるかのように告げる行為です／35条・37条・8条・14条の表で整理する」のいずれかが正誤の分かれ目になりやすいです。

特に書面の交付時期・記載事項・監督処分の段階の混同。35条・37条・8条・14条の表で整理する。",断定的判断の提供とは,将来利益などを断定的に告げる禁止行為,"将来利益などを断定的に告げる禁止行為。

将来利益などを断定的に告げる禁止行為。宅建業法では書面交付の順序、記載事項、業者・宅建士の責任区分が頻出です。35条・37条・8条・14条を表で整理すると得点が安定します。

宅建業法では書面交付の時期、記載事項、監督処分の段階など、手続の順序と義務者（業者・宅建士）の区別が問われやすいです。",断定的判断の提供は、将来の値上がりや収益を確実であるかのように告げる行為です;35条・37条・8条・14条の表で整理する,書面の交付時期・記載事項・監督処分の段階の混同。35条・37条・8条・14条の表で整理する。,「断定的判断の提供は、将来の値上がりや収益を確実で」を起点に、断定的判断の提供の表を作って関連用語と並べる。,【学習確認】断定的判断の提供について、次のうち試験で押さえるべき説明として適切なものはどれか。,要点は「肢では「断定的判断の提供は、将来の値上がりや収益を確実であるかのように告げる行為です」です。宅建業法分野の関連用語・過去問演習ページで、条文番号と数値をセットで復習してください。,断定的判断の提供とは何ですか？,断定的判断の提供（だんていてきはんだんのていきょう）とは、将来利益などを断定的に告げる禁止行為。断定的判断の提供は、将来の値上がりや収益を確実であるかのように告げる行為です。投資用不動産の勧誘規制や誇大広告と関連して出題されます。,断定的判断の提供は試験でどう押さえればよいですか？,まず断定的判断の提供は、将来の値上がりや収益を確実であるかのように告げる行為です。投資用不動産の勧誘規制や誇大広告と関連して出題されます。。 詳しくは、肢では「断定的判断の提供は、将来の値上がりや収益を確実であるかのように告げる行為です。投資用不動産の勧誘規制や誇大広告と関連して出題されます。」のいずれかが正誤の分かれ目になりやすいです。特に書面の交付時期・記載事項・監督処分の段階の混同。35条・37条・8条・14条の表で整理する。
手付金等の保全措置,てつけきんとうのほぜんそち,宅建業法,宅建業法,一定額を超える手付金等を保全する制度,一定額を超える手付金等を保全する制度。,,,A,"一定額を超える手付金等を保全する制度。宅建業法では書面交付の順序、記載事項、業者・宅建士の責任区分が頻出です。35条・37条・8条・14条を表で整理すると得点が安定します。

肢では「手付金等の保全措置は、宅建業者が自ら売主となる取引で買主の支払金を保護する制度です／35条・37条・8条・14条の表で整理する」のいずれかが正誤の分かれ目になりやすいです。

特に書面の交付時期・記載事項・監督処分の段階の混同。35条・37条・8条・14条の表で整理する。",手付金等の保全措置とは,一定額を超える手付金等を保全する制度,"一定額を超える手付金等を保全する制度。

一定額を超える手付金等を保全する制度。宅建業法では書面交付の順序、記載事項、業者・宅建士の責任区分が頻出です。35条・37条・8条・14条を表で整理すると得点が安定します。

宅建業法では書面交付の時期、記載事項、監督処分の段階など、手続の順序と義務者（業者・宅建士）の区別が問われやすいです。",手付金等の保全措置は、宅建業者が自ら売主となる取引で買主の支払金を保護する制度です;35条・37条・8条・14条の表で整理する,書面の交付時期・記載事項・監督処分の段階の混同。35条・37条・8条・14条の表で整理する。,「手付金等の保全措置は、宅建業者が自ら売主となる取」を起点に、手付金等の保全措置の表を作って関連用語と並べる。,（2025年 第22問）手付金等の保全措置に関する次の記述のうち、正しいものはどれか。,正答は選択肢1です。用語「手付金等の保全措置」が問われた過去問のため、解説と条文の対応を確認してください。,手付金等の保全措置とは何ですか？,手付金等の保全措置（てつけきんとうのほぜんそち）とは、一定額を超える手付金等を保全する制度。手付金等の保全措置は、宅建業者が自ら売主となる取引で買主の支払金を保護する制度です。未完成物件と完成物件の基準、保全方法を比較します。,手付金等の保全措置は試験でどう押さえればよいですか？,まず手付金等の保全措置は、宅建業者が自ら売主となる取引で買主の支払金を保護する制度です。未完成物件と完成物件の基準、保全方法を比較します。。 詳しくは、肢では「手付金等の保全措置は、宅建業者が自ら売主となる取引で買主の支払金を保護する制度です。未完成物件と完成物件の基準、保全方法を比較します。」のいずれかが正誤の分かれ目になりやすいです。特に書面の交付時期・記載事項・監督処分の段階の混同。35条・37条・8条・14条の表で整理する。
損害賠償額の予定等の制限,そんがいばいしょうがくのよていとうのせいげん,宅建業法,宅建業法,自ら売主の宅建業者に対する20%制限,自ら売主の宅建業者に対する20%制限。,,,A,宅建業法上、手付金・違約金・損害賠償額の予定等に上限・制限がある規定。37条書面への記載・消費者保護の観点から頻出です。肢では「手付金・違約金・予定損害の制限／37条書面への記載／民法の一般原則との関係／業者の責任との区別」のいずれかが正誤の分かれ目になりやすいです。,損害賠償額の予定等の制限とは,自ら売主の宅建業者に対する20%制限,自ら売主の宅建業者に対する20%制限。宅建業法上、手付金・違約金・損害賠償額の予定等に上限・制限がある規定。37条書面への記載・消費者保護の観点から頻出です。宅建業法では書面交付の時期、記載事項、監督処分の段階など、手続の順序と義務者（業者・宅建士）の区別が問われやすいです。,手付金・違約金・予定損害の制限;37条書面への記載;民法の一般原則との関係;業者の責任との区別,,「損害賠償額の予定等の制限は、宅建業者が自ら売主の」を起点に、損害賠償額の予定等の制限の表を作って関連用語と並べる。,【学習確認】損害賠償額の予定等の制限について、次のうち試験で押さえるべき説明として適切なものはどれか。,要点は「肢では「損害賠償額の予定等の制限は、宅建業者が自ら売主の場合に損害賠償予定額と違約金の合計を代金の20%以下にする規制です」です。宅建業法分野の関連用語・過去問演習ページで、条文番号と数値をセットで復習してください。,損害賠償額の予定等の制限とは何ですか？,損害賠償額の予定等の制限（そんがいばいしょうがくのよていとうのせいげん）とは、自ら売主の宅建業者に対する20%制限。損害賠償額の予定等の制限は、宅建業者が自ら売主の場合に損害賠償予定額と違約金の合計を代金の20%以下にする規制です。8種制限の一つとして出題されます。,損害賠償額の予定等の制限は試験でどう押さえればよいですか？,まず損害賠償額の予定等の制限は、宅建業者が自ら売主の場合に損害賠償予定額と違約金の合計を代金の20%以下にする規制です。8種制限の一つとして出題されます。。 詳しくは、肢では「損害賠償額の予定等の制限は、宅建業者が自ら売主の場合に損害賠償予定額と違約金の合計を代金の20%以下にする規制です。8種制限の一つとして出題されます。」のいずれかが正誤の分かれ目になりやすいです。特に書面の交付時期・記載事項・監督処分の段階の混同。35条・37条・8条・14条の表で整理する。
契約不適合責任の特約制限,けいやくふてきごうせきにんのとくやくせいげん,宅建業法,宅建業法,買主に不利な契約不適合責任特約の制限,買主に不利な契約不適合責任特約の制限。,,,A,"買主に不利な契約不適合責任特約の制限。宅建業法では書面交付の順序、記載事項、業者・宅建士の責任区分が頻出です。35条・37条・8条・14条を表で整理すると得点が安定します。

肢では「35条・37条・8条・14条の表で整理する／35条・37条・8条・14条の表で整理する／35条・37条・8条・14条の表で整理する」のいずれかが正誤の分かれ目になりやすいです。

特に書面の交付時期・記載事項・監督処分の段階の混同。35条・37条・8条・14条の表で整理する。",契約不適合責任の特約制限とは,買主に不利な契約不適合責任特約の制限,"買主に不利な契約不適合責任特約の制限。

買主に不利な契約不適合責任特約の制限。宅建業法では書面交付の順序、記載事項、業者・宅建士の責任区分が頻出です。35条・37条・8条・14条を表で整理すると得点が安定します。

宅建業法では書面交付の時期、記載事項、監督処分の段階など、手続の順序と義務者（業者・宅建士）の区別が問われやすいです。",35条・37条・8条・14条の表で整理する;35条・37条・8条・14条の表で整理する;35条・37条・8条・14条の表で整理する,書面の交付時期・記載事項・監督処分の段階の混同。35条・37条・8条・14条の表で整理する。,「契約不適合責任の特約制限は、宅建業者が自ら売主と」を起点に、契約不適合責任の特約制限の表を作って関連用語と並べる。,【学習確認】契約不適合責任の特約制限について、次のうち試験で押さえるべき説明として適切なものはどれか。,要点は「肢では「契約不適合責任の特約制限は、宅建業者が自ら売主となる場合に買主へ不利な特約を制限する制度です」です。宅建業法分野の関連用語・過去問演習ページで、条文番号と数値をセットで復習してください。,契約不適合責任の特約制限とは何ですか？,契約不適合責任の特約制限（けいやくふてきごうせきにんのとくやくせいげん）とは、買主に不利な契約不適合責任特約の制限。契約不適合責任の特約制限は、宅建業者が自ら売主となる場合に買主へ不利な特約を制限する制度です。通知期間を引渡しから2年以上とする特約の扱いが頻出です。,契約不適合責任の特約制限は試験でどう押さえればよいですか？,まず契約不適合責任の特約制限は、宅建業者が自ら売主となる場合に買主へ不利な特約を制限する制度です。通知期間を引渡しから2年以上とする特約の扱いが頻出です。。 詳しくは、肢では「契約不適合責任の特約制限は、宅建業者が自ら売主となる場合に買主へ不利な特約を制限する制度です。通知期間を引渡しから2年以上とする特約の扱いが頻出です。」のいずれかが正誤の分かれ目になりやすいです。特に書面の交付時期・記載事項・監督処分の段階の混同。35条・37条・8条・14条の表で整理する。
解除等の制限,かいじょとうのせいげん,宅建業法,宅建業法,買主に不利な解除条項を制限する規制,買主に不利な解除条項を制限する規制。,,,A,"買主に不利な解除条項を制限する規制。宅建業法では書面交付の順序、記載事項、業者・宅建士の責任区分が頻出です。35条・37条・8条・14条を表で整理すると得点が安定します。

肢では「解除等の制限は、宅建業者が自ら売主となる取引で買主に不利な解除条項を制限する規制です／35条・37条・8条・14条の表で整理する」のいずれかが正誤の分かれ目になりやすいです。

特に書面の交付時期・記載事項・監督処分の段階の混同。35条・37条・8条・14条の表で整理する。",解除等の制限とは,買主に不利な解除条項を制限する規制,"買主に不利な解除条項を制限する規制。

買主に不利な解除条項を制限する規制。宅建業法では書面交付の順序、記載事項、業者・宅建士の責任区分が頻出です。35条・37条・8条・14条を表で整理すると得点が安定します。

宅建業法では書面交付の時期、記載事項、監督処分の段階など、手続の順序と義務者（業者・宅建士）の区別が問われやすいです。",解除等の制限は、宅建業者が自ら売主となる取引で買主に不利な解除条項を制限する規制です;35条・37条・8条・14条の表で整理する,書面の交付時期・記載事項・監督処分の段階の混同。35条・37条・8条・14条の表で整理する。,「解除等の制限は、宅建業者が自ら売主となる取引で買」を起点に、解除等の制限の表を作って関連用語と並べる。,【学習確認】解除等の制限について、次のうち試験で押さえるべき説明として適切なものはどれか。,要点は「肢では「解除等の制限は、宅建業者が自ら売主となる取引で買主に不利な解除条項を制限する規制です」です。宅建業法分野の関連用語・過去問演習ページで、条文番号と数値をセットで復習してください。,解除等の制限とは何ですか？,解除等の制限（かいじょとうのせいげん）とは、買主に不利な解除条項を制限する規制。解除等の制限は、宅建業者が自ら売主となる取引で買主に不利な解除条項を制限する規制です。8種制限の横断整理で、手付解除・損害賠償予定と比較します。,解除等の制限は試験でどう押さえればよいですか？,まず解除等の制限は、宅建業者が自ら売主となる取引で買主に不利な解除条項を制限する規制です。8種制限の横断整理で、手付解除・損害賠償予定と比較します。。 詳しくは、肢では「解除等の制限は、宅建業者が自ら売主となる取引で買主に不利な解除条項を制限する規制です。8種制限の横断整理で、手付解除・損害賠償予定と比較します。」のいずれかが正誤の分かれ目になりやすいです。特に書面の交付時期・記載事項・監督処分の段階の混同。35条・37条・8条・14条の表で整理する。
仲介手数料,ちゅうかいてすうりょう,宅建業法,宅建業法,媒介・代理で受け取れる報酬,媒介・代理で受け取れる報酬。,,,A,"媒介・代理で受け取れる報酬。宅建業法では書面交付の順序、記載事項、業者・宅建士の責任区分が頻出です。35条・37条・8条・14条を表で整理すると得点が安定します。

肢では「35条・37条・8条・14条の表で整理する／35条・37条・8条・14条の表で整理する／35条・37条・8条・14条の表で整理する」のいずれかが正誤の分かれ目になりやすいです。

特に書面の交付時期・記載事項・監督処分の段階の混同。35条・37条・8条・14条の表で整理する。",仲介手数料とは,媒介・代理で受け取れる報酬,"媒介・代理で受け取れる報酬。

媒介・代理で受け取れる報酬。宅建業法では書面交付の順序、記載事項、業者・宅建士の責任区分が頻出です。35条・37条・8条・14条を表で整理すると得点が安定します。

宅建業法では書面交付の時期、記載事項、監督処分の段階など、手続の順序と義務者（業者・宅建士）の区別が問われやすいです。",35条・37条・8条・14条の表で整理する;35条・37条・8条・14条の表で整理する;35条・37条・8条・14条の表で整理する,書面の交付時期・記載事項・監督処分の段階の混同。35条・37条・8条・14条の表で整理する。,「仲介手数料は、媒介・代理により宅建業者が受け取れ」を起点に、仲介手数料の表を作って関連用語と並べる。,（2016年 第23問）印紙税についての以下の記述のうち、正しいものを選びなさい。,正答は選択肢2です。用語「仲介手数料」が問われた過去問のため、解説と条文の対応を確認してください。,仲介手数料とは何ですか？,仲介手数料（ちゅうかいてすうりょう）とは、媒介・代理で受け取れる報酬。仲介手数料は、媒介・代理により宅建業者が受け取れる報酬です。売買・交換・賃貸借で計算式が異なり、消費税の扱いも問われます。,仲介手数料は試験でどう押さえればよいですか？,まず仲介手数料は、媒介・代理により宅建業者が受け取れる報酬です。売買・交換・賃貸借で計算式が異なり、消費税の扱いも問われます。。 詳しくは、肢では「仲介手数料は、媒介・代理により宅建業者が受け取れる報酬です。売買・交換・賃貸借で計算式が異なり、消費税の扱いも問われます。」のいずれかが正誤の分かれ目になりやすいです。特に書面の交付時期・記載事項・監督処分の段階の混同。35条・37条・8条・14条の表で整理する。
媒介契約書,ばいかいけいやくしょ,宅建業法,宅建業法,媒介契約締結時に作成・交付する書面,媒介契約締結時に作成・交付する書面。,,,A,"媒介契約締結時に作成・交付する書面。宅建業法では書面交付の順序、記載事項、業者・宅建士の責任区分が頻出です。35条・37条・8条・14条を表で整理すると得点が安定します。

肢では「35条・37条・8条・14条の表で整理する／35条・37条・8条・14条の表で整理する／35条・37条・8条・14条の表で整理する」のいずれかが正誤の分かれ目になりやすいです。

特に書面の交付時期・記載事項・監督処分の段階の混同。35条・37条・8条・14条の表で整理する。",媒介契約書とは,媒介契約締結時に作成・交付する書面,"媒介契約締結時に作成・交付する書面。

媒介契約締結時に作成・交付する書面。宅建業法では書面交付の順序、記載事項、業者・宅建士の責任区分が頻出です。35条・37条・8条・14条を表で整理すると得点が安定します。

宅建業法では書面交付の時期、記載事項、監督処分の段階など、手続の順序と義務者（業者・宅建士）の区別が問われやすいです。",35条・37条・8条・14条の表で整理する;35条・37条・8条・14条の表で整理する;35条・37条・8条・14条の表で整理する,書面の交付時期・記載事項・監督処分の段階の混同。35条・37条・8条・14条の表で整理する。,「媒介契約書は、宅建業者が媒介契約を締結したときに」を起点に、媒介契約書の表を作って関連用語と並べる。,（2020年 第28問）宅地建物取引業法に規定する媒介契約書面に関する次の記述のうち、正しいものはどれか。,正答は選択肢1です。用語「媒介契約書」が問われた過去問のため、解説と条文の対応を確認してください。,媒介契約書とは何ですか？,媒介契約書（ばいかいけいやくしょ）とは、媒介契約締結時に作成・交付する書面。媒介契約書は、宅建業者が媒介契約を締結したときに依頼者へ交付する書面です。記載事項、有効期間、レインズ登録、報告義務を一体で整理します。,媒介契約書は試験でどう押さえればよいですか？,まず媒介契約書は、宅建業者が媒介契約を締結したときに依頼者へ交付する書面です。記載事項、有効期間、レインズ登録、報告義務を一体で整理します。。 詳しくは、肢では「媒介契約書は、宅建業者が媒介契約を締結したときに依頼者へ交付する書面です。記載事項、有効期間、レインズ登録、報告義務を一体で整理します。」のいずれかが正誤の分かれ目になりやすいです。特に書面の交付時期・記載事項・監督処分の段階の混同。35条・37条・8条・14条の表で整理する。
一般媒介契約,いっぱんばいかいけいやく,宅建業法,宅建業法,複数業者へ依頼できる媒介契約,複数業者へ依頼できる媒介契約。,,,A,"複数業者へ依頼できる媒介契約。宅建業法では書面交付の順序、記載事項、業者・宅建士の責任区分が頻出です。35条・37条・8条・14条を表で整理すると得点が安定します。

肢では「一般媒介契約は、依頼者が複数の宅建業者に媒介を依頼できる契約です／35条・37条・8条・14条の表で整理する」のいずれかが正誤の分かれ目になりやすいです。

特に書面の交付時期・記載事項・監督処分の段階の混同。35条・37条・8条・14条の表で整理する。",一般媒介契約とは,複数業者へ依頼できる媒介契約,"複数業者へ依頼できる媒介契約。

複数業者へ依頼できる媒介契約。宅建業法では書面交付の順序、記載事項、業者・宅建士の責任区分が頻出です。35条・37条・8条・14条を表で整理すると得点が安定します。

宅建業法では書面交付の時期、記載事項、監督処分の段階など、手続の順序と義務者（業者・宅建士）の区別が問われやすいです。",一般媒介契約は、依頼者が複数の宅建業者に媒介を依頼できる契約です;35条・37条・8条・14条の表で整理する,書面の交付時期・記載事項・監督処分の段階の混同。35条・37条・8条・14条の表で整理する。,「一般媒介契約は、依頼者が複数の宅建業者に媒介を依」を起点に、一般媒介契約の表を作って関連用語と並べる。,（2024年 第20問）宅建業者の業務に関する次の記述のうち、正しいものはどれか。,正答は選択肢1です。用語「一般媒介契約」が問われた過去問のため、解説と条文の対応を確認してください。,一般媒介契約とは何ですか？,一般媒介契約（いっぱんばいかいけいやく）とは、複数業者へ依頼できる媒介契約。一般媒介契約は、依頼者が複数の宅建業者に媒介を依頼できる契約です。明示型・非明示型、レインズ登録義務の有無、報告義務の違いを比較します。,一般媒介契約は試験でどう押さえればよいですか？,まず一般媒介契約は、依頼者が複数の宅建業者に媒介を依頼できる契約です。明示型・非明示型、レインズ登録義務の有無、報告義務の違いを比較します。。 詳しくは、肢では「一般媒介契約は、依頼者が複数の宅建業者に媒介を依頼できる契約です。明示型・非明示型、レインズ登録義務の有無、報告義務の違いを比較します。」のいずれかが正誤の分かれ目になりやすいです。特に書面の交付時期・記載事項・監督処分の段階の混同。35条・37条・8条・14条の表で整理する。
専任媒介契約,せんにんばいかいけいやく,宅建業法,宅建業法,一社にだけ媒介を依頼する契約,一社にだけ媒介を依頼する契約。,,,A,"一社にだけ媒介を依頼する契約。宅建業法では書面交付の順序、記載事項、業者・宅建士の責任区分が頻出です。35条・37条・8条・14条を表で整理すると得点が安定します。

肢では「35条・37条・8条・14条の表で整理する／35条・37条・8条・14条の表で整理する／35条・37条・8条・14条の表で整理する」のいずれかが正誤の分かれ目になりやすいです。

特に書面の交付時期・記載事項・監督処分の段階の混同。35条・37条・8条・14条の表で整理する。",専任媒介契約とは,一社にだけ媒介を依頼する契約,"一社にだけ媒介を依頼する契約。

一社にだけ媒介を依頼する契約。宅建業法では書面交付の順序、記載事項、業者・宅建士の責任区分が頻出です。35条・37条・8条・14条を表で整理すると得点が安定します。

宅建業法では書面交付の時期、記載事項、監督処分の段階など、手続の順序と義務者（業者・宅建士）の区別が問われやすいです。",35条・37条・8条・14条の表で整理する;35条・37条・8条・14条の表で整理する;35条・37条・8条・14条の表で整理する,書面の交付時期・記載事項・監督処分の段階の混同。35条・37条・8条・14条の表で整理する。,「専任媒介契約は、依頼先を一社に限定する媒介契約で」を起点に、専任媒介契約の表を作って関連用語と並べる。,（2020年 第28問）宅地建物取引業法に規定する媒介契約書面に関する次の記述のうち、正しいものはどれか。,正答は選択肢1です。用語「専任媒介契約」が問われた過去問のため、解説と条文の対応を確認してください。,専任媒介契約とは何ですか？,専任媒介契約（せんにんばいかいけいやく）とは、一社にだけ媒介を依頼する契約。専任媒介契約は、依頼先を一社に限定する媒介契約です。自己発見取引の可否、レインズ登録期限、業務処理状況の報告頻度が頻出です。,専任媒介契約は試験でどう押さえればよいですか？,まず専任媒介契約は、依頼先を一社に限定する媒介契約です。自己発見取引の可否、レインズ登録期限、業務処理状況の報告頻度が頻出です。。 詳しくは、肢では「専任媒介契約は、依頼先を一社に限定する媒介契約です。自己発見取引の可否、レインズ登録期限、業務処理状況の報告頻度が頻出です。」のいずれかが正誤の分かれ目になりやすいです。特に書面の交付時期・記載事項・監督処分の段階の混同。35条・37条・8条・14条の表で整理する。
専属専任媒介契約,せんぞくせんにんばいかいけいやく,宅建業法,宅建業法,自己発見取引も制限される媒介契約,自己発見取引も制限される媒介契約。,,,A,"自己発見取引も制限される媒介契約。宅建業法では書面交付の順序、記載事項、業者・宅建士の責任区分が頻出です。35条・37条・8条・14条を表で整理すると得点が安定します。

肢では「専属専任媒介契約は、依頼先を一社に限定し、依頼者自身が見つけた相手との取引も制限される契約です／35条・37条・8条・14条の表で整理する」のいずれかが正誤の分かれ目になりやすいです。

特に書面の交付時期・記載事項・監督処分の段階の混同。35条・37条・8条・14条の表で整理する。",専属専任媒介契約とは,自己発見取引も制限される媒介契約,"自己発見取引も制限される媒介契約。

自己発見取引も制限される媒介契約。宅建業法では書面交付の順序、記載事項、業者・宅建士の責任区分が頻出です。35条・37条・8条・14条を表で整理すると得点が安定します。

宅建業法では書面交付の時期、記載事項、監督処分の段階など、手続の順序と義務者（業者・宅建士）の区別が問われやすいです。",専属専任媒介契約は、依頼先を一社に限定し、依頼者自身が見つけた相手との取引も制限される契約です;35条・37条・8条・14条の表で整理する,書面の交付時期・記載事項・監督処分の段階の混同。35条・37条・8条・14条の表で整理する。,「専属専任媒介契約は、依頼先を一社に限定し、依頼者」を起点に、専属専任媒介契約の表を作って関連用語と並べる。,（2020年 第28問）宅地建物取引業法に規定する媒介契約書面に関する次の記述のうち、正しいものはどれか。,正答は選択肢1です。用語「専属専任媒介契約」が問われた過去問のため、解説と条文の対応を確認してください。,専属専任媒介契約とは何ですか？,専属専任媒介契約（せんぞくせんにんばいかいけいやく）とは、自己発見取引も制限される媒介契約。専属専任媒介契約は、依頼先を一社に限定し、依頼者自身が見つけた相手との取引も制限される契約です。専任媒介との数字比較が重要です。,専属専任媒介契約は試験でどう押さえればよいですか？,まず専属専任媒介契約は、依頼先を一社に限定し、依頼者自身が見つけた相手との取引も制限される契約です。専任媒介との数字比較が重要です。。 詳しくは、肢では「専属専任媒介契約は、依頼先を一社に限定し、依頼者自身が見つけた相手との取引も制限される契約です。専任媒介との数字比較が重要です。」のいずれかが正誤の分かれ目になりやすいです。特に書面の交付時期・記載事項・監督処分の段階の混同。35条・37条・8条・14条の表で整理する。
IT重説の実施要件,あいてぃーじゅうせつのじっしようけん,宅建業法,宅建業法,オンラインで重要事項説明を行うための要件,オンラインで重要事項説明を行うための要件。,,,A,35条の2に基づく遠隔での重要事項説明。事前同意・本人確認・記録保存が要件です。対面重説との併用・電磁的交付との関係を整理します。肢では「事前の書面・電磁的同意／本人確認手続／説明の記録保存／35条書面との関係」のいずれかが正誤の分かれ目になりやすいです。,IT重説の実施要件とは,オンラインで重要事項説明を行うための要件,オンラインで重要事項説明を行うための要件。35条の2に基づく遠隔での重要事項説明。事前同意・本人確認・記録保存が要件です。対面重説との併用・電磁的交付との関係を整理します。宅建業法では書面交付の時期、記載事項、監督処分の段階など、手続の順序と義務者（業者・宅建士）の区別が問われやすいです。,事前の書面・電磁的同意;本人確認手続;説明の記録保存;35条書面との関係,,「IT重説の実施要件は、双方向通信、相手方の承諾、」を起点に、IT重説の実施要件の表を作って関連用語と並べる。,【学習確認】IT重説の実施要件について、次のうち試験で押さえるべき説明として適切なものはどれか。,要点は「肢では「IT重説の実施要件は、双方向通信、相手方の承諾、書面確認、宅建士証提示などを整理します」です。宅建業法分野の関連用語・過去問演習ページで、条文番号と数値をセットで復習してください。,IT重説の実施要件とは何ですか？,IT重説の実施要件（あいてぃーじゅうせつのじっしようけん）とは、オンラインで重要事項説明を行うための要件。IT重説の実施要件は、双方向通信、相手方の承諾、書面確認、宅建士証提示などを整理します。対面重説と省略できない事項を比較します。,IT重説の実施要件は試験でどう押さえればよいですか？,まずIT重説の実施要件は、双方向通信、相手方の承諾、書面確認、宅建士証提示などを整理します。対面重説と省略できない事項を比較します。。 詳しくは、肢では「IT重説の実施要件は、双方向通信、相手方の承諾、書面確認、宅建士証提示などを整理します。対面重説と省略できない事項を比較します。」のいずれかが正誤の分かれ目になりやすいです。特に書面の交付時期・記載事項・監督処分の段階の混同。35条・37条・8条・14条の表で整理する。
書面の電磁的方法による交付,しょめんのでんじてきほうほうによるこうふ,宅建業法,宅建業法,35条・37条書面を電子的に交付する制度,35条・37条書面を電子的に交付する制度。,,,A,"35条・37条書面を電子的に交付する制度。宅建業法では書面交付の順序、記載事項、業者・宅建士の責任区分が頻出です。35条・37条・8条・14条を表で整理すると得点が安定します。

肢では「書面の電磁的方法による交付は、相手方の承諾を得て重要事項説明書や37条書面を電子交付する制度です／35条・37条・8条・14条の表で整理する」のいずれかが正誤の分かれ目になりやすいです。

特に書面の交付時期・記載事項・監督処分の段階の混同。35条・37条・8条・14条の表で整理する。",書面の電磁的方法による交付とは,35条・37条書面を電子的に交付する制度,"35条・37条書面を電子的に交付する制度。

35条・37条書面を電子的に交付する制度。宅建業法では書面交付の順序、記載事項、業者・宅建士の責任区分が頻出です。35条・37条・8条・14条を表で整理すると得点が安定します。

宅建業法では書面交付の時期、記載事項、監督処分の段階など、手続の順序と義務者（業者・宅建士）の区別が問われやすいです。",書面の電磁的方法による交付は、相手方の承諾を得て重要事項説明書や37条書面を電子交付する制度です;35条・37条・8条・14条の表で整理する,書面の交付時期・記載事項・監督処分の段階の混同。35条・37条・8条・14条の表で整理する。,「書面の電磁的方法による交付は、相手方の承諾を得て」を起点に、書面の電磁的方法による交付の表を作って関連用語と並べる。,【学習確認】書面の電磁的方法による交付について、次のうち試験で押さえるべき説明として適切なものはどれか。,要点は「肢では「書面の電磁的方法による交付は、相手方の承諾を得て重要事項説明書や37条書面を電子交付する制度です」です。宅建業法分野の関連用語・過去問演習ページで、条文番号と数値をセットで復習してください。,書面の電磁的方法による交付とは何ですか？,書面の電磁的方法による交付（しょめんのでんじてきほうほうによるこうふ）とは、35条・37条書面を電子的に交付する制度。書面の電磁的方法による交付は、相手方の承諾を得て重要事項説明書や37条書面を電子交付する制度です。承諾、保存、見読性を確認します。,書面の電磁的方法による交付は試験でどう押さえればよいですか？,まず書面の電磁的方法による交付は、相手方の承諾を得て重要事項説明書や37条書面を電子交付する制度です。承諾、保存、見読性を確認します。。 詳しくは、肢では「書面の電磁的方法による交付は、相手方の承諾を得て重要事項説明書や37条書面を電子交付する制度です。承諾、保存、見読性を確認します。」のいずれかが正誤の分かれ目になりやすいです。特に書面の交付時期・記載事項・監督処分の段階の混同。35条・37条・8条・14条の表で整理する。
都市計画決定,としけいかくけってい,法令上の制限,法令上の制限,都市計画を定める行政手続,都市計画を定める行政手続。,,,A,"都市計画を定める行政手続。法令上の制限では「どの法令の・どの区域で・何が必要か」を三段で覚えるとよいです。数値と例外規定の区別が問われます。

肢では「例外規定との区別が問われる／例外規定との区別が問われる／例外規定との区別が問われる」のいずれかが正誤の分かれ目になりやすいです。

特に区域・用途・数値（面積・率・幅員）の組み合わせ誤り。例外規定との区別が問われる。",都市計画決定とは,都市計画を定める行政手続,"都市計画を定める行政手続。

都市計画を定める行政手続。法令上の制限では「どの法令の・どの区域で・何が必要か」を三段で覚えるとよいです。数値と例外規定の区別が問われます。

法令上の制限では数値（面積・幅員・率）と区域・号別の組み合わせが頻出するため、「どの法令の・どの区域で・何が必要か」を三段で覚えると安定します。",例外規定との区別が問われる;例外規定との区別が問われる;例外規定との区別が問われる,区域・用途・数値（面積・率・幅員）の組み合わせ誤り。例外規定との区別が問われる。,「都市計画決定は、区域区分・用途地域・都市施設など」を起点に、都市計画決定の表を作って関連用語と並べる。,【学習確認】都市計画決定について、次のうち試験で押さえるべき説明として適切なものはどれか。,要点は「肢では「都市計画決定は、区域区分・用途地域・都市施設などを定める手続です」です。法令上の制限分野の関連用語・過去問演習ページで、条文番号と数値をセットで復習してください。,都市計画決定とは何ですか？,都市計画決定（としけいかくけってい）とは、都市計画を定める行政手続。都市計画決定は、区域区分・用途地域・都市施設などを定める手続です。決定権者、公告・縦覧、建築制限の発生時期が問われます。,都市計画決定は試験でどう押さえればよいですか？,まず都市計画決定は、区域区分・用途地域・都市施設などを定める手続です。決定権者、公告・縦覧、建築制限の発生時期が問われます。。 詳しくは、肢では「都市計画決定は、区域区分・用途地域・都市施設などを定める手続です。決定権者、公告・縦覧、建築制限の発生時期が問われます。」のいずれかが正誤の分かれ目になりやすいです。特に区域・用途・数値（面積・率・幅員）の組み合わせ誤り。例外規定との区別が問われる。
都市施設,とししせつ,法令上の制限,法令上の制限,道路・公園・下水道など都市計画に定める施設,道路・公園・下水道など都市計画に定める施設。,,,A,"道路・公園・下水道など都市計画に定める施設。法令上の制限では「どの法令の・どの区域で・何が必要か」を三段で覚えるとよいです。数値と例外規定の区別が問われます。

肢では「都市施設は、道路・公園・上下水道など都市の機能に必要な施設です／例外規定との区別が問われる」のいずれかが正誤の分かれ目になりやすいです。

特に区域・用途・数値（面積・率・幅員）の組み合わせ誤り。例外規定との区別が問われる。",都市施設とは,道路・公園・下水道など都市計画に定める施設,"道路・公園・下水道など都市計画に定める施設。

道路・公園・下水道など都市計画に定める施設。法令上の制限では「どの法令の・どの区域で・何が必要か」を三段で覚えるとよいです。数値と例外規定の区別が問われます。

法令上の制限では数値（面積・幅員・率）と区域・号別の組み合わせが頻出するため、「どの法令の・どの区域で・何が必要か」を三段で覚えると安定します。",都市施設は、道路・公園・上下水道など都市の機能に必要な施設です;例外規定との区別が問われる,区域・用途・数値（面積・率・幅員）の組み合わせ誤り。例外規定との区別が問われる。,「都市施設は、道路・公園・上下水道など都市の機能に」を起点に、都市施設の表を作って関連用語と並べる。,（2016年 第16問）都市計画法についての以下の記述のうち、正しいものを選びなさい。,正答は選択肢1です。用語「都市施設」が問われた過去問のため、解説と条文の対応を確認してください。,都市施設とは何ですか？,都市施設（とししせつ）とは、道路・公園・下水道など都市計画に定める施設。都市施設は、道路・公園・上下水道など都市の機能に必要な施設です。都市計画施設区域内の建築制限や事業認可後の制限と関連します。,都市施設は試験でどう押さえればよいですか？,まず都市施設は、道路・公園・上下水道など都市の機能に必要な施設です。都市計画施設区域内の建築制限や事業認可後の制限と関連します。。 詳しくは、肢では「都市施設は、道路・公園・上下水道など都市の機能に必要な施設です。都市計画施設区域内の建築制限や事業認可後の制限と関連します。」のいずれかが正誤の分かれ目になりやすいです。特に区域・用途・数値（面積・率・幅員）の組み合わせ誤り。例外規定との区別が問われる。
都市計画事業,としけいかくじぎょう,法令上の制限,法令上の制限,都市計画施設などを実施する事業,都市計画施設などを実施する事業。,,,A,"都市計画施設などを実施する事業。法令上の制限では「どの法令の・どの区域で・何が必要か」を三段で覚えるとよいです。数値と例外規定の区別が問われます。

肢では「都市計画事業は、都市計画施設や市街地開発事業を実施する事業です／例外規定との区別が問われる」のいずれかが正誤の分かれ目になりやすいです。

特に区域・用途・数値（面積・率・幅員）の組み合わせ誤り。例外規定との区別が問われる。",都市計画事業とは,都市計画施設などを実施する事業,"都市計画施設などを実施する事業。

都市計画施設などを実施する事業。法令上の制限では「どの法令の・どの区域で・何が必要か」を三段で覚えるとよいです。数値と例外規定の区別が問われます。

法令上の制限では数値（面積・幅員・率）と区域・号別の組み合わせが頻出するため、「どの法令の・どの区域で・何が必要か」を三段で覚えると安定します。",都市計画事業は、都市計画施設や市街地開発事業を実施する事業です;例外規定との区別が問われる,区域・用途・数値（面積・率・幅員）の組み合わせ誤り。例外規定との区別が問われる。,「都市計画事業は、都市計画施設や市街地開発事業を実」を起点に、都市計画事業の表を作って関連用語と並べる。,（2017年 第16問）都市計画法についての以下の記述のうち、正しいものの組合せはどれか。 ア 都市計画施設の区域又は市街地開発事業の施行区域内において建築物の建築をしようとする者は、一定の場合を除き、都道府県知事(市の区…,正答は選択肢1です。用語「都市計画事業」が問われた過去問のため、解説と条文の対応を確認してください。,都市計画事業とは何ですか？,都市計画事業（としけいかくじぎょう）とは、都市計画施設などを実施する事業。都市計画事業は、都市計画施設や市街地開発事業を実施する事業です。認可・承認後の建築制限、土地収用との関係が出題されます。,都市計画事業は試験でどう押さえればよいですか？,まず都市計画事業は、都市計画施設や市街地開発事業を実施する事業です。認可・承認後の建築制限、土地収用との関係が出題されます。。 詳しくは、肢では「都市計画事業は、都市計画施設や市街地開発事業を実施する事業です。認可・承認後の建築制限、土地収用との関係が出題されます。」のいずれかが正誤の分かれ目になりやすいです。特に区域・用途・数値（面積・率・幅員）の組み合わせ誤り。例外規定との区別が問われる。
開発許可が不要な開発行為,かいはつきょかがふようなかいはつこうい,法令上の制限,法令上の制限,一定の場合に開発許可が不要となる類型,一定の場合に開発許可が不要となる類型。,,,A,"一定の場合に開発許可が不要となる類型。法令上の制限では「どの法令の・どの区域で・何が必要か」を三段で覚えるとよいです。数値と例外規定の区別が問われます。

肢では「例外規定との区別が問われる／例外規定との区別が問われる／例外規定との区別が問われる」のいずれかが正誤の分かれ目になりやすいです。

特に区域・用途・数値（面積・率・幅員）の組み合わせ誤り。例外規定との区別が問われる。",開発許可が不要な開発行為とは,一定の場合に開発許可が不要となる類型,"一定の場合に開発許可が不要となる類型。

一定の場合に開発許可が不要となる類型。法令上の制限では「どの法令の・どの区域で・何が必要か」を三段で覚えるとよいです。数値と例外規定の区別が問われます。

法令上の制限では数値（面積・幅員・率）と区域・号別の組み合わせが頻出するため、「どの法令の・どの区域で・何が必要か」を三段で覚えると安定します。",例外規定との区別が問われる;例外規定との区別が問われる;例外規定との区別が問われる,区域・用途・数値（面積・率・幅員）の組み合わせ誤り。例外規定との区別が問われる。,「開発許可が不要な開発行為は、公益上必要な建築物、」を起点に、開発許可が不要な開発行為の表を作って関連用語と並べる。,【学習確認】開発許可が不要な開発行為について、次のうち試験で押さえるべき説明として適切なものはどれか。,要点は「肢では「開発許可が不要な開発行為は、公益上必要な建築物、農林漁業用施設、非常災害時の応急措置などです」です。法令上の制限分野の関連用語・過去問演習ページで、条文番号と数値をセットで復習してください。,開発許可が不要な開発行為とは何ですか？,開発許可が不要な開発行為（かいはつきょかがふようなかいはつこうい）とは、一定の場合に開発許可が不要となる類型。開発許可が不要な開発行為は、公益上必要な建築物、農林漁業用施設、非常災害時の応急措置などです。区域と規模要件をセットで整理します。,開発許可が不要な開発行為は試験でどう押さえればよいですか？,まず開発許可が不要な開発行為は、公益上必要な建築物、農林漁業用施設、非常災害時の応急措置などです。区域と規模要件をセットで整理します。。 詳しくは、肢では「開発許可が不要な開発行為は、公益上必要な建築物、農林漁業用施設、非常災害時の応急措置などです。区域と規模要件をセットで整理します。」のいずれかが正誤の分かれ目になりやすいです。特に区域・用途・数値（面積・率・幅員）の組み合わせ誤り。例外規定との区別が問われる。
開発許可の変更許可,かいはつきょかのへんこうきょか,法令上の制限,法令上の制限,許可後に設計などを変更する場合の手続,許可後に設計などを変更する場合の手続。,,,A,"許可後に設計などを変更する場合の手続。法令上の制限では「どの法令の・どの区域で・何が必要か」を三段で覚えるとよいです。数値と例外規定の区別が問われます。

肢では「開発許可の変更許可は、許可後に設計・用途・区域などを変更する場合に必要です／例外規定との区別が問われる」のいずれかが正誤の分かれ目になりやすいです。

特に区域・用途・数値（面積・率・幅員）の組み合わせ誤り。例外規定との区別が問われる。",開発許可の変更許可とは,許可後に設計などを変更する場合の手続,"許可後に設計などを変更する場合の手続。

許可後に設計などを変更する場合の手続。法令上の制限では「どの法令の・どの区域で・何が必要か」を三段で覚えるとよいです。数値と例外規定の区別が問われます。

法令上の制限では数値（面積・幅員・率）と区域・号別の組み合わせが頻出するため、「どの法令の・どの区域で・何が必要か」を三段で覚えると安定します。",開発許可の変更許可は、許可後に設計・用途・区域などを変更する場合に必要です;例外規定との区別が問われる,区域・用途・数値（面積・率・幅員）の組み合わせ誤り。例外規定との区別が問われる。,「開発許可の変更許可は、許可後に設計・用途・区域な」を起点に、開発許可の変更許可の表を作って関連用語と並べる。,【学習確認】開発許可の変更許可について、次のうち試験で押さえるべき説明として適切なものはどれか。,要点は「肢では「開発許可の変更許可は、許可後に設計・用途・区域などを変更する場合に必要です」です。法令上の制限分野の関連用語・過去問演習ページで、条文番号と数値をセットで復習してください。,開発許可の変更許可とは何ですか？,開発許可の変更許可（かいはつきょかのへんこうきょか）とは、許可後に設計などを変更する場合の手続。開発許可の変更許可は、許可後に設計・用途・区域などを変更する場合に必要です。軽微な変更の届出との違いを押さえます。,開発許可の変更許可は試験でどう押さえればよいですか？,まず開発許可の変更許可は、許可後に設計・用途・区域などを変更する場合に必要です。軽微な変更の届出との違いを押さえます。。 詳しくは、肢では「開発許可の変更許可は、許可後に設計・用途・区域などを変更する場合に必要です。軽微な変更の届出との違いを押さえます。」のいずれかが正誤の分かれ目になりやすいです。特に区域・用途・数値（面積・率・幅員）の組み合わせ誤り。例外規定との区別が問われる。
開発行為の完了検査,かいはつこういのかんりょうけんさ,法令上の制限,法令上の制限,開発工事完了後に受ける検査,開発工事完了後に受ける検査。,,,A,"開発工事完了後に受ける検査。法令上の制限では「どの法令の・どの区域で・何が必要か」を三段で覚えるとよいです。数値と例外規定の区別が問われます。

肢では「例外規定との区別が問われる／例外規定との区別が問われる／例外規定との区別が問われる」のいずれかが正誤の分かれ目になりやすいです。

特に区域・用途・数値（面積・率・幅員）の組み合わせ誤り。例外規定との区別が問われる。",開発行為の完了検査とは,開発工事完了後に受ける検査,"開発工事完了後に受ける検査。

開発工事完了後に受ける検査。法令上の制限では「どの法令の・どの区域で・何が必要か」を三段で覚えるとよいです。数値と例外規定の区別が問われます。

法令上の制限では数値（面積・幅員・率）と区域・号別の組み合わせが頻出するため、「どの法令の・どの区域で・何が必要か」を三段で覚えると安定します。",例外規定との区別が問われる;例外規定との区別が問われる;例外規定との区別が問われる,区域・用途・数値（面積・率・幅員）の組み合わせ誤り。例外規定との区別が問われる。,「開発行為の完了検査は、工事が許可内容に適合してい」を起点に、開発行為の完了検査の表を作って関連用語と並べる。,【学習確認】開発行為の完了検査について、次のうち試験で押さえるべき説明として適切なものはどれか。,要点は「肢では「開発行為の完了検査は、工事が許可内容に適合しているか確認する手続です」です。法令上の制限分野の関連用語・過去問演習ページで、条文番号と数値をセットで復習してください。,開発行為の完了検査とは何ですか？,開発行為の完了検査（かいはつこういのかんりょうけんさ）とは、開発工事完了後に受ける検査。開発行為の完了検査は、工事が許可内容に適合しているか確認する手続です。検査済証、公告、建築制限の解除時期が問われます。,開発行為の完了検査は試験でどう押さえればよいですか？,まず開発行為の完了検査は、工事が許可内容に適合しているか確認する手続です。検査済証、公告、建築制限の解除時期が問われます。。 詳しくは、肢では「開発行為の完了検査は、工事が許可内容に適合しているか確認する手続です。検査済証、公告、建築制限の解除時期が問われます。」のいずれかが正誤の分かれ目になりやすいです。特に区域・用途・数値（面積・率・幅員）の組み合わせ誤り。例外規定との区別が問われる。
用途地域の種類,ようとちいきのしゅるい,法令上の制限,法令上の制限,住居・商業・工業など13種類の用途地域,住居・商業・工業など13種類の用途地域。,,,A,"住居・商業・工業など13種類の用途地域。法令上の制限では「どの法令の・どの区域で・何が必要か」を三段で覚えるとよいです。数値と例外規定の区別が問われます。

肢では「例外規定との区別が問われる／例外規定との区別が問われる／例外規定との区別が問われる」のいずれかが正誤の分かれ目になりやすいです。

特に区域・用途・数値（面積・率・幅員）の組み合わせ誤り。例外規定との区別が問われる。",用途地域の種類とは,住居・商業・工業など13種類の用途地域,"住居・商業・工業など13種類の用途地域。

住居・商業・工業など13種類の用途地域。法令上の制限では「どの法令の・どの区域で・何が必要か」を三段で覚えるとよいです。数値と例外規定の区別が問われます。

法令上の制限では数値（面積・幅員・率）と区域・号別の組み合わせが頻出するため、「どの法令の・どの区域で・何が必要か」を三段で覚えると安定します。",例外規定との区別が問われる;例外規定との区別が問われる;例外規定との区別が問われる,区域・用途・数値（面積・率・幅員）の組み合わせ誤り。例外規定との区別が問われる。,「用途地域の種類は、住居系・商業系・工業系に大別さ」を起点に、用途地域の種類の表を作って関連用語と並べる。,【学習確認】用途地域の種類について、次のうち試験で押さえるべき説明として適切なものはどれか。,要点は「肢では「用途地域の種類は、住居系・商業系・工業系に大別されます」です。法令上の制限分野の関連用語・過去問演習ページで、条文番号と数値をセットで復習してください。,用途地域の種類とは何ですか？,用途地域の種類（ようとちいきのしゅるい）とは、住居・商業・工業など13種類の用途地域。用途地域の種類は、住居系・商業系・工業系に大別されます。建築できる用途、建ぺい率・容積率、防火規制との組合せで問われます。,用途地域の種類は試験でどう押さえればよいですか？,まず用途地域の種類は、住居系・商業系・工業系に大別されます。建築できる用途、建ぺい率・容積率、防火規制との組合せで問われます。。 詳しくは、肢では「用途地域の種類は、住居系・商業系・工業系に大別されます。建築できる用途、建ぺい率・容積率、防火規制との組合せで問われます。」のいずれかが正誤の分かれ目になりやすいです。特に区域・用途・数値（面積・率・幅員）の組み合わせ誤り。例外規定との区別が問われる。
特別用途地区,とくべつようとちく,法令上の制限,法令上の制限,用途地域を補完して用途制限を強化・緩和する地区,用途地域を補完して用途制限を強化・緩和する地区。,,,A,"用途地域を補完して用途制限を強化・緩和する地区。法令上の制限では「どの法令の・どの区域で・何が必要か」を三段で覚えるとよいです。数値と例外規定の区別が問われます。

肢では「例外規定との区別が問われる／例外規定との区別が問われる／例外規定との区別が問われる」のいずれかが正誤の分かれ目になりやすいです。

特に区域・用途・数値（面積・率・幅員）の組み合わせ誤り。例外規定との区別が問われる。",特別用途地区とは,用途地域を補完して用途制限を強化・緩和する地区,"用途地域を補完して用途制限を強化・緩和する地区。

用途地域を補完して用途制限を強化・緩和する地区。法令上の制限では「どの法令の・どの区域で・何が必要か」を三段で覚えるとよいです。数値と例外規定の区別が問われます。

法令上の制限では数値（面積・幅員・率）と区域・号別の組み合わせが頻出するため、「どの法令の・どの区域で・何が必要か」を三段で覚えると安定します。",例外規定との区別が問われる;例外規定との区別が問われる;例外規定との区別が問われる,区域・用途・数値（面積・率・幅員）の組み合わせ誤り。例外規定との区別が問われる。,「特別用途地区は、用途地域内で地域特性に応じて用途」を起点に、特別用途地区の表を作って関連用語と並べる。,（2021年 第15問）都市計画法に規定する地域地区に関する次の記述のうち、正しいものはどれか。,正答は選択肢1です。用語「特別用途地区」が問われた過去問のため、解説と条文の対応を確認してください。,特別用途地区とは何ですか？,特別用途地区（とくべつようとちく）とは、用途地域を補完して用途制限を強化・緩和する地区。特別用途地区は、用途地域内で地域特性に応じて用途制限を細かく調整する地区です。条例による制限内容と用途地域との関係を整理します。,特別用途地区は試験でどう押さえればよいですか？,まず特別用途地区は、用途地域内で地域特性に応じて用途制限を細かく調整する地区です。条例による制限内容と用途地域との関係を整理します。。 詳しくは、肢では「特別用途地区は、用途地域内で地域特性に応じて用途制限を細かく調整する地区です。条例による制限内容と用途地域との関係を整理します。」のいずれかが正誤の分かれ目になりやすいです。特に区域・用途・数値（面積・率・幅員）の組み合わせ誤り。例外規定との区別が問われる。
高度地区,こうどちく,法令上の制限,法令上の制限,建築物の高さを制限または誘導する地区,建築物の高さを制限または誘導する地区。,,,A,"建築物の高さを制限または誘導する地区。法令上の制限では「どの法令の・どの区域で・何が必要か」を三段で覚えるとよいです。数値と例外規定の区別が問われます。

肢では「高度地区は、建築物の高さの最高限度・最低限度を定める地区です／例外規定との区別が問われる」のいずれかが正誤の分かれ目になりやすいです。

特に区域・用途・数値（面積・率・幅員）の組み合わせ誤り。例外規定との区別が問われる。",高度地区とは,建築物の高さを制限または誘導する地区,"建築物の高さを制限または誘導する地区。

建築物の高さを制限または誘導する地区。法令上の制限では「どの法令の・どの区域で・何が必要か」を三段で覚えるとよいです。数値と例外規定の区別が問われます。

法令上の制限では数値（面積・幅員・率）と区域・号別の組み合わせが頻出するため、「どの法令の・どの区域で・何が必要か」を三段で覚えると安定します。",高度地区は、建築物の高さの最高限度・最低限度を定める地区です;例外規定との区別が問われる,区域・用途・数値（面積・率・幅員）の組み合わせ誤り。例外規定との区別が問われる。,「高度地区は、建築物の高さの最高限度・最低限度を定」を起点に、高度地区の表を作って関連用語と並べる。,（2025年 第35問）都市計画に関する次の記述のうち、正しいものはどれか。,正答は選択肢2です。用語「高度地区」が問われた過去問のため、解説と条文の対応を確認してください。,高度地区とは何ですか？,高度地区（こうどちく）とは、建築物の高さを制限または誘導する地区。高度地区は、建築物の高さの最高限度・最低限度を定める地区です。高度利用地区や斜線制限との違いを比較して覚えます。,高度地区は試験でどう押さえればよいですか？,まず高度地区は、建築物の高さの最高限度・最低限度を定める地区です。高度利用地区や斜線制限との違いを比較して覚えます。。 詳しくは、肢では「高度地区は、建築物の高さの最高限度・最低限度を定める地区です。高度利用地区や斜線制限との違いを比較して覚えます。」のいずれかが正誤の分かれ目になりやすいです。特に区域・用途・数値（面積・率・幅員）の組み合わせ誤り。例外規定との区別が問われる。
特定街区,とくていがいく,法令上の制限,法令上の制限,街区単位で容積率や高さを定める制度,街区単位で容積率や高さを定める制度。,,,A,"街区単位で容積率や高さを定める制度。法令上の制限では「どの法令の・どの区域で・何が必要か」を三段で覚えるとよいです。数値と例外規定の区別が問われます。

肢では「特定街区は、街区全体の整備改善を図るため容積率・高さ・壁面位置を都市計画で定める制度です／例外規定との区別が問われる」のいずれかが正誤の分かれ目になりやすいです。

特に区域・用途・数値（面積・率・幅員）の組み合わせ誤り。例外規定との区別が問われる。",特定街区とは,街区単位で容積率や高さを定める制度,"街区単位で容積率や高さを定める制度。

街区単位で容積率や高さを定める制度。法令上の制限では「どの法令の・どの区域で・何が必要か」を三段で覚えるとよいです。数値と例外規定の区別が問われます。

法令上の制限では数値（面積・幅員・率）と区域・号別の組み合わせが頻出するため、「どの法令の・どの区域で・何が必要か」を三段で覚えると安定します。",特定街区は、街区全体の整備改善を図るため容積率・高さ・壁面位置を都市計画で定める制度です;例外規定との区別が問われる,区域・用途・数値（面積・率・幅員）の組み合わせ誤り。例外規定との区別が問われる。,「特定街区は、街区全体の整備改善を図るため容積率・」を起点に、特定街区の表を作って関連用語と並べる。,【学習確認】特定街区について、次のうち試験で押さえるべき説明として適切なものはどれか。,要点は「肢では「特定街区は、街区全体の整備改善を図るため容積率・高さ・壁面位置を都市計画で定める制度です」です。法令上の制限分野の関連用語・過去問演習ページで、条文番号と数値をセットで復習してください。,特定街区とは何ですか？,特定街区（とくていがいく）とは、街区単位で容積率や高さを定める制度。特定街区は、街区全体の整備改善を図るため容積率・高さ・壁面位置を都市計画で定める制度です。総合設計制度との違いも整理します。,特定街区は試験でどう押さえればよいですか？,まず特定街区は、街区全体の整備改善を図るため容積率・高さ・壁面位置を都市計画で定める制度です。総合設計制度との違いも整理します。。 詳しくは、肢では「特定街区は、街区全体の整備改善を図るため容積率・高さ・壁面位置を都市計画で定める制度です。総合設計制度との違いも整理します。」のいずれかが正誤の分かれ目になりやすいです。特に区域・用途・数値（面積・率・幅員）の組み合わせ誤り。例外規定との区別が問われる。
風致地区,ふうちちく,法令上の制限,法令上の制限,都市の自然的景観を維持する地区,都市の自然的景観を維持する地区。,,,A,"都市の自然的景観を維持する地区。法令上の制限では「どの法令の・どの区域で・何が必要か」を三段で覚えるとよいです。数値と例外規定の区別が問われます。

肢では「例外規定との区別が問われる／例外規定との区別が問われる／例外規定との区別が問われる」のいずれかが正誤の分かれ目になりやすいです。

特に区域・用途・数値（面積・率・幅員）の組み合わせ誤り。例外規定との区別が問われる。",風致地区とは,都市の自然的景観を維持する地区,"都市の自然的景観を維持する地区。

都市の自然的景観を維持する地区。法令上の制限では「どの法令の・どの区域で・何が必要か」を三段で覚えるとよいです。数値と例外規定の区別が問われます。

法令上の制限では数値（面積・幅員・率）と区域・号別の組み合わせが頻出するため、「どの法令の・どの区域で・何が必要か」を三段で覚えると安定します。",例外規定との区別が問われる;例外規定との区別が問われる;例外規定との区別が問われる,区域・用途・数値（面積・率・幅員）の組み合わせ誤り。例外規定との区別が問われる。,「風致地区は、都市の風致を維持するため建築・宅地造」を起点に、風致地区の表を作って関連用語と並べる。,（2018年 第16問）都市計画法についての以下の記述のうち、誤っているものを選びなさい。,正答は選択肢4です。用語「風致地区」が問われた過去問のため、解説と条文の対応を確認してください。,風致地区とは何ですか？,風致地区（ふうちちく）とは、都市の自然的景観を維持する地区。風致地区は、都市の風致を維持するため建築・宅地造成・木竹伐採などを規制する地区です。条例による許可制と景観地区との違いが問われます。,風致地区は試験でどう押さえればよいですか？,まず風致地区は、都市の風致を維持するため建築・宅地造成・木竹伐採などを規制する地区です。条例による許可制と景観地区との違いが問われます。。 詳しくは、肢では「風致地区は、都市の風致を維持するため建築・宅地造成・木竹伐採などを規制する地区です。条例による許可制と景観地区との違いが問われます。」のいずれかが正誤の分かれ目になりやすいです。特に区域・用途・数値（面積・率・幅員）の組み合わせ誤り。例外規定との区別が問われる。
景観地区,けいかんちく,法令上の制限,法令上の制限,良好な景観形成のため建築物の形態意匠などを制限する地区,良好な景観形成のため建築物の形態意匠などを制限する地区。,,,A,"良好な景観形成のため建築物の形態意匠などを制限する地区。法令上の制限では「どの法令の・どの区域で・何が必要か」を三段で覚えるとよいです。数値と例外規定の区別が問われます。

肢では「景観地区は、建築物の形態意匠、高さ、壁面位置などを制限して良好な景観を形成する地区です／例外規定との区別が問われる」のいずれかが正誤の分かれ目になりやすいです。

特に区域・用途・数値（面積・率・幅員）の組み合わせ誤り。例外規定との区別が問われる。",景観地区とは,良好な景観形成のため建築物の形態意匠などを制限する地区,"良好な景観形成のため建築物の形態意匠などを制限する地区。

良好な景観形成のため建築物の形態意匠などを制限する地区。法令上の制限では「どの法令の・どの区域で・何が必要か」を三段で覚えるとよいです。数値と例外規定の区別が問われます。

法令上の制限では数値（面積・幅員・率）と区域・号別の組み合わせが頻出するため、「どの法令の・どの区域で・何が必要か」を三段で覚えると安定します。",景観地区は、建築物の形態意匠、高さ、壁面位置などを制限して良好な景観を形成する地区です;例外規定との区別が問われる,区域・用途・数値（面積・率・幅員）の組み合わせ誤り。例外規定との区別が問われる。,「景観地区は、建築物の形態意匠、高さ、壁面位置など」を起点に、景観地区の表を作って関連用語と並べる。,（2021年 第15問）都市計画法に規定する地域地区に関する次の記述のうち、正しいものはどれか。,正答は選択肢1です。用語「景観地区」が問われた過去問のため、解説と条文の対応を確認してください。,景観地区とは何ですか？,景観地区（けいかんちく）とは、良好な景観形成のため建築物の形態意匠などを制限する地区。景観地区は、建築物の形態意匠、高さ、壁面位置などを制限して良好な景観を形成する地区です。景観計画区域との違いを比較します。,景観地区は試験でどう押さえればよいですか？,まず景観地区は、建築物の形態意匠、高さ、壁面位置などを制限して良好な景観を形成する地区です。景観計画区域との違いを比較します。。 詳しくは、肢では「景観地区は、建築物の形態意匠、高さ、壁面位置などを制限して良好な景観を形成する地区です。景観計画区域との違いを比較します。」のいずれかが正誤の分かれ目になりやすいです。特に区域・用途・数値（面積・率・幅員）の組み合わせ誤り。例外規定との区別が問われる。
歴史的風致維持向上地区計画,れきしてきふうちいじこうじょうちくけいかく,法令上の制限,法令上の制限,歴史的な街並みの維持向上を目的とする地区計画,歴史的な街並みの維持向上を目的とする地区計画。,,,A,"歴史的な街並みの維持向上を目的とする地区計画。法令上の制限では「どの法令の・どの区域で・何が必要か」を三段で覚えるとよいです。数値と例外規定の区別が問われます。

肢では「歴史的風致維持向上地区計画は、歴史的建造物や伝統的活動と一体となった市街地環境を守る制度です／例外規定との区別が問われる」のいずれかが正誤の分かれ目になりやすいです。

特に区域・用途・数値（面積・率・幅員）の組み合わせ誤り。例外規定との区別が問われる。",歴史的風致維持向上地区計画とは,歴史的な街並みの維持向上を目的とする地区計画,"歴史的な街並みの維持向上を目的とする地区計画。

歴史的な街並みの維持向上を目的とする地区計画。法令上の制限では「どの法令の・どの区域で・何が必要か」を三段で覚えるとよいです。数値と例外規定の区別が問われます。

法令上の制限では数値（面積・幅員・率）と区域・号別の組み合わせが頻出するため、「どの法令の・どの区域で・何が必要か」を三段で覚えると安定します。",歴史的風致維持向上地区計画は、歴史的建造物や伝統的活動と一体となった市街地環境を守る制度です;例外規定との区別が問われる,区域・用途・数値（面積・率・幅員）の組み合わせ誤り。例外規定との区別が問われる。,「歴史的風致維持向上地区計画は、歴史的建造物や伝統」を起点に、歴史的風致維持向上地区計画の表を作って関連用語と並べる。,【学習確認】歴史的風致維持向上地区計画について、次のうち試験で押さえるべき説明として適切なものはどれか。,要点は「肢では「歴史的風致維持向上地区計画は、歴史的建造物や伝統的活動と一体となった市街地環境を守る制度です」です。法令上の制限分野の関連用語・過去問演習ページで、条文番号と数値をセットで復習してください。,歴史的風致維持向上地区計画とは何ですか？,歴史的風致維持向上地区計画（れきしてきふうちいじこうじょうちくけいかく）とは、歴史的な街並みの維持向上を目的とする地区計画。歴史的風致維持向上地区計画は、歴史的建造物や伝統的活動と一体となった市街地環境を守る制度です。地区計画の一類型として位置づけを押さえます。,歴史的風致維持向上地区計画は試験でどう押さえればよいですか？,まず歴史的風致維持向上地区計画は、歴史的建造物や伝統的活動と一体となった市街地環境を守る制度です。地区計画の一類型として位置づけを押さえます。。 詳しくは、肢では「歴史的風致維持向上地区計画は、歴史的建造物や伝統的活動と一体となった市街地環境を守る制度です。地区計画の一類型として位置づけを押さえます。」のいずれかが正誤の分かれ目になりやすいです。特に区域・用途・数値（面積・率・幅員）の組み合わせ誤り。例外規定との区別が問われる。
建築物,けんちくぶつ,法令上の制限,法令上の制限,土地に定着する工作物のうち建築基準法上の対象,土地に定着する工作物のうち建築基準法上の対象。,,,A,"土地に定着する工作物のうち建築基準法上の対象。法令上の制限では「どの法令の・どの区域で・何が必要か」を三段で覚えるとよいです。数値と例外規定の区別が問われます。

肢では「例外規定との区別が問われる／例外規定との区別が問われる／例外規定との区別が問われる」のいずれかが正誤の分かれ目になりやすいです。

特に区域・用途・数値（面積・率・幅員）の組み合わせ誤り。例外規定との区別が問われる。",建築物とは,土地に定着する工作物のうち建築基準法上の対象,"土地に定着する工作物のうち建築基準法上の対象。

土地に定着する工作物のうち建築基準法上の対象。法令上の制限では「どの法令の・どの区域で・何が必要か」を三段で覚えるとよいです。数値と例外規定の区別が問われます。

法令上の制限では数値（面積・幅員・率）と区域・号別の組み合わせが頻出するため、「どの法令の・どの区域で・何が必要か」を三段で覚えると安定します。",例外規定との区別が問われる;例外規定との区別が問われる;例外規定との区別が問われる,区域・用途・数値（面積・率・幅員）の組み合わせ誤り。例外規定との区別が問われる。,「建築物は、土地に定着する工作物のうち屋根・柱・壁」を起点に、建築物の表を作って関連用語と並べる。,（2025年 第40問）日影規制に関する次の記述のうち、正しいものはどれか。,正答は選択肢2です。用語「建築物」が問われた過去問のため、解説と条文の対応を確認してください。,建築物とは何ですか？,建築物（けんちくぶつ）とは、土地に定着する工作物のうち建築基準法上の対象。建築物は、土地に定着する工作物のうち屋根・柱・壁を有するものなどを指します。建築、大規模修繕、用途変更、工作物との違いが問われます。,建築物は試験でどう押さえればよいですか？,まず建築物は、土地に定着する工作物のうち屋根・柱・壁を有するものなどを指します。建築、大規模修繕、用途変更、工作物との違いが問われます。。 詳しくは、肢では「建築物は、土地に定着する工作物のうち屋根・柱・壁を有するものなどを指します。建築、大規模修繕、用途変更、工作物との違いが問われます。」のいずれかが正誤の分かれ目になりやすいです。特に区域・用途・数値（面積・率・幅員）の組み合わせ誤り。例外規定との区別が問われる。
建築,けんちく,法令上の制限,法令上の制限,新築・増築・改築・移転を含む行為,新築・増築・改築・移転を含む行為。,,,A,"新築・増築・改築・移転を含む行為。法令上の制限では「どの法令の・どの区域で・何が必要か」を三段で覚えるとよいです。数値と例外規定の区別が問われます。

肢では「例外規定との区別が問われる／例外規定との区別が問われる／例外規定との区別が問われる」のいずれかが正誤の分かれ目になりやすいです。

特に区域・用途・数値（面積・率・幅員）の組み合わせ誤り。例外規定との区別が問われる。",建築とは,新築・増築・改築・移転を含む行為,"新築・増築・改築・移転を含む行為。

新築・増築・改築・移転を含む行為。法令上の制限では「どの法令の・どの区域で・何が必要か」を三段で覚えるとよいです。数値と例外規定の区別が問われます。

法令上の制限では数値（面積・幅員・率）と区域・号別の組み合わせが頻出するため、「どの法令の・どの区域で・何が必要か」を三段で覚えると安定します。",例外規定との区別が問われる;例外規定との区別が問われる;例外規定との区別が問われる,区域・用途・数値（面積・率・幅員）の組み合わせ誤り。例外規定との区別が問われる。,「建築は、新築・増築・改築・移転を含む概念です。大」を起点に、建築の表を作って関連用語と並べる。,（2025年 第40問）日影規制に関する次の記述のうち、正しいものはどれか。,正答は選択肢2です。用語「建築」が問われた過去問のため、解説と条文の対応を確認してください。,建築とは何ですか？,建築（けんちく）とは、新築・増築・改築・移転を含む行為。建築は、新築・増築・改築・移転を含む概念です。大規模修繕・大規模模様替えとの違い、建築確認が必要となる場面を整理します。,建築は試験でどう押さえればよいですか？,まず建築は、新築・増築・改築・移転を含む概念です。大規模修繕・大規模模様替えとの違い、建築確認が必要となる場面を整理します。。 詳しくは、肢では「建築は、新築・増築・改築・移転を含む概念です。大規模修繕・大規模模様替えとの違い、建築確認が必要となる場面を整理します。」のいずれかが正誤の分かれ目になりやすいです。特に区域・用途・数値（面積・率・幅員）の組み合わせ誤り。例外規定との区別が問われる。
大規模修繕・大規模模様替,だいきぼしゅうぜん・だいきぼもようがえ,法令上の制限,法令上の制限,主要構造部の過半を修繕・模様替えする行為,主要構造部の過半を修繕・模様替えする行為。,,,A,"主要構造部の過半を修繕・模様替えする行為。法令上の制限では「どの法令の・どの区域で・何が必要か」を三段で覚えるとよいです。数値と例外規定の区別が問われます。

肢では「例外規定との区別が問われる／例外規定との区別が問われる／例外規定との区別が問われる」のいずれかが正誤の分かれ目になりやすいです。

特に区域・用途・数値（面積・率・幅員）の組み合わせ誤り。例外規定との区別が問われる。",大規模修繕・大規模模様替とは,主要構造部の過半を修繕・模様替えする行為,"主要構造部の過半を修繕・模様替えする行為。

主要構造部の過半を修繕・模様替えする行為。法令上の制限では「どの法令の・どの区域で・何が必要か」を三段で覚えるとよいです。数値と例外規定の区別が問われます。

法令上の制限では数値（面積・幅員・率）と区域・号別の組み合わせが頻出するため、「どの法令の・どの区域で・何が必要か」を三段で覚えると安定します。",例外規定との区別が問われる;例外規定との区別が問われる;例外規定との区別が問われる,区域・用途・数値（面積・率・幅員）の組み合わせ誤り。例外規定との区別が問われる。,「大規模修繕・大規模模様替は、主要構造部の一種以上」を起点に、大規模修繕・大規模模様替の表を作って関連用語と並べる。,【学習確認】大規模修繕・大規模模様替について、次のうち試験で押さえるべき説明として適切なものはどれか。,要点は「肢では「大規模修繕・大規模模様替は、主要構造部の一種以上について過半を修繕・模様替えする行為です」です。法令上の制限分野の関連用語・過去問演習ページで、条文番号と数値をセットで復習してください。,大規模修繕・大規模模様替とは何ですか？,大規模修繕・大規模模様替（だいきぼしゅうぜん・だいきぼもようがえ）とは、主要構造部の過半を修繕・模様替えする行為。大規模修繕・大規模模様替は、主要構造部の一種以上について過半を修繕・模様替えする行為です。建築確認の要否と建築との違いが問われます。,大規模修繕・大規模模様替は試験でどう押さえればよいですか？,まず大規模修繕・大規模模様替は、主要構造部の一種以上について過半を修繕・模様替えする行為です。建築確認の要否と建築との違いが問われます。。 詳しくは、肢では「大規模修繕・大規模模様替は、主要構造部の一種以上について過半を修繕・模様替えする行為です。建築確認の要否と建築との違いが問われます。」のいずれかが正誤の分かれ目になりやすいです。特に区域・用途・数値（面積・率・幅員）の組み合わせ誤り。例外規定との区別が問われる。
用途変更,ようとへんこう,法令上の制限,法令上の制限,建築物の用途を他の用途に変えること,建築物の用途を他の用途に変えること。,,,A,"建築物の用途を他の用途に変えること。法令上の制限では「どの法令の・どの区域で・何が必要か」を三段で覚えるとよいです。数値と例外規定の区別が問われます。

肢では「例外規定との区別が問われる／例外規定との区別が問われる／例外規定との区別が問われる」のいずれかが正誤の分かれ目になりやすいです。

特に区域・用途・数値（面積・率・幅員）の組み合わせ誤り。例外規定との区別が問われる。",用途変更とは,建築物の用途を他の用途に変えること,"建築物の用途を他の用途に変えること。

建築物の用途を他の用途に変えること。法令上の制限では「どの法令の・どの区域で・何が必要か」を三段で覚えるとよいです。数値と例外規定の区別が問われます。

法令上の制限では数値（面積・幅員・率）と区域・号別の組み合わせが頻出するため、「どの法令の・どの区域で・何が必要か」を三段で覚えると安定します。",例外規定との区別が問われる;例外規定との区別が問われる;例外規定との区別が問われる,区域・用途・数値（面積・率・幅員）の組み合わせ誤り。例外規定との区別が問われる。,「用途変更は、建築物の使い方を別の用途へ変える行為」を起点に、用途変更の表を作って関連用語と並べる。,（2017年 第18問）建築基準法についての以下の記述のうち、誤っているものを選びなさい。,正答は選択肢4です。用語「用途変更」が問われた過去問のため、解説と条文の対応を確認してください。,用途変更とは何ですか？,用途変更（ようとへんこう）とは、建築物の用途を他の用途に変えること。用途変更は、建築物の使い方を別の用途へ変える行為です。特殊建築物への用途変更では建築確認が必要となる場合があり、用途地域制限とも関係します。,用途変更は試験でどう押さえればよいですか？,まず用途変更は、建築物の使い方を別の用途へ変える行為です。特殊建築物への用途変更では建築確認が必要となる場合があり、用途地域制限とも関係します。。 詳しくは、肢では「用途変更は、建築物の使い方を別の用途へ変える行為です。特殊建築物への用途変更では建築確認が必要となる場合があり、用途地域制限とも関係します。」のいずれかが正誤の分かれ目になりやすいです。特に区域・用途・数値（面積・率・幅員）の組み合わせ誤り。例外規定との区別が問われる。
特殊建築物,とくしゅけんちくぶつ,法令上の制限,法令上の制限,多数利用や防災上の配慮が必要な建築物,多数利用や防災上の配慮が必要な建築物。,,,A,"多数利用や防災上の配慮が必要な建築物。法令上の制限では「どの法令の・どの区域で・何が必要か」を三段で覚えるとよいです。数値と例外規定の区別が問われます。

肢では「特殊建築物は、学校・病院・劇場・共同住宅など多数利用や防災上の配慮が必要な建築物です／例外規定との区別が問われる」のいずれかが正誤の分かれ目になりやすいです。

特に区域・用途・数値（面積・率・幅員）の組み合わせ誤り。例外規定との区別が問われる。",特殊建築物とは,多数利用や防災上の配慮が必要な建築物,"多数利用や防災上の配慮が必要な建築物。

多数利用や防災上の配慮が必要な建築物。法令上の制限では「どの法令の・どの区域で・何が必要か」を三段で覚えるとよいです。数値と例外規定の区別が問われます。

法令上の制限では数値（面積・幅員・率）と区域・号別の組み合わせが頻出するため、「どの法令の・どの区域で・何が必要か」を三段で覚えると安定します。",特殊建築物は、学校・病院・劇場・共同住宅など多数利用や防災上の配慮が必要な建築物です;例外規定との区別が問われる,区域・用途・数値（面積・率・幅員）の組み合わせ誤り。例外規定との区別が問われる。,「特殊建築物は、学校・病院・劇場・共同住宅など多数」を起点に、特殊建築物の表を作って関連用語と並べる。,【学習確認】特殊建築物について、次のうち試験で押さえるべき説明として適切なものはどれか。,要点は「肢では「特殊建築物は、学校・病院・劇場・共同住宅など多数利用や防災上の配慮が必要な建築物です」です。法令上の制限分野の関連用語・過去問演習ページで、条文番号と数値をセットで復習してください。,特殊建築物とは何ですか？,特殊建築物（とくしゅけんちくぶつ）とは、多数利用や防災上の配慮が必要な建築物。特殊建築物は、学校・病院・劇場・共同住宅など多数利用や防災上の配慮が必要な建築物です。用途変更、定期報告、避難規定と関連します。,特殊建築物は試験でどう押さえればよいですか？,まず特殊建築物は、学校・病院・劇場・共同住宅など多数利用や防災上の配慮が必要な建築物です。用途変更、定期報告、避難規定と関連します。。 詳しくは、肢では「特殊建築物は、学校・病院・劇場・共同住宅など多数利用や防災上の配慮が必要な建築物です。用途変更、定期報告、避難規定と関連します。」のいずれかが正誤の分かれ目になりやすいです。特に区域・用途・数値（面積・率・幅員）の組み合わせ誤り。例外規定との区別が問われる。
建築基準法上の道路,けんちくきじゅんほうじょうのどうろ,法令上の制限,法令上の制限,建築基準法が接道義務の前提とする道路,建築基準法が接道義務の前提とする道路。,,,A,"建築基準法が接道義務の前提とする道路。法令上の制限では「どの法令の・どの区域で・何が必要か」を三段で覚えるとよいです。数値と例外規定の区別が問われます。

肢では「例外規定との区別が問われる／例外規定との区別が問われる／例外規定との区別が問われる」のいずれかが正誤の分かれ目になりやすいです。

特に区域・用途・数値（面積・率・幅員）の組み合わせ誤り。例外規定との区別が問われる。",建築基準法上の道路とは,建築基準法が接道義務の前提とする道路,"建築基準法が接道義務の前提とする道路。

建築基準法が接道義務の前提とする道路。法令上の制限では「どの法令の・どの区域で・何が必要か」を三段で覚えるとよいです。数値と例外規定の区別が問われます。

法令上の制限では数値（面積・幅員・率）と区域・号別の組み合わせが頻出するため、「どの法令の・どの区域で・何が必要か」を三段で覚えると安定します。",例外規定との区別が問われる;例外規定との区別が問われる;例外規定との区別が問われる,区域・用途・数値（面積・率・幅員）の組み合わせ誤り。例外規定との区別が問われる。,「建築基準法上の道路は、幅員4m以上の道路など一定」を起点に、建築基準法上の道路の表を作って関連用語と並べる。,（2025年 第36問）建築基準法上の道路に関する次の記述のうち、正しいものはどれか。,正答は選択肢2です。用語「建築基準法上の道路」が問われた過去問のため、解説と条文の対応を確認してください。,建築基準法上の道路とは何ですか？,建築基準法上の道路（けんちくきじゅんほうじょうのどうろ）とは、建築基準法が接道義務の前提とする道路。建築基準法上の道路は、幅員4m以上の道路など一定の要件を満たすものです。2項道路、道路位置指定、接道義務との関係が頻出です。,建築基準法上の道路は試験でどう押さえればよいですか？,まず建築基準法上の道路は、幅員4m以上の道路など一定の要件を満たすものです。2項道路、道路位置指定、接道義務との関係が頻出です。。 詳しくは、肢では「建築基準法上の道路は、幅員4m以上の道路など一定の要件を満たすものです。2項道路、道路位置指定、接道義務との関係が頻出です。」のいずれかが正誤の分かれ目になりやすいです。特に区域・用途・数値（面積・率・幅員）の組み合わせ誤り。例外規定との区別が問われる。
2項道路,にこうどうろ,法令上の制限,法令上の制限,幅員4m未満でも道路とみなされる道,幅員4m未満でも道路とみなされる道。,,,A,道路法42条2項により道路とみなされる通路。建築基準法上の接道要件を満たす場合があります。1号〜4号でセットバック・接道幅員が異なります。肢では「42条2項道路はみなし道路／号別で接道・セットバックが異なる／42条2項道路と同義で整理／位置指定道路との違い」のいずれかが正誤の分かれ目になりやすいです。,2項道路とは,幅員4m未満でも道路とみなされる道,幅員4m未満でも道路とみなされる道。道路法42条2項により道路とみなされる通路。建築基準法上の接道要件を満たす場合があります。1号〜4号でセットバック・接道幅員が異なります。法令上の制限では数値（面積・幅員・率）と区域・号別の組み合わせが頻出するため、「どの法令の・どの区域で・何が必要か」を三段で覚えると安定します。,42条2項道路はみなし道路;号別で接道・セットバックが異なる;42条2項道路と同義で整理;位置指定道路との違い,,「2項道路は、建築基準法施行時から建築物が立ち並ぶ」を起点に、2項道路の表を作って関連用語と並べる。,（2025年 第36問）建築基準法上の道路に関する次の記述のうち、正しいものはどれか。,正答は選択肢2です。用語「2項道路」が問われた過去問のため、解説と条文の対応を確認してください。,2項道路とは何ですか？,2項道路（にこうどうろ）とは、幅員4m未満でも道路とみなされる道。2項道路は、建築基準法施行時から建築物が立ち並ぶ幅員4m未満の道で、特定行政庁が指定したものです。中心線からのセットバックを押さえます。,2項道路は試験でどう押さえればよいですか？,まず2項道路は、建築基準法施行時から建築物が立ち並ぶ幅員4m未満の道で、特定行政庁が指定したものです。中心線からのセットバックを押さえます。。 詳しくは、肢では「2項道路は、建築基準法施行時から建築物が立ち並ぶ幅員4m未満の道で、特定行政庁が指定したものです。中心線からのセットバックを押さえます。」のいずれかが正誤の分かれ目になりやすいです。特に区域・用途・数値（面積・率・幅員）の組み合わせ誤り。例外規定との区別が問われる。
道路位置指定,どうろいちしてい,法令上の制限,法令上の制限,私道を建築基準法上の道路として指定する制度,私道を建築基準法上の道路として指定する制度。,,,A,"私道を建築基準法上の道路として指定する制度。法令上の制限では「どの法令の・どの区域で・何が必要か」を三段で覚えるとよいです。数値と例外規定の区別が問われます。

肢では「例外規定との区別が問われる／例外規定との区別が問われる／例外規定との区別が問われる」のいずれかが正誤の分かれ目になりやすいです。

特に区域・用途・数値（面積・率・幅員）の組み合わせ誤り。例外規定との区別が問われる。",道路位置指定とは,私道を建築基準法上の道路として指定する制度,"私道を建築基準法上の道路として指定する制度。

私道を建築基準法上の道路として指定する制度。法令上の制限では「どの法令の・どの区域で・何が必要か」を三段で覚えるとよいです。数値と例外規定の区別が問われます。

法令上の制限では数値（面積・幅員・率）と区域・号別の組み合わせが頻出するため、「どの法令の・どの区域で・何が必要か」を三段で覚えると安定します。",例外規定との区別が問われる;例外規定との区別が問われる;例外規定との区別が問われる,区域・用途・数値（面積・率・幅員）の組み合わせ誤り。例外規定との区別が問われる。,「道路位置指定は、一定の私道について特定行政庁から」を起点に、道路位置指定の表を作って関連用語と並べる。,【学習確認】道路位置指定について、次のうち試験で押さえるべき説明として適切なものはどれか。,要点は「肢では「道路位置指定は、一定の私道について特定行政庁から道路としての指定を受ける制度です」です。法令上の制限分野の関連用語・過去問演習ページで、条文番号と数値をセットで復習してください。,道路位置指定とは何ですか？,道路位置指定（どうろいちしてい）とは、私道を建築基準法上の道路として指定する制度。道路位置指定は、一定の私道について特定行政庁から道路としての指定を受ける制度です。開発許可との関係、接道義務の充足で問われます。,道路位置指定は試験でどう押さえればよいですか？,まず道路位置指定は、一定の私道について特定行政庁から道路としての指定を受ける制度です。開発許可との関係、接道義務の充足で問われます。。 詳しくは、肢では「道路位置指定は、一定の私道について特定行政庁から道路としての指定を受ける制度です。開発許可との関係、接道義務の充足で問われます。」のいずれかが正誤の分かれ目になりやすいです。特に区域・用途・数値（面積・率・幅員）の組み合わせ誤り。例外規定との区別が問われる。
建築設備,けんちくせつび,法令上の制限,法令上の制限,建築物に設ける電気・ガス・給排水・昇降機など,建築物に設ける電気・ガス・給排水・昇降機など。,,,A,"建築物に設ける電気・ガス・給排水・昇降機など。法令上の制限では「どの法令の・どの区域で・何が必要か」を三段で覚えるとよいです。数値と例外規定の区別が問われます。

肢では「建築設備は、建築物に設ける電気・ガス・給排水・換気・昇降機などです／例外規定との区別が問われる」のいずれかが正誤の分かれ目になりやすいです。

特に区域・用途・数値（面積・率・幅員）の組み合わせ誤り。例外規定との区別が問われる。",建築設備とは,建築物に設ける電気・ガス・給排水・昇降機など,"建築物に設ける電気・ガス・給排水・昇降機など。

建築物に設ける電気・ガス・給排水・昇降機など。法令上の制限では「どの法令の・どの区域で・何が必要か」を三段で覚えるとよいです。数値と例外規定の区別が問われます。

法令上の制限では数値（面積・幅員・率）と区域・号別の組み合わせが頻出するため、「どの法令の・どの区域で・何が必要か」を三段で覚えると安定します。",建築設備は、建築物に設ける電気・ガス・給排水・換気・昇降機などです;例外規定との区別が問われる,区域・用途・数値（面積・率・幅員）の組み合わせ誤り。例外規定との区別が問われる。,「建築設備は、建築物に設ける電気・ガス・給排水・換」を起点に、建築設備の表を作って関連用語と並べる。,【学習確認】建築設備について、次のうち試験で押さえるべき説明として適切なものはどれか。,要点は「肢では「建築設備は、建築物に設ける電気・ガス・給排水・換気・昇降機などです」です。法令上の制限分野の関連用語・過去問演習ページで、条文番号と数値をセットで復習してください。,建築設備とは何ですか？,建築設備（けんちくせつび）とは、建築物に設ける電気・ガス・給排水・昇降機など。建築設備は、建築物に設ける電気・ガス・給排水・換気・昇降機などです。建築物との一体性、定期検査、重要事項説明の設備項目と関連します。,建築設備は試験でどう押さえればよいですか？,まず建築設備は、建築物に設ける電気・ガス・給排水・換気・昇降機などです。建築物との一体性、定期検査、重要事項説明の設備項目と関連します。。 詳しくは、肢では「建築設備は、建築物に設ける電気・ガス・給排水・換気・昇降機などです。建築物との一体性、定期検査、重要事項説明の設備項目と関連します。」のいずれかが正誤の分かれ目になりやすいです。特に区域・用途・数値（面積・率・幅員）の組み合わせ誤り。例外規定との区別が問われる。
耐火建築物,たいかけんちくぶつ,法令上の制限,法令上の制限,主要構造部などが耐火性能を満たす建築物,主要構造部などが耐火性能を満たす建築物。,,,A,"主要構造部などが耐火性能を満たす建築物。法令上の制限では「どの法令の・どの区域で・何が必要か」を三段で覚えるとよいです。数値と例外規定の区別が問われます。

肢では「例外規定との区別が問われる／例外規定との区別が問われる／例外規定との区別が問われる」のいずれかが正誤の分かれ目になりやすいです。

特に区域・用途・数値（面積・率・幅員）の組み合わせ誤り。例外規定との区別が問われる。",耐火建築物とは,主要構造部などが耐火性能を満たす建築物,"主要構造部などが耐火性能を満たす建築物。

主要構造部などが耐火性能を満たす建築物。法令上の制限では「どの法令の・どの区域で・何が必要か」を三段で覚えるとよいです。数値と例外規定の区別が問われます。

法令上の制限では数値（面積・幅員・率）と区域・号別の組み合わせが頻出するため、「どの法令の・どの区域で・何が必要か」を三段で覚えると安定します。",例外規定との区別が問われる;例外規定との区別が問われる;例外規定との区別が問われる,区域・用途・数値（面積・率・幅員）の組み合わせ誤り。例外規定との区別が問われる。,「耐火建築物は、主要構造部や開口部が一定の耐火性能」を起点に、耐火建築物の表を作って関連用語と並べる。,（2025年 第37問）防火・準防火地域に関する次の記述のうち、正しいものはどれか。,正答は選択肢3です。用語「耐火建築物」が問われた過去問のため、解説と条文の対応を確認してください。,耐火建築物とは何ですか？,耐火建築物（たいかけんちくぶつ）とは、主要構造部などが耐火性能を満たす建築物。耐火建築物は、主要構造部や開口部が一定の耐火性能を満たす建築物です。防火地域・準防火地域で必要となる建築物の種類を比較します。,耐火建築物は試験でどう押さえればよいですか？,まず耐火建築物は、主要構造部や開口部が一定の耐火性能を満たす建築物です。防火地域・準防火地域で必要となる建築物の種類を比較します。。 詳しくは、肢では「耐火建築物は、主要構造部や開口部が一定の耐火性能を満たす建築物です。防火地域・準防火地域で必要となる建築物の種類を比較します。」のいずれかが正誤の分かれ目になりやすいです。特に区域・用途・数値（面積・率・幅員）の組み合わせ誤り。例外規定との区別が問われる。
準耐火建築物,じゅんたいかけんちくぶつ,法令上の制限,法令上の制限,耐火建築物に準ずる耐火性能を持つ建築物,耐火建築物に準ずる耐火性能を持つ建築物。,,,A,"耐火建築物に準ずる耐火性能を持つ建築物。法令上の制限では「どの法令の・どの区域で・何が必要か」を三段で覚えるとよいです。数値と例外規定の区別が問われます。

肢では「準耐火建築物は、耐火建築物に準じた防火性能を備える建築物です／例外規定との区別が問われる」のいずれかが正誤の分かれ目になりやすいです。

特に区域・用途・数値（面積・率・幅員）の組み合わせ誤り。例外規定との区別が問われる。",準耐火建築物とは,耐火建築物に準ずる耐火性能を持つ建築物,"耐火建築物に準ずる耐火性能を持つ建築物。

耐火建築物に準ずる耐火性能を持つ建築物。法令上の制限では「どの法令の・どの区域で・何が必要か」を三段で覚えるとよいです。数値と例外規定の区別が問われます。

法令上の制限では数値（面積・幅員・率）と区域・号別の組み合わせが頻出するため、「どの法令の・どの区域で・何が必要か」を三段で覚えると安定します。",準耐火建築物は、耐火建築物に準じた防火性能を備える建築物です;例外規定との区別が問われる,区域・用途・数値（面積・率・幅員）の組み合わせ誤り。例外規定との区別が問われる。,「準耐火建築物は、耐火建築物に準じた防火性能を備え」を起点に、準耐火建築物の表を作って関連用語と並べる。,（2020年 第16問）建築基準法に規定する防火地域及び準防火地域に関する次の記述のうち、正しいものはどれか。,正答は選択肢2です。用語「準耐火建築物」が問われた過去問のため、解説と条文の対応を確認してください。,準耐火建築物とは何ですか？,準耐火建築物（じゅんたいかけんちくぶつ）とは、耐火建築物に準ずる耐火性能を持つ建築物。準耐火建築物は、耐火建築物に準じた防火性能を備える建築物です。防火地域・準防火地域の規制で、階数・延べ面積との組合せが出題されます。,準耐火建築物は試験でどう押さえればよいですか？,まず準耐火建築物は、耐火建築物に準じた防火性能を備える建築物です。防火地域・準防火地域の規制で、階数・延べ面積との組合せが出題されます。。 詳しくは、肢では「準耐火建築物は、耐火建築物に準じた防火性能を備える建築物です。防火地域・準防火地域の規制で、階数・延べ面積との組合せが出題されます。」のいずれかが正誤の分かれ目になりやすいです。特に区域・用途・数値（面積・率・幅員）の組み合わせ誤り。例外規定との区別が問われる。
建築協定,けんちくきょうてい,法令上の制限,法令上の制限,土地所有者等が定める建築物の制限ルール,土地所有者等が定める建築物の制限ルール。,,,A,"土地所有者等が定める建築物の制限ルール。法令上の制限では「どの法令の・どの区域で・何が必要か」を三段で覚えるとよいです。数値と例外規定の区別が問われます。

肢では「例外規定との区別が問われる／例外規定との区別が問われる／例外規定との区別が問われる」のいずれかが正誤の分かれ目になりやすいです。

特に区域・用途・数値（面積・率・幅員）の組み合わせ誤り。例外規定との区別が問われる。",建築協定とは,土地所有者等が定める建築物の制限ルール,"土地所有者等が定める建築物の制限ルール。

土地所有者等が定める建築物の制限ルール。法令上の制限では「どの法令の・どの区域で・何が必要か」を三段で覚えるとよいです。数値と例外規定の区別が問われます。

法令上の制限では数値（面積・幅員・率）と区域・号別の組み合わせが頻出するため、「どの法令の・どの区域で・何が必要か」を三段で覚えると安定します。",例外規定との区別が問われる;例外規定との区別が問われる;例外規定との区別が問われる,区域・用途・数値（面積・率・幅員）の組み合わせ誤り。例外規定との区別が問われる。,「建築協定は、住宅地の環境や商店街の利便増進のため」を起点に、建築協定の表を作って関連用語と並べる。,（2015年 第18問）建築基準法についての以下の記述のうち、誤っているものを選びなさい。,正答は選択肢2です。用語「建築協定」が問われた過去問のため、解説と条文の対応を確認してください。,建築協定とは何ですか？,建築協定（けんちくきょうてい）とは、土地所有者等が定める建築物の制限ルール。建築協定は、住宅地の環境や商店街の利便増進のため、敷地・構造・用途・意匠等を定める合意です。景観協定との違い、登記・効力、建築基準法との関係が問われます。,建築協定は試験でどう押さえればよいですか？,まず建築協定は、住宅地の環境や商店街の利便増進のため、敷地・構造・用途・意匠等を定める合意です。景観協定との違い、登記・効力、建築基準法との関係が問われます。。 詳しくは、肢では「建築協定は、住宅地の環境や商店街の利便増進のため、敷地・構造・用途・意匠等を定める合意です。景観協定との違い、登記・効力、建築基準法との関係が問われます。」のいずれかが正誤の分かれ目になりやすいです。特に区域・用途・数値（面積・率・幅員）の組み合わせ誤り。例外規定との区別が問われる。
国土利用計画法の届出,こくどりようけいかくほうのとどけで,法令上の制限,法令上の制限,一定面積以上の土地取引後に行う届出,一定面積以上の土地取引後に行う届出。,,,A,"一定面積以上の土地取引後に行う届出。法令上の制限では「どの法令の・どの区域で・何が必要か」を三段で覚えるとよいです。数値と例外規定の区別が問われます。

肢では「国土利用計画法の届出は、一定面積以上の土地売買等について契約後に行う届出です／例外規定との区別が問われる」のいずれかが正誤の分かれ目になりやすいです。

特に区域・用途・数値（面積・率・幅員）の組み合わせ誤り。例外規定との区別が問われる。",国土利用計画法の届出とは,一定面積以上の土地取引後に行う届出,"一定面積以上の土地取引後に行う届出。

一定面積以上の土地取引後に行う届出。法令上の制限では「どの法令の・どの区域で・何が必要か」を三段で覚えるとよいです。数値と例外規定の区別が問われます。

法令上の制限では数値（面積・幅員・率）と区域・号別の組み合わせが頻出するため、「どの法令の・どの区域で・何が必要か」を三段で覚えると安定します。",国土利用計画法の届出は、一定面積以上の土地売買等について契約後に行う届出です;例外規定との区別が問われる,区域・用途・数値（面積・率・幅員）の組み合わせ誤り。例外規定との区別が問われる。,「国土利用計画法の届出は、一定面積以上の土地売買等」を起点に、国土利用計画法の届出の表を作って関連用語と並べる。,【学習確認】国土利用計画法の届出について、次のうち試験で押さえるべき説明として適切なものはどれか。,要点は「肢では「国土利用計画法の届出は、一定面積以上の土地売買等について契約後に行う届出です」です。法令上の制限分野の関連用語・過去問演習ページで、条文番号と数値をセットで復習してください。,国土利用計画法の届出とは何ですか？,国土利用計画法の届出（こくどりようけいかくほうのとどけで）とは、一定面積以上の土地取引後に行う届出。国土利用計画法の届出は、一定面積以上の土地売買等について契約後に行う届出です。市街化区域・その他都市計画区域・都市計画区域外の面積基準を比較します。,国土利用計画法の届出は試験でどう押さえればよいですか？,まず国土利用計画法の届出は、一定面積以上の土地売買等について契約後に行う届出です。市街化区域・その他都市計画区域・都市計画区域外の面積基準を比較します。。 詳しくは、肢では「国土利用計画法の届出は、一定面積以上の土地売買等について契約後に行う届出です。市街化区域・その他都市計画区域・都市計画区域外の面積基準を比較します。」のいずれかが正誤の分かれ目になりやすいです。特に区域・用途・数値（面積・率・幅員）の組み合わせ誤り。例外規定との区別が問われる。
農地転用,のうちてんよう,法令上の制限,法令上の制限,農地を農地以外の用途に変えること,農地を農地以外の用途に変えること。,,,A,"農地を農地以外の用途に変えること。法令上の制限では「どの法令の・どの区域で・何が必要か」を三段で覚えるとよいです。数値と例外規定の区別が問われます。

肢では「例外規定との区別が問われる／例外規定との区別が問われる／例外規定との区別が問われる」のいずれかが正誤の分かれ目になりやすいです。

特に区域・用途・数値（面積・率・幅員）の組み合わせ誤り。例外規定との区別が問われる。",農地転用とは,農地を農地以外の用途に変えること,"農地を農地以外の用途に変えること。

農地を農地以外の用途に変えること。法令上の制限では「どの法令の・どの区域で・何が必要か」を三段で覚えるとよいです。数値と例外規定の区別が問われます。

法令上の制限では数値（面積・幅員・率）と区域・号別の組み合わせが頻出するため、「どの法令の・どの区域で・何が必要か」を三段で覚えると安定します。",例外規定との区別が問われる;例外規定との区別が問われる;例外規定との区別が問われる,区域・用途・数値（面積・率・幅員）の組み合わせ誤り。例外規定との区別が問われる。,「農地転用は、農地を宅地や駐車場など農地以外の用途」を起点に、農地転用の表を作って関連用語と並べる。,（2022年 第20問）農地法に関する次の記述のうち、正しいものはどれか。,正答は選択肢3です。用語「農地転用」が問われた過去問のため、解説と条文の対応を確認してください。,農地転用とは何ですか？,農地転用（のうちてんよう）とは、農地を農地以外の用途に変えること。農地転用は、農地を宅地や駐車場など農地以外の用途に変更する行為です。農地法3条・4条・5条の違い、市街化区域内の届出特例を整理します。,農地転用は試験でどう押さえればよいですか？,まず農地転用は、農地を宅地や駐車場など農地以外の用途に変更する行為です。農地法3条・4条・5条の違い、市街化区域内の届出特例を整理します。。 詳しくは、肢では「農地転用は、農地を宅地や駐車場など農地以外の用途に変更する行為です。農地法3条・4条・5条の違い、市街化区域内の届出特例を整理します。」のいずれかが正誤の分かれ目になりやすいです。特に区域・用途・数値（面積・率・幅員）の組み合わせ誤り。例外規定との区別が問われる。
宅地造成等工事規制区域,たくちぞうせいとうこうじきせいくいき,法令上の制限,法令上の制限,宅地造成等の災害防止のため指定される区域,宅地造成等の災害防止のため指定される区域。,,,A,"宅地造成等の災害防止のため指定される区域。法令上の制限では「どの法令の・どの区域で・何が必要か」を三段で覚えるとよいです。数値と例外規定の区別が問われます。

肢では「宅地造成等工事規制区域は、宅地造成等に伴う災害を防ぐため指定される区域です／例外規定との区別が問われる」のいずれかが正誤の分かれ目になりやすいです。

特に区域・用途・数値（面積・率・幅員）の組み合わせ誤り。例外規定との区別が問われる。",宅地造成等工事規制区域とは,宅地造成等の災害防止のため指定される区域,"宅地造成等の災害防止のため指定される区域。

宅地造成等の災害防止のため指定される区域。法令上の制限では「どの法令の・どの区域で・何が必要か」を三段で覚えるとよいです。数値と例外規定の区別が問われます。

法令上の制限では数値（面積・幅員・率）と区域・号別の組み合わせが頻出するため、「どの法令の・どの区域で・何が必要か」を三段で覚えると安定します。",宅地造成等工事規制区域は、宅地造成等に伴う災害を防ぐため指定される区域です;例外規定との区別が問われる,区域・用途・数値（面積・率・幅員）の組み合わせ誤り。例外規定との区別が問われる。,「宅地造成等工事規制区域は、宅地造成等に伴う災害を」を起点に、宅地造成等工事規制区域の表を作って関連用語と並べる。,（2025年 第39問）盛土規制法に関する次の記述のうち、正しいものはどれか。,正答は選択肢2です。用語「宅地造成等工事規制区域」が問われた過去問のため、解説と条文の対応を確認してください。,宅地造成等工事規制区域とは何ですか？,宅地造成等工事規制区域（たくちぞうせいとうこうじきせいくいき）とは、宅地造成等の災害防止のため指定される区域。宅地造成等工事規制区域は、宅地造成等に伴う災害を防ぐため指定される区域です。許可対象工事、造成主・工事施行者の責任、検査済証を整理します。,宅地造成等工事規制区域は試験でどう押さえればよいですか？,まず宅地造成等工事規制区域は、宅地造成等に伴う災害を防ぐため指定される区域です。許可対象工事、造成主・工事施行者の責任、検査済証を整理します。。 詳しくは、肢では「宅地造成等工事規制区域は、宅地造成等に伴う災害を防ぐため指定される区域です。許可対象工事、造成主・工事施行者の責任、検査済証を整理します。」のいずれかが正誤の分かれ目になりやすいです。特に区域・用途・数値（面積・率・幅員）の組み合わせ誤り。例外規定との区別が問われる。
特定盛土等規制区域,とくていもりどとうきせいくいき,法令上の制限,法令上の制限,盛土等による災害を防ぐため規制する区域,盛土等による災害を防ぐため規制する区域。,,,A,"盛土等による災害を防ぐため規制する区域。法令上の制限では「どの法令の・どの区域で・何が必要か」を三段で覚えるとよいです。数値と例外規定の区別が問われます。

肢では「特定盛土等規制区域は、盛土・切土・土石の堆積による災害を防止するための区域です／例外規定との区別が問われる」のいずれかが正誤の分かれ目になりやすいです。

特に区域・用途・数値（面積・率・幅員）の組み合わせ誤り。例外規定との区別が問われる。",特定盛土等規制区域とは,盛土等による災害を防ぐため規制する区域,"盛土等による災害を防ぐため規制する区域。

盛土等による災害を防ぐため規制する区域。法令上の制限では「どの法令の・どの区域で・何が必要か」を三段で覚えるとよいです。数値と例外規定の区別が問われます。

法令上の制限では数値（面積・幅員・率）と区域・号別の組み合わせが頻出するため、「どの法令の・どの区域で・何が必要か」を三段で覚えると安定します。",特定盛土等規制区域は、盛土・切土・土石の堆積による災害を防止するための区域です;例外規定との区別が問われる,区域・用途・数値（面積・率・幅員）の組み合わせ誤り。例外規定との区別が問われる。,「特定盛土等規制区域は、盛土・切土・土石の堆積によ」を起点に、特定盛土等規制区域の表を作って関連用語と並べる。,（2024年 第40問）盛土規制法に関する次の記述のうち、正しいものはどれか。,正答は選択肢1です。用語「特定盛土等規制区域」が問われた過去問のため、解説と条文の対応を確認してください。,特定盛土等規制区域とは何ですか？,特定盛土等規制区域（とくていもりどとうきせいくいき）とは、盛土等による災害を防ぐため規制する区域。特定盛土等規制区域は、盛土・切土・土石の堆積による災害を防止するための区域です。宅地造成等工事規制区域との違い、許可・届出を整理します。,特定盛土等規制区域は試験でどう押さえればよいですか？,まず特定盛土等規制区域は、盛土・切土・土石の堆積による災害を防止するための区域です。宅地造成等工事規制区域との違い、許可・届出を整理します。。 詳しくは、肢では「特定盛土等規制区域は、盛土・切土・土石の堆積による災害を防止するための区域です。宅地造成等工事規制区域との違い、許可・届出を整理します。」のいずれかが正誤の分かれ目になりやすいです。特に区域・用途・数値（面積・率・幅員）の組み合わせ誤り。例外規定との区別が問われる。
固定資産評価額,こていしさんひょうかがく,税・その他,税・その他,固定資産税などの基礎となる評価額,固定資産税などの基礎となる評価額。,,,A,"固定資産税などの基礎となる評価額。税・その他は課税主体・申告期限・税率・控除要件と計算手順がセットで出題されます。

肢では「特に課税主体・申告期限・税率・控除の要件の混同／特に課税主体・申告期限・税率・控除の要件の混同／特に課税主体・申告期限・税率・控除の要件の混同」のいずれかが正誤の分かれ目になりやすいです。

特に課税主体・申告期限・税率・控除の要件の混同。計算問題では算式の順序を誤りやすい。",固定資産評価額とは,固定資産税などの基礎となる評価額,"固定資産税などの基礎となる評価額。

固定資産税などの基礎となる評価額。税・その他は課税主体・申告期限・税率・控除要件と計算手順がセットで出題されます。

税・その他は計算問題と統計・関連法令の知識問題が混在します。用語の定義に加え、誰が納税義務者か・いつ申告するかまで確認してください。",特に課税主体・申告期限・税率・控除の要件の混同;特に課税主体・申告期限・税率・控除の要件の混同;特に課税主体・申告期限・税率・控除の要件の混同,課税主体・申告期限・税率・控除の要件の混同。計算問題では算式の順序を誤りやすい。,「固定資産評価額は、市町村が固定資産課税台帳に登録」を起点に、固定資産評価額の表を作って関連用語と並べる。,【学習確認】固定資産評価額について、次のうち試験で押さえるべき説明として適切なものはどれか。,要点は「肢では「固定資産評価額は、市町村が固定資産課税台帳に登録する評価額です」です。税・その他分野の関連用語・過去問演習ページで、条文番号と数値をセットで復習してください。,固定資産評価額とは何ですか？,固定資産評価額（こていしさんひょうかがく）とは、固定資産税などの基礎となる評価額。固定資産評価額は、市町村が固定資産課税台帳に登録する評価額です。固定資産税、不動産取得税、登録免許税の課税標準との関係で問われます。,固定資産評価額は試験でどう押さえればよいですか？,まず固定資産評価額は、市町村が固定資産課税台帳に登録する評価額です。固定資産税、不動産取得税、登録免許税の課税標準との関係で問われます。。 詳しくは、肢では「固定資産評価額は、市町村が固定資産課税台帳に登録する評価額です。固定資産税、不動産取得税、登録免許税の課税標準との関係で問われます。」のいずれかが正誤の分かれ目になりやすいです。特に課税主体・申告期限・税率・控除の要件の混同。計算問題では算式の順序を誤りやすい。
固定資産課税台帳,こていしさんかぜいだいちょう,税・その他,税・その他,固定資産税の課税対象を登録する台帳,固定資産税の課税対象を登録する台帳。,,,A,"固定資産税の課税対象を登録する台帳。税・その他は課税主体・申告期限・税率・控除要件と計算手順がセットで出題されます。

肢では「固定資産課税台帳は、土地・家屋・償却資産の所有者や評価額を登録する台帳です／特に課税主体・申告期限・税率・控除の要件の混同」のいずれかが正誤の分かれ目になりやすいです。

特に課税主体・申告期限・税率・控除の要件の混同。計算問題では算式の順序を誤りやすい。",固定資産課税台帳とは,固定資産税の課税対象を登録する台帳,"固定資産税の課税対象を登録する台帳。

固定資産税の課税対象を登録する台帳。税・その他は課税主体・申告期限・税率・控除要件と計算手順がセットで出題されます。

税・その他は計算問題と統計・関連法令の知識問題が混在します。用語の定義に加え、誰が納税義務者か・いつ申告するかまで確認してください。",固定資産課税台帳は、土地・家屋・償却資産の所有者や評価額を登録する台帳です;特に課税主体・申告期限・税率・控除の要件の混同,課税主体・申告期限・税率・控除の要件の混同。計算問題では算式の順序を誤りやすい。,「固定資産課税台帳は、土地・家屋・償却資産の所有者」を起点に、固定資産課税台帳の表を作って関連用語と並べる。,（2017年 第24問）固定資産税についての以下の記述のうち、正しいものを選びなさい。,正答は選択肢3です。用語「固定資産課税台帳」が問われた過去問のため、解説と条文の対応を確認してください。,固定資産課税台帳とは何ですか？,固定資産課税台帳（こていしさんかぜいだいちょう）とは、固定資産税の課税対象を登録する台帳。固定資産課税台帳は、土地・家屋・償却資産の所有者や評価額を登録する台帳です。閲覧、縦覧、評価証明書との違いを整理します。,固定資産課税台帳は試験でどう押さえればよいですか？,まず固定資産課税台帳は、土地・家屋・償却資産の所有者や評価額を登録する台帳です。閲覧、縦覧、評価証明書との違いを整理します。。 詳しくは、肢では「固定資産課税台帳は、土地・家屋・償却資産の所有者や評価額を登録する台帳です。閲覧、縦覧、評価証明書との違いを整理します。」のいずれかが正誤の分かれ目になりやすいです。特に課税主体・申告期限・税率・控除の要件の混同。計算問題では算式の順序を誤りやすい。
固定資産税の縦覧,こていしさんぜいのじゅうらん,税・その他,税・その他,納税者が他の土地家屋の評価額と比較できる制度,納税者が他の土地家屋の評価額と比較できる制度。,,,A,"納税者が他の土地家屋の評価額と比較できる制度。税・その他は課税主体・申告期限・税率・控除要件と計算手順がセットで出題されます。

肢では「特に課税主体・申告期限・税率・控除の要件の混同／特に課税主体・申告期限・税率・控除の要件の混同／特に課税主体・申告期限・税率・控除の要件の混同」のいずれかが正誤の分かれ目になりやすいです。

特に課税主体・申告期限・税率・控除の要件の混同。計算問題では算式の順序を誤りやすい。",固定資産税の縦覧とは,納税者が他の土地家屋の評価額と比較できる制度,"納税者が他の土地家屋の評価額と比較できる制度。

納税者が他の土地家屋の評価額と比較できる制度。税・その他は課税主体・申告期限・税率・控除要件と計算手順がセットで出題されます。

税・その他は計算問題と統計・関連法令の知識問題が混在します。用語の定義に加え、誰が納税義務者か・いつ申告するかまで確認してください。",特に課税主体・申告期限・税率・控除の要件の混同;特に課税主体・申告期限・税率・控除の要件の混同;特に課税主体・申告期限・税率・控除の要件の混同,課税主体・申告期限・税率・控除の要件の混同。計算問題では算式の順序を誤りやすい。,「固定資産税の縦覧は、納税者が自己の固定資産評価額」を起点に、固定資産税の縦覧の表を作って関連用語と並べる。,【学習確認】固定資産税の縦覧について、次のうち試験で押さえるべき説明として適切なものはどれか。,要点は「肢では「固定資産税の縦覧は、納税者が自己の固定資産評価額を他の土地家屋と比較できる制度です」です。税・その他分野の関連用語・過去問演習ページで、条文番号と数値をセットで復習してください。,固定資産税の縦覧とは何ですか？,固定資産税の縦覧（こていしさんぜいのじゅうらん）とは、納税者が他の土地家屋の評価額と比較できる制度。固定資産税の縦覧は、納税者が自己の固定資産評価額を他の土地家屋と比較できる制度です。閲覧制度との違い、期間、対象者を整理します。,固定資産税の縦覧は試験でどう押さえればよいですか？,まず固定資産税の縦覧は、納税者が自己の固定資産評価額を他の土地家屋と比較できる制度です。閲覧制度との違い、期間、対象者を整理します。。 詳しくは、肢では「固定資産税の縦覧は、納税者が自己の固定資産評価額を他の土地家屋と比較できる制度です。閲覧制度との違い、期間、対象者を整理します。」のいずれかが正誤の分かれ目になりやすいです。特に課税主体・申告期限・税率・控除の要件の混同。計算問題では算式の順序を誤りやすい。
不動産取得税の課税標準,ふどうさんしゅとくぜいのかぜいひょうじゅん,税・その他,税・その他,不動産取得税の税額計算の基礎,不動産取得税の税額計算の基礎。,,,A,"不動産取得税の税額計算の基礎。税・その他は課税主体・申告期限・税率・控除要件と計算手順がセットで出題されます。

肢では「特に課税主体・申告期限・税率・控除の要件の混同／特に課税主体・申告期限・税率・控除の要件の混同／特に課税主体・申告期限・税率・控除の要件の混同」のいずれかが正誤の分かれ目になりやすいです。

特に課税主体・申告期限・税率・控除の要件の混同。計算問題では算式の順序を誤りやすい。",不動産取得税の課税標準とは,不動産取得税の税額計算の基礎,"不動産取得税の税額計算の基礎。

不動産取得税の税額計算の基礎。税・その他は課税主体・申告期限・税率・控除要件と計算手順がセットで出題されます。

税・その他は計算問題と統計・関連法令の知識問題が混在します。用語の定義に加え、誰が納税義務者か・いつ申告するかまで確認してください。",特に課税主体・申告期限・税率・控除の要件の混同;特に課税主体・申告期限・税率・控除の要件の混同;特に課税主体・申告期限・税率・控除の要件の混同,課税主体・申告期限・税率・控除の要件の混同。計算問題では算式の順序を誤りやすい。,「不動産取得税の課税標準は、原則として固定資産課税」を起点に、不動産取得税の課税標準の表を作って関連用語と並べる。,（2021年 第23問）不動産取得税に関する次の記述のうち、正しいものはどれか。,正答は選択肢1です。用語「不動産取得税の課税標準」が問われた過去問のため、解説と条文の対応を確認してください。,不動産取得税の課税標準とは何ですか？,不動産取得税の課税標準（ふどうさんしゅとくぜいのかぜいひょうじゅん）とは、不動産取得税の税額計算の基礎。不動産取得税の課税標準は、原則として固定資産課税台帳の価格です。住宅・住宅用土地の軽減、宅建試験で問われる取得の範囲と合わせて整理します。,不動産取得税の課税標準は試験でどう押さえればよいですか？,まず不動産取得税の課税標準は、原則として固定資産課税台帳の価格です。住宅・住宅用土地の軽減、宅建試験で問われる取得の範囲と合わせて整理します。。 詳しくは、肢では「不動産取得税の課税標準は、原則として固定資産課税台帳の価格です。住宅・住宅用土地の軽減、宅建試験で問われる取得の範囲と合わせて整理します。」のいずれかが正誤の分かれ目になりやすいです。特に課税主体・申告期限・税率・控除の要件の混同。計算問題では算式の順序を誤りやすい。
不動産取得税の免税点,ふどうさんしゅとくぜいのめんぜいてん,税・その他,税・その他,一定額未満なら不動産取得税が課されない基準,一定額未満なら不動産取得税が課されない基準。,,,A,"一定額未満なら不動産取得税が課されない基準。税・その他は課税主体・申告期限・税率・控除要件と計算手順がセットで出題されます。

肢では「不動産取得税の免税点は、課税標準額が一定額未満の場合に課税されない基準です／特に課税主体・申告期限・税率・控除の要件の混同」のいずれかが正誤の分かれ目になりやすいです。

特に課税主体・申告期限・税率・控除の要件の混同。計算問題では算式の順序を誤りやすい。",不動産取得税の免税点とは,一定額未満なら不動産取得税が課されない基準,"一定額未満なら不動産取得税が課されない基準。

一定額未満なら不動産取得税が課されない基準。税・その他は課税主体・申告期限・税率・控除要件と計算手順がセットで出題されます。

税・その他は計算問題と統計・関連法令の知識問題が混在します。用語の定義に加え、誰が納税義務者か・いつ申告するかまで確認してください。",不動産取得税の免税点は、課税標準額が一定額未満の場合に課税されない基準です;特に課税主体・申告期限・税率・控除の要件の混同,課税主体・申告期限・税率・控除の要件の混同。計算問題では算式の順序を誤りやすい。,「不動産取得税の免税点は、課税標準額が一定額未満の」を起点に、不動産取得税の免税点の表を作って関連用語と並べる。,【学習確認】不動産取得税の免税点について、次のうち試験で押さえるべき説明として適切なものはどれか。,要点は「肢では「不動産取得税の免税点は、課税標準額が一定額未満の場合に課税されない基準です」です。税・その他分野の関連用語・過去問演習ページで、条文番号と数値をセットで復習してください。,不動産取得税の免税点とは何ですか？,不動産取得税の免税点（ふどうさんしゅとくぜいのめんぜいてん）とは、一定額未満なら不動産取得税が課されない基準。不動産取得税の免税点は、課税標準額が一定額未満の場合に課税されない基準です。土地・家屋の取得区分ごとの金額を比較して覚えます。,不動産取得税の免税点は試験でどう押さえればよいですか？,まず不動産取得税の免税点は、課税標準額が一定額未満の場合に課税されない基準です。土地・家屋の取得区分ごとの金額を比較して覚えます。。 詳しくは、肢では「不動産取得税の免税点は、課税標準額が一定額未満の場合に課税されない基準です。土地・家屋の取得区分ごとの金額を比較して覚えます。」のいずれかが正誤の分かれ目になりやすいです。特に課税主体・申告期限・税率・控除の要件の混同。計算問題では算式の順序を誤りやすい。
登録免許税の課税標準,とうろくめんきょぜいのかぜいひょうじゅん,税・その他,税・その他,登記にかかる登録免許税の計算基礎,登記にかかる登録免許税の計算基礎。,,,A,"登記にかかる登録免許税の計算基礎。税・その他は課税主体・申告期限・税率・控除要件と計算手順がセットで出題されます。

肢では「登録免許税の課税標準は、所有権移転登記では不動産の価額、抵当権設定登記では債権金額などです／特に課税主体・申告期限・税率・控除の要件の混同」のいずれかが正誤の分かれ目になりやすいです。

特に課税主体・申告期限・税率・控除の要件の混同。計算問題では算式の順序を誤りやすい。",登録免許税の課税標準とは,登記にかかる登録免許税の計算基礎,"登記にかかる登録免許税の計算基礎。

登記にかかる登録免許税の計算基礎。税・その他は課税主体・申告期限・税率・控除要件と計算手順がセットで出題されます。

税・その他は計算問題と統計・関連法令の知識問題が混在します。用語の定義に加え、誰が納税義務者か・いつ申告するかまで確認してください。",登録免許税の課税標準は、所有権移転登記では不動産の価額、抵当権設定登記では債権金額などです;特に課税主体・申告期限・税率・控除の要件の混同,課税主体・申告期限・税率・控除の要件の混同。計算問題では算式の順序を誤りやすい。,「登録免許税の課税標準は、所有権移転登記では不動産」を起点に、登録免許税の課税標準の表を作って関連用語と並べる。,【学習確認】登録免許税の課税標準について、次のうち試験で押さえるべき説明として適切なものはどれか。,要点は「肢では「登録免許税の課税標準は、所有権移転登記では不動産の価額、抵当権設定登記では債権金額などです」です。税・その他分野の関連用語・過去問演習ページで、条文番号と数値をセットで復習してください。,登録免許税の課税標準とは何ですか？,登録免許税の課税標準（とうろくめんきょぜいのかぜいひょうじゅん）とは、登記にかかる登録免許税の計算基礎。登録免許税の課税標準は、所有権移転登記では不動産の価額、抵当権設定登記では債権金額などです。税率と課税標準をセットで覚えます。,登録免許税の課税標準は試験でどう押さえればよいですか？,まず登録免許税の課税標準は、所有権移転登記では不動産の価額、抵当権設定登記では債権金額などです。税率と課税標準をセットで覚えます。。 詳しくは、肢では「登録免許税の課税標準は、所有権移転登記では不動産の価額、抵当権設定登記では債権金額などです。税率と課税標準をセットで覚えます。」のいずれかが正誤の分かれ目になりやすいです。特に課税主体・申告期限・税率・控除の要件の混同。計算問題では算式の順序を誤りやすい。
登録免許税の軽減税率,とうろくめんきょぜいのけいげんぜいりつ,税・その他,税・その他,住宅用家屋などに適用される軽減税率,住宅用家屋などに適用される軽減税率。,,,A,"住宅用家屋などに適用される軽減税率。税・その他は課税主体・申告期限・税率・控除要件と計算手順がセットで出題されます。

肢では「特に課税主体・申告期限・税率・控除の要件の混同／特に課税主体・申告期限・税率・控除の要件の混同／特に課税主体・申告期限・税率・控除の要件の混同」のいずれかが正誤の分かれ目になりやすいです。

特に課税主体・申告期限・税率・控除の要件の混同。計算問題では算式の順序を誤りやすい。",登録免許税の軽減税率とは,住宅用家屋などに適用される軽減税率,"住宅用家屋などに適用される軽減税率。

住宅用家屋などに適用される軽減税率。税・その他は課税主体・申告期限・税率・控除要件と計算手順がセットで出題されます。

税・その他は計算問題と統計・関連法令の知識問題が混在します。用語の定義に加え、誰が納税義務者か・いつ申告するかまで確認してください。",特に課税主体・申告期限・税率・控除の要件の混同;特に課税主体・申告期限・税率・控除の要件の混同;特に課税主体・申告期限・税率・控除の要件の混同,課税主体・申告期限・税率・控除の要件の混同。計算問題では算式の順序を誤りやすい。,「登録免許税の軽減税率は、一定の住宅用家屋の所有権」を起点に、登録免許税の軽減税率の表を作って関連用語と並べる。,【学習確認】登録免許税の軽減税率について、次のうち試験で押さえるべき説明として適切なものはどれか。,要点は「肢では「登録免許税の軽減税率は、一定の住宅用家屋の所有権保存・移転・抵当権設定登記などで適用されます」です。税・その他分野の関連用語・過去問演習ページで、条文番号と数値をセットで復習してください。,登録免許税の軽減税率とは何ですか？,登録免許税の軽減税率（とうろくめんきょぜいのけいげんぜいりつ）とは、住宅用家屋などに適用される軽減税率。登録免許税の軽減税率は、一定の住宅用家屋の所有権保存・移転・抵当権設定登記などで適用されます。適用期限や床面積要件は改正に注意します。,登録免許税の軽減税率は試験でどう押さえればよいですか？,まず登録免許税の軽減税率は、一定の住宅用家屋の所有権保存・移転・抵当権設定登記などで適用されます。適用期限や床面積要件は改正に注意します。。 詳しくは、肢では「登録免許税の軽減税率は、一定の住宅用家屋の所有権保存・移転・抵当権設定登記などで適用されます。適用期限や床面積要件は改正に注意します。」のいずれかが正誤の分かれ目になりやすいです。特に課税主体・申告期限・税率・控除の要件の混同。計算問題では算式の順序を誤りやすい。
印紙税の課税文書,いんしぜいのかぜいぶんしょ,税・その他,税・その他,印紙税が課される契約書や領収書,印紙税が課される契約書や領収書。,,,A,"印紙税が課される契約書や領収書。税・その他は課税主体・申告期限・税率・控除要件と計算手順がセットで出題されます。

肢では「印紙税の課税文書は、不動産売買契約書、請負契約書、領収書などです／特に課税主体・申告期限・税率・控除の要件の混同」のいずれかが正誤の分かれ目になりやすいです。

特に課税主体・申告期限・税率・控除の要件の混同。計算問題では算式の順序を誤りやすい。",印紙税の課税文書とは,印紙税が課される契約書や領収書,"印紙税が課される契約書や領収書。

印紙税が課される契約書や領収書。税・その他は課税主体・申告期限・税率・控除要件と計算手順がセットで出題されます。

税・その他は計算問題と統計・関連法令の知識問題が混在します。用語の定義に加え、誰が納税義務者か・いつ申告するかまで確認してください。",印紙税の課税文書は、不動産売買契約書、請負契約書、領収書などです;特に課税主体・申告期限・税率・控除の要件の混同,課税主体・申告期限・税率・控除の要件の混同。計算問題では算式の順序を誤りやすい。,「印紙税の課税文書は、不動産売買契約書、請負契約書」を起点に、印紙税の課税文書の表を作って関連用語と並べる。,（2025年 第46問）印紙税に関する次の記述のうち、正しいものはどれか。,正答は選択肢2です。用語「印紙税の課税文書」が問われた過去問のため、解説と条文の対応を確認してください。,印紙税の課税文書とは何ですか？,印紙税の課税文書（いんしぜいのかぜいぶんしょ）とは、印紙税が課される契約書や領収書。印紙税の課税文書は、不動産売買契約書、請負契約書、領収書などです。電子契約では課税文書に当たらない扱いとの比較が出題されます。,印紙税の課税文書は試験でどう押さえればよいですか？,まず印紙税の課税文書は、不動産売買契約書、請負契約書、領収書などです。電子契約では課税文書に当たらない扱いとの比較が出題されます。。 詳しくは、肢では「印紙税の課税文書は、不動産売買契約書、請負契約書、領収書などです。電子契約では課税文書に当たらない扱いとの比較が出題されます。」のいずれかが正誤の分かれ目になりやすいです。特に課税主体・申告期限・税率・控除の要件の混同。計算問題では算式の順序を誤りやすい。
印紙税の納付方法,いんしぜいののうふほうほう,税・その他,税・その他,収入印紙の貼付と消印による納付,収入印紙の貼付と消印による納付。,,,A,"収入印紙の貼付と消印による納付。税・その他は課税主体・申告期限・税率・控除要件と計算手順がセットで出題されます。

肢では「印紙税の納付は、原則として課税文書に収入印紙を貼り消印して行います／特に課税主体・申告期限・税率・控除の要件の混同」のいずれかが正誤の分かれ目になりやすいです。

特に課税主体・申告期限・税率・控除の要件の混同。計算問題では算式の順序を誤りやすい。",印紙税の納付方法とは,収入印紙の貼付と消印による納付,"収入印紙の貼付と消印による納付。

収入印紙の貼付と消印による納付。税・その他は課税主体・申告期限・税率・控除要件と計算手順がセットで出題されます。

税・その他は計算問題と統計・関連法令の知識問題が混在します。用語の定義に加え、誰が納税義務者か・いつ申告するかまで確認してください。",印紙税の納付は、原則として課税文書に収入印紙を貼り消印して行います;特に課税主体・申告期限・税率・控除の要件の混同,課税主体・申告期限・税率・控除の要件の混同。計算問題では算式の順序を誤りやすい。,「印紙税の納付は、原則として課税文書に収入印紙を貼」を起点に、印紙税の納付方法の表を作って関連用語と並べる。,【学習確認】印紙税の納付方法について、次のうち試験で押さえるべき説明として適切なものはどれか。,要点は「肢では「印紙税の納付は、原則として課税文書に収入印紙を貼り消印して行います」です。税・その他分野の関連用語・過去問演習ページで、条文番号と数値をセットで復習してください。,印紙税の納付方法とは何ですか？,印紙税の納付方法（いんしぜいののうふほうほう）とは、収入印紙の貼付と消印による納付。印紙税の納付は、原則として課税文書に収入印紙を貼り消印して行います。貼り忘れや消印漏れの過怠税、電子文書との違いを整理します。,印紙税の納付方法は試験でどう押さえればよいですか？,まず印紙税の納付は、原則として課税文書に収入印紙を貼り消印して行います。貼り忘れや消印漏れの過怠税、電子文書との違いを整理します。。 詳しくは、肢では「印紙税の納付は、原則として課税文書に収入印紙を貼り消印して行います。貼り忘れや消印漏れの過怠税、電子文書との違いを整理します。」のいずれかが正誤の分かれ目になりやすいです。特に課税主体・申告期限・税率・控除の要件の混同。計算問題では算式の順序を誤りやすい。
分離課税,ぶんりかぜい,税・その他,税・その他,他の所得と分けて税額を計算する課税方式,他の所得と分けて税額を計算する課税方式。,,,A,"他の所得と分けて税額を計算する課税方式。税・その他は課税主体・申告期限・税率・控除要件と計算手順がセットで出題されます。

肢では「分離課税は、譲渡所得などを他の所得と分けて税額計算する方式です／特に課税主体・申告期限・税率・控除の要件の混同」のいずれかが正誤の分かれ目になりやすいです。

特に課税主体・申告期限・税率・控除の要件の混同。計算問題では算式の順序を誤りやすい。",分離課税とは,他の所得と分けて税額を計算する課税方式,"他の所得と分けて税額を計算する課税方式。

他の所得と分けて税額を計算する課税方式。税・その他は課税主体・申告期限・税率・控除要件と計算手順がセットで出題されます。

税・その他は計算問題と統計・関連法令の知識問題が混在します。用語の定義に加え、誰が納税義務者か・いつ申告するかまで確認してください。",分離課税は、譲渡所得などを他の所得と分けて税額計算する方式です;特に課税主体・申告期限・税率・控除の要件の混同,課税主体・申告期限・税率・控除の要件の混同。計算問題では算式の順序を誤りやすい。,「分離課税は、譲渡所得などを他の所得と分けて税額計」を起点に、分離課税の表を作って関連用語と並べる。,（2025年 第43問）譲渡所得に関する次の記述のうち、正しいものはどれか。,正答は選択肢1です。用語「分離課税」が問われた過去問のため、解説と条文の対応を確認してください。,分離課税とは何ですか？,分離課税（ぶんりかぜい）とは、他の所得と分けて税額を計算する課税方式。分離課税は、譲渡所得などを他の所得と分けて税額計算する方式です。不動産譲渡所得では長期・短期の区分と税率が重要です。,分離課税は試験でどう押さえればよいですか？,まず分離課税は、譲渡所得などを他の所得と分けて税額計算する方式です。不動産譲渡所得では長期・短期の区分と税率が重要です。。 詳しくは、肢では「分離課税は、譲渡所得などを他の所得と分けて税額計算する方式です。不動産譲渡所得では長期・短期の区分と税率が重要です。」のいずれかが正誤の分かれ目になりやすいです。特に課税主体・申告期限・税率・控除の要件の混同。計算問題では算式の順序を誤りやすい。
総合課税,そうごうかぜい,税・その他,税・その他,複数の所得を合算して税額を計算する方式,複数の所得を合算して税額を計算する方式。,,,A,"複数の所得を合算して税額を計算する方式。税・その他は課税主体・申告期限・税率・控除要件と計算手順がセットで出題されます。

肢では「特に課税主体・申告期限・税率・控除の要件の混同／特に課税主体・申告期限・税率・控除の要件の混同／特に課税主体・申告期限・税率・控除の要件の混同」のいずれかが正誤の分かれ目になりやすいです。

特に課税主体・申告期限・税率・控除の要件の混同。計算問題では算式の順序を誤りやすい。",総合課税とは,複数の所得を合算して税額を計算する方式,"複数の所得を合算して税額を計算する方式。

複数の所得を合算して税額を計算する方式。税・その他は課税主体・申告期限・税率・控除要件と計算手順がセットで出題されます。

税・その他は計算問題と統計・関連法令の知識問題が混在します。用語の定義に加え、誰が納税義務者か・いつ申告するかまで確認してください。",特に課税主体・申告期限・税率・控除の要件の混同;特に課税主体・申告期限・税率・控除の要件の混同;特に課税主体・申告期限・税率・控除の要件の混同,課税主体・申告期限・税率・控除の要件の混同。計算問題では算式の順序を誤りやすい。,「総合課税は、給与所得や不動産所得などを合算して税」を起点に、総合課税の表を作って関連用語と並べる。,（2025年 第43問）譲渡所得に関する次の記述のうち、正しいものはどれか。,正答は選択肢1です。用語「総合課税」が問われた過去問のため、解説と条文の対応を確認してください。,総合課税とは何ですか？,総合課税（そうごうかぜい）とは、複数の所得を合算して税額を計算する方式。総合課税は、給与所得や不動産所得などを合算して税額を計算する方式です。譲渡所得の分離課税、不動産所得の必要経費との違いを整理します。,総合課税は試験でどう押さえればよいですか？,まず総合課税は、給与所得や不動産所得などを合算して税額を計算する方式です。譲渡所得の分離課税、不動産所得の必要経費との違いを整理します。。 詳しくは、肢では「総合課税は、給与所得や不動産所得などを合算して税額を計算する方式です。譲渡所得の分離課税、不動産所得の必要経費との違いを整理します。」のいずれかが正誤の分かれ目になりやすいです。特に課税主体・申告期限・税率・控除の要件の混同。計算問題では算式の順序を誤りやすい。
不動産所得,ふどうさんしょとく,税・その他,税・その他,不動産の貸付けから生じる所得,不動産の貸付けから生じる所得。,,,A,"不動産の貸付けから生じる所得。税・その他は課税主体・申告期限・税率・控除要件と計算手順がセットで出題されます。

肢では「特に課税主体・申告期限・税率・控除の要件の混同／特に課税主体・申告期限・税率・控除の要件の混同／特に課税主体・申告期限・税率・控除の要件の混同」のいずれかが正誤の分かれ目になりやすいです。

特に課税主体・申告期限・税率・控除の要件の混同。計算問題では算式の順序を誤りやすい。",不動産所得とは,不動産の貸付けから生じる所得,"不動産の貸付けから生じる所得。

不動産の貸付けから生じる所得。税・その他は課税主体・申告期限・税率・控除要件と計算手順がセットで出題されます。

税・その他は計算問題と統計・関連法令の知識問題が混在します。用語の定義に加え、誰が納税義務者か・いつ申告するかまで確認してください。",特に課税主体・申告期限・税率・控除の要件の混同;特に課税主体・申告期限・税率・控除の要件の混同;特に課税主体・申告期限・税率・控除の要件の混同,課税主体・申告期限・税率・控除の要件の混同。計算問題では算式の順序を誤りやすい。,「不動産所得は、土地・建物の貸付けによる所得です。」を起点に、不動産所得の表を作って関連用語と並べる。,（2017年 第23問）所得税法についての以下の記述のうち、正しいものを選びなさい。,正答は選択肢1です。用語「不動産所得」が問われた過去問のため、解説と条文の対応を確認してください。,不動産所得とは何ですか？,不動産所得（ふどうさんしょとく）とは、不動産の貸付けから生じる所得。不動産所得は、土地・建物の貸付けによる所得です。必要経費、減価償却、事業的規模、譲渡所得との違いを確認します。,不動産所得は試験でどう押さえればよいですか？,まず不動産所得は、土地・建物の貸付けによる所得です。必要経費、減価償却、事業的規模、譲渡所得との違いを確認します。。 詳しくは、肢では「不動産所得は、土地・建物の貸付けによる所得です。必要経費、減価償却、事業的規模、譲渡所得との違いを確認します。」のいずれかが正誤の分かれ目になりやすいです。特に課税主体・申告期限・税率・控除の要件の混同。計算問題では算式の順序を誤りやすい。
減価償却,げんかしょうきゃく,税・その他,税・その他,建物などの取得費を期間配分する会計・税務処理,建物などの取得費を期間配分する会計・税務処理。,,,A,"建物などの取得費を期間配分する会計・税務処理。税・その他は課税主体・申告期限・税率・控除要件と計算手順がセットで出題されます。

肢では「特に課税主体・申告期限・税率・控除の要件の混同／特に課税主体・申告期限・税率・控除の要件の混同／特に課税主体・申告期限・税率・控除の要件の混同」のいずれかが正誤の分かれ目になりやすいです。

特に課税主体・申告期限・税率・控除の要件の混同。計算問題では算式の順序を誤りやすい。",減価償却とは,建物などの取得費を期間配分する会計・税務処理,"建物などの取得費を期間配分する会計・税務処理。

建物などの取得費を期間配分する会計・税務処理。税・その他は課税主体・申告期限・税率・控除要件と計算手順がセットで出題されます。

税・その他は計算問題と統計・関連法令の知識問題が混在します。用語の定義に加え、誰が納税義務者か・いつ申告するかまで確認してください。",特に課税主体・申告期限・税率・控除の要件の混同;特に課税主体・申告期限・税率・控除の要件の混同;特に課税主体・申告期限・税率・控除の要件の混同,課税主体・申告期限・税率・控除の要件の混同。計算問題では算式の順序を誤りやすい。,「減価償却は、建物など長期間使う資産の取得費を耐用」を起点に、減価償却の表を作って関連用語と並べる。,（2018年 第8問）以下の1から4までの記述のうち、民法の規定及び下記判決文によれば、誤っているものを選びなさい。 (判決文) 賃借人は、賃貸借契約が終了した場合には、賃借物件を原状に回復して賃貸人に返還する義務がある…,正答は選択肢1です。用語「減価償却」が問われた過去問のため、解説と条文の対応を確認してください。,減価償却とは何ですか？,減価償却（げんかしょうきゃく）とは、建物などの取得費を期間配分する会計・税務処理。減価償却は、建物など長期間使う資産の取得費を耐用年数に応じて費用化する処理です。不動産所得や譲渡所得の取得費計算で問われます。,減価償却は試験でどう押さえればよいですか？,まず減価償却は、建物など長期間使う資産の取得費を耐用年数に応じて費用化する処理です。不動産所得や譲渡所得の取得費計算で問われます。。 詳しくは、肢では「減価償却は、建物など長期間使う資産の取得費を耐用年数に応じて費用化する処理です。不動産所得や譲渡所得の取得費計算で問われます。」のいずれかが正誤の分かれ目になりやすいです。特に課税主体・申告期限・税率・控除の要件の混同。計算問題では算式の順序を誤りやすい。
取得費,しゅとくひ,税・その他,税・その他,譲渡所得計算で控除する取得に要した費用,譲渡所得計算で控除する取得に要した費用。,,,A,"譲渡所得計算で控除する取得に要した費用。税・その他は課税主体・申告期限・税率・控除要件と計算手順がセットで出題されます。

肢では「取得費は、譲渡所得の計算で譲渡価額から控除する費用です／特に課税主体・申告期限・税率・控除の要件の混同」のいずれかが正誤の分かれ目になりやすいです。

特に課税主体・申告期限・税率・控除の要件の混同。計算問題では算式の順序を誤りやすい。",取得費とは,譲渡所得計算で控除する取得に要した費用,"譲渡所得計算で控除する取得に要した費用。

譲渡所得計算で控除する取得に要した費用。税・その他は課税主体・申告期限・税率・控除要件と計算手順がセットで出題されます。

税・その他は計算問題と統計・関連法令の知識問題が混在します。用語の定義に加え、誰が納税義務者か・いつ申告するかまで確認してください。",取得費は、譲渡所得の計算で譲渡価額から控除する費用です;特に課税主体・申告期限・税率・控除の要件の混同,課税主体・申告期限・税率・控除の要件の混同。計算問題では算式の順序を誤りやすい。,「取得費は、譲渡所得の計算で譲渡価額から控除する費」を起点に、取得費の表を作って関連用語と並べる。,（2022年 第23問）所得税における譲渡所得に関する次の記述のうち、正しいものはどれか。,正答は選択肢3です。用語「取得費」が問われた過去問のため、解説と条文の対応を確認してください。,取得費とは何ですか？,取得費（しゅとくひ）とは、譲渡所得計算で控除する取得に要した費用。取得費は、譲渡所得の計算で譲渡価額から控除する費用です。購入代金、取得時の手数料、概算取得費、建物の減価償却を整理します。,取得費は試験でどう押さえればよいですか？,まず取得費は、譲渡所得の計算で譲渡価額から控除する費用です。購入代金、取得時の手数料、概算取得費、建物の減価償却を整理します。。 詳しくは、肢では「取得費は、譲渡所得の計算で譲渡価額から控除する費用です。購入代金、取得時の手数料、概算取得費、建物の減価償却を整理します。」のいずれかが正誤の分かれ目になりやすいです。特に課税主体・申告期限・税率・控除の要件の混同。計算問題では算式の順序を誤りやすい。
譲渡費用,じょうとひよう,税・その他,税・その他,資産を売るために直接かかった費用,資産を売るために直接かかった費用。,,,A,"資産を売るために直接かかった費用。税・その他は課税主体・申告期限・税率・控除要件と計算手順がセットで出題されます。

肢では「特に課税主体・申告期限・税率・控除の要件の混同／特に課税主体・申告期限・税率・控除の要件の混同／特に課税主体・申告期限・税率・控除の要件の混同」のいずれかが正誤の分かれ目になりやすいです。

特に課税主体・申告期限・税率・控除の要件の混同。計算問題では算式の順序を誤りやすい。",譲渡費用とは,資産を売るために直接かかった費用,"資産を売るために直接かかった費用。

資産を売るために直接かかった費用。税・その他は課税主体・申告期限・税率・控除要件と計算手順がセットで出題されます。

税・その他は計算問題と統計・関連法令の知識問題が混在します。用語の定義に加え、誰が納税義務者か・いつ申告するかまで確認してください。",特に課税主体・申告期限・税率・控除の要件の混同;特に課税主体・申告期限・税率・控除の要件の混同;特に課税主体・申告期限・税率・控除の要件の混同,課税主体・申告期限・税率・控除の要件の混同。計算問題では算式の順序を誤りやすい。,「譲渡費用は、不動産を売却するために直接要した仲介」を起点に、譲渡費用の表を作って関連用語と並べる。,【学習確認】譲渡費用について、次のうち試験で押さえるべき説明として適切なものはどれか。,要点は「肢では「譲渡費用は、不動産を売却するために直接要した仲介手数料、測量費、契約書印紙代などです」です。税・その他分野の関連用語・過去問演習ページで、条文番号と数値をセットで復習してください。,譲渡費用とは何ですか？,譲渡費用（じょうとひよう）とは、資産を売るために直接かかった費用。譲渡費用は、不動産を売却するために直接要した仲介手数料、測量費、契約書印紙代などです。維持管理費や固定資産税との区別が問われます。,譲渡費用は試験でどう押さえればよいですか？,まず譲渡費用は、不動産を売却するために直接要した仲介手数料、測量費、契約書印紙代などです。維持管理費や固定資産税との区別が問われます。。 詳しくは、肢では「譲渡費用は、不動産を売却するために直接要した仲介手数料、測量費、契約書印紙代などです。維持管理費や固定資産税との区別が問われます。」のいずれかが正誤の分かれ目になりやすいです。特に課税主体・申告期限・税率・控除の要件の混同。計算問題では算式の順序を誤りやすい。
概算取得費,がいさんしゅとくひ,税・その他,税・その他,取得費不明時に譲渡価額の一定割合を取得費とする扱い,取得費不明時に譲渡価額の一定割合を取得費とする扱い。,,,A,"取得費不明時に譲渡価額の一定割合を取得費とする扱い。税・その他は課税主体・申告期限・税率・控除要件と計算手順がセットで出題されます。

肢では「特に課税主体・申告期限・税率・控除の要件の混同／特に課税主体・申告期限・税率・控除の要件の混同／特に課税主体・申告期限・税率・控除の要件の混同」のいずれかが正誤の分かれ目になりやすいです。

特に課税主体・申告期限・税率・控除の要件の混同。計算問題では算式の順序を誤りやすい。",概算取得費とは,取得費不明時に譲渡価額の一定割合を取得費とする扱い,"取得費不明時に譲渡価額の一定割合を取得費とする扱い。

取得費不明時に譲渡価額の一定割合を取得費とする扱い。税・その他は課税主体・申告期限・税率・控除要件と計算手順がセットで出題されます。

税・その他は計算問題と統計・関連法令の知識問題が混在します。用語の定義に加え、誰が納税義務者か・いつ申告するかまで確認してください。",特に課税主体・申告期限・税率・控除の要件の混同;特に課税主体・申告期限・税率・控除の要件の混同;特に課税主体・申告期限・税率・控除の要件の混同,課税主体・申告期限・税率・控除の要件の混同。計算問題では算式の順序を誤りやすい。,「概算取得費は、実際の取得費が不明な場合に譲渡価額」を起点に、概算取得費の表を作って関連用語と並べる。,【学習確認】概算取得費について、次のうち試験で押さえるべき説明として適切なものはどれか。,要点は「肢では「概算取得費は、実際の取得費が不明な場合に譲渡価額の5%を取得費とする扱いです」です。税・その他分野の関連用語・過去問演習ページで、条文番号と数値をセットで復習してください。,概算取得費とは何ですか？,概算取得費（がいさんしゅとくひ）とは、取得費不明時に譲渡価額の一定割合を取得費とする扱い。概算取得費は、実際の取得費が不明な場合に譲渡価額の5%を取得費とする扱いです。実額取得費との選択、古い不動産の売却で頻出です。,概算取得費は試験でどう押さえればよいですか？,まず概算取得費は、実際の取得費が不明な場合に譲渡価額の5%を取得費とする扱いです。実額取得費との選択、古い不動産の売却で頻出です。。 詳しくは、肢では「概算取得費は、実際の取得費が不明な場合に譲渡価額の5%を取得費とする扱いです。実額取得費との選択、古い不動産の売却で頻出です。」のいずれかが正誤の分かれ目になりやすいです。特に課税主体・申告期限・税率・控除の要件の混同。計算問題では算式の順序を誤りやすい。
長期譲渡所得・短期譲渡所得,ちょうきじょうとしょとく・たんきじょうとしょとく,税・その他,税・その他,所有期間により税率が異なる譲渡所得の区分,所有期間により税率が異なる譲渡所得の区分。,,,A,"所有期間により税率が異なる譲渡所得の区分。税・その他は課税主体・申告期限・税率・控除要件と計算手順がセットで出題されます。

肢では「特に課税主体・申告期限・税率・控除の要件の混同／特に課税主体・申告期限・税率・控除の要件の混同／特に課税主体・申告期限・税率・控除の要件の混同」のいずれかが正誤の分かれ目になりやすいです。

特に課税主体・申告期限・税率・控除の要件の混同。計算問題では算式の順序を誤りやすい。",長期譲渡所得・短期譲渡所得とは,所有期間により税率が異なる譲渡所得の区分,"所有期間により税率が異なる譲渡所得の区分。

所有期間により税率が異なる譲渡所得の区分。税・その他は課税主体・申告期限・税率・控除要件と計算手順がセットで出題されます。

税・その他は計算問題と統計・関連法令の知識問題が混在します。用語の定義に加え、誰が納税義務者か・いつ申告するかまで確認してください。",特に課税主体・申告期限・税率・控除の要件の混同;特に課税主体・申告期限・税率・控除の要件の混同;特に課税主体・申告期限・税率・控除の要件の混同,課税主体・申告期限・税率・控除の要件の混同。計算問題では算式の順序を誤りやすい。,「長期譲渡所得・短期譲渡所得は、譲渡年の1月1日時」を起点に、長期譲渡所得・短期譲渡所得の表を作って関連用語と並べる。,（2025年 第43問）譲渡所得に関する次の記述のうち、正しいものはどれか。,正答は選択肢1です。用語「長期譲渡所得・短期譲渡所得」が問われた過去問のため、解説と条文の対応を確認してください。,長期譲渡所得・短期譲渡所得とは何ですか？,長期譲渡所得・短期譲渡所得（ちょうきじょうとしょとく・たんきじょうとしょとく）とは、所有期間により税率が異なる譲渡所得の区分。長期譲渡所得・短期譲渡所得は、譲渡年の1月1日時点の所有期間で判定します。5年超か5年以下か、税率差、取得日・譲渡日の読み取りが重要です。,長期譲渡所得・短期譲渡所得は試験でどう押さえればよいですか？,まず長期譲渡所得・短期譲渡所得は、譲渡年の1月1日時点の所有期間で判定します。5年超か5年以下か、税率差、取得日・譲渡日の読み取りが重要です。。 詳しくは、肢では「長期譲渡所得・短期譲渡所得は、譲渡年の1月1日時点の所有期間で判定します。5年超か5年以下か、税率差、取得日・譲渡日の読み取りが重要です。」のいずれかが正誤の分かれ目になりやすいです。特に課税主体・申告期限・税率・控除の要件の混同。計算問題では算式の順序を誤りやすい。
"居住用財産の3,000万円特別控除",きょじゅうようざいさんのさんぜんまんえんとくべつこうじょ,税・その他,税・その他,マイホーム売却時に譲渡所得から控除できる特例,マイホーム売却時に譲渡所得から控除できる特例。,,,A,居住用財産の譲渡所得から3000万円を控除できる特例。適用回数・同居親族の貸付・譲渡の範囲が肢になります。肢では「譲渡所得から3000万円控除／居住用財産の要件／一生に一度の適用回数／貸付・共有持分の扱い」のいずれかが正誤の分かれ目になりやすいです。,"居住用財産の3,000万円特別控除とは",マイホーム売却時に譲渡所得から控除できる特例,マイホーム売却時に譲渡所得から控除できる特例。居住用財産の譲渡所得から3000万円を控除できる特例。適用回数・同居親族の貸付・譲渡の範囲が肢になります。税・その他は計算問題と統計・関連法令の知識問題が混在します。用語の定義に加え、誰が納税義務者か・いつ申告するかまで確認してください。,譲渡所得から3000万円控除;居住用財産の要件;一生に一度の適用回数;貸付・共有持分の扱い,,"「居住用財産の3,000万円特別控除は、一定のマイ」を起点に、居住用財産の3,000万円特別控除の表を作って関連用語と並べる。",（2022年 第23問）所得税における譲渡所得に関する次の記述のうち、正しいものはどれか。,"正答は選択肢3です。用語「居住用財産の3,000万円特別控除」が問われた過去問のため、解説と条文の対応を確認してください。","居住用財産の3,000万円特別控除とは何ですか？","居住用財産の3,000万円特別控除（きょじゅうようざいさんのさんぜんまんえんとくべつこうじょ）とは、マイホーム売却時に譲渡所得から控除できる特例。居住用財産の3,000万円特別控除は、一定のマイホーム売却時に譲渡所得から最高3,000万円を控除する特例です。適用除外、親族間譲渡、他特例との選択関係を確認します。","居住用財産の3,000万円特別控除は試験でどう押さえればよいですか？","まず居住用財産の3,000万円特別控除は、一定のマイホーム売却時に譲渡所得から最高3,000万円を控除する特例です。適用除外、親族間譲渡、他特例との選択関係を確認します。。 詳しくは、肢では「居住用財産の3,000万円特別控除は、一定のマイホーム売却時に譲渡所得から最高3,000万円を控除する特例です。適用除外、親族間譲渡、他特例との選択関係を確認します。」のいずれかが正誤の分かれ目になりやすいです。特に課税主体・申告期限・税率・控除の要件の混同。計算問題では算式の順序を誤りやすい。"
所有期間10年超の軽減税率,しょゆうきかんじゅうねんちょうのけいげんぜいりつ,税・その他,税・その他,長期所有の居住用財産譲渡に使える軽減税率,長期所有の居住用財産譲渡に使える軽減税率。,,,A,"長期所有の居住用財産譲渡に使える軽減税率。税・その他は課税主体・申告期限・税率・控除要件と計算手順がセットで出題されます。

肢では「特に課税主体・申告期限・税率・控除の要件の混同／特に課税主体・申告期限・税率・控除の要件の混同／特に課税主体・申告期限・税率・控除の要件の混同」のいずれかが正誤の分かれ目になりやすいです。

特に課税主体・申告期限・税率・控除の要件の混同。計算問題では算式の順序を誤りやすい。",所有期間10年超の軽減税率とは,長期所有の居住用財産譲渡に使える軽減税率,"長期所有の居住用財産譲渡に使える軽減税率。

長期所有の居住用財産譲渡に使える軽減税率。税・その他は課税主体・申告期限・税率・控除要件と計算手順がセットで出題されます。

税・その他は計算問題と統計・関連法令の知識問題が混在します。用語の定義に加え、誰が納税義務者か・いつ申告するかまで確認してください。",特に課税主体・申告期限・税率・控除の要件の混同;特に課税主体・申告期限・税率・控除の要件の混同;特に課税主体・申告期限・税率・控除の要件の混同,課税主体・申告期限・税率・控除の要件の混同。計算問題では算式の順序を誤りやすい。,「所有期間10年超の軽減税率は、一定の居住用財産を」を起点に、所有期間10年超の軽減税率の表を作って関連用語と並べる。,【学習確認】所有期間10年超の軽減税率について、次のうち試験で押さえるべき説明として適切なものはどれか。,要点は「肢では「所有期間10年超の軽減税率は、一定の居住用財産を長期所有後に譲渡した場合の税率軽減です」です。税・その他分野の関連用語・過去問演習ページで、条文番号と数値をセットで復習してください。,所有期間10年超の軽減税率とは何ですか？,"所有期間10年超の軽減税率（しょゆうきかんじゅうねんちょうのけいげんぜいりつ）とは、長期所有の居住用財産譲渡に使える軽減税率。所有期間10年超の軽減税率は、一定の居住用財産を長期所有後に譲渡した場合の税率軽減です。3,000万円特別控除との併用可否や所有期間判定を押さえます。",所有期間10年超の軽減税率は試験でどう押さえればよいですか？,"まず所有期間10年超の軽減税率は、一定の居住用財産を長期所有後に譲渡した場合の税率軽減です。3,000万円特別控除との併用可否や所有期間判定を押さえます。。 詳しくは、肢では「所有期間10年超の軽減税率は、一定の居住用財産を長期所有後に譲渡した場合の税率軽減です。3,000万円特別控除との併用可否や所有期間判定を押さえます。」のいずれかが正誤の分かれ目になりやすいです。特に課税主体・申告期限・税率・控除の要件の混同。計算問題では算式の順序を誤りやすい。"
相続税の基礎控除,そうぞくぜいのきそこうじょ,税・その他,税・その他,相続税計算で遺産総額から差し引く控除,相続税計算で遺産総額から差し引く控除。,,,A,"相続税計算で遺産総額から差し引く控除。税・その他は課税主体・申告期限・税率・控除要件と計算手順がセットで出題されます。

肢では「特に課税主体・申告期限・税率・控除の要件の混同／特に課税主体・申告期限・税率・控除の要件の混同／特に課税主体・申告期限・税率・控除の要件の混同」のいずれかが正誤の分かれ目になりやすいです。

特に課税主体・申告期限・税率・控除の要件の混同。計算問題では算式の順序を誤りやすい。",相続税の基礎控除とは,相続税計算で遺産総額から差し引く控除,"相続税計算で遺産総額から差し引く控除。

相続税計算で遺産総額から差し引く控除。税・その他は課税主体・申告期限・税率・控除要件と計算手順がセットで出題されます。

税・その他は計算問題と統計・関連法令の知識問題が混在します。用語の定義に加え、誰が納税義務者か・いつ申告するかまで確認してください。",特に課税主体・申告期限・税率・控除の要件の混同;特に課税主体・申告期限・税率・控除の要件の混同;特に課税主体・申告期限・税率・控除の要件の混同,課税主体・申告期限・税率・控除の要件の混同。計算問題では算式の順序を誤りやすい。,"「相続税の基礎控除は、3,000万円＋600万円×」を起点に、相続税の基礎控除の表を作って関連用語と並べる。",【学習確認】相続税の基礎控除について、次のうち試験で押さえるべき説明として適切なものはどれか。,"要点は「肢では「相続税の基礎控除は、3,000万円＋600万円×法定相続人の数で計算します」です。税・その他分野の関連用語・過去問演習ページで、条文番号と数値をセットで復習してください。",相続税の基礎控除とは何ですか？,"相続税の基礎控除（そうぞくぜいのきそこうじょ）とは、相続税計算で遺産総額から差し引く控除。相続税の基礎控除は、3,000万円＋600万円×法定相続人の数で計算します。法定相続人の数、相続放棄、養子の扱いが問われます。",相続税の基礎控除は試験でどう押さえればよいですか？,"まず相続税の基礎控除は、3,000万円＋600万円×法定相続人の数で計算します。法定相続人の数、相続放棄、養子の扱いが問われます。。 詳しくは、肢では「相続税の基礎控除は、3,000万円＋600万円×法定相続人の数で計算します。法定相続人の数、相続放棄、養子の扱いが問われます。」のいずれかが正誤の分かれ目になりやすいです。特に課税主体・申告期限・税率・控除の要件の混同。計算問題では算式の順序を誤りやすい。"
小規模宅地等の特例,しょうきぼたくちとうのとくれい,税・その他,税・その他,相続税評価額を大きく減額できる宅地特例,相続税評価額を大きく減額できる宅地特例。,,,A,相続税・贈与税で宅地等の評価を大幅に減額する特例。適用要件（居住・事業利用・面積限度）と区分（特定・特定同族等）が計算問題の核です。肢では「相続・贈与税の評価減／適用区分と面積限度／居住・事業利用の要件／評価額の計算手順」のいずれかが正誤の分かれ目になりやすいです。,小規模宅地等の特例とは,相続税評価額を大きく減額できる宅地特例,相続税評価額を大きく減額できる宅地特例。相続税・贈与税で宅地等の評価を大幅に減額する特例。適用要件（居住・事業利用・面積限度）と区分（特定・特定同族等）が計算問題の核です。税・その他は計算問題と統計・関連法令の知識問題が混在します。用語の定義に加え、誰が納税義務者か・いつ申告するかまで確認してください。,相続・贈与税の評価減;適用区分と面積限度;居住・事業利用の要件;評価額の計算手順,,「小規模宅地等の特例は、居住用・事業用・貸付事業用」を起点に、小規模宅地等の特例の表を作って関連用語と並べる。,【学習確認】小規模宅地等の特例について、次のうち試験で押さえるべき説明として適切なものはどれか。,要点は「肢では「小規模宅地等の特例は、居住用・事業用・貸付事業用の宅地について相続税評価額を減額する制度です」です。税・その他分野の関連用語・過去問演習ページで、条文番号と数値をセットで復習してください。,小規模宅地等の特例とは何ですか？,小規模宅地等の特例（しょうきぼたくちとうのとくれい）とは、相続税評価額を大きく減額できる宅地特例。小規模宅地等の特例は、居住用・事業用・貸付事業用の宅地について相続税評価額を減額する制度です。用途区分、限度面積、同居親族要件を整理します。,小規模宅地等の特例は試験でどう押さえればよいですか？,まず小規模宅地等の特例は、居住用・事業用・貸付事業用の宅地について相続税評価額を減額する制度です。用途区分、限度面積、同居親族要件を整理します。。 詳しくは、肢では「小規模宅地等の特例は、居住用・事業用・貸付事業用の宅地について相続税評価額を減額する制度です。用途区分、限度面積、同居親族要件を整理します。」のいずれかが正誤の分かれ目になりやすいです。特に課税主体・申告期限・税率・控除の要件の混同。計算問題では算式の順序を誤りやすい。
暦年課税,れきねんかぜい,税・その他,税・その他,1年間の贈与額を基に贈与税を計算する方式,1年間の贈与額を基に贈与税を計算する方式。,,,A,"1年間の贈与額を基に贈与税を計算する方式。税・その他は課税主体・申告期限・税率・控除要件と計算手順がセットで出題されます。

肢では「暦年課税は、1月1日から12月31日までの贈与額を基に贈与税を計算する方式です／特に課税主体・申告期限・税率・控除の要件の混同」のいずれかが正誤の分かれ目になりやすいです。

特に課税主体・申告期限・税率・控除の要件の混同。計算問題では算式の順序を誤りやすい。",暦年課税とは,1年間の贈与額を基に贈与税を計算する方式,"1年間の贈与額を基に贈与税を計算する方式。

1年間の贈与額を基に贈与税を計算する方式。税・その他は課税主体・申告期限・税率・控除要件と計算手順がセットで出題されます。

税・その他は計算問題と統計・関連法令の知識問題が混在します。用語の定義に加え、誰が納税義務者か・いつ申告するかまで確認してください。",暦年課税は、1月1日から12月31日までの贈与額を基に贈与税を計算する方式です;特に課税主体・申告期限・税率・控除の要件の混同,課税主体・申告期限・税率・控除の要件の混同。計算問題では算式の順序を誤りやすい。,「暦年課税は、1月1日から12月31日までの贈与額」を起点に、暦年課税の表を作って関連用語と並べる。,（2020年 第24問）贈与税に関する次の記述のうち、正しいものはどれか。,正答は選択肢1です。用語「暦年課税」が問われた過去問のため、解説と条文の対応を確認してください。,暦年課税とは何ですか？,暦年課税（れきねんかぜい）とは、1年間の贈与額を基に贈与税を計算する方式。暦年課税は、1月1日から12月31日までの贈与額を基に贈与税を計算する方式です。基礎控除、相続時精算課税との違いを整理します。,暦年課税は試験でどう押さえればよいですか？,まず暦年課税は、1月1日から12月31日までの贈与額を基に贈与税を計算する方式です。基礎控除、相続時精算課税との違いを整理します。。 詳しくは、肢では「暦年課税は、1月1日から12月31日までの贈与額を基に贈与税を計算する方式です。基礎控除、相続時精算課税との違いを整理します。」のいずれかが正誤の分かれ目になりやすいです。特に課税主体・申告期限・税率・控除の要件の混同。計算問題では算式の順序を誤りやすい。
相続時精算課税,そうぞくじせいさんかぜい,税・その他,税・その他,贈与時に課税を精算し相続時にまとめて調整する制度,贈与時に課税を精算し相続時にまとめて調整する制度。,,,A,"贈与時に課税を精算し相続時にまとめて調整する制度。税・その他は課税主体・申告期限・税率・控除要件と計算手順がセットで出題されます。

肢では「特に課税主体・申告期限・税率・控除の要件の混同／特に課税主体・申告期限・税率・控除の要件の混同／特に課税主体・申告期限・税率・控除の要件の混同」のいずれかが正誤の分かれ目になりやすいです。

特に課税主体・申告期限・税率・控除の要件の混同。計算問題では算式の順序を誤りやすい。",相続時精算課税とは,贈与時に課税を精算し相続時にまとめて調整する制度,"贈与時に課税を精算し相続時にまとめて調整する制度。

贈与時に課税を精算し相続時にまとめて調整する制度。税・その他は課税主体・申告期限・税率・控除要件と計算手順がセットで出題されます。

税・その他は計算問題と統計・関連法令の知識問題が混在します。用語の定義に加え、誰が納税義務者か・いつ申告するかまで確認してください。",特に課税主体・申告期限・税率・控除の要件の混同;特に課税主体・申告期限・税率・控除の要件の混同;特に課税主体・申告期限・税率・控除の要件の混同,課税主体・申告期限・税率・控除の要件の混同。計算問題では算式の順序を誤りやすい。,「相続時精算課税は、一定の贈与について贈与時に申告」を起点に、相続時精算課税の表を作って関連用語と並べる。,（2020年 第24問）贈与税に関する次の記述のうち、正しいものはどれか。,正答は選択肢1です。用語「相続時精算課税」が問われた過去問のため、解説と条文の対応を確認してください。,相続時精算課税とは何ですか？,相続時精算課税（そうぞくじせいさんかぜい）とは、贈与時に課税を精算し相続時にまとめて調整する制度。相続時精算課税は、一定の贈与について贈与時に申告し、相続時に贈与財産を加算して精算する制度です。暦年課税との選択と年齢要件を確認します。,相続時精算課税は試験でどう押さえればよいですか？,まず相続時精算課税は、一定の贈与について贈与時に申告し、相続時に贈与財産を加算して精算する制度です。暦年課税との選択と年齢要件を確認します。。 詳しくは、肢では「相続時精算課税は、一定の贈与について贈与時に申告し、相続時に贈与財産を加算して精算する制度です。暦年課税との選択と年齢要件を確認します。」のいずれかが正誤の分かれ目になりやすいです。特に課税主体・申告期限・税率・控除の要件の混同。計算問題では算式の順序を誤りやすい。
宅建の勉強時間,たっけんのべんきょうじかん,試験対策,試験対策,初学者から合格者までの目安学習時間と学習法,初学者から合格者までの目安学習時間と学習法。,,,A,初学者は400時間前後、法律基礎がある人は200〜300時間が目安です。4分野の配分（権利関係・宅建業法・法令制限・税）と過去問演習の開始時期を計画に組み込みます。肢では「目安は200〜400時間／初学者は400時間前後／分野別の配分を決める／過去問はインプット後半から」のいずれかが正誤の分かれ目になりやすいです。特に公式の出題比率・合格点と学習時間の目安を混同する。,宅建の勉強時間とは,初学者から合格者までの目安学習時間と学習法,初学者から合格者までの目安学習時間と学習法。初学者は400時間前後、法律基礎がある人は200〜300時間が目安です。4分野の配分（権利関係・宅建業法・法令制限・税）と過去問演習の開始時期を計画に組み込みます。,目安は200〜400時間;初学者は400時間前後;分野別の配分を決める;過去問はインプット後半から,公式の出題比率・合格点と学習時間の目安を混同する。,「宅建試験に合格するための勉強時間は、一般的に20」を起点に、宅建の勉強時間の表を作って関連用語と並べる。,【学習確認】宅建の勉強時間について、次のうち試験で押さえるべき説明として適切なものはどれか。,要点は「肢では「宅建試験に合格するための勉強時間は、一般的に200〜400時間といわれています」です。試験対策分野の関連用語・過去問演習ページで、条文番号と数値をセットで復習してください。,宅建の勉強時間とは何ですか？,宅建の勉強時間（たっけんのべんきょうじかん）とは、初学者から合格者までの目安学習時間と学習法。宅建試験に合格するための勉強時間は、一般的に200〜400時間といわれています。法律初学者は400時間前後、民法・商法の基礎がある人は200〜300時間が目安です。分野配分と過去問演習のタイミングを押さえましょう。,宅建の勉強時間は試験でどう押さえればよいですか？,まず宅建試験に合格するための勉強時間は、一般的に200〜400時間といわれています。法律初学者は400時間前後、民法・商法の基礎がある人は200〜300時間が目安です。分野配分と過去問演習のタイミングを押さえましょう。。 詳しくは、肢では「宅建試験に合格するための勉強時間は、一般的に200〜400時間といわれています。法律初学者は400時間前後、民法・商法の基礎がある人は200〜300時間が目安です。分野配分と過去問演習のタイミングを押さえましょう。」のいずれかが正誤の分かれ目になりやすいです。特に出題比率や学習時間の目安を暗記数字と混同する。最新の試験要綱・公式情報で確認する。
賃料増減額請求（借地・借家）,ちんりょうぞうげんがくせいきゅう,権利関係,権利関係,経済事情の変動等を理由とした賃料の増減請求,経済事情の変動等を理由とした賃料の増減請求。,,,A,地代・家賃の増減を請求できる制度（借地11条・借家32条）。要件事由・裁判所への請求・借地借家法の保護とのバランスが問われます。肢では「借地11条・借家32条／要件事由（経済情勢の変動等）／裁判所への請求／借地借家法の保護規定との関係」のいずれかが正誤の分かれ目になりやすいです。特に賃料増減請求と更新拒絶の正当事由を混同する。,賃料増減額請求（借地・借家）とは,経済事情の変動等を理由とした賃料の増減請求,経済事情の変動等を理由とした賃料の増減請求。地代・家賃の増減を請求できる制度（借地11条・借家32条）。要件事由・裁判所への請求・借地借家法の保護とのバランスが問われます。権利関係では「誰に・どのような効果が及ぶか」「期間や要件の有無」を問う肢が多く、単語の意味だけでなく効力の発生・消滅のタイミングまでセットで押さえてください。,借地11条・借家32条;要件事由（経済情勢の変動等）;裁判所への請求;借地借家法の保護規定との関係,賃料増減請求と更新拒絶の正当事由を混同する。,「賃料増減額請求は、経済事情の変動・租税公課の増減」を起点に、賃料増減額請求（借地・借家）の表を作って関連用語と並べる。,【学習確認】賃料増減額請求（借地・借家）について、次のうち試験で押さえるべき説明として適切なものはどれか。,要点は「肢では「賃料増減額請求は、経済事情の変動・租税公課の増減等を理由に賃料の増額または減額を請求する制度です」です。権利関係分野の関連用語・過去問演習ページで、条文番号と数値をセットで復習してください。,賃料増減額請求（借地・借家）とは何ですか？,賃料増減額請求（借地・借家）（ちんりょうぞうげんがくせいきゅう）とは、経済事情の変動等を理由とした賃料の増減請求。賃料増減額請求は、経済事情の変動・租税公課の増減等を理由に賃料の増額または減額を請求する制度です。借地法16条・借家法32条の要件、借地の10年経過要件、近隣比較賃料との関係が試験頻出です。,賃料増減額請求（借地・借家）は試験でどう押さえればよいですか？,まず賃料増減額請求は、経済事情の変動・租税公課の増減等を理由に賃料の増額または減額を請求する制度です。借地法16条・借家法32条の要件、借地の10年経過要件、近隣比較賃料との関係が試験頻出です。。 詳しくは、肢では「賃料増減額請求は、経済事情の変動・租税公課の増減等を理由に賃料の増額または減額を請求する制度です。借地法16条・借家法32条の要件、借地の10年経過要件、近隣比較賃料との関係が試験頻出です。」のいずれかが正誤の分かれ目になりやすいです。特に類似制度（期間・要件・効力）の取り違え。数字と条文番号をセットで暗記する。
宅建の直前対策,たっけんちょくぜんたいさく,試験対策,試験対策,試験1週間前にやるべき絞り込みと復習,試験1週間前にやるべき絞り込みと復習。,,,A,試験1週間前は新規インプットより復習・弱点補強が最優先。頻出数字の確認、過去問の見直し、体調・持ち物の準備まで含めて整理します。肢では「新規インプットより復習優先／頻出数字・条文番号の最終確認／過去問の誤答ノートを見直す／当日の持ち物・時間配分」のいずれかが正誤の分かれ目になりやすいです。特に直前期に範囲を広げすぎて焦る。統計問題を完全に捨てる。,宅建の直前対策とは,試験1週間前にやるべき絞り込みと復習,試験1週間前にやるべき絞り込みと復習。試験1週間前は新規インプットより復習・弱点補強が最優先。頻出数字の確認、過去問の見直し、体調・持ち物の準備まで含めて整理します。,新規インプットより復習優先;頻出数字・条文番号の最終確認;過去問の誤答ノートを見直す;当日の持ち物・時間配分,直前期に範囲を広げすぎて焦る。統計問題を完全に捨てる。,「宅建試験まで1週間を切ったら、新しいインプットよ」を起点に、宅建の直前対策の表を作って関連用語と並べる。,【学習確認】宅建の直前対策について、次のうち試験で押さえるべき説明として適切なものはどれか。,要点は「肢では「宅建試験まで1週間を切ったら、新しいインプットより復習と弱点補強が最優先です」です。試験対策分野の関連用語・過去問演習ページで、条文番号と数値をセットで復習してください。,宅建の直前対策とは何ですか？,宅建の直前対策（たっけんちょくぜんたいさく）とは、試験1週間前にやるべき絞り込みと復習。宅建試験まで1週間を切ったら、新しいインプットより復習と弱点補強が最優先です。過去問の見直し、頻出数字の確認、体調管理と当日の持ち物確認まで整理します。,宅建の直前対策は試験でどう押さえればよいですか？,まず宅建試験まで1週間を切ったら、新しいインプットより復習と弱点補強が最優先です。過去問の見直し、頻出数字の確認、体調管理と当日の持ち物確認まで整理します。。 詳しくは、肢では「宅建試験まで1週間を切ったら、新しいインプットより復習と弱点補強が最優先です。過去問の見直し、頻出数字の確認、体調管理と当日の持ち物確認まで整理します。」のいずれかが正誤の分かれ目になりやすいです。特に出題比率や学習時間の目安を暗記数字と混同する。最新の試験要綱・公式情報で確認する。
5問免除制度,ごもんめんじょせいど,試験対策,試験対策,登録講習修了者が問46〜50を免除される制度,登録講習修了者が問46〜50を免除される制度。,,,A,宅建業に従事する者が登録講習を修了すると、問46〜50（統計・法令改正等）が免除されます。対象者・講習内容・申請手続きと試験当日のマークシート記入に注意が必要です。肢では「登録講習修了で問46〜50免除／宅建業従事者が対象／統計・法令改正等が対象分野／申請・当日手続の確認」のいずれかが正誤の分かれ目になりやすいです。特に全受験者が5問免除できると誤る。免除分野を問1〜45と混同する。,5問免除制度とは,登録講習修了者が問46〜50を免除される制度,登録講習修了者が問46〜50を免除される制度。宅建業に従事する者が登録講習を修了すると、問46〜50（統計・法令改正等）が免除されます。対象者・講習内容・申請手続きと試験当日のマークシート記入に注意が必要です。,登録講習修了で問46〜50免除;宅建業従事者が対象;統計・法令改正等が対象分野;申請・当日手続の確認,全受験者が5問免除できると誤る。免除分野を問1〜45と混同する。,「5問免除制度は、宅建業に従事する者が登録講習を修」を起点に、5問免除制度の表を作って関連用語と並べる。,【学習確認】5問免除制度について、次のうち試験で押さえるべき説明として適切なものはどれか。,要点は「肢では「5問免除制度は、宅建業に従事する者が登録講習を修了した場合、統計・法令改正等の問46〜50を免除される制度です」です。試験対策分野の関連用語・過去問演習ページで、条文番号と数値をセットで復習してください。,5問免除制度とは何ですか？,5問免除制度（ごもんめんじょせいど）とは、登録講習修了者が問46〜50を免除される制度。5問免除制度は、宅建業に従事する者が登録講習を修了した場合、統計・法令改正等の問46〜50を免除される制度です。対象者・講習内容・申請手続きと試験当日の注意点を押さえます。,5問免除制度は試験でどう押さえればよいですか？,まず5問免除制度は、宅建業に従事する者が登録講習を修了した場合、統計・法令改正等の問46〜50を免除される制度です。対象者・講習内容・申請手続きと試験当日の注意点を押さえます。。 詳しくは、肢では「5問免除制度は、宅建業に従事する者が登録講習を修了した場合、統計・法令改正等の問46〜50を免除される制度です。対象者・講習内容・申請手続きと試験当日の注意点を押さえます。」のいずれかが正誤の分かれ目になりやすいです。特に出題比率や学習時間の目安を暗記数字と混同する。最新の試験要綱・公式情報で確認する。
宅建の合格点・合格率,たっけんのごうかくてん・ごうかくりつ,試験対策,試験対策,相対評価による合格基準点と過去10年の推移,相対評価による合格基準点と過去10年の推移。,,,A,合格点は相対評価で毎年変動（近年31〜38点程度）。合格率は15〜17%前後、50問・120分の形式と分野配点の目安を押さえます。肢では「合格点は相対評価で変動／近年31〜38点程度／合格率15〜17%前後／50問・120分・マークシート」のいずれかが正誤の分かれ目になりやすいです。特に合格点を固定数字（例36点）と暗記しすぎる。絶対評価と混同する。,宅建の合格点・合格率とは,相対評価による合格基準点と過去10年の推移,相対評価による合格基準点と過去10年の推移。合格点は相対評価で毎年変動（近年31〜38点程度）。合格率は15〜17%前後、50問・120分の形式と分野配点の目安を押さえます。,合格点は相対評価で変動;近年31〜38点程度;合格率15〜17%前後;50問・120分・マークシート,合格点を固定数字（例36点）と暗記しすぎる。絶対評価と混同する。,「宅建試験の合格点は相対評価のため毎年変動し、近年」を起点に、宅建の合格点・合格率の表を作って関連用語と並べる。,【学習確認】宅建の合格点・合格率について、次のうち試験で押さえるべき説明として適切なものはどれか。,要点は「肢では「宅建試験の合格点は相対評価のため毎年変動し、近年は31〜38点程度で推移しています」です。試験対策分野の関連用語・過去問演習ページで、条文番号と数値をセットで復習してください。,宅建の合格点・合格率とは何ですか？,宅建の合格点・合格率（たっけんのごうかくてん・ごうかくりつ）とは、相対評価による合格基準点と過去10年の推移。宅建試験の合格点は相対評価のため毎年変動し、近年は31〜38点程度で推移しています。合格率は15〜17%前後、50問・2時間の形式と分野別配点の目安も整理します。,宅建の合格点・合格率は試験でどう押さえればよいですか？,まず宅建試験の合格点は相対評価のため毎年変動し、近年は31〜38点程度で推移しています。合格率は15〜17%前後、50問・2時間の形式と分野別配点の目安も整理します。。 詳しくは、肢では「宅建試験の合格点は相対評価のため毎年変動し、近年は31〜38点程度で推移しています。合格率は15〜17%前後、50問・2時間の形式と分野別配点の目安も整理します。」のいずれかが正誤の分かれ目になりやすいです。特に出題比率や学習時間の目安を暗記数字と混同する。最新の試験要綱・公式情報で確認する。
配偶者居住権,はいぐうしゃきょじゅうけん,権利関係,権利関係,2018年改正で新設された配偶者の居住を守る権利,2018年改正で新設された配偶者の居住を守る権利。,,,A,配偶者に住宅を利用する権利を付与する制度。登記・存続期間・相続・抵当権設定との関係が新傾向の論点です。肢では「配偶者に住宅利用権／登記により対抗／相続・贈与との関係／抵当権等との優劣」のいずれかが正誤の分かれ目になりやすいです。,配偶者居住権とは,2018年改正で新設された配偶者の居住を守る権利,2018年改正で新設された配偶者の居住を守る権利。配偶者に住宅を利用する権利を付与する制度。登記・存続期間・相続・抵当権設定との関係が新傾向の論点です。権利関係では「誰に・どのような効果が及ぶか」「期間や要件の有無」を問う肢が多く、単語の意味だけでなく効力の発生・消滅のタイミングまでセットで押さえてください。,配偶者に住宅利用権;登記により対抗;相続・贈与との関係;抵当権等との優劣,,「配偶者居住権は、被相続人の配偶者が相続開始後も居」を起点に、配偶者居住権の表を作って関連用語と並べる。,【学習確認】配偶者居住権について、次のうち試験で押さえるべき説明として適切なものはどれか。,要点は「肢では「配偶者居住権は、被相続人の配偶者が相続開始後も居住建物に無償で住み続けられる権利です」です。権利関係分野の関連用語・過去問演習ページで、条文番号と数値をセットで復習してください。,配偶者居住権とは何ですか？,配偶者居住権（はいぐうしゃきょじゅうけん）とは、2018年改正で新設された配偶者の居住を守る権利。配偶者居住権は、被相続人の配偶者が相続開始後も居住建物に無償で住み続けられる権利です。成立要件、登記、短期居住権・終身居住権との違いが問われます。,配偶者居住権は試験でどう押さえればよいですか？,まず配偶者居住権は、被相続人の配偶者が相続開始後も居住建物に無償で住み続けられる権利です。成立要件、登記、短期居住権・終身居住権との違いが問われます。。 詳しくは、肢では「配偶者居住権は、被相続人の配偶者が相続開始後も居住建物に無償で住み続けられる権利です。成立要件、登記、短期居住権・終身居住権との違いが問われます。」のいずれかが正誤の分かれ目になりやすいです。特に類似制度（期間・要件・効力）の取り違え。数字と条文番号をセットで暗記する。
法定更新（借地借家法）,ほうていこうしん,権利関係,権利関係,期間満了後の自動更新と更新拒絶の正当事由,期間満了後の自動更新と更新拒絶の正当事由。,,,A,"期間満了後の自動更新と更新拒絶の正当事由。権利関係では誰にどの効果が及ぶか、期間・要件の有無が問われやすいです。関連用語と条文番号を比較表にまとめてください。

肢では「法定更新は、借地借家法上、賃貸借期間満了後も一定条件で契約が更新される制度です／普通借地・借家の更新拒絶、正当事由、更新料の扱いを条文とともに整理します」のいずれかが正誤の分かれ目になりやすいです。

特に類似制度（期間・要件・効力）の取り違え。条文番号と数字をセットで暗記する。",法定更新（借地借家法）とは,期間満了後の自動更新と更新拒絶の正当事由,"期間満了後の自動更新と更新拒絶の正当事由。

期間満了後の自動更新と更新拒絶の正当事由。権利関係では誰にどの効果が及ぶか、期間・要件の有無が問われやすいです。関連用語と条文番号を比較表にまとめてください。

権利関係では「誰に・どのような効果が及ぶか」「期間や要件の有無」を問う肢が多く、単語の意味だけでなく効力の発生・消滅のタイミングまでセットで押さえてください。",法定更新は、借地借家法上、賃貸借期間満了後も一定条件で契約が更新される制度です;普通借地・借家の更新拒絶、正当事由、更新料の扱いを条文とともに整理します,類似制度（期間・要件・効力）の取り違え。条文番号と数字をセットで暗記する。,「法定更新は、借地借家法上、賃貸借期間満了後も一定」を起点に、法定更新（借地借家法）の表を作って関連用語と並べる。,（2023年 第12問）普通建物賃貸借（居住用）の更新に関する次の記述のうち、借地借家法の規定によれば正しいものはどれか。,正答は選択肢1です。用語「法定更新（借地借家法）」が問われた過去問のため、解説と条文の対応を確認してください。,法定更新（借地借家法）とは何ですか？,法定更新（借地借家法）（ほうていこうしん）とは、期間満了後の自動更新と更新拒絶の正当事由。法定更新は、借地借家法上、賃貸借期間満了後も一定条件で契約が更新される制度です。普通借地・借家の更新拒絶、正当事由、更新料の扱いを条文とともに整理します。,法定更新（借地借家法）は試験でどう押さえればよいですか？,まず法定更新は、借地借家法上、賃貸借期間満了後も一定条件で契約が更新される制度です。普通借地・借家の更新拒絶、正当事由、更新料の扱いを条文とともに整理します。。 詳しくは、肢では「法定更新は、借地借家法上、賃貸借期間満了後も一定条件で契約が更新される制度です。普通借地・借家の更新拒絶、正当事由、更新料の扱いを条文とともに整理します。」のいずれかが正誤の分かれ目になりやすいです。特に類似制度（期間・要件・効力）の取り違え。数字と条文番号をセットで暗記する。
IT重説,あいてぃーじゅうせつ,宅建業法,宅建業法,オンラインによる重要事項説明の要件と手続,オンラインによる重要事項説明の要件と手続。,,,A,"オンラインによる重要事項説明の要件と手続。宅建業法では書面交付の順序、記載事項、業者・宅建士の責任区分が頻出です。35条・37条・8条・14条を表で整理すると得点が安定します。

肢では「35条・37条・8条・14条の表で整理する／35条・37条・8条・14条の表で整理する／35条・37条・8条・14条の表で整理する」のいずれかが正誤の分かれ目になりやすいです。

特に書面の交付時期・記載事項・監督処分の段階の混同。35条・37条・8条・14条の表で整理する。",IT重説とは,オンラインによる重要事項説明の要件と手続,"オンラインによる重要事項説明の要件と手続。

オンラインによる重要事項説明の要件と手続。宅建業法では書面交付の順序、記載事項、業者・宅建士の責任区分が頻出です。35条・37条・8条・14条を表で整理すると得点が安定します。

宅建業法では書面交付の時期、記載事項、監督処分の段階など、手続の順序と義務者（業者・宅建士）の区別が問われやすいです。",35条・37条・8条・14条の表で整理する;35条・37条・8条・14条の表で整理する;35条・37条・8条・14条の表で整理する,書面の交付時期・記載事項・監督処分の段階の混同。35条・37条・8条・14条の表で整理する。,「IT重説は、重要事項説明をテレビ会議システム等で」を起点に、IT重説の表を作って関連用語と並べる。,（2024年 第19問）重要事項説明に関する次の記述のうち、正しいものはどれか。,正答は選択肢3です。用語「IT重説」が問われた過去問のため、解説と条文の対応を確認してください。,IT重説とは何ですか？,IT重説（あいてぃーじゅうせつ）とは、オンラインによる重要事項説明の要件と手続。IT重説は、重要事項説明をテレビ会議システム等で行う制度です。宅建業法35条の2、事前同意、本人確認、説明記録の保存義務など手続要件が試験頻出です。,IT重説は試験でどう押さえればよいですか？,まずIT重説は、重要事項説明をテレビ会議システム等で行う制度です。宅建業法35条の2、事前同意、本人確認、説明記録の保存義務など手続要件が試験頻出です。。 詳しくは、肢では「IT重説は、重要事項説明をテレビ会議システム等で行う制度です。宅建業法35条の2、事前同意、本人確認、説明記録の保存義務など手続要件が試験頻出です。」のいずれかが正誤の分かれ目になりやすいです。特に書面の交付時期・記載事項・監督処分の段階の混同。35条・37条・8条・14条の表で整理する。
事務所の要件,じむしょのようけん,宅建業法,宅建業法,本店・従たる事務所・案内所に課される設置基準,本店・従たる事務所・案内所に課される設置基準。,,,A,"本店・従たる事務所・案内所に課される設置基準。宅建業法では書面交付の順序、記載事項、業者・宅建士の責任区分が頻出です。35条・37条・8条・14条を表で整理すると得点が安定します。

肢では「宅建業者の事務所には、専用性、看板、帳簿備付け等の要件があります／35条・37条・8条・14条の表で整理する」のいずれかが正誤の分かれ目になりやすいです。

特に書面の交付時期・記載事項・監督処分の段階の混同。35条・37条・8条・14条の表で整理する。",事務所の要件とは,本店・従たる事務所・案内所に課される設置基準,"本店・従たる事務所・案内所に課される設置基準。

本店・従たる事務所・案内所に課される設置基準。宅建業法では書面交付の順序、記載事項、業者・宅建士の責任区分が頻出です。35条・37条・8条・14条を表で整理すると得点が安定します。

宅建業法では書面交付の時期、記載事項、監督処分の段階など、手続の順序と義務者（業者・宅建士）の区別が問われやすいです。",宅建業者の事務所には、専用性、看板、帳簿備付け等の要件があります;35条・37条・8条・14条の表で整理する,書面の交付時期・記載事項・監督処分の段階の混同。35条・37条・8条・14条の表で整理する。,「宅建業者の事務所には、専用性、看板、帳簿備付け等」を起点に、事務所の要件の表を作って関連用語と並べる。,【学習確認】事務所の要件について、次のうち試験で押さえるべき説明として適切なものはどれか。,要点は「肢では「宅建業者の事務所には、専用性、看板、帳簿備付け等の要件があります」です。宅建業法分野の関連用語・過去問演習ページで、条文番号と数値をセットで復習してください。,事務所の要件とは何ですか？,事務所の要件（じむしょのようけん）とは、本店・従たる事務所・案内所に課される設置基準。宅建業者の事務所には、専用性、看板、帳簿備付け等の要件があります。本店と従たる事務所の違い、案内所の制限、廃止届の手続きを押さえます。,事務所の要件は試験でどう押さえればよいですか？,まず宅建業者の事務所には、専用性、看板、帳簿備付け等の要件があります。本店と従たる事務所の違い、案内所の制限、廃止届の手続きを押さえます。。 詳しくは、肢では「宅建業者の事務所には、専用性、看板、帳簿備付け等の要件があります。本店と従たる事務所の違い、案内所の制限、廃止届の手続きを押さえます。」のいずれかが正誤の分かれ目になりやすいです。特に書面の交付時期・記載事項・監督処分の段階の混同。35条・37条・8条・14条の表で整理する。
住宅瑕疵担保履行法,じゅうたくかしたんぽりこうほう,宅建業法,宅建業法,新築住宅の瑕疵に対する保険・供託義務,新築住宅の瑕疵に対する保険・供託義務。,,,A,"新築住宅の瑕疵に対する保険・供託義務。宅建業法では書面交付の順序、記載事項、業者・宅建士の責任区分が頻出です。35条・37条・8条・14条を表で整理すると得点が安定します。

肢では「住宅瑕疵担保履行法は、新築住宅の売主等が瑕疵修補義務を確実に履行するため保険加入または供託を義務づける法律です／35条・37条・8条・14条の表で整理する」のいずれかが正誤の分かれ目になりやすいです。

特に書面の交付時期・記載事項・監督処分の段階の混同。35条・37条・8条・14条の表で整理する。",住宅瑕疵担保履行法とは,新築住宅の瑕疵に対する保険・供託義務,"新築住宅の瑕疵に対する保険・供託義務。

新築住宅の瑕疵に対する保険・供託義務。宅建業法では書面交付の順序、記載事項、業者・宅建士の責任区分が頻出です。35条・37条・8条・14条を表で整理すると得点が安定します。

宅建業法では書面交付の時期、記載事項、監督処分の段階など、手続の順序と義務者（業者・宅建士）の区別が問われやすいです。",住宅瑕疵担保履行法は、新築住宅の売主等が瑕疵修補義務を確実に履行するため保険加入または供託を義務づける法律です;35条・37条・8条・14条の表で整理する,書面の交付時期・記載事項・監督処分の段階の混同。35条・37条・8条・14条の表で整理する。,「住宅瑕疵担保履行法は、新築住宅の売主等が瑕疵修補」を起点に、住宅瑕疵担保履行法の表を作って関連用語と並べる。,（2025年 第34問）住宅瑕疵担保履行法に関する次の記述のうち、正しいものはどれか。,正答は選択肢1です。用語「住宅瑕疵担保履行法」が問われた過去問のため、解説と条文の対応を確認してください。,住宅瑕疵担保履行法とは何ですか？,住宅瑕疵担保履行法（じゅうたくかしたんぽりこうほう）とは、新築住宅の瑕疵に対する保険・供託義務。住宅瑕疵担保履行法は、新築住宅の売主等が瑕疵修補義務を確実に履行するため保険加入または供託を義務づける法律です。住宅品質確保法との関係と対象住宅を整理します。,住宅瑕疵担保履行法は試験でどう押さえればよいですか？,まず住宅瑕疵担保履行法は、新築住宅の売主等が瑕疵修補義務を確実に履行するため保険加入または供託を義務づける法律です。住宅品質確保法との関係と対象住宅を整理します。。 詳しくは、肢では「住宅瑕疵担保履行法は、新築住宅の売主等が瑕疵修補義務を確実に履行するため保険加入または供託を義務づける法律です。住宅品質確保法との関係と対象住宅を整理します。」のいずれかが正誤の分かれ目になりやすいです。特に書面の交付時期・記載事項・監督処分の段階の混同。35条・37条・8条・14条の表で整理する。
日影規制・斜線制限,にちえいきせい・しゃせんせいげい,法令上の制限,法令上の制限,日照確保と建築物高さ制限の道路・隣地斜線,日照確保と建築物高さ制限の道路・隣地斜線。,,,A,隣地への日照・通風を確保するための建築制限。日影規制は敷地境界からの影の長さ、斜線制限は道路・隣地斜線など類型が異なります。肢では「日影規制の測定方法／道路斜線・隣地斜線／用途地域で規制の有無／建ぺい率・容積率との関係」のいずれかが正誤の分かれ目になりやすいです。,日影規制・斜線制限とは,日照確保と建築物高さ制限の道路・隣地斜線,日照確保と建築物高さ制限の道路・隣地斜線。隣地への日照・通風を確保するための建築制限。日影規制は敷地境界からの影の長さ、斜線制限は道路・隣地斜線など類型が異なります。法令上の制限では数値（面積・幅員・率）と区域・号別の組み合わせが頻出するため、「どの法令の・どの区域で・何が必要か」を三段で覚えると安定します。,日影規制の測定方法;道路斜線・隣地斜線;用途地域で規制の有無;建ぺい率・容積率との関係,,「日影規制は周囲の日照を確保する高さ制限、斜線制限」を起点に、日影規制・斜線制限の表を作って関連用語と並べる。,（2025年 第40問）日影規制に関する次の記述のうち、正しいものはどれか。,正答は選択肢2です。用語「日影規制・斜線制限」が問われた過去問のため、解説と条文の対応を確認してください。,日影規制・斜線制限とは何ですか？,日影規制・斜線制限（にちえいきせい・しゃせんせいげい）とは、日照確保と建築物高さ制限の道路・隣地斜線。日影規制は周囲の日照を確保する高さ制限、斜線制限は道路斜線・隣地斜線・北側斜線で建築物の高さを制限します。適用区域と計算の考え方を整理します。,日影規制・斜線制限は試験でどう押さえればよいですか？,まず日影規制は周囲の日照を確保する高さ制限、斜線制限は道路斜線・隣地斜線・北側斜線で建築物の高さを制限します。適用区域と計算の考え方を整理します。。 詳しくは、肢では「日影規制は周囲の日照を確保する高さ制限、斜線制限は道路斜線・隣地斜線・北側斜線で建築物の高さを制限します。適用区域と計算の考え方を整理します。」のいずれかが正誤の分かれ目になりやすいです。特に区域・用途・数値（面積・率・幅員）の組み合わせ誤り。例外規定との区別が問われる。
連帯債務,れんたいさいむ,権利関係,権利関係,複数債務者が各自全額の弁済義務を負う債務形態,複数債務者が各自全額の弁済義務を負う債務形態。,,,A,"複数債務者が各自全額の弁済義務を負う債務形態。権利関係では誰にどの効果が及ぶか、期間・要件の有無が問われやすいです。関連用語と条文番号を比較表にまとめてください。

肢では「権利関係では誰にどの効果が及ぶか、期間・要件の有無が問われやすいです／関連用語と条文番号を比較表にまとめてください」のいずれかが正誤の分かれ目になりやすいです。

特に類似制度（期間・要件・効力）の取り違え。条文番号と数字をセットで暗記する。",連帯債務とは,複数債務者が各自全額の弁済義務を負う債務形態,"複数債務者が各自全額の弁済義務を負う債務形態。

複数債務者が各自全額の弁済義務を負う債務形態。権利関係では誰にどの効果が及ぶか、期間・要件の有無が問われやすいです。関連用語と条文番号を比較表にまとめてください。

権利関係では「誰に・どのような効果が及ぶか」「期間や要件の有無」を問う肢が多く、単語の意味だけでなく効力の発生・消滅のタイミングまでセットで押さえてください。",権利関係では誰にどの効果が及ぶか、期間・要件の有無が問われやすいです;関連用語と条文番号を比較表にまとめてください,類似制度（期間・要件・効力）の取り違え。条文番号と数字をセットで暗記する。,「連帯債務では各債務者が全額の弁済義務を負い、1人」を起点に、連帯債務の表を作って関連用語と並べる。,（2018年 第10問）相続についての以下の記述のうち、民法の規定と判例に照らすと、誤っているものを選びなさい。,正答は選択肢4です。用語「連帯債務」が問われた過去問のため、解説と条文の対応を確認してください。,連帯債務とは何ですか？,連帯債務（れんたいさいむ）とは、複数債務者が各自全額の弁済義務を負う債務形態。連帯債務では各債務者が全額の弁済義務を負い、1人の弁済で他の債務も消滅します。2020年改正で請求・免除・時効完成は相対効に変更された点が最重要です。,連帯債務は試験でどう押さえればよいですか？,まず連帯債務では各債務者が全額の弁済義務を負い、1人の弁済で他の債務も消滅します。2020年改正で請求・免除・時効完成は相対効に変更された点が最重要です。。 詳しくは、肢では「連帯債務では各債務者が全額の弁済義務を負い、1人の弁済で他の債務も消滅します。2020年改正で請求・免除・時効完成は相対効に変更された点が最重要です。」のいずれかが正誤の分かれ目になりやすいです。特に類似制度（期間・要件・効力）の取り違え。数字と条文番号をセットで暗記する。
債権者代位権,さいけんしゃだいいけん,権利関係,権利関係,債権保全のため債務者の権利を行使する制度,債権保全のため債務者の権利を行使する制度。,,,A,債務者の権利を債権者が行使して保全する制度（423条）。詐害行為取消権（424条）との要件・目的の違いが最重要です。肢では「債務者の権利を代わりに行使／債務者の専属権は代位行使できない／詐害行為取消権との比較／転用の禁止」のいずれかが正誤の分かれ目になりやすいです。,債権者代位権とは,債権保全のため債務者の権利を行使する制度,債権保全のため債務者の権利を行使する制度。債務者の権利を債権者が行使して保全する制度（423条）。詐害行為取消権（424条）との要件・目的の違いが最重要です。権利関係では「誰に・どのような効果が及ぶか」「期間や要件の有無」を問う肢が多く、単語の意味だけでなく効力の発生・消滅のタイミングまでセットで押さえてください。,債務者の権利を代わりに行使;債務者の専属権は代位行使できない;詐害行為取消権との比較;転用の禁止,,「債権者代位権は、債権者が債務者に代わって債務者の」を起点に、債権者代位権の表を作って関連用語と並べる。,【学習確認】債権者代位権について、次のうち試験で押さえるべき説明として適切なものはどれか。,要点は「肢では「債権者代位権は、債権者が債務者に代わって債務者の権利を行使し保全する制度です」です。権利関係分野の関連用語・過去問演習ページで、条文番号と数値をセットで復習してください。,債権者代位権とは何ですか？,債権者代位権（さいけんしゃだいいけん）とは、債権保全のため債務者の権利を行使する制度。債権者代位権は、債権者が債務者に代わって債務者の権利を行使し保全する制度です。要件、転用の禁止、詐害行為取消権との違いが頻出です。,債権者代位権は試験でどう押さえればよいですか？,まず債権者代位権は、債権者が債務者に代わって債務者の権利を行使し保全する制度です。要件、転用の禁止、詐害行為取消権との違いが頻出です。。 詳しくは、肢では「債権者代位権は、債権者が債務者に代わって債務者の権利を行使し保全する制度です。要件、転用の禁止、詐害行為取消権との違いが頻出です。」のいずれかが正誤の分かれ目になりやすいです。特に類似制度（期間・要件・効力）の取り違え。数字と条文番号をセットで暗記する。
宅建の出題傾向分析,しゅつだいけいこうぶんせき,試験対策,試験対策,分野別・年度別の頻出テーマと学習優先度,分野別・年度別の頻出テーマと学習優先度。,,,A,権利関係・宅建業法・法令上の制限・税の4分野で頻出論点が繰り返されます。年度ごとの新傾向（IT重説、配偶者居住権等）を既存の頻出表に追加して学習します。肢では「4分野の出題比率を把握／権利関係は民法中心／宅建業法は35・37・8条が核／年度ごとの新傾向をチェック」のいずれかが正誤の分かれ目になりやすいです。特に最新の改正論点を無視して旧年度だけで対策する。,宅建の出題傾向分析とは,分野別・年度別の頻出テーマと学習優先度,分野別・年度別の頻出テーマと学習優先度。権利関係・宅建業法・法令上の制限・税の4分野で頻出論点が繰り返されます。年度ごとの新傾向（IT重説、配偶者居住権等）を既存の頻出表に追加して学習します。,4分野の出題比率を把握;権利関係は民法中心;宅建業法は35・37・8条が核;年度ごとの新傾向をチェック,最新の改正論点を無視して旧年度だけで対策する。,「宅建試験は毎年似た論点が繰り返し出題されます。権」を起点に、宅建の出題傾向分析の表を作って関連用語と並べる。,【学習確認】宅建の出題傾向分析について、次のうち試験で押さえるべき説明として適切なものはどれか。,要点は「肢では「宅建試験は毎年似た論点が繰り返し出題されます」です。試験対策分野の関連用語・過去問演習ページで、条文番号と数値をセットで復習してください。,宅建の出題傾向分析とは何ですか？,宅建の出題傾向分析（しゅつだいけいこうぶんせき）とは、分野別・年度別の頻出テーマと学習優先度。宅建試験は毎年似た論点が繰り返し出題されます。権利関係・宅建業法・法令制限・税の出題比率と頻出テーマを把握し、効率的な学習計画を立てます。,宅建の出題傾向分析は試験でどう押さえればよいですか？,まず宅建試験は毎年似た論点が繰り返し出題されます。権利関係・宅建業法・法令制限・税の出題比率と頻出テーマを把握し、効率的な学習計画を立てます。。 詳しくは、肢では「宅建試験は毎年似た論点が繰り返し出題されます。権利関係・宅建業法・法令制限・税の出題比率と頻出テーマを把握し、効率的な学習計画を立てます。」のいずれかが正誤の分かれ目になりやすいです。特に出題比率や学習時間の目安を暗記数字と混同する。最新の試験要綱・公式情報で確認する。
相続放棄,そうぞくほうき,権利関係,権利関係,相続による権利義務の承継を拒否する制度,相続による権利義務の承継を拒否する制度。,,,A,"相続による権利義務の承継を拒否する制度。権利関係では誰にどの効果が及ぶか、期間・要件の有無が問われやすいです。関連用語と条文番号を比較表にまとめてください。

肢では「権利関係では誰にどの効果が及ぶか、期間・要件の有無が問われやすいです／関連用語と条文番号を比較表にまとめてください」のいずれかが正誤の分かれ目になりやすいです。

特に類似制度（期間・要件・効力）の取り違え。条文番号と数字をセットで暗記する。",相続放棄とは,相続による権利義務の承継を拒否する制度,"相続による権利義務の承継を拒否する制度。

相続による権利義務の承継を拒否する制度。権利関係では誰にどの効果が及ぶか、期間・要件の有無が問われやすいです。関連用語と条文番号を比較表にまとめてください。

権利関係では「誰に・どのような効果が及ぶか」「期間や要件の有無」を問う肢が多く、単語の意味だけでなく効力の発生・消滅のタイミングまでセットで押さえてください。",権利関係では誰にどの効果が及ぶか、期間・要件の有無が問われやすいです;関連用語と条文番号を比較表にまとめてください,類似制度（期間・要件・効力）の取り違え。条文番号と数字をセットで暗記する。,「相続放棄は、相続人が家庭裁判所に申述し相続を拒否」を起点に、相続放棄の表を作って関連用語と並べる。,（2019年 第8問）相続の承認と放棄に関する次の記述のうち、民法の規定によれば正しいものはどれか。,正答は選択肢2です。用語「相続放棄」が問われた過去問のため、解説と条文の対応を確認してください。,相続放棄とは何ですか？,相続放棄（そうぞくほうき）とは、相続による権利義務の承継を拒否する制度。相続放棄は、相続人が家庭裁判所に申述し相続を拒否する制度です。3か月の期間、単純承認・限定承認との関係、効果と遺産分割への影響を整理します。,相続放棄は試験でどう押さえればよいですか？,まず相続放棄は、相続人が家庭裁判所に申述し相続を拒否する制度です。3か月の期間、単純承認・限定承認との関係、効果と遺産分割への影響を整理します。。 詳しくは、肢では「相続放棄は、相続人が家庭裁判所に申述し相続を拒否する制度です。3か月の期間、単純承認・限定承認との関係、効果と遺産分割への影響を整理します。」のいずれかが正誤の分かれ目になりやすいです。特に類似制度（期間・要件・効力）の取り違え。数字と条文番号をセットで暗記する。
転貸借（又貸し）,てんたいしゃく・またがし,権利関係,権利関係,賃借人による第三者への再賃貸と承諾要件,賃借人による第三者への再賃貸と承諾要件。,,,A,"賃借人による第三者への再賃貸と承諾要件。権利関係では誰にどの効果が及ぶか、期間・要件の有無が問われやすいです。関連用語と条文番号を比較表にまとめてください。

肢では「権利関係では誰にどの効果が及ぶか、期間・要件の有無が問われやすいです／関連用語と条文番号を比較表にまとめてください」のいずれかが正誤の分かれ目になりやすいです。

特に類似制度（期間・要件・効力）の取り違え。条文番号と数字をセットで暗記する。",転貸借（又貸し）とは,賃借人による第三者への再賃貸と承諾要件,"賃借人による第三者への再賃貸と承諾要件。

賃借人による第三者への再賃貸と承諾要件。権利関係では誰にどの効果が及ぶか、期間・要件の有無が問われやすいです。関連用語と条文番号を比較表にまとめてください。

権利関係では「誰に・どのような効果が及ぶか」「期間や要件の有無」を問う肢が多く、単語の意味だけでなく効力の発生・消滅のタイミングまでセットで押さえてください。",権利関係では誰にどの効果が及ぶか、期間・要件の有無が問われやすいです;関連用語と条文番号を比較表にまとめてください,類似制度（期間・要件・効力）の取り違え。条文番号と数字をセットで暗記する。,「転貸借は賃借人が第三者に再賃貸する行為です。賃貸」を起点に、転貸借（又貸し）の表を作って関連用語と並べる。,（2015年 第9問）土地の転貸借に関する以下の1から4までの記述のうち、民法の規定、判例及び下記判決文によれば、誤っているものを選びなさい。 (判決文) 土地の賃借人が賃貸人の承諾を得ることなく右土地を他に転貸しても、…,正答は選択肢1です。用語「転貸借（又貸し）」が問われた過去問のため、解説と条文の対応を確認してください。,転貸借（又貸し）とは何ですか？,転貸借（又貸し）（てんたいしゃく・またがし）とは、賃借人による第三者への再賃貸と承諾要件。転貸借は賃借人が第三者に再賃貸する行為です。賃貸人の承諾、無断転貸の効果、賃貸人の直接請求権、原賃貸借終了との連動が問われます。,転貸借（又貸し）は試験でどう押さえればよいですか？,まず転貸借は賃借人が第三者に再賃貸する行為です。賃貸人の承諾、無断転貸の効果、賃貸人の直接請求権、原賃貸借終了との連動が問われます。。 詳しくは、肢では「転貸借は賃借人が第三者に再賃貸する行為です。賃貸人の承諾、無断転貸の効果、賃貸人の直接請求権、原賃貸借終了との連動が問われます。」のいずれかが正誤の分かれ目になりやすいです。特に類似制度（期間・要件・効力）の取り違え。数字と条文番号をセットで暗記する。
都市計画税,としけいかくぜい,税・その他,税・その他,市街化区域内の土地・建物に課される地方税,市街化区域内の土地・建物に課される地方税。,,,A,"市街化区域内の土地・建物に課される地方税。税・その他は課税主体・申告期限・税率・控除要件と計算手順がセットで出題されます。

肢では「都市計画税は、都市計画区域内の市街化区域に所在する土地・建物の所有者に課税されます／特に課税主体・申告期限・税率・控除の要件の混同」のいずれかが正誤の分かれ目になりやすいです。

特に課税主体・申告期限・税率・控除の要件の混同。計算問題では算式の順序を誤りやすい。",都市計画税とは,市街化区域内の土地・建物に課される地方税,"市街化区域内の土地・建物に課される地方税。

市街化区域内の土地・建物に課される地方税。税・その他は課税主体・申告期限・税率・控除要件と計算手順がセットで出題されます。

税・その他は計算問題と統計・関連法令の知識問題が混在します。用語の定義に加え、誰が納税義務者か・いつ申告するかまで確認してください。",都市計画税は、都市計画区域内の市街化区域に所在する土地・建物の所有者に課税されます;特に課税主体・申告期限・税率・控除の要件の混同,課税主体・申告期限・税率・控除の要件の混同。計算問題では算式の順序を誤りやすい。,「都市計画税は、都市計画区域内の市街化区域に所在す」を起点に、都市計画税の表を作って関連用語と並べる。,【学習確認】都市計画税について、次のうち試験で押さえるべき説明として適切なものはどれか。,要点は「肢では「都市計画税は、都市計画区域内の市街化区域に所在する土地・建物の所有者に課税されます」です。税・その他分野の関連用語・過去問演習ページで、条文番号と数値をセットで復習してください。,都市計画税とは何ですか？,都市計画税（としけいかくぜい）とは、市街化区域内の土地・建物に課される地方税。都市計画税は、都市計画区域内の市街化区域に所在する土地・建物の所有者に課税されます。固定資産税との違い、税率上限、新築住宅の軽減措置を押さえます。,都市計画税は試験でどう押さえればよいですか？,まず都市計画税は、都市計画区域内の市街化区域に所在する土地・建物の所有者に課税されます。固定資産税との違い、税率上限、新築住宅の軽減措置を押さえます。。 詳しくは、肢では「都市計画税は、都市計画区域内の市街化区域に所在する土地・建物の所有者に課税されます。固定資産税との違い、税率上限、新築住宅の軽減措置を押さえます。」のいずれかが正誤の分かれ目になりやすいです。特に課税主体・申告期限・税率・控除の要件の混同。計算問題では算式の順序を誤りやすい。
宅建の統計問題対策,たっけんとうけいもんだいのたいさく,試験対策,試験対策,問46〜50の統計・法令改正等の得点戦略,問46〜50の統計・法令改正等の得点戦略。,,,A,問46〜50は統計・法令改正・住宅金融支援機構・景表法・土地・建物などが出題されます。表の読み方・計算の型・直前期の暗記ポイントをセットで整理します。肢では「問46〜50が統計等／表・グラフの読み取り／法令改正の年度確認／5問免除との併用」のいずれかが正誤の分かれ目になりやすいです。特に統計問題を丸ごと捨てる。表の単位・年度を読み違える。,宅建の統計問題対策とは,問46〜50の統計・法令改正等の得点戦略,問46〜50の統計・法令改正等の得点戦略。問46〜50は統計・法令改正・住宅金融支援機構・景表法・土地・建物などが出題されます。表の読み方・計算の型・直前期の暗記ポイントをセットで整理します。,問46〜50が統計等;表・グラフの読み取り;法令改正の年度確認;5問免除との併用,統計問題を丸ごと捨てる。表の単位・年度を読み違える。,「問46〜50は統計・法令改正・住金・景表法・土地」を起点に、宅建の統計問題対策の表を作って関連用語と並べる。,【学習確認】宅建の統計問題対策について、次のうち試験で押さえるべき説明として適切なものはどれか。,要点は「肢では「問46〜50は統計・法令改正・住金・景表法・土地建物などが出題されます」です。試験対策分野の関連用語・過去問演習ページで、条文番号と数値をセットで復習してください。,宅建の統計問題対策とは何ですか？,宅建の統計問題対策（たっけんとうけいもんだいのたいさく）とは、問46〜50の統計・法令改正等の得点戦略。問46〜50は統計・法令改正・住金・景表法・土地建物などが出題されます。頻出資料の読み方、計算の型、直前期の暗記ポイントを整理します。,宅建の統計問題対策は試験でどう押さえればよいですか？,まず問46〜50は統計・法令改正・住金・景表法・土地建物などが出題されます。頻出資料の読み方、計算の型、直前期の暗記ポイントを整理します。。 詳しくは、肢では「問46〜50は統計・法令改正・住金・景表法・土地建物などが出題されます。頻出資料の読み方、計算の型、直前期の暗記ポイントを整理します。」のいずれかが正誤の分かれ目になりやすいです。特に出題比率や学習時間の目安を暗記数字と混同する。最新の試験要綱・公式情報で確認する。
宅建の頻出論点まとめ,ひんしゅつろんてんまとめ,試験対策,試験対策,4分野の頻出論点と必須数字の一覧,4分野の頻出論点と必須数字の一覧。,,,A,4分野の頻出条文・数字・比較表を一覧化した復習用の整理です。直前期の弱点チェックと過去問演習の「確認リスト」として使います。肢では「分野別の頻出条文／数字・期間の一覧表／類似制度の比較表／直前期の総復習に活用」のいずれかが正誤の分かれ目になりやすいです。特に一覧暗記だけで過去問演習をしない。,宅建の頻出論点まとめとは,4分野の頻出論点と必須数字の一覧,4分野の頻出論点と必須数字の一覧。4分野の頻出条文・数字・比較表を一覧化した復習用の整理です。直前期の弱点チェックと過去問演習の「確認リスト」として使います。,分野別の頻出条文;数字・期間の一覧表;類似制度の比較表;直前期の総復習に活用,一覧暗記だけで過去問演習をしない。,「宅建試験で繰り返し問われる論点と数字を分野別にま」を起点に、宅建の頻出論点まとめの表を作って関連用語と並べる。,【学習確認】宅建の頻出論点まとめについて、次のうち試験で押さえるべき説明として適切なものはどれか。,要点は「肢では「宅建試験で繰り返し問われる論点と数字を分野別にまとめます」です。試験対策分野の関連用語・過去問演習ページで、条文番号と数値をセットで復習してください。,宅建の頻出論点まとめとは何ですか？,宅建の頻出論点まとめ（ひんしゅつろんてんまとめ）とは、4分野の頻出論点と必須数字の一覧。宅建試験で繰り返し問われる論点と数字を分野別にまとめます。直前期の総復習や弱点チェックリストとして活用できます。,宅建の頻出論点まとめは試験でどう押さえればよいですか？,まず宅建試験で繰り返し問われる論点と数字を分野別にまとめます。直前期の総復習や弱点チェックリストとして活用できます。。 詳しくは、肢では「宅建試験で繰り返し問われる論点と数字を分野別にまとめます。直前期の総復習や弱点チェックリストとして活用できます。」のいずれかが正誤の分かれ目になりやすいです。特に出題比率や学習時間の目安を暗記数字と混同する。最新の試験要綱・公式情報で確認する。
贈与税,ぞうよぜい,税・その他,税・その他,暦年課税と相続時精算課税の基礎,暦年課税と相続時精算課税の基礎。,,,A,"暦年課税と相続時精算課税の基礎。税・その他は課税主体・申告期限・税率・控除要件と計算手順がセットで出題されます。

肢では「特に課税主体・申告期限・税率・控除の要件の混同／特に課税主体・申告期限・税率・控除の要件の混同／特に課税主体・申告期限・税率・控除の要件の混同」のいずれかが正誤の分かれ目になりやすいです。

特に課税主体・申告期限・税率・控除の要件の混同。計算問題では算式の順序を誤りやすい。",贈与税とは,暦年課税と相続時精算課税の基礎,"暦年課税と相続時精算課税の基礎。

暦年課税と相続時精算課税の基礎。税・その他は課税主体・申告期限・税率・控除要件と計算手順がセットで出題されます。

税・その他は計算問題と統計・関連法令の知識問題が混在します。用語の定義に加え、誰が納税義務者か・いつ申告するかまで確認してください。",特に課税主体・申告期限・税率・控除の要件の混同;特に課税主体・申告期限・税率・控除の要件の混同;特に課税主体・申告期限・税率・控除の要件の混同,課税主体・申告期限・税率・控除の要件の混同。計算問題では算式の順序を誤りやすい。,「贈与税は財産の贈与に対して課税される税金です。暦」を起点に、贈与税の表を作って関連用語と並べる。,（2020年 第24問）贈与税に関する次の記述のうち、正しいものはどれか。,正答は選択肢1です。用語「贈与税」が問われた過去問のため、解説と条文の対応を確認してください。,贈与税とは何ですか？,贈与税（ぞうよぜい）とは、暦年課税と相続時精算課税の基礎。贈与税は財産の贈与に対して課税される税金です。暦年課税の基礎控除110万円、相続時精算課税との選択、税率表の読み方が試験頻出です。,贈与税は試験でどう押さえればよいですか？,まず贈与税は財産の贈与に対して課税される税金です。暦年課税の基礎控除110万円、相続時精算課税との選択、税率表の読み方が試験頻出です。。 詳しくは、肢では「贈与税は財産の贈与に対して課税される税金です。暦年課税の基礎控除110万円、相続時精算課税との選択、税率表の読み方が試験頻出です。」のいずれかが正誤の分かれ目になりやすいです。特に課税主体・申告期限・税率・控除の要件の混同。計算問題では算式の順序を誤りやすい。
仮登記,かりとうき,権利関係,権利関係,本登記前に予告的効力を得る登記,本登記前に予告的効力を得る登記。,,,A,"本登記前に予告的効力を得る登記。権利関係では誰にどの効果が及ぶか、期間・要件の有無が問われやすいです。関連用語と条文番号を比較表にまとめてください。

肢では「権利関係では誰にどの効果が及ぶか、期間・要件の有無が問われやすいです／関連用語と条文番号を比較表にまとめてください」のいずれかが正誤の分かれ目になりやすいです。

特に類似制度（期間・要件・効力）の取り違え。条文番号と数字をセットで暗記する。",仮登記とは,本登記前に予告的効力を得る登記,"本登記前に予告的効力を得る登記。

本登記前に予告的効力を得る登記。権利関係では誰にどの効果が及ぶか、期間・要件の有無が問われやすいです。関連用語と条文番号を比較表にまとめてください。

権利関係では「誰に・どのような効果が及ぶか」「期間や要件の有無」を問う肢が多く、単語の意味だけでなく効力の発生・消滅のタイミングまでセットで押さえてください。",権利関係では誰にどの効果が及ぶか、期間・要件の有無が問われやすいです;関連用語と条文番号を比較表にまとめてください,類似制度（期間・要件・効力）の取り違え。条文番号と数字をセットで暗記する。,「仮登記は、本登記をするまでの間、順位を保全するた」を起点に、仮登記の表を作って関連用語と並べる。,（2025年 第12問）不動産登記に関する次の記述のうち、正しいものはどれか。,正答は選択肢2です。用語「仮登記」が問われた過去問のため、解説と条文の対応を確認してください。,仮登記とは何ですか？,仮登記（かりとうき）とは、本登記前に予告的効力を得る登記。仮登記は、本登記をするまでの間、順位を保全するための登記です。仮登記担保契約、順位の効力、本登記との関係が問われます。,仮登記は試験でどう押さえればよいですか？,まず仮登記は、本登記をするまでの間、順位を保全するための登記です。仮登記担保契約、順位の効力、本登記との関係が問われます。。 詳しくは、肢では「仮登記は、本登記をするまでの間、順位を保全するための登記です。仮登記担保契約、順位の効力、本登記との関係が問われます。」のいずれかが正誤の分かれ目になりやすいです。特に類似制度（期間・要件・効力）の取り違え。数字と条文番号をセットで暗記する。
本登記,ほんとうき,権利関係,権利関係,物権変動を第三者に対抗させる確定登記,物権変動を第三者に対抗させる確定登記。,,,A,"物権変動を第三者に対抗させる確定登記。権利関係では誰にどの効果が及ぶか、期間・要件の有無が問われやすいです。関連用語と条文番号を比較表にまとめてください。

肢では「本登記は、所有権移転登記など物権変動を第三者に対抗させる登記です／数字と条文番号をセットで暗記する」のいずれかが正誤の分かれ目になりやすいです。

特に類似制度（期間・要件・効力）の取り違え。条文番号と数字をセットで暗記する。",本登記とは,物権変動を第三者に対抗させる確定登記,"物権変動を第三者に対抗させる確定登記。

物権変動を第三者に対抗させる確定登記。権利関係では誰にどの効果が及ぶか、期間・要件の有無が問われやすいです。関連用語と条文番号を比較表にまとめてください。

権利関係では「誰に・どのような効果が及ぶか」「期間や要件の有無」を問う肢が多く、単語の意味だけでなく効力の発生・消滅のタイミングまでセットで押さえてください。",本登記は、所有権移転登記など物権変動を第三者に対抗させる登記です;数字と条文番号をセットで暗記する,類似制度（期間・要件・効力）の取り違え。条文番号と数字をセットで暗記する。,「本登記は、所有権移転登記など物権変動を第三者に対」を起点に、本登記の表を作って関連用語と並べる。,（2025年 第12問）不動産登記に関する次の記述のうち、正しいものはどれか。,正答は選択肢2です。用語「本登記」が問われた過去問のため、解説と条文の対応を確認してください。,本登記とは何ですか？,本登記（ほんとうき）とは、物権変動を第三者に対抗させる確定登記。本登記は、所有権移転登記など物権変動を第三者に対抗させる登記です。仮登記からの移転、登記原因・原因日付、登記の公信力との関係を整理します。,本登記は試験でどう押さえればよいですか？,まず本登記は、所有権移転登記など物権変動を第三者に対抗させる登記です。仮登記からの移転、登記原因・原因日付、登記の公信力との関係を整理します。。 詳しくは、肢では「本登記は、所有権移転登記など物権変動を第三者に対抗させる登記です。仮登記からの移転、登記原因・原因日付、登記の公信力との関係を整理します。」のいずれかが正誤の分かれ目になりやすいです。特に類似制度（期間・要件・効力）の取り違え。数字と条文番号をセットで暗記する。
信託,しんたく,権利関係,権利関係,財産の管理・処分を受託者に委ねる制度,財産の管理・処分を受託者に委ねる制度。,,,A,"財産の管理・処分を受託者に委ねる制度。権利関係では誰にどの効果が及ぶか、期間・要件の有無が問われやすいです。関連用語と条文番号を比較表にまとめてください。

肢では「権利関係では誰にどの効果が及ぶか、期間・要件の有無が問われやすいです／関連用語と条文番号を比較表にまとめてください」のいずれかが正誤の分かれ目になりやすいです。

特に類似制度（期間・要件・効力）の取り違え。条文番号と数字をセットで暗記する。",信託とは,財産の管理・処分を受託者に委ねる制度,"財産の管理・処分を受託者に委ねる制度。

財産の管理・処分を受託者に委ねる制度。権利関係では誰にどの効果が及ぶか、期間・要件の有無が問われやすいです。関連用語と条文番号を比較表にまとめてください。

権利関係では「誰に・どのような効果が及ぶか」「期間や要件の有無」を問う肢が多く、単語の意味だけでなく効力の発生・消滅のタイミングまでセットで押さえてください。",権利関係では誰にどの効果が及ぶか、期間・要件の有無が問われやすいです;関連用語と条文番号を比較表にまとめてください,類似制度（期間・要件・効力）の取り違え。条文番号と数字をセットで暗記する。,「信託は、委託者が受託者に財産の管理・処分を委ねる」を起点に、信託の表を作って関連用語と並べる。,（2023年 第50問）宅地・建物の統計等に関する次の記述のうち（令和5年度試験時点）、最も適切なものはどれか。,正答は選択肢1です。用語「信託」が問われた過去問のため、解説と条文の対応を確認してください。,信託とは何ですか？,信託（しんたく）とは、財産の管理・処分を受託者に委ねる制度。信託は、委託者が受託者に財産の管理・処分を委ねる制度です。信託財産の独立性、受益者、土地信託・担保信託の類型が宅建で問われます。,信託は試験でどう押さえればよいですか？,まず信託は、委託者が受託者に財産の管理・処分を委ねる制度です。信託財産の独立性、受益者、土地信託・担保信託の類型が宅建で問われます。。 詳しくは、肢では「信託は、委託者が受託者に財産の管理・処分を委ねる制度です。信託財産の独立性、受益者、土地信託・担保信託の類型が宅建で問われます。」のいずれかが正誤の分かれ目になりやすいです。特に類似制度（期間・要件・効力）の取り違え。数字と条文番号をセットで暗記する。
遺言,ゆいごん,権利関係,権利関係,死後の法律行為を指定する意思表示,死後の法律行為を指定する意思表示。,,,A,"死後の法律行為を指定する意思表示。権利関係では誰にどの効果が及ぶか、期間・要件の有無が問われやすいです。関連用語と条文番号を比較表にまとめてください。

肢では「権利関係では誰にどの効果が及ぶか、期間・要件の有無が問われやすいです／関連用語と条文番号を比較表にまとめてください」のいずれかが正誤の分かれ目になりやすいです。

特に類似制度（期間・要件・効力）の取り違え。条文番号と数字をセットで暗記する。",遺言とは,死後の法律行為を指定する意思表示,"死後の法律行為を指定する意思表示。

死後の法律行為を指定する意思表示。権利関係では誰にどの効果が及ぶか、期間・要件の有無が問われやすいです。関連用語と条文番号を比較表にまとめてください。

権利関係では「誰に・どのような効果が及ぶか」「期間や要件の有無」を問う肢が多く、単語の意味だけでなく効力の発生・消滅のタイミングまでセットで押さえてください。",権利関係では誰にどの効果が及ぶか、期間・要件の有無が問われやすいです;関連用語と条文番号を比較表にまとめてください,類似制度（期間・要件・効力）の取り違え。条文番号と数字をセットで暗記する。,「遺言は、死後の法律行為を指定する意思表示です。方」を起点に、遺言の表を作って関連用語と並べる。,（2025年 第7問）遺言に関する次の記述のうち、民法の規定によれば、正しいものはどれか。,正答は選択肢1です。用語「遺言」が問われた過去問のため、解説と条文の対応を確認してください。,遺言とは何ですか？,遺言（ゆいごん）とは、死後の法律行為を指定する意思表示。遺言は、死後の法律行為を指定する意思表示です。方式（自筆・公正・秘密・録音・封筒）、遺言能力、撤回・失効、遺留分との関係が頻出です。,遺言は試験でどう押さえればよいですか？,まず遺言は、死後の法律行為を指定する意思表示です。方式（自筆・公正・秘密・録音・封筒）、遺言能力、撤回・失効、遺留分との関係が頻出です。。 詳しくは、肢では「遺言は、死後の法律行為を指定する意思表示です。方式（自筆・公正・秘密・録音・封筒）、遺言能力、撤回・失効、遺留分との関係が頻出です。」のいずれかが正誤の分かれ目になりやすいです。特に類似制度（期間・要件・効力）の取り違え。数字と条文番号をセットで暗記する。
死因贈与,しいんぞうよ,権利関係,権利関係,贈与者の死亡を条件とする贈与契約,贈与者の死亡を条件とする贈与契約。,,,A,"贈与者の死亡を条件とする贈与契約。権利関係では誰にどの効果が及ぶか、期間・要件の有無が問われやすいです。関連用語と条文番号を比較表にまとめてください。

肢では「死因贈与は、贈与者の死亡を停止条件とする贈与です／数字と条文番号をセットで暗記する」のいずれかが正誤の分かれ目になりやすいです。

特に類似制度（期間・要件・効力）の取り違え。条文番号と数字をセットで暗記する。",死因贈与とは,贈与者の死亡を条件とする贈与契約,"贈与者の死亡を条件とする贈与契約。

贈与者の死亡を条件とする贈与契約。権利関係では誰にどの効果が及ぶか、期間・要件の有無が問われやすいです。関連用語と条文番号を比較表にまとめてください。

権利関係では「誰に・どのような効果が及ぶか」「期間や要件の有無」を問う肢が多く、単語の意味だけでなく効力の発生・消滅のタイミングまでセットで押さえてください。",死因贈与は、贈与者の死亡を停止条件とする贈与です;数字と条文番号をセットで暗記する,類似制度（期間・要件・効力）の取り違え。条文番号と数字をセットで暗記する。,「死因贈与は、贈与者の死亡を停止条件とする贈与です」を起点に、死因贈与の表を作って関連用語と並べる。,【学習確認】死因贈与について、次のうち試験で押さえるべき説明として適切なものはどれか。,要点は「肢では「死因贈与は、贈与者の死亡を停止条件とする贈与です」です。権利関係分野の関連用語・過去問演習ページで、条文番号と数値をセットで復習してください。,死因贈与とは何ですか？,死因贈与（しいんぞうよ）とは、贈与者の死亡を条件とする贈与契約。死因贈与は、贈与者の死亡を停止条件とする贈与です。遺贈との違い、契約の成立時期、贈与税・相続税の課税関係を整理します。,死因贈与は試験でどう押さえればよいですか？,まず死因贈与は、贈与者の死亡を停止条件とする贈与です。遺贈との違い、契約の成立時期、贈与税・相続税の課税関係を整理します。。 詳しくは、肢では「死因贈与は、贈与者の死亡を停止条件とする贈与です。遺贈との違い、契約の成立時期、贈与税・相続税の課税関係を整理します。」のいずれかが正誤の分かれ目になりやすいです。特に類似制度（期間・要件・効力）の取り違え。数字と条文番号をセットで暗記する。
使用貸借,しようたいしゃく,権利関係,権利関係,無償で物の使用・収益を許諾する契約,無償で物の使用・収益を許諾する契約。,,,A,"無償で物の使用・収益を許諾する契約。権利関係では誰にどの効果が及ぶか、期間・要件の有無が問われやすいです。関連用語と条文番号を比較表にまとめてください。

肢では「権利関係では誰にどの効果が及ぶか、期間・要件の有無が問われやすいです／関連用語と条文番号を比較表にまとめてください」のいずれかが正誤の分かれ目になりやすいです。

特に類似制度（期間・要件・効力）の取り違え。条文番号と数字をセットで暗記する。",使用貸借とは,無償で物の使用・収益を許諾する契約,"無償で物の使用・収益を許諾する契約。

無償で物の使用・収益を許諾する契約。権利関係では誰にどの効果が及ぶか、期間・要件の有無が問われやすいです。関連用語と条文番号を比較表にまとめてください。

権利関係では「誰に・どのような効果が及ぶか」「期間や要件の有無」を問う肢が多く、単語の意味だけでなく効力の発生・消滅のタイミングまでセットで押さえてください。",権利関係では誰にどの効果が及ぶか、期間・要件の有無が問われやすいです;関連用語と条文番号を比較表にまとめてください,類似制度（期間・要件・効力）の取り違え。条文番号と数字をセットで暗記する。,「使用貸借は、無償で物の使用・収益を許諾する契約で」を起点に、使用貸借の表を作って関連用語と並べる。,（2017年 第3問）以下の1から4までの記述のうち、民法の規定及び下記判決文によれば、誤っているものを選びなさい。 (判決文) 共有者の一部の者から共有者の協議に基づかないで、共有物を占有使用することを承認された第三者…,正答は選択肢3です。用語「使用貸借」が問われた過去問のため、解説と条文の対応を確認してください。,使用貸借とは何ですか？,使用貸借（しようたいしゃく）とは、無償で物の使用・収益を許諾する契約。使用貸借は、無償で物の使用・収益を許諾する契約です。賃貸借との違い、使用貸借人の注意義務、終了事由が問われます。,使用貸借は試験でどう押さえればよいですか？,まず使用貸借は、無償で物の使用・収益を許諾する契約です。賃貸借との違い、使用貸借人の注意義務、終了事由が問われます。。 詳しくは、肢では「使用貸借は、無償で物の使用・収益を許諾する契約です。賃貸借との違い、使用貸借人の注意義務、終了事由が問われます。」のいずれかが正誤の分かれ目になりやすいです。特に類似制度（期間・要件・効力）の取り違え。数字と条文番号をセットで暗記する。
贈与（民法）,ぞうよ,権利関係,権利関係,無償で財産を渡す契約と撤回,無償で財産を渡す契約と撤回。,,,A,"無償で財産を渡す契約と撤回。権利関係では誰にどの効果が及ぶか、期間・要件の有無が問われやすいです。関連用語と条文番号を比較表にまとめてください。

肢では「権利関係では誰にどの効果が及ぶか、期間・要件の有無が問われやすいです／関連用語と条文番号を比較表にまとめてください」のいずれかが正誤の分かれ目になりやすいです。

特に類似制度（期間・要件・効力）の取り違え。条文番号と数字をセットで暗記する。",贈与（民法）とは,無償で財産を渡す契約と撤回,"無償で財産を渡す契約と撤回。

無償で財産を渡す契約と撤回。権利関係では誰にどの効果が及ぶか、期間・要件の有無が問われやすいです。関連用語と条文番号を比較表にまとめてください。

権利関係では「誰に・どのような効果が及ぶか」「期間や要件の有無」を問う肢が多く、単語の意味だけでなく効力の発生・消滅のタイミングまでセットで押さえてください。",権利関係では誰にどの効果が及ぶか、期間・要件の有無が問われやすいです;関連用語と条文番号を比較表にまとめてください,類似制度（期間・要件・効力）の取り違え。条文番号と数字をセットで暗記する。,「贈与は、贈与者が受贈者に財産を無償で渡す契約です」を起点に、贈与（民法）の表を作って関連用語と並べる。,【学習確認】贈与（民法）について、次のうち試験で押さえるべき説明として適切なものはどれか。,要点は「肢では「贈与は、贈与者が受贈者に財産を無償で渡す契約です」です。権利関係分野の関連用語・過去問演習ページで、条文番号と数値をセットで復習してください。,贈与（民法）とは何ですか？,贈与（民法）（ぞうよ）とは、無償で財産を渡す契約と撤回。贈与は、贈与者が受贈者に財産を無償で渡す契約です。諾否、履行の請求、贈与者の責任、贈与の撤回（民法550条）が試験頻出です。,贈与（民法）は試験でどう押さえればよいですか？,まず贈与は、贈与者が受贈者に財産を無償で渡す契約です。諾否、履行の請求、贈与者の責任、贈与の撤回（民法550条）が試験頻出です。。 詳しくは、肢では「贈与は、贈与者が受贈者に財産を無償で渡す契約です。諾否、履行の請求、贈与者の責任、贈与の撤回（民法550条）が試験頻出です。」のいずれかが正誤の分かれ目になりやすいです。特に類似制度（期間・要件・効力）の取り違え。数字と条文番号をセットで暗記する。
限定承認,げんていしょうにん,権利関係,権利関係,相続財産の範囲内でのみ債務を負担する承認,相続財産の範囲内でのみ債務を負担する承認。,,,A,"相続財産の範囲内でのみ債務を負担する承認。権利関係では誰にどの効果が及ぶか、期間・要件の有無が問われやすいです。関連用語と条文番号を比較表にまとめてください。

肢では「権利関係では誰にどの効果が及ぶか、期間・要件の有無が問われやすいです／関連用語と条文番号を比較表にまとめてください」のいずれかが正誤の分かれ目になりやすいです。

特に類似制度（期間・要件・効力）の取り違え。条文番号と数字をセットで暗記する。",限定承認とは,相続財産の範囲内でのみ債務を負担する承認,"相続財産の範囲内でのみ債務を負担する承認。

相続財産の範囲内でのみ債務を負担する承認。権利関係では誰にどの効果が及ぶか、期間・要件の有無が問われやすいです。関連用語と条文番号を比較表にまとめてください。

権利関係では「誰に・どのような効果が及ぶか」「期間や要件の有無」を問う肢が多く、単語の意味だけでなく効力の発生・消滅のタイミングまでセットで押さえてください。",権利関係では誰にどの効果が及ぶか、期間・要件の有無が問われやすいです;関連用語と条文番号を比較表にまとめてください,類似制度（期間・要件・効力）の取り違え。条文番号と数字をセットで暗記する。,「限定承認は、相続財産の限度でのみ相続債務を負担す」を起点に、限定承認の表を作って関連用語と並べる。,（2019年 第8問）相続の承認と放棄に関する次の記述のうち、民法の規定によれば正しいものはどれか。,正答は選択肢2です。用語「限定承認」が問われた過去問のため、解説と条文の対応を確認してください。,限定承認とは何ですか？,限定承認（げんていしょうにん）とは、相続財産の範囲内でのみ債務を負担する承認。限定承認は、相続財産の限度でのみ相続債務を負担する承認です。単純承認・相続放棄との違い、3か月の期間、財産の調査・弁済手続を押さえます。,限定承認は試験でどう押さえればよいですか？,まず限定承認は、相続財産の限度でのみ相続債務を負担する承認です。単純承認・相続放棄との違い、3か月の期間、財産の調査・弁済手続を押さえます。。 詳しくは、肢では「限定承認は、相続財産の限度でのみ相続債務を負担する承認です。単純承認・相続放棄との違い、3か月の期間、財産の調査・弁済手続を押さえます。」のいずれかが正誤の分かれ目になりやすいです。特に類似制度（期間・要件・効力）の取り違え。数字と条文番号をセットで暗記する。
単純承認,たんじゅんしょうにん,権利関係,権利関係,無限の責任で相続を受け入れる承認,無限の責任で相続を受け入れる承認。,,,A,"無限の責任で相続を受け入れる承認。権利関係では誰にどの効果が及ぶか、期間・要件の有無が問われやすいです。関連用語と条文番号を比較表にまとめてください。

肢では「権利関係では誰にどの効果が及ぶか、期間・要件の有無が問われやすいです／関連用語と条文番号を比較表にまとめてください」のいずれかが正誤の分かれ目になりやすいです。

特に類似制度（期間・要件・効力）の取り違え。条文番号と数字をセットで暗記する。",単純承認とは,無限の責任で相続を受け入れる承認,"無限の責任で相続を受け入れる承認。

無限の責任で相続を受け入れる承認。権利関係では誰にどの効果が及ぶか、期間・要件の有無が問われやすいです。関連用語と条文番号を比較表にまとめてください。

権利関係では「誰に・どのような効果が及ぶか」「期間や要件の有無」を問う肢が多く、単語の意味だけでなく効力の発生・消滅のタイミングまでセットで押さえてください。",権利関係では誰にどの効果が及ぶか、期間・要件の有無が問われやすいです;関連用語と条文番号を比較表にまとめてください,類似制度（期間・要件・効力）の取り違え。条文番号と数字をセットで暗記する。,「単純承認は、相続人が相続を無限の責任で受け入れる」を起点に、単純承認の表を作って関連用語と並べる。,（2019年 第8問）相続の承認と放棄に関する次の記述のうち、民法の規定によれば正しいものはどれか。,正答は選択肢2です。用語「単純承認」が問われた過去問のため、解説と条文の対応を確認してください。,単純承認とは何ですか？,単純承認（たんじゅんしょうにん）とは、無限の責任で相続を受け入れる承認。単純承認は、相続人が相続を無限の責任で受け入れる承認です。相続放棄・限定承認との選択、3か月の期間、承認の効果を整理します。,単純承認は試験でどう押さえればよいですか？,まず単純承認は、相続人が相続を無限の責任で受け入れる承認です。相続放棄・限定承認との選択、3か月の期間、承認の効果を整理します。。 詳しくは、肢では「単純承認は、相続人が相続を無限の責任で受け入れる承認です。相続放棄・限定承認との選択、3か月の期間、承認の効果を整理します。」のいずれかが正誤の分かれ目になりやすいです。特に類似制度（期間・要件・効力）の取り違え。数字と条文番号をセットで暗記する。
除斥期間,じょはききかん,権利関係,権利関係,一定期間内に権利行使しなければ消滅する期間,一定期間内に権利行使しなければ消滅する期間。,,,A,一定期間内に権利を行使しなければ権利が消滅する期間。消滅時効（援用が必要）と違い、更新・完成猶予がない点が試験の定番です。肢では「期間内に行使しなければ消滅／消滅時効とは異なり援用不要で消滅／取消権5年・20年（126条）／時効と除斥の比較表」のいずれかが正誤の分かれ目になりやすいです。,除斥期間とは,一定期間内に権利行使しなければ消滅する期間,一定期間内に権利行使しなければ消滅する期間。一定期間内に権利を行使しなければ権利が消滅する期間。消滅時効（援用が必要）と違い、更新・完成猶予がない点が試験の定番です。権利関係では「誰に・どのような効果が及ぶか」「期間や要件の有無」を問う肢が多く、単語の意味だけでなく効力の発生・消滅のタイミングまでセットで押さえてください。,期間内に行使しなければ消滅;消滅時効とは異なり援用不要で消滅;取消権5年・20年（126条）;時効と除斥の比較表,,「除斥期間は、権利者が一定期間内に権利を行使しなけ」を起点に、除斥期間の表を作って関連用語と並べる。,【学習確認】除斥期間について、次のうち試験で押さえるべき説明として適切なものはどれか。,要点は「肢では「除斥期間は、権利者が一定期間内に権利を行使しなければ権利が消滅する期間です」です。権利関係分野の関連用語・過去問演習ページで、条文番号と数値をセットで復習してください。,除斥期間とは何ですか？,除斥期間（じょはききかん）とは、一定期間内に権利行使しなければ消滅する期間。除斥期間は、権利者が一定期間内に権利を行使しなければ権利が消滅する期間です。消滅時効との違い、更新・中断がない点、相続・瑕疵担保の典型例を押さえます。,除斥期間は試験でどう押さえればよいですか？,まず除斥期間は、権利者が一定期間内に権利を行使しなければ権利が消滅する期間です。消滅時効との違い、更新・中断がない点、相続・瑕疵担保の典型例を押さえます。。 詳しくは、肢では「除斥期間は、権利者が一定期間内に権利を行使しなければ権利が消滅する期間です。消滅時効との違い、更新・中断がない点、相続・瑕疵担保の典型例を押さえます。」のいずれかが正誤の分かれ目になりやすいです。特に類似制度（期間・要件・効力）の取り違え。数字と条文番号をセットで暗記する。
借地権,しゃくちけん,権利関係,権利関係,他人の土地を使用して建物を所有する権利,他人の土地を使用して建物を所有する権利。,,,A,"他人の土地を使用して建物を所有する権利。権利関係では誰にどの効果が及ぶか、期間・要件の有無が問われやすいです。関連用語と条文番号を比較表にまとめてください。

肢では「権利関係では誰にどの効果が及ぶか、期間・要件の有無が問われやすいです／関連用語と条文番号を比較表にまとめてください」のいずれかが正誤の分かれ目になりやすいです。

特に類似制度（期間・要件・効力）の取り違え。条文番号と数字をセットで暗記する。",借地権とは,他人の土地を使用して建物を所有する権利,"他人の土地を使用して建物を所有する権利。

他人の土地を使用して建物を所有する権利。権利関係では誰にどの効果が及ぶか、期間・要件の有無が問われやすいです。関連用語と条文番号を比較表にまとめてください。

権利関係では「誰に・どのような効果が及ぶか」「期間や要件の有無」を問う肢が多く、単語の意味だけでなく効力の発生・消滅のタイミングまでセットで押さえてください。",権利関係では誰にどの効果が及ぶか、期間・要件の有無が問われやすいです;関連用語と条文番号を比較表にまとめてください,類似制度（期間・要件・効力）の取り違え。条文番号と数字をセットで暗記する。,「借地権は、他人の土地を使用して建物を所有する権利」を起点に、借地権の表を作って関連用語と並べる。,（2025年 第6問）借地権の対抗力に関する次の記述のうち、借地借家法の規定によれば、正しいものはどれか。,正答は選択肢2です。用語「借地権」が問われた過去問のため、解説と条文の対応を確認してください。,借地権とは何ですか？,借地権（しゃくちけん）とは、他人の土地を使用して建物を所有する権利。借地権は、他人の土地を使用して建物を所有する権利です。普通借地権・定期借地権、地上権との違い、借地権の処分・承諾が問われます。,借地権は試験でどう押さえればよいですか？,まず借地権は、他人の土地を使用して建物を所有する権利です。普通借地権・定期借地権、地上権との違い、借地権の処分・承諾が問われます。。 詳しくは、肢では「借地権は、他人の土地を使用して建物を所有する権利です。普通借地権・定期借地権、地上権との違い、借地権の処分・承諾が問われます。」のいずれかが正誤の分かれ目になりやすいです。特に類似制度（期間・要件・効力）の取り違え。数字と条文番号をセットで暗記する。
物上代位,ぶつじょうだいい,権利関係,権利関係,担保物売却代金から優先弁済を受ける権利,担保物売却代金から優先弁済を受ける権利。,,,A,"担保物売却代金から優先弁済を受ける権利。権利関係では誰にどの効果が及ぶか、期間・要件の有無が問われやすいです。関連用語と条文番号を比較表にまとめてください。

肢では「物上代位は、抵当権者が担保不動産の売却代金から優先して弁済を受ける権利です／数字と条文番号をセットで暗記する」のいずれかが正誤の分かれ目になりやすいです。

特に類似制度（期間・要件・効力）の取り違え。条文番号と数字をセットで暗記する。",物上代位とは,担保物売却代金から優先弁済を受ける権利,"担保物売却代金から優先弁済を受ける権利。

担保物売却代金から優先弁済を受ける権利。権利関係では誰にどの効果が及ぶか、期間・要件の有無が問われやすいです。関連用語と条文番号を比較表にまとめてください。

権利関係では「誰に・どのような効果が及ぶか」「期間や要件の有無」を問う肢が多く、単語の意味だけでなく効力の発生・消滅のタイミングまでセットで押さえてください。",物上代位は、抵当権者が担保不動産の売却代金から優先して弁済を受ける権利です;数字と条文番号をセットで暗記する,類似制度（期間・要件・効力）の取り違え。条文番号と数字をセットで暗記する。,「物上代位は、抵当権者が担保不動産の売却代金から優」を起点に、物上代位の表を作って関連用語と並べる。,（2024年 第5問）抵当権に関する次の記述のうち、民法の規定及び判例によれば、正しいものはどれか。,正答は選択肢1です。用語「物上代位」が問われた過去問のため、解説と条文の対応を確認してください。,物上代位とは何ですか？,物上代位（ぶつじょうだいい）とは、担保物売却代金から優先弁済を受ける権利。物上代位は、抵当権者が担保不動産の売却代金から優先して弁済を受ける権利です。代位物の範囲、賃料・保険金への及び方を整理します。,物上代位は試験でどう押さえればよいですか？,まず物上代位は、抵当権者が担保不動産の売却代金から優先して弁済を受ける権利です。代位物の範囲、賃料・保険金への及び方を整理します。。 詳しくは、肢では「物上代位は、抵当権者が担保不動産の売却代金から優先して弁済を受ける権利です。代位物の範囲、賃料・保険金への及び方を整理します。」のいずれかが正誤の分かれ目になりやすいです。特に類似制度（期間・要件・効力）の取り違え。数字と条文番号をセットで暗記する。
譲渡担保,じょうとたんぽ,権利関係,権利関係,債権担保のため所有権を移転する非典型担保,債権担保のため所有権を移転する非典型担保。,,,A,所有権移転型の非典型担保。弁済で回復し、清算義務が争点になります。抵当権・質権との担保の仕組みの違いを表にまとめます。肢では「所有権移転型の担保／弁済で回復／清算義務／抵当権・質権との比較」のいずれかが正誤の分かれ目になりやすいです。,譲渡担保とは,債権担保のため所有権を移転する非典型担保,債権担保のため所有権を移転する非典型担保。所有権移転型の非典型担保。弁済で回復し、清算義務が争点になります。抵当権・質権との担保の仕組みの違いを表にまとめます。権利関係では「誰に・どのような効果が及ぶか」「期間や要件の有無」を問う肢が多く、単語の意味だけでなく効力の発生・消滅のタイミングまでセットで押さえてください。,所有権移転型の担保;弁済で回復;清算義務;抵当権・質権との比較,,「譲渡担保は、債権担保のため債務者が所有権を債権者」を起点に、譲渡担保の表を作って関連用語と並べる。,【学習確認】譲渡担保について、次のうち試験で押さえるべき説明として適切なものはどれか。,要点は「肢では「譲渡担保は、債権担保のため債務者が所有権を債権者に移転し、弁済で回復する非典型担保です」です。権利関係分野の関連用語・過去問演習ページで、条文番号と数値をセットで復習してください。,譲渡担保とは何ですか？,譲渡担保（じょうとたんぽ）とは、債権担保のため所有権を移転する非典型担保。譲渡担保は、債権担保のため債務者が所有権を債権者に移転し、弁済で回復する非典型担保です。抵当権・質権との違い、清算義務が問われます。,譲渡担保は試験でどう押さえればよいですか？,まず譲渡担保は、債権担保のため債務者が所有権を債権者に移転し、弁済で回復する非典型担保です。抵当権・質権との違い、清算義務が問われます。。 詳しくは、肢では「譲渡担保は、債権担保のため債務者が所有権を債権者に移転し、弁済で回復する非典型担保です。抵当権・質権との違い、清算義務が問われます。」のいずれかが正誤の分かれ目になりやすいです。特に類似制度（期間・要件・効力）の取り違え。数字と条文番号をセットで暗記する。
囲繞地権,いりょうちけん,権利関係,権利関係,袋地の所有者が隣地を通行・掘削するための権利,袋地の所有者が隣地を通行・掘削するための権利。,,,A,袋地の所有者が他人の土地を通行・掘削する権利（210条）。相隣関係（214条）・地役権との違い、有償・無償の判断が出題されます。肢では「袋地の通行・掘削／成立要件（袋地・囲繞の状態）／相隣関係との区別／有償・無償」のいずれかが正誤の分かれ目になりやすいです。,囲繞地権とは,袋地の所有者が隣地を通行・掘削するための権利,袋地の所有者が隣地を通行・掘削するための権利。袋地の所有者が他人の土地を通行・掘削する権利（210条）。相隣関係（214条）・地役権との違い、有償・無償の判断が出題されます。権利関係では「誰に・どのような効果が及ぶか」「期間や要件の有無」を問う肢が多く、単語の意味だけでなく効力の発生・消滅のタイミングまでセットで押さえてください。,袋地の通行・掘削;成立要件（袋地・囲繞の状態）;相隣関係との区別;有償・無償,,「囲繞地権は、袋地のために他人の土地を通行・掘削す」を起点に、囲繞地権の表を作って関連用語と並べる。,【学習確認】囲繞地権について、次のうち試験で押さえるべき説明として適切なものはどれか。,要点は「肢では「囲繞地権は、袋地のために他人の土地を通行・掘削する権利です」です。権利関係分野の関連用語・過去問演習ページで、条文番号と数値をセットで復習してください。,囲繞地権とは何ですか？,囲繞地権（いりょうちけん）とは、袋地の所有者が隣地を通行・掘削するための権利。囲繞地権は、袋地のために他人の土地を通行・掘削する権利です。成立要件、有償・無償、通行・掘削の範囲と相隣関係との違いが頻出です。,囲繞地権は試験でどう押さえればよいですか？,まず囲繞地権は、袋地のために他人の土地を通行・掘削する権利です。成立要件、有償・無償、通行・掘削の範囲と相隣関係との違いが頻出です。。 詳しくは、肢では「囲繞地権は、袋地のために他人の土地を通行・掘削する権利です。成立要件、有償・無償、通行・掘削の範囲と相隣関係との違いが頻出です。」のいずれかが正誤の分かれ目になりやすいです。特に類似制度（期間・要件・効力）の取り違え。数字と条文番号をセットで暗記する。
無権代理,むけんだいり,権利関係,権利関係,代理権を有しない者が本人のためにした法律行為,無権代理は、代理権を有しない者が本人のためにした法律行為です。本人の追認がなければ本人に効力は生じず、相手方は催告により追認を求め、追認がないときは本人に対して損害賠償を請求できます（民法117条）。,代理;表見代理;追認,民法第117条,A,無権代理の効力は本人の追認にかかります。追認の期間（1か月）と、追認を求めても応じない場合の損害賠償請求権の要件が肢に出やすいです。表見代理（109–110条）との要件比較は必須です。肢では「本人に効力が及ぶのは追認がある場合のみ／相手方は1か月の期間を定めて追認を催告できる／追認がないときは本人に対し損害賠償を請求できる／表見代理は無権代理の例外として効力が及ぶ」のいずれかが正誤の分かれ目になりやすいです。特に無権代理と表見代理を混同し、代理権がない場合でも常に本人に効力が及ぶと誤る。追認前の相手方の催告権・解除権（118条）と損害賠償（117条2項）の相手方の違いも取り違えやすい。,無権代理とは,代理権を有しない者が本人のためにした法律行為,無権代理は、代理権を有しない者が本人のためにした法律行為です。本人の追認がなければ本人に効力は生じず、相手方は催告により追認を求め、追認がないときは本人に対して損害賠償を請求できます（民法117条）。無権代理の根拠は主に民法第117条にあります。理解を深めるには、代理、表見代理および追認との関係を条文・要件表で並べて整理するのが有効です。権利関係では「誰に・どのような効果が及ぶか」「期間や要件の有無」を問う肢が多く、単語の意味だけでなく効力の発生・消滅のタイミングまでセットで押さえてください。,本人に効力が及ぶのは追認がある場合のみ;相手方は1か月の期間を定めて追認を催告できる;追認がないときは本人に対し損害賠償を請求できる;表見代理は無権代理の例外として効力が及ぶ,無権代理と表見代理を混同し、代理権がない場合でも常に本人に効力が及ぶと誤る。追認前の相手方の催告権・解除権（118条）と損害賠償（117条2項）の相手方の違いも取り違えやすい。,「無権＝追認待ち」。表見は「見た目で本人に帰属」、無権は「本人の意思待ち」と対比表にする。,（2023年 第5問）Aの代理人と称するBがAから代理権を与えられていないのにCと契約を締結した。民法の規定及び判例によれば正しいものはどれか。,正答は選択肢1です。用語「無権代理」が問われた過去問のため、解説と条文の対応を確認してください。,無権代理と表見代理の違いは何ですか？,無権代理は代理権がないのに代理行為をした場合で、原則として本人の追認がなければ効力は及びません。表見代理は、代理権がないにもかかわらず第三者が代理権があると信じる正当の事由がある場合に、本人に効力が及ぶ制度です。,追認を求めても応じないときはどうなりますか？,相手方は、追認を求める旨を定めた期間内に追認の通知がないとき、本人に対して損害賠償を請求できます。これは無権代理人自身への請求とは区別して覚えます。
復代理,ふくだいり,権利関係,権利関係,代理人が選任した再代理人による代理,復代理は、代理人が自己の代理事務の処理を他人に委任した場合の代理です。原則として代理人は復代理人の選任・監督について本人に対して責任を負いますが、本人の許諾またはやむを得ない事由があるときは責任を負いません（民法108条）。,代理;無権代理;委任,民法第108条,A,復代理人がした法律行為の効果は本人に帰属します。問題では「責任の有無」が焦点になり、許諾・やむを得ない事由のいずれかがあるかを判断させる出題が多いです。肢では「復代理人の行為の効果は本人に帰属／原則として選任・監督の責任を代理人が負う／本人の許諾またはやむを得ない事由があれば責任を負わない」のいずれかが正誤の分かれ目になりやすいです。特に復代理を無権代理と混同する。復代理人には代理権があるため効果は本人に帰属するが、代理人の責任の有無が別問題である点を見落とす。,復代理とは,代理人が選任した再代理人による代理,復代理は、代理人が自己の代理事務の処理を他人に委任した場合の代理です。原則として代理人は復代理人の選任・監督について本人に対して責任を負いますが、本人の許諾またはやむを得ない事由があるときは責任を負いません（民法108条）。復代理の根拠は主に民法第108条にあります。理解を深めるには、代理、無権代理および委任との関係を条文・要件表で並べて整理するのが有効です。権利関係では「誰に・どのような効果が及ぶか」「期間や要件の有無」を問う肢が多く、単語の意味だけでなく効力の発生・消滅のタイミングまでセットで押さえてください。,復代理人の行為の効果は本人に帰属;原則として選任・監督の責任を代理人が負う;本人の許諾またはやむを得ない事由があれば責任を負わない,復代理を無権代理と混同する。復代理人には代理権があるため効果は本人に帰属するが、代理人の責任の有無が別問題である点を見落とす。,「復＝代理人が選んだ子代理」。責任は原則あり、許諾・やむを得ないときだけ免除。,（2025年 第1問）代理に関する次の記述のうち、民法の規定によれば、正しいものはどれか。,正答は選択肢3です。用語「復代理」が問われた過去問のため、解説と条文の対応を確認してください。,復代理人に代理権はありますか？,はい。復代理人は代理人が選任した者であり、その行為の効果は本人に帰属します。問題になりやすいのは、代理人が復代理人の選任・監督について責任を負うかどうかです。,復代理は試験でどう押さえればよいですか？,まず復代理人の行為の効果は本人に帰属。次に原則として選任・監督の責任を代理人が負う。 詳しくは、復代理人がした法律行為の効果は本人に帰属します。問題では「責任の有無」が焦点になり、許諾・やむを得ない事由のいずれかがあるかを判断させる出題が多いです。肢では「復代理人の行為の効果は本人に帰属／原則として選任・監督の責任を代理人が負う／本人の許諾またはやむを得ない事由があれば責任を負わない」のいずれかが正誤の分かれ目になりやすいです。特に復代理を無権代理と混同する。復代理人には代理権がある…
背信的悪意者,はいしんてきあくいしゃ,権利関係,権利関係,登記の欠缺を知りながら登記をしない者,背信的悪意者は、物権変動について登記を要する場合に、登記の欠缺を知りながら登記をしない者です。背信的悪意者に対しては、登記の欠缺を主張できません（民法177条ただし書）。,177条の対抗要件;物権変動;登記,民法第177条ただし書,A,177条の対抗要件は「登記＋背信的悪意者でないこと」です。第三者が登記の欠缺を知りながら登記をしない場合、真の権利者は対抗できます。肢では「登記の欠缺を知りながら登記をしない者が背信的悪意者／背信的悪意者には登記の欠缺を主張できない／177条は第三者に対する対抗要件」のいずれかが正誤の分かれ目になりやすいです。特に単に悪意の第三者と理解し、登記を知らなかった場合まで背信的悪意者と誤る。要件は「登記の欠缺を知っていること」に限られる。,背信的悪意者とは,登記の欠缺を知りながら登記をしない者,背信的悪意者は、物権変動について登記を要する場合に、登記の欠缺を知りながら登記をしない者です。背信的悪意者に対しては、登記の欠缺を主張できません（民法177条ただし書）。背信的悪意者の根拠は主に民法第177条ただし書にあります。理解を深めるには、177条の対抗要件、物権変動および登記との関係を条文・要件表で並べて整理するのが有効です。権利関係では「誰に・どのような効果が及ぶか」「期間や要件の有無」を問う肢が多く、単語の意味だけでなく効力の発生・消滅のタイミングまでセットで押さえてください。,登記の欠缺を知りながら登記をしない者が背信的悪意者;背信的悪意者には登記の欠缺を主張できない;177条は第三者に対する対抗要件,単に悪意の第三者と理解し、登記を知らなかった場合まで背信的悪意者と誤る。要件は「登記の欠缺を知っていること」に限られる。,「知って登記しない＝背信的」。善意・悪意ではなく、登記欠缺の認識が鍵。,（2024年 第3問）不動産の物権変動に関する次の記述のうち、民法の規定及び判例によれば、正しいものはどれか。,正答は選択肢2です。用語「背信的悪意者」が問われた過去問のため、解説と条文の対応を確認してください。,背信的悪意者と単なる悪意者は同じですか？,同じではありません。背信的悪意者は、登記を要する物権変動について登記の欠缺を知りながら登記をしない者に限られます。,背信的悪意者は試験でどう押さえればよいですか？,まず登記の欠缺を知りながら登記をしない者が背信的悪意者。次に背信的悪意者には登記の欠缺を主張できない。 詳しくは、177条の対抗要件は「登記＋背信的悪意者でないこと」です。第三者が登記の欠缺を知りながら登記をしない場合、真の権利者は対抗できます。肢では「登記の欠缺を知りながら登記をしない者が背信的悪意者／背信的悪意者には登記の欠缺を主張できない／177条は第三者に対する対抗要件」のいずれかが正誤の分かれ目になりやすいです。特に単に悪意の第三者と理解し、登記を知らなかった場合まで背信的悪意者と誤る。要件…
177条の対抗要件,だい177じょうのたいこうようけん,権利関係,権利関係,不動産の物権変動を第三者に対抗するための登記,177条の対抗要件は、不動産についての物権の得喪及び変更を第三者に対抗するための登記です。登記がなければ第三者に対抗できず、背信的悪意者には登記の欠缺を主張できません。,背信的悪意者;物権変動;本登記,民法第177条,A,二重譲渡・抵当権設定・賃借権設定など、登記を要する物権変動の優劣は177条が基礎です。登記の先後と背信的悪意者の有無をセットで判断する問題が頻出です。肢では「不動産の物権変動は登記により第三者に対抗／登記がなければ第三者に対抗できない／背信的悪意者には登記の欠缺を主張できない」のいずれかが正誤の分かれ目になりやすいです。特に動産の対抗要件（178条：引渡し）と混同する。賃借権の対抗要件（605条の2：建物の引渡し・登記）とも整理が必要。,177条の対抗要件とは,不動産の物権変動を第三者に対抗するための登記,177条の対抗要件は、不動産についての物権の得喪及び変更を第三者に対抗するための登記です。登記がなければ第三者に対抗できず、背信的悪意者には登記の欠缺を主張できません。177条の対抗要件の根拠は主に民法第177条にあります。理解を深めるには、背信的悪意者、物権変動および本登記との関係を条文・要件表で並べて整理するのが有効です。権利関係では「誰に・どのような効果が及ぶか」「期間や要件の有無」を問う肢が多く、単語の意味だけでなく効力の発生・消滅のタイミングまでセットで押さえてください。,不動産の物権変動は登記により第三者に対抗;登記がなければ第三者に対抗できない;背信的悪意者には登記の欠缺を主張できない,動産の対抗要件（178条：引渡し）と混同する。賃借権の対抗要件（605条の2：建物の引渡し・登記）とも整理が必要。,不動産＝登記、動産＝引渡し。177は「登記＋背信悪意でない」。,（2025年 第12問）不動産登記に関する次の記述のうち、正しいものはどれか。,正答は選択肢2です。用語「177条の対抗要件」が問われた過去問のため、解説と条文の対応を確認してください。,177条はいつ使いますか？,不動産について物権の得喪・変更があった場合に、真の権利者が第三者に対してその変動を主張するときの要件です。典型例は二重譲渡や抵当権の優劣です。,177条の対抗要件は試験でどう押さえればよいですか？,まず不動産の物権変動は登記により第三者に対抗。次に登記がなければ第三者に対抗できない。 詳しくは、二重譲渡・抵当権設定・賃借権設定など、登記を要する物権変動の優劣は177条が基礎です。登記の先後と背信的悪意者の有無をセットで判断する問題が頻出です。肢では「不動産の物権変動は登記により第三者に対抗／登記がなければ第三者に対抗できない／背信的悪意者には登記の欠缺を主張できない」のいずれかが正誤の分かれ目になりやすいです。特に動産の対抗要件（178条：引渡し）と混同する。賃借権の対抗要件（6…
詐害行為取消権,さがいこういとりけしけん,権利関係,権利関係,債権者が債務者の詐害行為を取り消す権利,詐害行為取消権は、債権者が債務者の債権者を害することを知ってした行為を取り消し、原状回復を請求する権利です（民法424条）。債権者代位権（債務者の権利行使）とは目的と要件が異なります。,債権者代位権;原状回復,民法第424条,A,債権者代位権との比較が最重要です。代位権は債務者の権利を行使し、詐害行為取消権は債務者の行為自体を取り消します。肢では「債務者が債権者を害することを知ってした行為を取消できる／債権者代位権は債務者の権利行使、詐害行為取消権は行為の取消／原状回復を請求できる」のいずれかが正誤の分かれ目になりやすいです。特に債権者代位権と同一視する。転用の禁止（代位権）や詐害の意思（取消権）など要件の差を混同する。,詐害行為取消権とは,債権者が債務者の詐害行為を取り消す権利,詐害行為取消権は、債権者が債務者の債権者を害することを知ってした行為を取り消し、原状回復を請求する権利です（民法424条）。債権者代位権（債務者の権利行使）とは目的と要件が異なります。詐害行為取消権の根拠は主に民法第424条にあります。理解を深めるには、債権者代位権および原状回復との関係を条文・要件表で並べて整理するのが有効です。権利関係では「誰に・どのような効果が及ぶか」「期間や要件の有無」を問う肢が多く、単語の意味だけでなく効力の発生・消滅のタイミングまでセットで押さえてください。,債務者が債権者を害することを知ってした行為を取消できる;債権者代位権は債務者の権利行使、詐害行為取消権は行為の取消;原状回復を請求できる,債権者代位権と同一視する。転用の禁止（代位権）や詐害の意思（取消権）など要件の差を混同する。,代位＝債務者の権利を代わりに、詐害取消＝悪い行為そのものを無効化。,（2025年 第38問）農地法に関する次の記述のうち、正しいものはどれか。,正答は選択肢3です。用語「詐害行為取消権」が問われた過去問のため、解説と条文の対応を確認してください。,債権者代位権との違いは？,代位権は債務者の権利を債権者が行使して保全する制度です。詐害行為取消権は、債務者が債権者を害する意思でした行為を取り消す制度です。,詐害行為取消権は試験でどう押さえればよいですか？,まず債務者が債権者を害することを知ってした行為を取消できる。次に債権者代位権は債務者の権利行使、詐害行為取消権は行為の取消。 詳しくは、債権者代位権との比較が最重要です。代位権は債務者の権利を行使し、詐害行為取消権は債務者の行為自体を取り消します。肢では「債務者が債権者を害することを知ってした行為を取消できる／債権者代位権は債務者の権利行使、詐害行為取消権は行為の取消／原状回復を請求できる」のいずれかが正誤の分かれ目になりやすいです。特に債権者代位権と同一視する。転用の禁止（代位権）や詐害の意思（取消権）など要件の差を混同…
手付解除,てつけかいじょ,権利関係,権利関係,手付を提供・受領した当事者が契約を解除する制度,手付解除は、手付を交付した者が手付を放棄し、受領した者が手付の倍額を返還することにより契約を解除できる制度です（民法557条）。解約手付と区別して覚える必要があります。,手付倍返;手付没収;売買契約,民法第557条,A,手付の種類（証約手付・解約手付・違約手付・証拠手付）と、宅建業法上の手付上限（売買代金の20％）を並べて整理する問題が出ます。肢では「手付を放棄または倍返することで解除できる／解約手付とは要件・効果が異なる／宅建業法では手付上限が20％」のいずれかが正誤の分かれ目になりやすいです。特に解約手付と手付解除を同一視する。どちらがどの条文か、効果が双方に及ぶか一方かを混同する。,手付解除とは,手付を提供・受領した当事者が契約を解除する制度,手付解除は、手付を交付した者が手付を放棄し、受領した者が手付の倍額を返還することにより契約を解除できる制度です（民法557条）。解約手付と区別して覚える必要があります。手付解除の根拠は主に民法第557条にあります。理解を深めるには、手付倍返、手付没収および売買契約との関係を条文・要件表で並べて整理するのが有効です。権利関係では「誰に・どのような効果が及ぶか」「期間や要件の有無」を問う肢が多く、単語の意味だけでなく効力の発生・消滅のタイミングまでセットで押さえてください。,手付を放棄または倍返することで解除できる;解約手付とは要件・効果が異なる;宅建業法では手付上限が20％,解約手付と手付解除を同一視する。どちらがどの条文か、効果が双方に及ぶか一方かを混同する。,557条＝手付解除（双方可能）。解約手付は別の概念。,（2025年 第46問）印紙税に関する次の記述のうち、正しいものはどれか。,正答は選択肢2です。用語「手付解除」が問われた過去問のため、解説と条文の対応を確認してください。,手付解除は誰ができますか？,手付を交付した者は手付を放棄し、受領した者は倍額を返還することで、いずれも契約を解除できます。,手付解除は試験でどう押さえればよいですか？,まず手付を放棄または倍返することで解除できる。次に解約手付とは要件・効果が異なる。 詳しくは、手付の種類（証約手付・解約手付・違約手付・証拠手付）と、宅建業法上の手付上限（売買代金の20％）を並べて整理する問題が出ます。肢では「手付を放棄または倍返することで解除できる／解約手付とは要件・効果が異なる／宅建業法では手付上限が20％」のいずれかが正誤の分かれ目になりやすいです。特に解約手付と手付解除を同一視する。どちらがどの条文か、効果が双方に及ぶか一方かを混同する。
手付倍返,てつけばいへん,権利関係,権利関係,手付解除において受領者が返還する倍額の手付,手付倍返は、手付を受領した者が手付解除をするために返還すべき手付の倍額です。手付を放棄するか倍額を返還するかのいずれかにより解除が成立します。,手付解除;手付没収,民法第557条,A,手付解除の選択肢は「放棄」と「倍返」の二つ。倍返は受領側の解除手段である点が問われます。肢では「受領者は手付の倍額を返還して解除できる／交付者は手付を放棄して解除できる／倍返と放棄は対応関係にある」のいずれかが正誤の分かれ目になりやすいです。特に倍返を違約金と混同する。没収・倍返しの違約手付（558条）との区別が必要。,手付倍返とは,手付解除において受領者が返還する倍額の手付,手付倍返は、手付を受領した者が手付解除をするために返還すべき手付の倍額です。手付を放棄するか倍額を返還するかのいずれかにより解除が成立します。手付倍返の根拠は主に民法第557条にあります。理解を深めるには、手付解除および手付没収との関係を条文・要件表で並べて整理するのが有効です。権利関係では「誰に・どのような効果が及ぶか」「期間や要件の有無」を問う肢が多く、単語の意味だけでなく効力の発生・消滅のタイミングまでセットで押さえてください。,受領者は手付の倍額を返還して解除できる;交付者は手付を放棄して解除できる;倍返と放棄は対応関係にある,倍返を違約金と混同する。没収・倍返しの違約手付（558条）との区別が必要。,受領者＝倍返、交付者＝放棄。,（2023年 第34問）宅地建物取引業者が自ら売主となる場合の規制（いわゆる8種制限）に関する次の記述のうち、正しいものはどれか。,正答は選択肢1です。用語「手付倍返」が問われた過去問のため、解説と条文の対応を確認してください。,手付倍返とは何ですか？,手付倍返（てつけばいへん）とは、手付解除において受領者が返還する倍額の手付。手付倍返は、手付を受領した者が手付解除をするために返還すべき手付の倍額です。手付を放棄するか倍額を返還するかのいずれかにより解除が成立します。,手付倍返は試験でどう押さえればよいですか？,まず受領者は手付の倍額を返還して解除できる。次に交付者は手付を放棄して解除できる。 詳しくは、手付解除の選択肢は「放棄」と「倍返」の二つ。倍返は受領側の解除手段である点が問われます。肢では「受領者は手付の倍額を返還して解除できる／交付者は手付を放棄して解除できる／倍返と放棄は対応関係にある」のいずれかが正誤の分かれ目になりやすいです。特に倍返を違約金と混同する。没収・倍返しの違約手付（558条）との区別が必要。
遺贈,いぞう,権利関係,権利関係,遺言により受遺者に財産を与える死因処分,遺贈は、遺言により遺言者の死亡により受遺者に財産を与える死因処分です。死因贈与（贈与契約）との違い、遺留分との関係が試験で問われます。,遺言;死因贈与;遺留分,民法第549条;第1024条,A,遺贈は遺言による単独行為、死因贈与は契約です。包括遺贈・特定遺贈の区分と、遺留分侵害の計算にも関係します。肢では「遺言による死因処分が遺贈／死因贈与は契約であり遺言ではない／遺留分の計算に遺贈が関与する」のいずれかが正誤の分かれ目になりやすいです。特に遺贈と死因贈与を同じとみなす。遺言方式の要否の違いを見落とす。,遺贈とは,遺言により受遺者に財産を与える死因処分,遺贈は、遺言により遺言者の死亡により受遺者に財産を与える死因処分です。死因贈与（贈与契約）との違い、遺留分との関係が試験で問われます。遺贈の根拠は主に民法第549条;第1024条にあります。理解を深めるには、遺言、死因贈与および遺留分との関係を条文・要件表で並べて整理するのが有効です。権利関係では「誰に・どのような効果が及ぶか」「期間や要件の有無」を問う肢が多く、単語の意味だけでなく効力の発生・消滅のタイミングまでセットで押さえてください。,遺言による死因処分が遺贈;死因贈与は契約であり遺言ではない;遺留分の計算に遺贈が関与する,遺贈と死因贈与を同じとみなす。遺言方式の要否の違いを見落とす。,遺贈＝遺言、死因贈与＝契約。,（2020年 第2問）Aが死亡し、相続人がB・C・Dの3名（各法定相続分3分の1）である場合に関する次の記述のうち、民法の規定及び判例によれば、正しいものはどれか。,正答は選択肢1です。用語「遺贈」が問われた過去問のため、解説と条文の対応を確認してください。,遺贈と死因贈与の違いは？,遺贈は遺言による処分、死因贈与は贈与者と受贈者の契約です。成立時期と方式の要件が異なります。,遺贈は試験でどう押さえればよいですか？,まず遺言による死因処分が遺贈。次に死因贈与は契約であり遺言ではない。 詳しくは、遺贈は遺言による単独行為、死因贈与は契約です。包括遺贈・特定遺贈の区分と、遺留分侵害の計算にも関係します。肢では「遺言による死因処分が遺贈／死因贈与は契約であり遺言ではない／遺留分の計算に遺贈が関与する」のいずれかが正誤の分かれ目になりやすいです。特に遺贈と死因贈与を同じとみなす。遺言方式の要否の違いを見落とす。
特別受益,とくべつじゅえき,権利関係,権利関係,相続人が被相続人から受けた贈与等を遺産分割で考慮する制度,特別受益は、相続人が被相続人の生前に贈与等により受けた利益を、遺産分割の際に他の相続人との公平を図るため考慮する制度です（民法903条2項・第1091条）。,遺産分割;遺留分;贈与（民法）,民法第903条第2項;第1091条,A,特別受益の持戻し・免除の意思表示、婚姻費用・教育費用の除外などが肢になります。遺留分計算との関係も整理が必要です。肢では「相続人が生前に受けた贈与等を遺産分割で考慮／持戻し・免除の意思表示が可能／婚姻費用・教育費用は特別受益に含まれない場合がある」のいずれかが正誤の分かれ目になりやすいです。特にすべての生前贈与が特別受益になると誤る。除外される費用と持戻しの要否を混同する。,特別受益とは,相続人が被相続人から受けた贈与等を遺産分割で考慮する制度,特別受益は、相続人が被相続人の生前に贈与等により受けた利益を、遺産分割の際に他の相続人との公平を図るため考慮する制度です（民法903条2項・第1091条）。特別受益の根拠は主に民法第903条第2項;第1091条にあります。理解を深めるには、遺産分割、遺留分および贈与（民法）との関係を条文・要件表で並べて整理するのが有効です。権利関係では「誰に・どのような効果が及ぶか」「期間や要件の有無」を問う肢が多く、単語の意味だけでなく効力の発生・消滅のタイミングまでセットで押さえてください。,相続人が生前に受けた贈与等を遺産分割で考慮;持戻し・免除の意思表示が可能;婚姻費用・教育費用は特別受益に含まれない場合がある,すべての生前贈与が特別受益になると誤る。除外される費用と持戻しの要否を混同する。,「特別＝生前にもらった分を相続で調整」。,（2020年 第2問）Aが死亡し、相続人がB・C・Dの3名（各法定相続分3分の1）である場合に関する次の記述のうち、民法の規定及び判例によれば、正しいものはどれか。,正答は選択肢1です。用語「特別受益」が問われた過去問のため、解説と条文の対応を確認してください。,特別受益と遺留分の関係は？,特別受益は遺産分割の公平を図る制度であり、遺留分の計算基礎（遺産）の評価にも影響し得ます。条文ごとの扱いを整理して覚えます。,特別受益は試験でどう押さえればよいですか？,まず相続人が生前に受けた贈与等を遺産分割で考慮。次に持戻し・免除の意思表示が可能。 詳しくは、特別受益の持戻し・免除の意思表示、婚姻費用・教育費用の除外などが肢になります。遺留分計算との関係も整理が必要です。肢では「相続人が生前に受けた贈与等を遺産分割で考慮／持戻し・免除の意思表示が可能／婚姻費用・教育費用は特別受益に含まれない場合がある」のいずれかが正誤の分かれ目になりやすいです。特にすべての生前贈与が特別受益になると誤る。除外される費用と持戻しの要否を混同する。
区分所有者,くぶんしょゆうしゃ,権利関係,権利関係,区分所有建物の専有部分を所有する者,区分所有者は、一棟の建物の構造上区分された数個の部分を独立した所有権の目的とする者です。専有部分・共用部分・管理規約・集会決議と一体で理解します。,専有部分;共用部分;管理規約;集会決議,建物の区分所有等に関する法律,A,区分所有法の三層（専有・共用・管理）をセットで出題します。規約の変更・管理者の選任など集会決議の定足数も頻出です。肢では「専有部分を所有する者が区分所有者／共用部分は区分所有者の共有／管理規約と集会決議で管理する」のいずれかが正誤の分かれ目になりやすいです。特に区分所有権と区分所有建物の所有を混同する。専有部分と共用部分の帰属を誤る。,区分所有者とは,区分所有建物の専有部分を所有する者,区分所有者は、一棟の建物の構造上区分された数個の部分を独立した所有権の目的とする者です。専有部分・共用部分・管理規約・集会決議と一体で理解します。区分所有者の根拠は主に建物の区分所有等に関する法律にあります。理解を深めるには、専有部分、共用部分、管理規約および集会決議との関係を条文・要件表で並べて整理するのが有効です。権利関係では「誰に・どのような効果が及ぶか」「期間や要件の有無」を問う肢が多く、単語の意味だけでなく効力の発生・消滅のタイミングまでセットで押さえてください。,専有部分を所有する者が区分所有者;共用部分は区分所有者の共有;管理規約と集会決議で管理する,区分所有権と区分所有建物の所有を混同する。専有部分と共用部分の帰属を誤る。,区分＝マンションの部屋の所有者。共用はみんなの共有。,（2025年 第8問）区分所有法に関する次の記述のうち、正しいものはどれか。,正答は選択肢2です。用語「区分所有者」が問われた過去問のため、解説と条文の対応を確認してください。,区分所有者と賃借人の違いは？,区分所有者は所有権を有し、賃借人は賃貸借により使用収益する者です。管理規約の適用関係も異なります。,区分所有者は試験でどう押さえればよいですか？,まず専有部分を所有する者が区分所有者。次に共用部分は区分所有者の共有。 詳しくは、区分所有法の三層（専有・共用・管理）をセットで出題します。規約の変更・管理者の選任など集会決議の定足数も頻出です。肢では「専有部分を所有する者が区分所有者／共用部分は区分所有者の共有／管理規約と集会決議で管理する」のいずれかが正誤の分かれ目になりやすいです。特に区分所有権と区分所有建物の所有を混同する。専有部分と共用部分の帰属を誤る。
専有部分,せんゆうぶぶん,権利関係,権利関係,区分所有建物のうち独立した所有権の目的となる部分,専有部分は、区分所有建物のうち、構造上区分され独立した所有権の目的となる部分です。壁・床・天井等の区画が典型例です。,区分所有者;共用部分;区分所有権,建物の区分所有等に関する法律第2条,A,専有部分の変更・増築には共用部分に関する規約・決議が必要となる場合があり、権利関係と法令制限の橋渡し論点になります。肢では「独立した所有権の目的となる部分／共用部分と区別して管理／規約で利用・管理方法を定められる」のいずれかが正誤の分かれ目になりやすいです。特に専有部分に含まれる部分（バルコニー・玄関等）の判断を誤る。,専有部分とは,区分所有建物のうち独立した所有権の目的となる部分,専有部分は、区分所有建物のうち、構造上区分され独立した所有権の目的となる部分です。壁・床・天井等の区画が典型例です。専有部分の根拠は主に建物の区分所有等に関する法律第2条にあります。理解を深めるには、区分所有者、共用部分および区分所有権との関係を条文・要件表で並べて整理するのが有効です。権利関係では「誰に・どのような効果が及ぶか」「期間や要件の有無」を問う肢が多く、単語の意味だけでなく効力の発生・消滅のタイミングまでセットで押さえてください。,独立した所有権の目的となる部分;共用部分と区別して管理;規約で利用・管理方法を定められる,専有部分に含まれる部分（バルコニー・玄関等）の判断を誤る。,専有＝自分の部屋の中核。共用＝廊下・階段など。,（2025年 第8問）区分所有法に関する次の記述のうち、正しいものはどれか。,正答は選択肢2です。用語「専有部分」が問われた過去問のため、解説と条文の対応を確認してください。,専有部分とは何ですか？,専有部分（せんゆうぶぶん）とは、区分所有建物のうち独立した所有権の目的となる部分。専有部分は、区分所有建物のうち、構造上区分され独立した所有権の目的となる部分です。壁・床・天井等の区画が典型例です。,専有部分は試験でどう押さえればよいですか？,まず独立した所有権の目的となる部分。次に共用部分と区別して管理。 詳しくは、専有部分の変更・増築には共用部分に関する規約・決議が必要となる場合があり、権利関係と法令制限の橋渡し論点になります。肢では「独立した所有権の目的となる部分／共用部分と区別して管理／規約で利用・管理方法を定められる」のいずれかが正誤の分かれ目になりやすいです。特に専有部分に含まれる部分（バルコニー・玄関等）の判断を誤る。
共用部分,きょうようぶぶん,権利関係,権利関係,区分所有建物のうち区分所有者が共有する部分,共用部分は、区分所有建物のうち専有部分以外の部分で、区分所有者の共有に属します。廊下・階段・エントランス等が該当します。,専有部分;区分所有者;管理規約,建物の区分所有等に関する法律,A,共用部分の変更・管理費用の負担・管理組合の権限が実務・試験の両方で重要です。肢では「専有部分以外は原則共用部分／区分所有者全員の共有／管理費用は規約・決議で負担」のいずれかが正誤の分かれ目になりやすいです。特に専有部分と共用部分の帰属を逆にする。管理組合の権限範囲を過大に理解する。,共用部分とは,区分所有建物のうち区分所有者が共有する部分,共用部分は、区分所有建物のうち専有部分以外の部分で、区分所有者の共有に属します。廊下・階段・エントランス等が該当します。共用部分の根拠は主に建物の区分所有等に関する法律にあります。理解を深めるには、専有部分、区分所有者および管理規約との関係を条文・要件表で並べて整理するのが有効です。権利関係では「誰に・どのような効果が及ぶか」「期間や要件の有無」を問う肢が多く、単語の意味だけでなく効力の発生・消滅のタイミングまでセットで押さえてください。,専有部分以外は原則共用部分;区分所有者全員の共有;管理費用は規約・決議で負担,専有部分と共用部分の帰属を逆にする。管理組合の権限範囲を過大に理解する。,共用＝みんなで持つ「あいだ」の部分。,（2025年 第8問）区分所有法に関する次の記述のうち、正しいものはどれか。,正答は選択肢2です。用語「共用部分」が問われた過去問のため、解説と条文の対応を確認してください。,共用部分とは何ですか？,共用部分（きょうようぶぶん）とは、区分所有建物のうち区分所有者が共有する部分。共用部分は、区分所有建物のうち専有部分以外の部分で、区分所有者の共有に属します。廊下・階段・エントランス等が該当します。,共用部分は試験でどう押さえればよいですか？,まず専有部分以外は原則共用部分。次に区分所有者全員の共有。 詳しくは、共用部分の変更・管理費用の負担・管理組合の権限が実務・試験の両方で重要です。肢では「専有部分以外は原則共用部分／区分所有者全員の共有／管理費用は規約・決議で負担」のいずれかが正誤の分かれ目になりやすいです。特に専有部分と共用部分の帰属を逆にする。管理組合の権限範囲を過大に理解する。
借地権買取請求権,しゃくちけんばいとりせいきゅうけん,権利関係,権利関係,借地権設定者が建物所有を目的とする借地権を買い取る権利,借地権買取請求権は、借地権設定者が自己の使用収益の必要により、建物所有を目的とする借地権を買い取ることができる権利です（借地法第3条の2）。,借地権;建物再築;正当事由,借地借家法第3条の2,A,正当事由・更新拒絶・買取請求権の要件と効果を借地借家法の表で整理します。立退料との関係も出ます。肢では「借地権設定者が借地権を買い取れる／自己の使用収益の必要が要件／建物所有を目的とする借地権が対象」のいずれかが正誤の分かれ目になりやすいです。特に借地人の買取請求と混同する。正当事由との関係を誤解する。,借地権買取請求権とは,借地権設定者が建物所有を目的とする借地権を買い取る権利,借地権買取請求権は、借地権設定者が自己の使用収益の必要により、建物所有を目的とする借地権を買い取ることができる権利です（借地法第3条の2）。借地権買取請求権の根拠は主に借地借家法第3条の2にあります。理解を深めるには、借地権、建物再築および正当事由との関係を条文・要件表で並べて整理するのが有効です。権利関係では「誰に・どのような効果が及ぶか」「期間や要件の有無」を問う肢が多く、単語の意味だけでなく効力の発生・消滅のタイミングまでセットで押さえてください。,借地権設定者が借地権を買い取れる;自己の使用収益の必要が要件;建物所有を目的とする借地権が対象,借地人の買取請求と混同する。正当事由との関係を誤解する。,買取＝地主が借地権を買う（地主側の権利）。,（2025年 第6問）借地権の対抗力に関する次の記述のうち、借地借家法の規定によれば、正しいものはどれか。,正答は選択肢2です。用語「借地権買取請求権」が問われた過去問のため、解説と条文の対応を確認してください。,借地権買取請求権は誰が行使しますか？,借地権設定者（地主）が行使します。借地人が地主に買い取ってもらう制度ではありません。,借地権買取請求権は試験でどう押さえればよいですか？,まず借地権設定者が借地権を買い取れる。次に自己の使用収益の必要が要件。 詳しくは、正当事由・更新拒絶・買取請求権の要件と効果を借地借家法の表で整理します。立退料との関係も出ます。肢では「借地権設定者が借地権を買い取れる／自己の使用収益の必要が要件／建物所有を目的とする借地権が対象」のいずれかが正誤の分かれ目になりやすいです。特に借地人の買取請求と混同する。正当事由との関係を誤解する。
立退料,りったいりょう,権利関係,権利関係,借地借家の更新拒絶等により借地人・借家人が受ける補償金,立退料は、借地借家法上の更新拒絶・買取等により借地人・借家人が受ける補償の趣旨の金銭です。正当事由の存否と金額算定が争点になります。,正当事由;更新拒絶の正当な事由;借地権買取請求権,借地借家法,A,立退料の支払いと正当事由の関係、建物の再築・買取との選択肢が出題されます。肢では「更新拒絶等に伴い補償の趣旨で支払われる／正当事由の存否が前提／借地・借家で規定が異なる場合がある」のいずれかが正誤の分かれ目になりやすいです。特に立退料を常に支払われると誤る。正当事由がない場合の更新拒絶の効力と混同する。,立退料とは,借地借家の更新拒絶等により借地人・借家人が受ける補償金,立退料は、借地借家法上の更新拒絶・買取等により借地人・借家人が受ける補償の趣旨の金銭です。正当事由の存否と金額算定が争点になります。立退料の根拠は主に借地借家法にあります。理解を深めるには、正当事由、更新拒絶の正当な事由および借地権買取請求権との関係を条文・要件表で並べて整理するのが有効です。権利関係では「誰に・どのような効果が及ぶか」「期間や要件の有無」を問う肢が多く、単語の意味だけでなく効力の発生・消滅のタイミングまでセットで押さえてください。,更新拒絶等に伴い補償の趣旨で支払われる;正当事由の存否が前提;借地・借家で規定が異なる場合がある,立退料を常に支払われると誤る。正当事由がない場合の更新拒絶の効力と混同する。,立退＝出ていく代わりの補償。正当事由とセット。,（2024年 第4問）賃貸借に関する次の記述のうち、民法及び借地借家法の規定によれば、正しいものはどれか。,正答は選択肢3です。用語「立退料」が問われた過去問のため、解説と条文の対応を確認してください。,立退料とは何ですか？,立退料（りったいりょう）とは、借地借家の更新拒絶等により借地人・借家人が受ける補償金。立退料は、借地借家法上の更新拒絶・買取等により借地人・借家人が受ける補償の趣旨の金銭です。正当事由の存否と金額算定が争点になります。,立退料は試験でどう押さえればよいですか？,まず更新拒絶等に伴い補償の趣旨で支払われる。次に正当事由の存否が前提。 詳しくは、立退料の支払いと正当事由の関係、建物の再築・買取との選択肢が出題されます。肢では「更新拒絶等に伴い補償の趣旨で支払われる／正当事由の存否が前提／借地・借家で規定が異なる場合がある」のいずれかが正誤の分かれ目になりやすいです。特に立退料を常に支払われると誤る。正当事由がない場合の更新拒絶の効力と混同する。
根抵当権の極度額,こんていとうけんのきょくどがく,権利関係,権利関係,根抵当権で担保される債権の上限額,極度額は、根抵当権が担保する債権の上限額です。元本の確定前は極度額の範囲内で随時に債権額が変動し、確定後は確定した元本額が担保されます。,根抵当権;抵当権;物上代位,民法第398条の2,A,極度額の変更・元本確定・共同根抵当の順位が頻出です。普通抵当権との違い（被担保債権の特定）を明確にします。肢では「極度額は担保される債権の上限／元本確定前は債権額が変動し得る／極度額の変更には抵当権者の同意が必要」のいずれかが正誤の分かれ目になりやすいです。特に極度額を確定した元本と混同する。元本確定の事由を誤る。,根抵当権の極度額とは,根抵当権で担保される債権の上限額,極度額は、根抵当権が担保する債権の上限額です。元本の確定前は極度額の範囲内で随時に債権額が変動し、確定後は確定した元本額が担保されます。根抵当権の極度額の根拠は主に民法第398条の2にあります。理解を深めるには、根抵当権、抵当権および物上代位との関係を条文・要件表で並べて整理するのが有効です。権利関係では「誰に・どのような効果が及ぶか」「期間や要件の有無」を問う肢が多く、単語の意味だけでなく効力の発生・消滅のタイミングまでセットで押さえてください。,極度額は担保される債権の上限;元本確定前は債権額が変動し得る;極度額の変更には抵当権者の同意が必要,極度額を確定した元本と混同する。元本確定の事由を誤る。,極度＝上限の枠。確定＝枠の中身が固定。,（2025年 第44問）登録免許税に関する次の記述のうち、正しいものはどれか。,正答は選択肢3です。用語「根抵当権の極度額」が問われた過去問のため、解説と条文の対応を確認してください。,極度額と元本確定の関係は？,元本確定前は極度額の範囲内で債権額が変動します。確定後は確定した元本額について担保が実行されます。,根抵当権の極度額は試験でどう押さえればよいですか？,まず極度額は担保される債権の上限。次に元本確定前は債権額が変動し得る。 詳しくは、極度額の変更・元本確定・共同根抵当の順位が頻出です。普通抵当権との違い（被担保債権の特定）を明確にします。肢では「極度額は担保される債権の上限／元本確定前は債権額が変動し得る／極度額の変更には抵当権者の同意が必要」のいずれかが正誤の分かれ目になりやすいです。特に極度額を確定した元本と混同する。元本確定の事由を誤る。
14条書面,だい14じょうしょめん,宅建業法,宅建業法,契約の申込み・その承諾の際に交付する書面,14条書面は、宅地建物取引業者が契約の申込み又はその承諾をした場合に、相手方に交付しなければならない書面です（宅建業法第14条）。記載事項と交付時期が試験頻出です。,37条書面;35条書面;8条書面,宅地建物取引業法第14条,A,35条書面（重説）・37条書面（契約書）・8条書面（媒介契約）との交付タイミングの違いを表にまとめることが必須です。肢では「申込み又は承諾の際に交付／記載事項を条文で確認／35条・37条書面と交付時期が異なる」のいずれかが正誤の分かれ目になりやすいです。特に14条と37条の交付時期を混同する。媒介契約の8条書面と混同する。,14条書面とは,契約の申込み・その承諾の際に交付する書面,14条書面は、宅地建物取引業者が契約の申込み又はその承諾をした場合に、相手方に交付しなければならない書面です（宅建業法第14条）。記載事項と交付時期が試験頻出です。14条書面の根拠は主に宅地建物取引業法第14条にあります。理解を深めるには、37条書面、35条書面および8条書面との関係を条文・要件表で並べて整理するのが有効です。宅建業法では書面交付の時期、記載事項、監督処分の段階など、手続の順序と義務者（業者・宅建士）の区別が問われやすいです。,申込み又は承諾の際に交付;記載事項を条文で確認;35条・37条書面と交付時期が異なる,14条と37条の交付時期を混同する。媒介契約の8条書面と混同する。,14＝申込・承諾、37＝契約成立、35＝重説、8＝媒介。,（2025年 第19問）37条書面に関する次の記述のうち、正しいものはどれか。,正答は選択肢1です。用語「14条書面」が問われた過去問のため、解説と条文の対応を確認してください。,14条書面はいつ交付しますか？,契約の申込み又はその承諾をした場合に交付します。契約書（37条）の交付時期とは異なります。,14条書面は試験でどう押さえればよいですか？,まず申込み又は承諾の際に交付。次に記載事項を条文で確認。 詳しくは、35条書面（重説）・37条書面（契約書）・8条書面（媒介契約）との交付タイミングの違いを表にまとめることが必須です。肢では「申込み又は承諾の際に交付／記載事項を条文で確認／35条・37条書面と交付時期が異なる」のいずれかが正誤の分かれ目になりやすいです。特に14条と37条の交付時期を混同する。媒介契約の8条書面と混同する。
8条書面,だい8じょうしょめん,宅建業法,宅建業法,媒介契約締結時に交付する書面,8条書面は、宅地建物取引業者が媒介契約を締結した場合に交付する書面です（宅建業法第8条）。依頼の内容・報酬・契約期間等の記載事項が問われます。,媒介契約の種類;14条書面;35条書面,宅地建物取引業法第8条,A,一般・専任・専属専任の媒介契約とセットで、8条書面の記載事項・交付義務を覚えます。肢では「媒介契約締結時に交付／記載事項は8条に定める／専任・専属専任ではレインズ登録等の義務も発生」のいずれかが正誤の分かれ目になりやすいです。特に8条書面を契約成立時の37条書面と混同する。,8条書面とは,媒介契約締結時に交付する書面,8条書面は、宅地建物取引業者が媒介契約を締結した場合に交付する書面です（宅建業法第8条）。依頼の内容・報酬・契約期間等の記載事項が問われます。8条書面の根拠は主に宅地建物取引業法第8条にあります。理解を深めるには、媒介契約の種類、14条書面および35条書面との関係を条文・要件表で並べて整理するのが有効です。宅建業法では書面交付の時期、記載事項、監督処分の段階など、手続の順序と義務者（業者・宅建士）の区別が問われやすいです。,媒介契約締結時に交付;記載事項は8条に定める;専任・専属専任ではレインズ登録等の義務も発生,8条書面を契約成立時の37条書面と混同する。,8＝媒介のとき。,（2020年 第37問）宅地建物取引業法に規定する重要事項説明書（35条書面）の記載事項に関する次の記述のうち、正しいものはどれか。,正答は選択肢2です。用語「8条書面」が問われた過去問のため、解説と条文の対応を確認してください。,8条書面とは何ですか？,8条書面（だい8じょうしょめん）とは、媒介契約締結時に交付する書面。8条書面は、宅地建物取引業者が媒介契約を締結した場合に交付する書面です（宅建業法第8条）。依頼の内容・報酬・契約期間等の記載事項が問われます。,8条書面は試験でどう押さえればよいですか？,まず媒介契約締結時に交付。次に記載事項は8条に定める。 詳しくは、一般・専任・専属専任の媒介契約とセットで、8条書面の記載事項・交付義務を覚えます。肢では「媒介契約締結時に交付／記載事項は8条に定める／専任・専属専任ではレインズ登録等の義務も発生」のいずれかが正誤の分かれ目になりやすいです。特に8条書面を契約成立時の37条書面と混同する。
35条書面,だい35じょうしょめん,宅建業法,宅建業法,重要事項説明の記載書面（重説書面）,35条書面は、宅地建物取引士が重要事項を説明した際に記載し、宅建業者が交付する書面です（宅建業法第35条）。重説の記載事項・説明時期・宅建士記名押印が最重要です。,重要事項説明（35条書面）;IT重説;37条書面,宅地建物取引業法第35条,A,重要事項説明（35条書面）の記事と内容を補完する関係です。説明のタイミング（契約成立前）と記載事項の網羅が頻出です。肢では「契約成立前に重要事項を説明し記載・交付／宅建士が記名押印／記載事項は35条・施行規則で確認」のいずれかが正誤の分かれ目になりやすいです。特に37条書面と同時交付と誤る。IT重説の追加要件を見落とす。,35条書面とは,重要事項説明の記載書面（重説書面）,35条書面は、宅地建物取引士が重要事項を説明した際に記載し、宅建業者が交付する書面です（宅建業法第35条）。重説の記載事項・説明時期・宅建士記名押印が最重要です。35条書面の根拠は主に宅地建物取引業法第35条にあります。理解を深めるには、重要事項説明（35条書面）、IT重説および37条書面との関係を条文・要件表で並べて整理するのが有効です。宅建業法では書面交付の時期、記載事項、監督処分の段階など、手続の順序と義務者（業者・宅建士）の区別が問われやすいです。,契約成立前に重要事項を説明し記載・交付;宅建士が記名押印;記載事項は35条・施行規則で確認,37条書面と同時交付と誤る。IT重説の追加要件を見落とす。,35＝重説（説明してから契約）。,（2025年 第19問）37条書面に関する次の記述のうち、正しいものはどれか。,正答は選択肢1です。用語「35条書面」が問われた過去問のため、解説と条文の対応を確認してください。,35条書面と重要事項説明の関係は？,35条書面は重要事項説明を文書化したものです。宅建士による説明と宅建業者による交付がセットです。,35条書面は試験でどう押さえればよいですか？,まず契約成立前に重要事項を説明し記載・交付。次に宅建士が記名押印。 詳しくは、重要事項説明（35条書面）の記事と内容を補完する関係です。説明のタイミング（契約成立前）と記載事項の網羅が頻出です。肢では「契約成立前に重要事項を説明し記載・交付／宅建士が記名押印／記載事項は35条・施行規則で確認」のいずれかが正誤の分かれ目になりやすいです。特に37条書面と同時交付と誤る。IT重説の追加要件を見落とす。
正当事由,せいとうじゆう,権利関係,権利関係,借地借家法上の更新拒絶・買取等に必要な正当な理由,正当事由は、借地借家法において借地権・借家権の更新拒絶や借地権買取請求等に必要とされる正当な理由です。更新拒絶の正当な事由との関係を条文ごとに整理して覚えます。,更新拒絶の正当な事由;立退料;借地権買取請求権,借地借家法,A,「正当事由の存否」「更新拒絶の正当な事由」は類似用語ですが、適用場面（借地・借家・買取）を条文で区別する問題が出ます。肢では「更新拒絶・買取等に必要な正当な理由／借地・借家で要件が異なる場合がある／立退料・買取請求権とセットで出題」のいずれかが正誤の分かれ目になりやすいです。特に正当事由があれば常に更新拒絶できると誤る。正当な事由との条文上の違いを混同する。,正当事由とは,借地借家法上の更新拒絶・買取等に必要な正当な理由,正当事由は、借地借家法において借地権・借家権の更新拒絶や借地権買取請求等に必要とされる正当な理由です。更新拒絶の正当な事由との関係を条文ごとに整理して覚えます。正当事由の根拠は主に借地借家法にあります。理解を深めるには、更新拒絶の正当な事由、立退料および借地権買取請求権との関係を条文・要件表で並べて整理するのが有効です。権利関係では「誰に・どのような効果が及ぶか」「期間や要件の有無」を問う肢が多く、単語の意味だけでなく効力の発生・消滅のタイミングまでセットで押さえてください。,更新拒絶・買取等に必要な正当な理由;借地・借家で要件が異なる場合がある;立退料・買取請求権とセットで出題,正当事由があれば常に更新拒絶できると誤る。正当な事由との条文上の違いを混同する。,正当事由＝更新を断れる「理由がある」状態。,（2024年 第4問）賃貸借に関する次の記述のうち、民法及び借地借家法の規定によれば、正しいものはどれか。,正答は選択肢3です。用語「正当事由」が問われた過去問のため、解説と条文の対応を確認してください。,正当事由と更新拒絶の正当な事由は同じですか？,試験では類似の概念として扱われますが、適用する条文・場面（借地・借家・買取等）を条文表で区別して整理してください。,正当事由は試験でどう押さえればよいですか？,まず更新拒絶・買取等に必要な正当な理由。次に借地・借家で要件が異なる場合がある。 詳しくは、「正当事由の存否」「更新拒絶の正当な事由」は類似用語ですが、適用場面（借地・借家・買取）を条文で区別する問題が出ます。肢では「更新拒絶・買取等に必要な正当な理由／借地・借家で要件が異なる場合がある／立退料・買取請求権とセットで出題」のいずれかが正誤の分かれ目になりやすいです。特に正当事由があれば常に更新拒絶できると誤る。正当な事由との条文上の違いを混同する。
白紙委任状,はくしにんじょうじょう,宅建業法,宅建業法,記載事項が空欄のまま交付してはならない委任状,記載事項が空欄のまま交付してはならない委任状。,媒介契約の種類;8条書面,宅地建物取引業法,A,記載事項が空欄のまま交付される委任状。宅建業法・宅建士法で禁止・規制されます。37条書面・8条書面の記載事項との関係で出題されます。肢では「白紙委任状の交付禁止／宅建士・業者の責任／37条・8条書面との関係／監督処分・罰則」のいずれかが正誤の分かれ目になりやすいです。,白紙委任状とは,記載事項が空欄のまま交付してはならない委任状,記載事項が空欄のまま交付してはならない委任状。記載事項が空欄のまま交付される委任状。宅建業法・宅建士法で禁止・規制されます。37条書面・8条書面の記載事項との関係で出題されます。白紙委任状の根拠は主に宅地建物取引業法にあります。理解を深めるには、媒介契約の種類および8条書面との関係を条文・要件表で並べて整理するのが有効です。宅建業法では書面交付の時期、記載事項、監督処分の段階など、手続の順序と義務者（業者・宅建士）の区別が問われやすいです。,白紙委任状の交付禁止;宅建士・業者の責任;37条・8条書面との関係;監督処分・罰則,,白紙＝NG。記載完備が原則。,【学習確認】白紙委任状について、次のうち試験で押さえるべき説明として適切なものはどれか。,要点は「白紙委任状の交付は禁止」です。宅建業法分野の関連用語・過去問演習ページで、条文番号と数値をセットで復習してください。,白紙委任状とは何ですか？,白紙委任状（はくしにんじょうじょう）とは、記載事項が空欄のまま交付してはならない委任状。白紙委任状は、委任状の必要記載事項が記載されていない状態で交付することです。宅建業法上、白紙委任状の交付は禁止されています。,白紙委任状は試験でどう押さえればよいですか？,まず白紙委任状の交付は禁止。次に記載事項を完備して交付。 詳しくは、依頼者保護の観点から、記載のない委任状による一方的な条件追加を防ぐ規制です。肢では「白紙委任状の交付は禁止／記載事項を完備して交付／依頼者・業者双方の保護」のいずれかが正誤の分かれ目になりやすいです。特に白紙委任状を合法と誤る。
業務停止命令,ぎょうむていしめいれい,宅建業法,宅建業法,監督官庁が業者に対し一定期間業務停止を命じる処分,業務停止命令は、宅建業者が法令に違反した場合等に、都道府県知事等が一定期間業務の停止を命じる監督処分です。免許の取消しより軽い処分です。,免許の取消;指示処分;監督処分,宅地建物取引業法第47条,A,監督処分の段階（指示→業務停止→免許取消）と処分要件を整理します。肢では「法令違反等に対する監督処分／一定期間業務を停止／免許取消より軽い」のいずれかが正誤の分かれ目になりやすいです。特に業務停止と免許取消を同一視する。処分期間・要件を混同する。,業務停止命令とは,監督官庁が業者に対し一定期間業務停止を命じる処分,業務停止命令は、宅建業者が法令に違反した場合等に、都道府県知事等が一定期間業務の停止を命じる監督処分です。免許の取消しより軽い処分です。業務停止命令の根拠は主に宅地建物取引業法第47条にあります。理解を深めるには、免許の取消、指示処分および監督処分との関係を条文・要件表で並べて整理するのが有効です。宅建業法では書面交付の時期、記載事項、監督処分の段階など、手続の順序と義務者（業者・宅建士）の区別が問われやすいです。,法令違反等に対する監督処分;一定期間業務を停止;免許取消より軽い,業務停止と免許取消を同一視する。処分期間・要件を混同する。,停止＜取消。段階を順に覚える。,（2025年 第29問）宅建士の業務停止・登録消除に関する次の記述のうち、正しいものはどれか。,正答は選択肢1です。用語「業務停止命令」が問われた過去問のため、解説と条文の対応を確認してください。,業務停止命令とは何ですか？,業務停止命令（ぎょうむていしめいれい）とは、監督官庁が業者に対し一定期間業務停止を命じる処分。業務停止命令は、宅建業者が法令に違反した場合等に、都道府県知事等が一定期間業務の停止を命じる監督処分です。免許の取消しより軽い処分です。,業務停止命令は試験でどう押さえればよいですか？,まず法令違反等に対する監督処分。次に一定期間業務を停止。 詳しくは、監督処分の段階（指示→業務停止→免許取消）と処分要件を整理します。肢では「法令違反等に対する監督処分／一定期間業務を停止／免許取消より軽い」のいずれかが正誤の分かれ目になりやすいです。特に業務停止と免許取消を同一視する。処分期間・要件を混同する。
免許の取消,めんきょのとりけし,宅建業法,宅建業法,宅建業の免許を剥奪する最重の監督処分,免許の取消は、宅建業者が重大な違反をした場合等に、その免許を剥奪する監督処分です。欠格事由・再免許申請の制限も問われます。,業務停止命令;監督処分;免許の更新,宅地建物取引業法第47条,A,免許の欠格事由（48条）と取消の関係、取消後の再申請制限が頻出です。肢では「重大違反に対する最重の監督処分／欠格事由との関係／取消後の再免許に制限がある」のいずれかが正誤の分かれ目になりやすいです。特に業務停止と同じ効果と誤る。欠格事由の期間を混同する。,免許の取消とは,宅建業の免許を剥奪する最重の監督処分,免許の取消は、宅建業者が重大な違反をした場合等に、その免許を剥奪する監督処分です。欠格事由・再免許申請の制限も問われます。免許の取消の根拠は主に宅地建物取引業法第47条にあります。理解を深めるには、業務停止命令、監督処分および免許の更新との関係を条文・要件表で並べて整理するのが有効です。宅建業法では書面交付の時期、記載事項、監督処分の段階など、手続の順序と義務者（業者・宅建士）の区別が問われやすいです。,重大違反に対する最重の監督処分;欠格事由との関係;取消後の再免許に制限がある,業務停止と同じ効果と誤る。欠格事由の期間を混同する。,取消＝免許そのものがなくなる。,（2025年 第29問）宅建士の業務停止・登録消除に関する次の記述のうち、正しいものはどれか。,正答は選択肢1です。用語「免許の取消」が問われた過去問のため、解説と条文の対応を確認してください。,免許の取消とは何ですか？,免許の取消（めんきょのとりけし）とは、宅建業の免許を剥奪する最重の監督処分。免許の取消は、宅建業者が重大な違反をした場合等に、その免許を剥奪する監督処分です。欠格事由・再免許申請の制限も問われます。,免許の取消は試験でどう押さえればよいですか？,まず重大違反に対する最重の監督処分。次に欠格事由との関係。 詳しくは、免許の欠格事由（48条）と取消の関係、取消後の再申請制限が頻出です。肢では「重大違反に対する最重の監督処分／欠格事由との関係／取消後の再免許に制限がある」のいずれかが正誤の分かれ目になりやすいです。特に業務停止と同じ効果と誤る。欠格事由の期間を混同する。
指示処分,しじしょぶん,宅建業法,宅建業法,監督官庁が業者に対し法令遵守等を指示する処分,指示処分は、宅建業者に対し法令の遵守・業務の適正化等を指示する監督処分です。業務停止・免許取消に先立つ軽い処分として出題されます。,業務停止命令;免許の取消;監督処分,宅地建物取引業法第47条,A,監督処分の序列を「指示→業務停止→免許取消」で覚えます。肢では「法令遵守等を指示する軽い処分／業務停止・免許取消より先に行われ得る／改善を促す」のいずれかが正誤の分かれ目になりやすいです。特に指示処分で免許が当然に取消になると誤る。,指示処分とは,監督官庁が業者に対し法令遵守等を指示する処分,指示処分は、宅建業者に対し法令の遵守・業務の適正化等を指示する監督処分です。業務停止・免許取消に先立つ軽い処分として出題されます。指示処分の根拠は主に宅地建物取引業法第47条にあります。理解を深めるには、業務停止命令、免許の取消および監督処分との関係を条文・要件表で並べて整理するのが有効です。宅建業法では書面交付の時期、記載事項、監督処分の段階など、手続の順序と義務者（業者・宅建士）の区別が問われやすいです。,法令遵守等を指示する軽い処分;業務停止・免許取消より先に行われ得る;改善を促す,指示処分で免許が当然に取消になると誤る。,指示→停止→取消の三段階。,（2025年 第29問）宅建士の業務停止・登録消除に関する次の記述のうち、正しいものはどれか。,正答は選択肢1です。用語「指示処分」が問われた過去問のため、解説と条文の対応を確認してください。,指示処分とは何ですか？,指示処分（しじしょぶん）とは、監督官庁が業者に対し法令遵守等を指示する処分。指示処分は、宅建業者に対し法令の遵守・業務の適正化等を指示する監督処分です。業務停止・免許取消に先立つ軽い処分として出題されます。,指示処分は試験でどう押さえればよいですか？,まず法令遵守等を指示する軽い処分。次に業務停止・免許取消より先に行われ得る。 詳しくは、監督処分の序列を「指示→業務停止→免許取消」で覚えます。肢では「法令遵守等を指示する軽い処分／業務停止・免許取消より先に行われ得る／改善を促す」のいずれかが正誤の分かれ目になりやすいです。特に指示処分で免許が当然に取消になると誤る。
過料,かりょう,宅建業法,宅建業法,軽微な違反に対する金銭的制裁,過料は、宅建業法違反のうち軽微な行為に対し科される金銭的制裁です。罰金（刑事）・罰則（行政）との用語の区別に注意します。,宅建業法違反;罰則;監督処分,宅地建物取引業法,A,過料の対象行為と金額、罰金との違いが統計問題・法令問題で出ます。肢では「軽微な違反に対する金銭制裁／罰金（刑事）とは異なる／対象条文を確認」のいずれかが正誤の分かれ目になりやすいです。特に過料と罰金を混同する。,過料とは,軽微な違反に対する金銭的制裁,過料は、宅建業法違反のうち軽微な行為に対し科される金銭的制裁です。罰金（刑事）・罰則（行政）との用語の区別に注意します。過料の根拠は主に宅地建物取引業法にあります。理解を深めるには、宅建業法違反、罰則および監督処分との関係を条文・要件表で並べて整理するのが有効です。宅建業法では書面交付の時期、記載事項、監督処分の段階など、手続の順序と義務者（業者・宅建士）の区別が問われやすいです。,軽微な違反に対する金銭制裁;罰金（刑事）とは異なる;対象条文を確認,過料と罰金を混同する。,過料＝行政のお小遣い制裁。罰金＝刑事。,（2025年 第29問）宅建士の業務停止・登録消除に関する次の記述のうち、正しいものはどれか。,正答は選択肢1です。用語「過料」が問われた過去問のため、解説と条文の対応を確認してください。,過料とは何ですか？,過料（かりょう）とは、軽微な違反に対する金銭的制裁。過料は、宅建業法違反のうち軽微な行為に対し科される金銭的制裁です。罰金（刑事）・罰則（行政）との用語の区別に注意します。,過料は試験でどう押さえればよいですか？,まず軽微な違反に対する金銭制裁。次に罰金（刑事）とは異なる。 詳しくは、過料の対象行為と金額、罰金との違いが統計問題・法令問題で出ます。肢では「軽微な違反に対する金銭制裁／罰金（刑事）とは異なる／対象条文を確認」のいずれかが正誤の分かれ目になりやすいです。特に過料と罰金を混同する。
宅建業法違反,たっけんぎょうほういはん,宅建業法,宅建業法,宅地建物取引業法に違反する行為全般,宅建業法違反は、免許・業務規制・書面交付・広告・報酬等に関する宅建業法の規定に反する行為を指します。違反の類型ごとに監督処分・罰則が定められます。,過料;業務停止命令;免許の取消,宅地建物取引業法,A,違反類型と処分・罰則の対応表を作成すると得点しやすくなります。肢では「違反の類型により監督処分・罰則が異なる／書面不交付・不実告知等が典型／業者・宅建士の責任を区別」のいずれかが正誤の分かれ目になりやすいです。特にすべての違反が免許取消になると誤る。,宅建業法違反とは,宅地建物取引業法に違反する行為全般,宅建業法違反は、免許・業務規制・書面交付・広告・報酬等に関する宅建業法の規定に反する行為を指します。違反の類型ごとに監督処分・罰則が定められます。宅建業法違反の根拠は主に宅地建物取引業法にあります。理解を深めるには、過料、業務停止命令および免許の取消との関係を条文・要件表で並べて整理するのが有効です。宅建業法では書面交付の時期、記載事項、監督処分の段階など、手続の順序と義務者（業者・宅建士）の区別が問われやすいです。,違反の類型により監督処分・罰則が異なる;書面不交付・不実告知等が典型;業者・宅建士の責任を区別,すべての違反が免許取消になると誤る。,違反の重さで処分が変わる。,（2024年 第29問）監督処分に関する次の記述のうち、正しいものはどれか。,正答は選択肢3です。用語「宅建業法違反」が問われた過去問のため、解説と条文の対応を確認してください。,宅建業法違反とは何ですか？,宅建業法違反（たっけんぎょうほういはん）とは、宅地建物取引業法に違反する行為全般。宅建業法違反は、免許・業務規制・書面交付・広告・報酬等に関する宅建業法の規定に反する行為を指します。違反の類型ごとに監督処分・罰則が定められます。,宅建業法違反は試験でどう押さえればよいですか？,まず違反の類型により監督処分・罰則が異なる。次に書面不交付・不実告知等が典型。 詳しくは、違反類型と処分・罰則の対応表を作成すると得点しやすくなります。肢では「違反の類型により監督処分・罰則が異なる／書面不交付・不実告知等が典型／業者・宅建士の責任を区別」のいずれかが正誤の分かれ目になりやすいです。特にすべての違反が免許取消になると誤る。
転借人,てんじゃくにん,宅建業法,宅建業法,転貸借により賃借権を取得した者,転借人は、賃借人が賃貸人の承諾を得て転貸した場合に、転貸借により賃借権を取得した者です。借地借家法上の承諾・直接請求権・終了の効果が問われます。,転貸借（又貸し）;借地・借家の譲渡・転貸,借地借家法第13条;第32条,A,転借人の地位、賃貸人への直接請求、原賃貸借終了時の効果を借地・借家で比較します。肢では「転貸借により賃借権を取得／賃貸人の承諾が原則必要／原賃貸借終了で転貸借も終了」のいずれかが正誤の分かれ目になりやすいです。特に転借人が賃貸人と直接賃貸借契約を結ぶと誤る。,転借人とは,転貸借により賃借権を取得した者,転借人は、賃借人が賃貸人の承諾を得て転貸した場合に、転貸借により賃借権を取得した者です。借地借家法上の承諾・直接請求権・終了の効果が問われます。転借人の根拠は主に借地借家法第13条;第32条にあります。理解を深めるには、転貸借（又貸し）、借地、借家の譲渡および転貸との関係を条文・要件表で並べて整理するのが有効です。宅建業法では書面交付の時期、記載事項、監督処分の段階など、手続の順序と義務者（業者・宅建士）の区別が問われやすいです。,転貸借により賃借権を取得;賃貸人の承諾が原則必要;原賃貸借終了で転貸借も終了,転借人が賃貸人と直接賃貸借契約を結ぶと誤る。,転借人＝又貸しの受け手。,（2021年 第3問）AがA所有の甲建物についてBと賃貸借契約を締結し、BがAの承諾を得て甲建物をCに転貸した場合に関する次の記述のうち、民法の規定及び判例によれば、正しいものはどれか。,正答は選択肢1です。用語「転借人」が問われた過去問のため、解説と条文の対応を確認してください。,転借人とは何ですか？,転借人（てんじゃくにん）とは、転貸借により賃借権を取得した者。転借人は、賃借人が賃貸人の承諾を得て転貸した場合に、転貸借により賃借権を取得した者です。借地借家法上の承諾・直接請求権・終了の効果が問われます。,転借人は試験でどう押さえればよいですか？,まず転貸借により賃借権を取得。次に賃貸人の承諾が原則必要。 詳しくは、転借人の地位、賃貸人への直接請求、原賃貸借終了時の効果を借地・借家で比較します。肢では「転貸借により賃借権を取得／賃貸人の承諾が原則必要／原賃貸借終了で転貸借も終了」のいずれかが正誤の分かれ目になりやすいです。特に転借人が賃貸人と直接賃貸借契約を結ぶと誤る。
延べ面積,のべめんせき,法令上の制限,法令上の制限,建築物の各階床面積の合計,延べ面積は、建築物の各階の床面積を合計した面積です。建築基準法上の面積区分（建築面積・床面積・延べ面積）の一つで、容積率・建蔽率の算定基礎になります。,床面積;建ぺい率・容積率;建築面積,建築基準法,A,建築面積・床面積・延べ面積の定義と用途を混同させる問題が多いです。容積率算定の対象面積も確認します。肢では「各階床面積の合計が延べ面積／建築面積・床面積と区別／容積率算定に関係」のいずれかが正誤の分かれ目になりやすいです。特に延べ面積と建築面積を同一視する。,延べ面積とは,建築物の各階床面積の合計,延べ面積は、建築物の各階の床面積を合計した面積です。建築基準法上の面積区分（建築面積・床面積・延べ面積）の一つで、容積率・建蔽率の算定基礎になります。延べ面積の根拠は主に建築基準法にあります。理解を深めるには、床面積、建ぺい率、容積率および建築面積との関係を条文・要件表で並べて整理するのが有効です。法令上の制限では数値（面積・幅員・率）と区域・号別の組み合わせが頻出するため、「どの法令の・どの区域で・何が必要か」を三段で覚えると安定します。,各階床面積の合計が延べ面積;建築面積・床面積と区別;容積率算定に関係,延べ面積と建築面積を同一視する。,延べ＝全部の階を足す。,（2025年 第13問）定期建物賃貸借に関する次の記述のうち、正しいものはどれか。,正答は選択肢3です。用語「延べ面積」が問われた過去問のため、解説と条文の対応を確認してください。,延べ面積とは何ですか？,延べ面積（のべめんせき）とは、建築物の各階床面積の合計。延べ面積は、建築物の各階の床面積を合計した面積です。建築基準法上の面積区分（建築面積・床面積・延べ面積）の一つで、容積率・建蔽率の算定基礎になります。,延べ面積は試験でどう押さえればよいですか？,まず各階床面積の合計が延べ面積。次に建築面積・床面積と区別。 詳しくは、建築面積・床面積・延べ面積の定義と用途を混同させる問題が多いです。容積率算定の対象面積も確認します。肢では「各階床面積の合計が延べ面積／建築面積・床面積と区別／容積率算定に関係」のいずれかが正誤の分かれ目になりやすいです。特に延べ面積と建築面積を同一視する。
床面積,ゆかめんせき,法令上の制限,法令上の制限,建築物の各階における床の水平投影面積,床面積は、建築物の各階における床の水平投影面積です。建築面積・延べ面積と区別し、容積率・建蔽率・採光通風の算定に用いられます。,延べ面積;建ぺい率・容積率,建築基準法,A,壁芯・内法・外法の測定方法とセットで面積計算問題が出ます。肢では「各階の床の水平投影面積／建築面積・延べ面積と定義が異なる／算定の基礎となる」のいずれかが正誤の分かれ目になりやすいです。特に一階の床面積だけを延べ面積とする。,床面積とは,建築物の各階における床の水平投影面積,床面積は、建築物の各階における床の水平投影面積です。建築面積・延べ面積と区別し、容積率・建蔽率・採光通風の算定に用いられます。床面積の根拠は主に建築基準法にあります。理解を深めるには、延べ面積、建ぺい率および容積率との関係を条文・要件表で並べて整理するのが有効です。法令上の制限では数値（面積・幅員・率）と区域・号別の組み合わせが頻出するため、「どの法令の・どの区域で・何が必要か」を三段で覚えると安定します。,各階の床の水平投影面積;建築面積・延べ面積と定義が異なる;算定の基礎となる,一階の床面積だけを延べ面積とする。,床面積＝1階分の床。延べは全階合計。,（2025年 第13問）定期建物賃貸借に関する次の記述のうち、正しいものはどれか。,正答は選択肢3です。用語「床面積」が問われた過去問のため、解説と条文の対応を確認してください。,床面積とは何ですか？,床面積（ゆかめんせき）とは、建築物の各階における床の水平投影面積。床面積は、建築物の各階における床の水平投影面積です。建築面積・延べ面積と区別し、容積率・建蔽率・採光通風の算定に用いられます。,床面積は試験でどう押さえればよいですか？,まず各階の床の水平投影面積。次に建築面積・延べ面積と定義が異なる。 詳しくは、壁芯・内法・外法の測定方法とセットで面積計算問題が出ます。肢では「各階の床の水平投影面積／建築面積・延べ面積と定義が異なる／算定の基礎となる」のいずれかが正誤の分かれ目になりやすいです。特に一階の床面積だけを延べ面積とする。
接道義務,せつどうぎむ,法令上の制限,法令上の制限,建築物を建築する土地が道路に接していなければならない義務,建築物を建築する土地が道路に接していなければならない義務。,42条2項道路;前面道路とセットバック;建築基準法上の道路,建築基準法第43条,A,建築基準法43条。原則として幅員4m以上の道路に2m以上接道が必要です。42条2項道路・位置指定道路・セットバックとの組み合わせが肢の定番です。肢では「4m道路に2m接道／42条2項道路の例外／位置指定道路／セットバックとの関係」のいずれかが正誤の分かれ目になりやすいです。特に接道2mと道路幅員4mを混同する。,接道義務とは,建築物を建築する土地が道路に接していなければならない義務,建築物を建築する土地が道路に接していなければならない義務。建築基準法43条。原則として幅員4m以上の道路に2m以上接道が必要です。42条2項道路・位置指定道路・セットバックとの組み合わせが肢の定番です。接道義務の根拠は主に建築基準法第43条にあります。理解を深めるには、42条2項道路、前面道路とセットバックおよび建築基準法上の道路との関係を条文・要件表で並べて整理するのが有効です。法令上の制限では数値（面積・幅員・率）と区域・号別の組み合わせが頻出するため、「どの法令の・どの区域で・何が必要か」を三段で覚えると安定します。,4m道路に2m接道;42条2項道路の例外;位置指定道路;セットバックとの関係,接道2mと道路幅員4mを混同する。,4m道路に2m接道が基本。,（2025年 第36問）建築基準法上の道路に関する次の記述のうち、正しいものはどれか。,正答は選択肢2です。用語「接道義務」が問われた過去問のため、解説と条文の対応を確認してください。,接道義務の例外はありますか？,2項道路、道路位置指定、42条2項1号・2号道路など、法令で定める例外により接道要件が緩和される場合があります。,接道義務は試験でどう押さえればよいですか？,まず原則幅員4m以上の道路に2m以上接道。次に例外は2項道路・位置指定等。 詳しくは、2項道路・位置指定・42条2項1号・2号道路による接道緩和が頻出です。セットバックとの関係も重要です。肢では「原則幅員4m以上の道路に2m以上接道／例外は2項道路・位置指定等／接道しないと建築不可（原則）」のいずれかが正誤の分かれ目になりやすいです。特に接道幅員2mと道路幅員4mを混同する。
42条2項道路,だい42じょうだい2こうどうろ,法令上の制限,法令上の制限,道路法42条2項により道路とみなされる通路,42条2項道路は、道路法第42条第2項により道路とみなされる通路で、建築基準法上の接道義務を満たす場合があります。1号・2号・3号・4号の区分が重要です。,接道義務;建築基準法上の道路;2項道路,道路法第42条第2項;建築基準法第43条,A,2項道路の号別と接道要件、セットバックの要否が一体的に出題されます。肢では「道路法42条2項により道路とみなされる／号別により接道・セットバックが異なる／建築基準法上の道路に含まれる」のいずれかが正誤の分かれ目になりやすいです。特にすべての2項道路が同じ要件と誤る。号別の違いを混同する。,42条2項道路とは,道路法42条2項により道路とみなされる通路,42条2項道路は、道路法第42条第2項により道路とみなされる通路で、建築基準法上の接道義務を満たす場合があります。1号・2号・3号・4号の区分が重要です。42条2項道路の根拠は主に道路法第42条第2項;建築基準法第43条にあります。理解を深めるには、接道義務、建築基準法上の道路および2項道路との関係を条文・要件表で並べて整理するのが有効です。法令上の制限では数値（面積・幅員・率）と区域・号別の組み合わせが頻出するため、「どの法令の・どの区域で・何が必要か」を三段で覚えると安定します。,道路法42条2項により道路とみなされる;号別により接道・セットバックが異なる;建築基準法上の道路に含まれる,すべての2項道路が同じ要件と誤る。号別の違いを混同する。,42条2項＝みなし道路。号でルールが変わる。,（2025年 第36問）建築基準法上の道路に関する次の記述のうち、正しいものはどれか。,正答は選択肢2です。用語「42条2項道路」が問われた過去問のため、解説と条文の対応を確認してください。,42条2項道路とは何ですか？,42条2項道路（だい42じょうだい2こうどうろ）とは、道路法42条2項により道路とみなされる通路。42条2項道路は、道路法第42条第2項により道路とみなされる通路で、建築基準法上の接道義務を満たす場合があります。1号・2号・3号・4号の区分が重要です。,42条2項道路は試験でどう押さえればよいですか？,まず道路法42条2項により道路とみなされる。次に号別により接道・セットバックが異なる。 詳しくは、2項道路の号別と接道要件、セットバックの要否が一体的に出題されます。肢では「道路法42条2項により道路とみなされる／号別により接道・セットバックが異なる／建築基準法上の道路に含まれる」のいずれかが正誤の分かれ目になりやすいです。特にすべての2項道路が同じ要件と誤る。号別の違いを混同する。
4号特例,よんごうとくれい,法令上の制限,法令上の制限,一定の小規模建築物について建築確認を不要とする特例,4号特例は、建築基準法第6条第1項第4号により、一定の小規模な増築・改築等について建築確認を要しない特例です。適用要件の数値が試験頻出です。,建築確認;建築基準法第6条;確認済証,建築基準法第6条第1項第4号,A,1号・2号・3号特例と並べて、確認不要の範囲と工事着手の関係を整理します。肢では「一定の小規模工事は建築確認不要／適用要件は床面積・高さ等で判断／違法建築物にならないよう注意」のいずれかが正誤の分かれ目になりやすいです。特に4号特例をすべての増築に適用できると誤る。,4号特例とは,一定の小規模建築物について建築確認を不要とする特例,4号特例は、建築基準法第6条第1項第4号により、一定の小規模な増築・改築等について建築確認を要しない特例です。適用要件の数値が試験頻出です。4号特例の根拠は主に建築基準法第6条第1項第4号にあります。理解を深めるには、建築確認、建築基準法第6条および確認済証との関係を条文・要件表で並べて整理するのが有効です。法令上の制限では数値（面積・幅員・率）と区域・号別の組み合わせが頻出するため、「どの法令の・どの区域で・何が必要か」を三段で覚えると安定します。,一定の小規模工事は建築確認不要;適用要件は床面積・高さ等で判断;違法建築物にならないよう注意,4号特例をすべての増築に適用できると誤る。,4号＝小さい工事の確認不要特例。,（2024年 第18問）宅建業者の広告に関する次の記述のうち、正しいものはどれか。,正答は選択肢3です。用語「4号特例」が問われた過去問のため、解説と条文の対応を確認してください。,4号特例とは何ですか？,4号特例（よんごうとくれい）とは、一定の小規模建築物について建築確認を不要とする特例。4号特例は、建築基準法第6条第1項第4号により、一定の小規模な増築・改築等について建築確認を要しない特例です。適用要件の数値が試験頻出です。,4号特例は試験でどう押さえればよいですか？,まず一定の小規模工事は建築確認不要。次に適用要件は床面積・高さ等で判断。 詳しくは、1号・2号・3号特例と並べて、確認不要の範囲と工事着手の関係を整理します。肢では「一定の小規模工事は建築確認不要／適用要件は床面積・高さ等で判断／違法建築物にならないよう注意」のいずれかが正誤の分かれ目になりやすいです。特に4号特例をすべての増築に適用できると誤る。
12条区域,だい12じょうくいき,法令上の制限,法令上の制限,都市計画法第12条により定められる区域区分,12条区域は、都市計画法第12条により都市計画区域・準都市計画区域の内外で定められる区域区分です。市街化区域・市街化調整区域・非線引き区域の理解とセットです。,市街化区域・市街化調整区域;非線引き区域;都市計画法,都市計画法第12条,A,区域区分と開発行為・建築行為の規制の関係が法令制限の核です。肢では「都市計画区域内外で区分が異なる／市街化区域・調整区域・非線引きを区別／開発許可の要否に影響」のいずれかが正誤の分かれ目になりやすいです。特に12条区域と用途地域を混同する。,12条区域とは,都市計画法第12条により定められる区域区分,12条区域は、都市計画法第12条により都市計画区域・準都市計画区域の内外で定められる区域区分です。市街化区域・市街化調整区域・非線引き区域の理解とセットです。12条区域の根拠は主に都市計画法第12条にあります。理解を深めるには、市街化区域、市街化調整区域、非線引き区域および都市計画法との関係を条文・要件表で並べて整理するのが有効です。法令上の制限では数値（面積・幅員・率）と区域・号別の組み合わせが頻出するため、「どの法令の・どの区域で・何が必要か」を三段で覚えると安定します。,都市計画区域内外で区分が異なる;市街化区域・調整区域・非線引きを区別;開発許可の要否に影響,12条区域と用途地域を混同する。,12条＝線引き（市街化・調整）。,（2025年 第35問）都市計画に関する次の記述のうち、正しいものはどれか。,正答は選択肢2です。用語「12条区域」が問われた過去問のため、解説と条文の対応を確認してください。,12条区域とは何ですか？,12条区域（だい12じょうくいき）とは、都市計画法第12条により定められる区域区分。12条区域は、都市計画法第12条により都市計画区域・準都市計画区域の内外で定められる区域区分です。市街化区域・市街化調整区域・非線引き区域の理解とセットです。,12条区域は試験でどう押さえればよいですか？,まず都市計画区域内外で区分が異なる。次に市街化区域・調整区域・非線引きを区別。 詳しくは、区域区分と開発行為・建築行為の規制の関係が法令制限の核です。肢では「都市計画区域内外で区分が異なる／市街化区域・調整区域・非線引きを区別／開発許可の要否に影響」のいずれかが正誤の分かれ目になりやすいです。特に12条区域と用途地域を混同する。
22条区域,だい22じょうくいき,法令上の制限,法令上の制限,都市計画法第22条の開発行為の制限が及ぶ区域,22条区域は、都市計画法第22条により開発行為が制限される区域を指す試験用語です。市街化調整区域・非線引き区域等での開発許可の要否と関連します。,開発許可;12条区域;市街化調整区域,都市計画法第22条,A,開発許可の基準・許可不要の開発行為と併せて覚えます。肢では「開発行為の制限区域／許可の要否は区域・規模で判断／市街化区域との違い」のいずれかが正誤の分かれ目になりやすいです。特に市街化区域内でも常に許可不要と誤る。,22条区域とは,都市計画法第22条の開発行為の制限が及ぶ区域,22条区域は、都市計画法第22条により開発行為が制限される区域を指す試験用語です。市街化調整区域・非線引き区域等での開発許可の要否と関連します。22条区域の根拠は主に都市計画法第22条にあります。理解を深めるには、開発許可、12条区域および市街化調整区域との関係を条文・要件表で並べて整理するのが有効です。法令上の制限では数値（面積・幅員・率）と区域・号別の組み合わせが頻出するため、「どの法令の・どの区域で・何が必要か」を三段で覚えると安定します。,開発行為の制限区域;許可の要否は区域・規模で判断;市街化区域との違い,市街化区域内でも常に許可不要と誤る。,22条＝開発の規制。,（2025年 第35問）都市計画に関する次の記述のうち、正しいものはどれか。,正答は選択肢2です。用語「22条区域」が問われた過去問のため、解説と条文の対応を確認してください。,22条区域とは何ですか？,22条区域（だい22じょうくいき）とは、都市計画法第22条の開発行為の制限が及ぶ区域。22条区域は、都市計画法第22条により開発行為が制限される区域を指す試験用語です。市街化調整区域・非線引き区域等での開発許可の要否と関連します。,22条区域は試験でどう押さえればよいですか？,まず開発行為の制限区域。次に許可の要否は区域・規模で判断。 詳しくは、開発許可の基準・許可不要の開発行為と併せて覚えます。肢では「開発行為の制限区域／許可の要否は区域・規模で判断／市街化区域との違い」のいずれかが正誤の分かれ目になりやすいです。特に市街化区域内でも常に許可不要と誤る。
確認済証,かくにんずみしょう,法令上の制限,法令上の制限,建築確認が適合したことを証する文書,確認済証は、建築確認が完了し、計画が建築基準法に適合していると確認されたことを証する文書です。工事着手前に確認済証の交付を受ける必要があります。,建築確認;検査済証;4号特例,建築基準法第6条;第7条,A,確認済証・検査済証・完了検査の流れを時系列で整理します。肢では「建築確認後に交付／工事着手前に必要（原則）／計画の適合を証する」のいずれかが正誤の分かれ目になりやすいです。特に確認済証と検査済証を混同する。,確認済証とは,建築確認が適合したことを証する文書,確認済証は、建築確認が完了し、計画が建築基準法に適合していると確認されたことを証する文書です。工事着手前に確認済証の交付を受ける必要があります。確認済証の根拠は主に建築基準法第6条;第7条にあります。理解を深めるには、建築確認、検査済証および4号特例との関係を条文・要件表で並べて整理するのが有効です。法令上の制限では数値（面積・幅員・率）と区域・号別の組み合わせが頻出するため、「どの法令の・どの区域で・何が必要か」を三段で覚えると安定します。,建築確認後に交付;工事着手前に必要（原則）;計画の適合を証する,確認済証と検査済証を混同する。,確認＝着工前、検査＝完了後。,（2024年 第18問）宅建業者の広告に関する次の記述のうち、正しいものはどれか。,正答は選択肢3です。用語「確認済証」が問われた過去問のため、解説と条文の対応を確認してください。,確認済証とは何ですか？,確認済証（かくにんずみしょう）とは、建築確認が適合したことを証する文書。確認済証は、建築確認が完了し、計画が建築基準法に適合していると確認されたことを証する文書です。工事着手前に確認済証の交付を受ける必要があります。,確認済証は試験でどう押さえればよいですか？,まず建築確認後に交付。次に工事着手前に必要（原則）。 詳しくは、確認済証・検査済証・完了検査の流れを時系列で整理します。肢では「建築確認後に交付／工事着手前に必要（原則）／計画の適合を証する」のいずれかが正誤の分かれ目になりやすいです。特に確認済証と検査済証を混同する。
検査済証,けんさずみしょう,法令上の制限,法令上の制限,建築物が確認済みの計画どおり完成したことを証する文書,検査済証は、完了検査の結果、建築物が確認済みの計画どおりに完成したことを証する文書です。建築物の利用・引渡しと関係します。,確認済証;完了検査（建築基準法）,建築基準法第7条,A,確認→工事→完了検査→検査済証の順序を図示すると理解が定着します。肢では「完了検査後に交付／確認済み計画どおりの完成を証する／利用・引渡しに関係」のいずれかが正誤の分かれ目になりやすいです。特に検査済証があれば建築確認が不要と誤る。,検査済証とは,建築物が確認済みの計画どおり完成したことを証する文書,検査済証は、完了検査の結果、建築物が確認済みの計画どおりに完成したことを証する文書です。建築物の利用・引渡しと関係します。検査済証の根拠は主に建築基準法第7条にあります。理解を深めるには、確認済証および完了検査（建築基準法）との関係を条文・要件表で並べて整理するのが有効です。法令上の制限では数値（面積・幅員・率）と区域・号別の組み合わせが頻出するため、「どの法令の・どの区域で・何が必要か」を三段で覚えると安定します。,完了検査後に交付;確認済み計画どおりの完成を証する;利用・引渡しに関係,検査済証があれば建築確認が不要と誤る。,検査済＝建て終わった証明。,（2017年 第18問）建築基準法についての以下の記述のうち、誤っているものを選びなさい。,正答は選択肢4です。用語「検査済証」が問われた過去問のため、解説と条文の対応を確認してください。,検査済証とは何ですか？,検査済証（けんさずみしょう）とは、建築物が確認済みの計画どおり完成したことを証する文書。検査済証は、完了検査の結果、建築物が確認済みの計画どおりに完成したことを証する文書です。建築物の利用・引渡しと関係します。,検査済証は試験でどう押さえればよいですか？,まず完了検査後に交付。次に確認済み計画どおりの完成を証する。 詳しくは、確認→工事→完了検査→検査済証の順序を図示すると理解が定着します。肢では「完了検査後に交付／確認済み計画どおりの完成を証する／利用・引渡しに関係」のいずれかが正誤の分かれ目になりやすいです。特に検査済証があれば建築確認が不要と誤る。
建築基準法第6条,けんちくきじゅんほうだい6じょう,法令上の制限,法令上の制限,建築確認の要否を定める条文,建築基準法第6条は、建築・増築・改築・移転・大規模修繕・大規模模様替等について建築確認を要する旨を定める条文です。各号特例（1号〜4号等）の整理が必須です。,建築確認;4号特例;確認済証,建築基準法第6条,A,確認要否の判断は試験の定番。特例の号別・数値・工事着手の関係を暗記します。肢では「建築等には原則建築確認が必要／各号特例で確認不要の範囲が定められる／確認済証交付後に工事着手」のいずれかが正誤の分かれ目になりやすいです。特にすべての修繕が確認不要と誤る。大規模修繕・模様替は確認要。,建築基準法第6条とは,建築確認の要否を定める条文,建築基準法第6条は、建築・増築・改築・移転・大規模修繕・大規模模様替等について建築確認を要する旨を定める条文です。各号特例（1号〜4号等）の整理が必須です。建築基準法第6条の根拠は主に建築基準法第6条にあります。理解を深めるには、建築確認、4号特例および確認済証との関係を条文・要件表で並べて整理するのが有効です。法令上の制限では数値（面積・幅員・率）と区域・号別の組み合わせが頻出するため、「どの法令の・どの区域で・何が必要か」を三段で覚えると安定します。,建築等には原則建築確認が必要;各号特例で確認不要の範囲が定められる;確認済証交付後に工事着手,すべての修繕が確認不要と誤る。大規模修繕・模様替は確認要。,6条＝確認の要否マスター条文。,（2024年 第18問）宅建業者の広告に関する次の記述のうち、正しいものはどれか。,正答は選択肢3です。用語「建築基準法第6条」が問われた過去問のため、解説と条文の対応を確認してください。,建築基準法第6条とは何ですか？,建築基準法第6条（けんちくきじゅんほうだい6じょう）とは、建築確認の要否を定める条文。建築基準法第6条は、建築・増築・改築・移転・大規模修繕・大規模模様替等について建築確認を要する旨を定める条文です。各号特例（1号〜4号等）の整理が必須です。,建築基準法第6条は試験でどう押さえればよいですか？,まず建築等には原則建築確認が必要。次に各号特例で確認不要の範囲が定められる。 詳しくは、確認要否の判断は試験の定番。特例の号別・数値・工事着手の関係を暗記します。肢では「建築等には原則建築確認が必要／各号特例で確認不要の範囲が定められる／確認済証交付後に工事着手」のいずれかが正誤の分かれ目になりやすいです。特にすべての修繕が確認不要と誤る。大規模修繕・模様替は確認要。
違法建築物,いほうけんちくぶつ,法令上の制限,法令上の制限,建築基準法に違反して建築された建築物,違法建築物は、建築確認を要するのに受けず、又は確認に適合しない計画で建築された建築物です。既存不適格建築物とは扱いが異なります。,既存不適格建築物;建築確認;4号特例,建築基準法,A,違法建築物と既存不適格の違い（除去命令・利用の可否）が頻出です。肢では「確認不要でないのに確認なし、又は不適合計画で建築／既存不適格とは異なる／除去・改築等の命令があり得る」のいずれかが正誤の分かれ目になりやすいです。特に既存不適格を違法建築物と同一視する。,違法建築物とは,建築基準法に違反して建築された建築物,違法建築物は、建築確認を要するのに受けず、又は確認に適合しない計画で建築された建築物です。既存不適格建築物とは扱いが異なります。違法建築物の根拠は主に建築基準法にあります。理解を深めるには、既存不適格建築物、建築確認および4号特例との関係を条文・要件表で並べて整理するのが有効です。法令上の制限では数値（面積・幅員・率）と区域・号別の組み合わせが頻出するため、「どの法令の・どの区域で・何が必要か」を三段で覚えると安定します。,確認不要でないのに確認なし、又は不適合計画で建築;既存不適格とは異なる;除去・改築等の命令があり得る,既存不適格を違法建築物と同一視する。,違法＝ルール違反で建てた。不適格＝法改正前からある。,（2024年 第18問）宅建業者の広告に関する次の記述のうち、正しいものはどれか。,正答は選択肢3です。用語「違法建築物」が問われた過去問のため、解説と条文の対応を確認してください。,違法建築物と既存不適格建築物の違いは？,違法建築物は法令違反により適法に建築されていない建築物です。既存不適格は法改正等により適合しなくなった既存の建築物で、一定の取扱いが認められます。,違法建築物は試験でどう押さえればよいですか？,まず確認不要でないのに確認なし、又は不適合計画で建築。次に既存不適格とは異なる。 詳しくは、違法建築物と既存不適格の違い（除去命令・利用の可否）が頻出です。肢では「確認不要でないのに確認なし、又は不適合計画で建築／既存不適格とは異なる／除去・改築等の命令があり得る」のいずれかが正誤の分かれ目になりやすいです。特に既存不適格を違法建築物と同一視する。
土壌汚染,どじょうおせん,法令上の制限,法令上の制限,土地に有害物質が含まれ利用に支障がある状態,土壌汚染は、土地に特定有害物質が含まれ、健康被害や地下水汚染等のおそれがある状態です。土壌汚染対策法により指定地域・調査・措置命令等が定められます。,土砂災害警戒区域;宅地造成,土壌汚染対策法,A,宅建の法令制限では、指定地域の告示・土地の表示・利用制限が問われます。肢では「特定有害物質による汚染／指定地域では利用制限／履歴調査・措置命令の規制」のいずれかが正誤の分かれ目になりやすいです。特に土壌汚染と土砂災害区域を混同する。,土壌汚染とは,土地に有害物質が含まれ利用に支障がある状態,土壌汚染は、土地に特定有害物質が含まれ、健康被害や地下水汚染等のおそれがある状態です。土壌汚染対策法により指定地域・調査・措置命令等が定められます。土壌汚染の根拠は主に土壌汚染対策法にあります。理解を深めるには、土砂災害警戒区域および宅地造成との関係を条文・要件表で並べて整理するのが有効です。法令上の制限では数値（面積・幅員・率）と区域・号別の組み合わせが頻出するため、「どの法令の・どの区域で・何が必要か」を三段で覚えると安定します。,特定有害物質による汚染;指定地域では利用制限;履歴調査・措置命令の規制,土壌汚染と土砂災害区域を混同する。,土壌汚染＝化学物質、土砂＝災害リスク。,（2025年 第39問）盛土規制法に関する次の記述のうち、正しいものはどれか。,正答は選択肢2です。用語「土壌汚染」が問われた過去問のため、解説と条文の対応を確認してください。,土壌汚染とは何ですか？,土壌汚染（どじょうおせん）とは、土地に有害物質が含まれ利用に支障がある状態。土壌汚染は、土地に特定有害物質が含まれ、健康被害や地下水汚染等のおそれがある状態です。土壌汚染対策法により指定地域・調査・措置命令等が定められます。,土壌汚染は試験でどう押さえればよいですか？,まず特定有害物質による汚染。次に指定地域では利用制限。 詳しくは、宅建の法令制限では、指定地域の告示・土地の表示・利用制限が問われます。肢では「特定有害物質による汚染／指定地域では利用制限／履歴調査・措置命令の規制」のいずれかが正誤の分かれ目になりやすいです。特に土壌汚染と土砂災害区域を混同する。
盛土,もりど,法令上の制限,法令上の制限,土地の表面を上げる工事,盛土は、土地の表面を上げる工事です。宅地造成等規制法・盛土規制法により、一定規模以上の盛土には届出・許可等が必要となる場合があります。,切土;擁壁;宅地造成,宅地造成等規制法;盛土規制法,A,盛土・切土の規模と届出・許可の要否、擁壁設置義務がセットで出ます。肢では「土地の表面を上げる工事／一定規模以上は規制対象／切土・擁壁と併せて判断」のいずれかが正誤の分かれ目になりやすいです。特に小規模盛土はすべて自由と誤る。,盛土とは,土地の表面を上げる工事,盛土は、土地の表面を上げる工事です。宅地造成等規制法・盛土規制法により、一定規模以上の盛土には届出・許可等が必要となる場合があります。盛土の根拠は主に宅地造成等規制法;盛土規制法にあります。理解を深めるには、切土、擁壁および宅地造成との関係を条文・要件表で並べて整理するのが有効です。法令上の制限では数値（面積・幅員・率）と区域・号別の組み合わせが頻出するため、「どの法令の・どの区域で・何が必要か」を三段で覚えると安定します。,土地の表面を上げる工事;一定規模以上は規制対象;切土・擁壁と併せて判断,小規模盛土はすべて自由と誤る。,盛＝上げる、切＝下げる。,（2025年 第39問）盛土規制法に関する次の記述のうち、正しいものはどれか。,正答は選択肢2です。用語「盛土」が問われた過去問のため、解説と条文の対応を確認してください。,盛土とは何ですか？,盛土（もりど）とは、土地の表面を上げる工事。盛土は、土地の表面を上げる工事です。宅地造成等規制法・盛土規制法により、一定規模以上の盛土には届出・許可等が必要となる場合があります。,盛土は試験でどう押さえればよいですか？,まず土地の表面を上げる工事。次に一定規模以上は規制対象。 詳しくは、盛土・切土の規模と届出・許可の要否、擁壁設置義務がセットで出ます。肢では「土地の表面を上げる工事／一定規模以上は規制対象／切土・擁壁と併せて判断」のいずれかが正誤の分かれ目になりやすいです。特に小規模盛土はすべて自由と誤る。
切土,きりど,法令上の制限,法令上の制限,土地の表面を下げる工事,切土は、土地の表面を下げる工事です。盛土と同様、宅地造成等規制法等により規制され、擁壁の設置・安全確認が問題になります。,盛土;擁壁;宅地造成,宅地造成等規制法,A,造成工事の届出・完了検査・擁壁と一体で学習します。肢では「土地の表面を下げる工事／盛土と同様に規制対象／擁壁・安全確認が関連」のいずれかが正誤の分かれ目になりやすいです。特に切土のみなら規制なしと誤る。,切土とは,土地の表面を下げる工事,切土は、土地の表面を下げる工事です。盛土と同様、宅地造成等規制法等により規制され、擁壁の設置・安全確認が問題になります。切土の根拠は主に宅地造成等規制法にあります。理解を深めるには、盛土、擁壁および宅地造成との関係を条文・要件表で並べて整理するのが有効です。法令上の制限では数値（面積・幅員・率）と区域・号別の組み合わせが頻出するため、「どの法令の・どの区域で・何が必要か」を三段で覚えると安定します。,土地の表面を下げる工事;盛土と同様に規制対象;擁壁・安全確認が関連,切土のみなら規制なしと誤る。,切＝掘り下げ。盛土の対。,（2025年 第39問）盛土規制法に関する次の記述のうち、正しいものはどれか。,正答は選択肢2です。用語「切土」が問われた過去問のため、解説と条文の対応を確認してください。,切土とは何ですか？,切土（きりど）とは、土地の表面を下げる工事。切土は、土地の表面を下げる工事です。盛土と同様、宅地造成等規制法等により規制され、擁壁の設置・安全確認が問題になります。,切土は試験でどう押さえればよいですか？,まず土地の表面を下げる工事。次に盛土と同様に規制対象。 詳しくは、造成工事の届出・完了検査・擁壁と一体で学習します。肢では「土地の表面を下げる工事／盛土と同様に規制対象／擁壁・安全確認が関連」のいずれかが正誤の分かれ目になりやすいです。特に切土のみなら規制なしと誤る。
擁壁,ようへき,法令上の制限,法令上の制限,盛土・切土等により生じる土圧を支える構造物,擁壁は、盛土・切土等により生じる土圧を支えるため設置する構造物です。宅地造成等規制法上、一定の造成土地には擁壁の設置・検査が義務づけられます。,盛土;切土;宅地造成,宅地造成等規制法,A,造成土地の擁壁設置義務・検査・管理が実務・試験の要点です。肢では「土圧を支える構造物／造成土地に設置義務があり得る／安全確認・検査が必要」のいずれかが正誤の分かれ目になりやすいです。特に擁壁が建築基準法のみの話と誤る。,擁壁とは,盛土・切土等により生じる土圧を支える構造物,擁壁は、盛土・切土等により生じる土圧を支えるため設置する構造物です。宅地造成等規制法上、一定の造成土地には擁壁の設置・検査が義務づけられます。擁壁の根拠は主に宅地造成等規制法にあります。理解を深めるには、盛土、切土および宅地造成との関係を条文・要件表で並べて整理するのが有効です。法令上の制限では数値（面積・幅員・率）と区域・号別の組み合わせが頻出するため、「どの法令の・どの区域で・何が必要か」を三段で覚えると安定します。,土圧を支える構造物;造成土地に設置義務があり得る;安全確認・検査が必要,擁壁が建築基準法のみの話と誤る。,擁壁＝土を支える壁。造成とセット。,（2025年 第39問）盛土規制法に関する次の記述のうち、正しいものはどれか。,正答は選択肢2です。用語「擁壁」が問われた過去問のため、解説と条文の対応を確認してください。,擁壁とは何ですか？,擁壁（ようへき）とは、盛土・切土等により生じる土圧を支える構造物。擁壁は、盛土・切土等により生じる土圧を支えるため設置する構造物です。宅地造成等規制法上、一定の造成土地には擁壁の設置・検査が義務づけられます。,擁壁は試験でどう押さえればよいですか？,まず土圧を支える構造物。次に造成土地に設置義務があり得る。 詳しくは、造成土地の擁壁設置義務・検査・管理が実務・試験の要点です。肢では「土圧を支える構造物／造成土地に設置義務があり得る／安全確認・検査が必要」のいずれかが正誤の分かれ目になりやすいです。特に擁壁が建築基準法のみの話と誤る。
宅地造成,たくちぞうせい,法令上の制限,法令上の制限,宅地を造成する工事,宅地造成は、土地を宅地として利用できる状態にする造成工事です。宅地造成等規制法により、造成宅地防災区域内外で届出・許可・検査の要件が異なります。,造成宅地;盛土;切土;擁壁,宅地造成等規制法,A,造成の届出・完了検査・擁壁・土砂災害区域との関係が頻出テーマです。肢では「宅地として利用可能にする工事／区域により届出・許可が異なる／完了検査・擁壁が関連」のいずれかが正誤の分かれ目になりやすいです。特にすべての造成に許可が必要と誤る。区域・規模で要否が変わる。,宅地造成とは,宅地を造成する工事,宅地造成は、土地を宅地として利用できる状態にする造成工事です。宅地造成等規制法により、造成宅地防災区域内外で届出・許可・検査の要件が異なります。宅地造成の根拠は主に宅地造成等規制法にあります。理解を深めるには、造成宅地、盛土、切土および擁壁との関係を条文・要件表で並べて整理するのが有効です。法令上の制限では数値（面積・幅員・率）と区域・号別の組み合わせが頻出するため、「どの法令の・どの区域で・何が必要か」を三段で覚えると安定します。,宅地として利用可能にする工事;区域により届出・許可が異なる;完了検査・擁壁が関連,すべての造成に許可が必要と誤る。区域・規模で要否が変わる。,造成＝宅地にする工事。防災区域で厳しさが変わる。,（2025年 第39問）盛土規制法に関する次の記述のうち、正しいものはどれか。,正答は選択肢2です。用語「宅地造成」が問われた過去問のため、解説と条文の対応を確認してください。,宅地造成とは何ですか？,宅地造成（たくちぞうせい）とは、宅地を造成する工事。宅地造成は、土地を宅地として利用できる状態にする造成工事です。宅地造成等規制法により、造成宅地防災区域内外で届出・許可・検査の要件が異なります。,宅地造成は試験でどう押さえればよいですか？,まず宅地として利用可能にする工事。次に区域により届出・許可が異なる。 詳しくは、造成の届出・完了検査・擁壁・土砂災害区域との関係が頻出テーマです。肢では「宅地として利用可能にする工事／区域により届出・許可が異なる／完了検査・擁壁が関連」のいずれかが正誤の分かれ目になりやすいです。特にすべての造成に許可が必要と誤る。区域・規模で要否が変わる。
液状化,えきじょうか,法令上の制限,法令上の制限,地震時に地盤が液体状に振る舞う現象,液状化は、地震動により飽和した砂質地盤の間隙水圧が上昇し、地盤が一時的に液体状の性質を示す現象です。宅地造成・埋立地等で問題になります。,宅地造成;耐震基準;盛土,宅地造成等規制法;建築基準法,A,造成宅地の安全確認・地盤調査と関連づけて出題されます。肢では「地震時に砂質地盤が液体状に／埋立地・造成地でリスク／地盤調査・安全確認が重要」のいずれかが正誤の分かれ目になりやすいです。特に液状化を土砂災害と混同する。,液状化とは,地震時に地盤が液体状に振る舞う現象,液状化は、地震動により飽和した砂質地盤の間隙水圧が上昇し、地盤が一時的に液体状の性質を示す現象です。宅地造成・埋立地等で問題になります。液状化の根拠は主に宅地造成等規制法;建築基準法にあります。理解を深めるには、宅地造成、耐震基準および盛土との関係を条文・要件表で並べて整理するのが有効です。法令上の制限では数値（面積・幅員・率）と区域・号別の組み合わせが頻出するため、「どの法令の・どの区域で・何が必要か」を三段で覚えると安定します。,地震時に砂質地盤が液体状に;埋立地・造成地でリスク;地盤調査・安全確認が重要,液状化を土砂災害と混同する。,液状化＝地盤がゆるむ地震現象。,（2025年 第49問）土地の利用に関する次の記述のうち、最も不適切なものはどれか。,正答は選択肢3です。用語「液状化」が問われた過去問のため、解説と条文の対応を確認してください。,液状化とは何ですか？,液状化（えきじょうか）とは、地震時に地盤が液体状に振る舞う現象。液状化は、地震動により飽和した砂質地盤の間隙水圧が上昇し、地盤が一時的に液体状の性質を示す現象です。宅地造成・埋立地等で問題になります。,液状化は試験でどう押さえればよいですか？,まず地震時に砂質地盤が液体状に。次に埋立地・造成地でリスク。 詳しくは、造成宅地の安全確認・地盤調査と関連づけて出題されます。肢では「地震時に砂質地盤が液体状に／埋立地・造成地でリスク／地盤調査・安全確認が重要」のいずれかが正誤の分かれ目になりやすいです。特に液状化を土砂災害と混同する。
耐震基準,たいしんきじゅん,法令上の制限,法令上の制限,建築物が地震に耐えるための基準,耐震基準は、建築基準法に基づき建築物が地震動に対して倒壊・崩壊等しないよう定められた構造基準です。耐震診断・耐震改修との関係も知識として問われます。,建築基準法;液状化;建築確認,建築基準法,A,新築・増改築時の構造基準と、既存建築物の耐震改修促進の話題が出ます。肢では「地震動に対する安全性を確保／構造計算・構造方法で実現／既存建築物の改修規制も関連」のいずれかが正誤の分かれ目になりやすいです。特に耐震基準と耐震診断を同一視する。,耐震基準とは,建築物が地震に耐えるための基準,耐震基準は、建築基準法に基づき建築物が地震動に対して倒壊・崩壊等しないよう定められた構造基準です。耐震診断・耐震改修との関係も知識として問われます。耐震基準の根拠は主に建築基準法にあります。理解を深めるには、建築基準法、液状化および建築確認との関係を条文・要件表で並べて整理するのが有効です。法令上の制限では数値（面積・幅員・率）と区域・号別の組み合わせが頻出するため、「どの法令の・どの区域で・何が必要か」を三段で覚えると安定します。,地震動に対する安全性を確保;構造計算・構造方法で実現;既存建築物の改修規制も関連,耐震基準と耐震診断を同一視する。,耐震基準＝建てるときの地震ルール。,（2025年 第49問）土地の利用に関する次の記述のうち、最も不適切なものはどれか。,正答は選択肢3です。用語「耐震基準」が問われた過去問のため、解説と条文の対応を確認してください。,耐震基準とは何ですか？,耐震基準（たいしんきじゅん）とは、建築物が地震に耐えるための基準。耐震基準は、建築基準法に基づき建築物が地震動に対して倒壊・崩壊等しないよう定められた構造基準です。耐震診断・耐震改修との関係も知識として問われます。,耐震基準は試験でどう押さえればよいですか？,まず地震動に対する安全性を確保。次に構造計算・構造方法で実現。 詳しくは、新築・増改築時の構造基準と、既存建築物の耐震改修促進の話題が出ます。肢では「地震動に対する安全性を確保／構造計算・構造方法で実現／既存建築物の改修規制も関連」のいずれかが正誤の分かれ目になりやすいです。特に耐震基準と耐震診断を同一視する。
商業地域,しょうぎょうちいき,法令上の制限,法令上の制限,商業その他の業務の利便を増進する地域,商業地域は、都市計画法に基づく用途地域の一つで、主に商業その他の業務の利便を増進する地域です。建蔽率・容積率・建築物の用途制限が他地域と異なります。,用途地域13種類;建ぺい率・容積率;近隣商業地域,都市計画法;建築基準法,A,13種類の用途地域のうち、商業系（近隣商業・商業・準工業）の数値比較が頻出です。肢では「商業・業務の利便を増進／建蔽率・容積率は地域により定める／用途制限が異なる」のいずれかが正誤の分かれ目になりやすいです。特に商業地域と近隣商業地域の数値を混同する。,商業地域とは,商業その他の業務の利便を増進する地域,商業地域は、都市計画法に基づく用途地域の一つで、主に商業その他の業務の利便を増進する地域です。建蔽率・容積率・建築物の用途制限が他地域と異なります。商業地域の根拠は主に都市計画法;建築基準法にあります。理解を深めるには、用途地域13種類、建ぺい率、容積率および近隣商業地域との関係を条文・要件表で並べて整理するのが有効です。法令上の制限では数値（面積・幅員・率）と区域・号別の組み合わせが頻出するため、「どの法令の・どの区域で・何が必要か」を三段で覚えると安定します。,商業・業務の利便を増進;建蔽率・容積率は地域により定める;用途制限が異なる,商業地域と近隣商業地域の数値を混同する。,商業系は建蔽・容積が高い傾向。表で比較。,（2025年 第40問）日影規制に関する次の記述のうち、正しいものはどれか。,正答は選択肢2です。用語「商業地域」が問われた過去問のため、解説と条文の対応を確認してください。,商業地域とは何ですか？,商業地域（しょうぎょうちいき）とは、商業その他の業務の利便を増進する地域。商業地域は、都市計画法に基づく用途地域の一つで、主に商業その他の業務の利便を増進する地域です。建蔽率・容積率・建築物の用途制限が他地域と異なります。,商業地域は試験でどう押さえればよいですか？,まず商業・業務の利便を増進。次に建蔽率・容積率は地域により定める。 詳しくは、13種類の用途地域のうち、商業系（近隣商業・商業・準工業）の数値比較が頻出です。肢では「商業・業務の利便を増進／建蔽率・容積率は地域により定める／用途制限が異なる」のいずれかが正誤の分かれ目になりやすいです。特に商業地域と近隣商業地域の数値を混同する。
源泉徴収,げんせんちょうしゅう,税・その他,税・その他,支払者が所得税を天引きして国に納付する制度,源泉徴収は、給与・報酬等の支払者が所得税を天引きし、国に納付する制度です。不動産所得の地代家賃・建物譲渡の仲介手数料等でも関係します。,確定申告;住宅ローン;不動産所得,所得税法,A,給与・報酬・不動産所得の源泉徴収の要否と、確定申告との関係を整理します。肢では「支払者が税額を天引きして納付／給与・報酬等が典型／不要な源泉徴収の有無が問題になる」のいずれかが正誤の分かれ目になりやすいです。特にすべての不動産所得に源泉徴収が必要と誤る。,源泉徴収とは,支払者が所得税を天引きして国に納付する制度,源泉徴収は、給与・報酬等の支払者が所得税を天引きし、国に納付する制度です。不動産所得の地代家賃・建物譲渡の仲介手数料等でも関係します。源泉徴収の根拠は主に所得税法にあります。理解を深めるには、確定申告、住宅ローンおよび不動産所得との関係を条文・要件表で並べて整理するのが有効です。税・その他は計算問題と統計・関連法令の知識問題が混在します。用語の定義に加え、誰が納税義務者か・いつ申告するかまで確認してください。,支払者が税額を天引きして納付;給与・報酬等が典型;不要な源泉徴収の有無が問題になる,すべての不動産所得に源泉徴収が必要と誤る。,源泉＝支払う側が先に取る。,（2025年 第48問）不動産統計に関する次の記述のうち、最も適切なものはどれか。,正答は選択肢1です。用語「源泉徴収」が問われた過去問のため、解説と条文の対応を確認してください。,源泉徴収とは何ですか？,源泉徴収（げんせんちょうしゅう）とは、支払者が所得税を天引きして国に納付する制度。源泉徴収は、給与・報酬等の支払者が所得税を天引きし、国に納付する制度です。不動産所得の地代家賃・建物譲渡の仲介手数料等でも関係します。,源泉徴収は試験でどう押さえればよいですか？,まず支払者が税額を天引きして納付。次に給与・報酬等が典型。 詳しくは、給与・報酬・不動産所得の源泉徴収の要否と、確定申告との関係を整理します。肢では「支払者が税額を天引きして納付／給与・報酬等が典型／不要な源泉徴収の有無が問題になる」のいずれかが正誤の分かれ目になりやすいです。特にすべての不動産所得に源泉徴収が必要と誤る。
確定申告,かくていしんこく,税・その他,税・その他,納税者が自分で所得・税額を申告する手続,確定申告は、納税者が1年間の所得と税額を計算し、税務署に申告・納税する手続です。不動産所得・譲渡所得・給与の副業等で必要となる場合があります。,源泉徴収;譲渡所得（長期・短期）;不動産所得,所得税法,A,申告が必要な所得の区分、期限（3月15日頃）、白色・青色申告との関係が出ます。肢では「所得・税額を自分で申告／不動産所得・譲渡所得で必要な場合がある／源泉徴収のみでは足りない場合がある」のいずれかが正誤の分かれ目になりやすいです。特に源泉徴収されていれば申告不要と誤る。,確定申告とは,納税者が自分で所得・税額を申告する手続,確定申告は、納税者が1年間の所得と税額を計算し、税務署に申告・納税する手続です。不動産所得・譲渡所得・給与の副業等で必要となる場合があります。確定申告の根拠は主に所得税法にあります。理解を深めるには、源泉徴収、譲渡所得（長期、短期）および不動産所得との関係を条文・要件表で並べて整理するのが有効です。税・その他は計算問題と統計・関連法令の知識問題が混在します。用語の定義に加え、誰が納税義務者か・いつ申告するかまで確認してください。,所得・税額を自分で申告;不動産所得・譲渡所得で必要な場合がある;源泉徴収のみでは足りない場合がある,源泉徴収されていれば申告不要と誤る。,確定申告＝年間の所得を自分で届ける。,（2017年 第23問）所得税法についての以下の記述のうち、正しいものを選びなさい。,正答は選択肢1です。用語「確定申告」が問われた過去問のため、解説と条文の対応を確認してください。,確定申告とは何ですか？,確定申告（かくていしんこく）とは、納税者が自分で所得・税額を申告する手続。確定申告は、納税者が1年間の所得と税額を計算し、税務署に申告・納税する手続です。不動産所得・譲渡所得・給与の副業等で必要となる場合があります。,確定申告は試験でどう押さえればよいですか？,まず所得・税額を自分で申告。次に不動産所得・譲渡所得で必要な場合がある。 詳しくは、申告が必要な所得の区分、期限（3月15日頃）、白色・青色申告との関係が出ます。肢では「所得・税額を自分で申告／不動産所得・譲渡所得で必要な場合がある／源泉徴収のみでは足りない場合がある」のいずれかが正誤の分かれ目になりやすいです。特に源泉徴収されていれば申告不要と誤る。
景表法,けいひょうほう,税・その他,税・その他,不当な表示や有利誤認表示を禁止する法律,景表法（景品表示法）は、商品・サービスの表示について不当な表示や有利誤認表示を禁止する法律です。宅建試験では問46〜50の統計・関連法令として出題されます。,不当景品類;割賦販売,景品表示法,A,宅建業法の広告規制と景表法の表示規制は別の法律です。優良誤認・有利誤認の類型を整理します。肢では「不当表示・有利誤認表示を禁止／優良誤認・有利誤認の類型／宅建の広告規制とは別法」のいずれかが正誤の分かれ目になりやすいです。特に景表法を宅建業法の条文と混同する。,景表法とは,不当な表示や有利誤認表示を禁止する法律,景表法（景品表示法）は、商品・サービスの表示について不当な表示や有利誤認表示を禁止する法律です。宅建試験では問46〜50の統計・関連法令として出題されます。景表法の根拠は主に景品表示法にあります。理解を深めるには、不当景品類および割賦販売との関係を条文・要件表で並べて整理するのが有効です。税・その他は計算問題と統計・関連法令の知識問題が混在します。用語の定義に加え、誰が納税義務者か・いつ申告するかまで確認してください。,不当表示・有利誤認表示を禁止;優良誤認・有利誤認の類型;宅建の広告規制とは別法,景表法を宅建業法の条文と混同する。,景表＝うそ・誇大広告の規制。,（2018年 第47問）宅地建物取引業者が行う広告についての以下の記述のうち、不当景品類及び不当表示防止法(不動産の表示に関する公正競争規約を含む。)の規定に照らすと、正しいものを選びなさい。,正答は選択肢2です。用語「景表法」が問われた過去問のため、解説と条文の対応を確認してください。,景表法とは何ですか？,景表法（けいひょうほう）とは、不当な表示や有利誤認表示を禁止する法律。景表法（景品表示法）は、商品・サービスの表示について不当な表示や有利誤認表示を禁止する法律です。宅建試験では問46〜50の統計・関連法令として出題されます。,景表法は試験でどう押さえればよいですか？,まず不当表示・有利誤認表示を禁止。次に優良誤認・有利誤認の類型。 詳しくは、宅建業法の広告規制と景表法の表示規制は別の法律です。優良誤認・有利誤認の類型を整理します。肢では「不当表示・有利誤認表示を禁止／優良誤認・有利誤認の類型／宅建の広告規制とは別法」のいずれかが正誤の分かれ目になりやすいです。特に景表法を宅建業法の条文と混同する。
不当景品類,ふとうけいひんるい,税・その他,税・その他,景表法で制限される景品・割引等,不当景品類は、景品表示法により提供が制限される景品・割引・サービス等です。最高額の制限・総付景品の制限等が問われます。,景表法;割賦販売,景品表示法,A,宅建の取引における割引表示・景品付与と景表法の関係が統計問題で出ます。肢では「景品・割引の提供に上限等の制限／不当景品類及び不当表示防止法（旧称）／宅建試験では統計問題で出題」のいずれかが正誤の分かれ目になりやすいです。特に宅建業法の報酬規制と景品規制を混同する。,不当景品類とは,景表法で制限される景品・割引等,不当景品類は、景品表示法により提供が制限される景品・割引・サービス等です。最高額の制限・総付景品の制限等が問われます。不当景品類の根拠は主に景品表示法にあります。理解を深めるには、景表法および割賦販売との関係を条文・要件表で並べて整理するのが有効です。税・その他は計算問題と統計・関連法令の知識問題が混在します。用語の定義に加え、誰が納税義務者か・いつ申告するかまで確認してください。,景品・割引の提供に上限等の制限;不当景品類及び不当表示防止法（旧称）;宅建試験では統計問題で出題,宅建業法の報酬規制と景品規制を混同する。,景品＝おまけの制限。宅建報酬とは別。,（2018年 第47問）宅地建物取引業者が行う広告についての以下の記述のうち、不当景品類及び不当表示防止法(不動産の表示に関する公正競争規約を含む。)の規定に照らすと、正しいものを選びなさい。,正答は選択肢2です。用語「不当景品類」が問われた過去問のため、解説と条文の対応を確認してください。,不当景品類とは何ですか？,不当景品類（ふとうけいひんるい）とは、景表法で制限される景品・割引等。不当景品類は、景品表示法により提供が制限される景品・割引・サービス等です。最高額の制限・総付景品の制限等が問われます。,不当景品類は試験でどう押さえればよいですか？,まず景品・割引の提供に上限等の制限。次に不当景品類及び不当表示防止法（旧称）。 詳しくは、宅建の取引における割引表示・景品付与と景表法の関係が統計問題で出ます。肢では「景品・割引の提供に上限等の制限／不当景品類及び不当表示防止法（旧称）／宅建試験では統計問題で出題」のいずれかが正誤の分かれ目になりやすいです。特に宅建業法の報酬規制と景品規制を混同する。
住宅金融支援機構,じゅうたくきんゆうしえんきこう,税・その他,税・その他,住宅ローンのセーフティネット等を担う公的機関,住宅金融支援機構（旧・住宅金融公庫）は、住宅ローンの流動化支援・フラット35等の住宅金融を担う公的機関です。宅建試験の統計・関連知識として出題されます。,住宅ローン;フラット35,住宅金融支援機構法,A,問46〜50で、機構の役割・住宅ローンの仕組みと併せて出題されます。肢では「住宅ローンの公的支援機関／フラット35等の制度／統計問題で名称・役割が出題」のいずれかが正誤の分かれ目になりやすいです。特に民間銀行と同一視する。,住宅金融支援機構とは,住宅ローンのセーフティネット等を担う公的機関,住宅金融支援機構（旧・住宅金融公庫）は、住宅ローンの流動化支援・フラット35等の住宅金融を担う公的機関です。宅建試験の統計・関連知識として出題されます。住宅金融支援機構の根拠は主に住宅金融支援機構法にあります。理解を深めるには、住宅ローンおよびフラット35との関係を条文・要件表で並べて整理するのが有効です。税・その他は計算問題と統計・関連法令の知識問題が混在します。用語の定義に加え、誰が納税義務者か・いつ申告するかまで確認してください。,住宅ローンの公的支援機関;フラット35等の制度;統計問題で名称・役割が出題,民間銀行と同一視する。,住金機構＝住宅ローンの公的バックアップ。,（2025年 第48問）不動産統計に関する次の記述のうち、最も適切なものはどれか。,正答は選択肢1です。用語「住宅金融支援機構」が問われた過去問のため、解説と条文の対応を確認してください。,住宅金融支援機構とは何ですか？,住宅金融支援機構（じゅうたくきんゆうしえんきこう）とは、住宅ローンのセーフティネット等を担う公的機関。住宅金融支援機構（旧・住宅金融公庫）は、住宅ローンの流動化支援・フラット35等の住宅金融を担う公的機関です。宅建試験の統計・関連知識として出題されます。,住宅金融支援機構は試験でどう押さえればよいですか？,まず住宅ローンの公的支援機関。次にフラット35等の制度。 詳しくは、問46〜50で、機構の役割・住宅ローンの仕組みと併せて出題されます。肢では「住宅ローンの公的支援機関／フラット35等の制度／統計問題で名称・役割が出題」のいずれかが正誤の分かれ目になりやすいです。特に民間銀行と同一視する。
