slug,genre,title,meta_description,lead,priority,tags,author_name,author_profile,reviewer_name,reviewer_profile,fact_checked_at,primary_sources,original_note,user_intent,action_items,update_policy,last_reviewed_at,next_review_at,source_checked_at,content_status,revision_note,section_1_heading,section_1_body,section_2_heading,section_2_body,section_3_heading,section_3_body,section_4_heading,section_4_body,section_5_heading,section_5_body,section_6_heading,section_6_body,section_7_heading,section_7_body,faq_1_question,faq_1_answer,faq_2_question,faq_2_answer,related_links,faq_3_question,faq_3_answer,faq_4_question,faq_4_answer,key_points
takken-benkyou-jikan,学習計画,宅建の勉強時間は何時間必要？初学者・社会人・再受験者別の目安,宅建試験の勉強時間の目安を、初学者・社会人・再受験者・不動産実務経験者別に解説。300〜400時間の内訳、週あたりの配分、残り期間からの逆算方法を整理します。,宅建の勉強時間は、知識ゼロなら300〜400時間、学習経験や業界経験がある人なら200〜300時間がひとつの目安です。ただし大事なのは総時間そのものより、宅建業法・過去問演習・復習にどれだけ時間を配分できるかです。 合格までの時間配分は、総時間より「宅建業法と過去問演習に何時間割くか」で決まります。宅建合格は総時間より、宅建業法と過去問演習に割く週の時間が成果を分けます。,10,学習計画,宅建マスター編集部,宅建試験対策サイトの編集チーム,公式情報確認担当,公開前に一次情報との照合を行う担当者,2026-06-04,不動産適正取引推進機構（RETIO）|https://www.retio.or.jp/,手書きリライト 2026-06-04。,本記事を読むと、自分の属性に合った総学習時間の目安と、宅建業法・権利関係・法令上の制限・税・その他への時間配分、社会人が週10時間で進める逆算プランが具体的に分かります。,受験予定月から逆算し、週あたりの学習時間をカレンダーに書き込む;4分野ごとに過去問10問ずつ解き、得点率の低い分野を特定する;宅建業法に週4時間、弱点分野に週3時間を先に確保する;用語解説で分野別の重要語10語を週1セット復習する;1か月後に同じ過去問セットを解き直し、時間配分を見直す,試験要項や公式ページが更新されたタイミングで本文と参照元を見直します。,2026-06-04,2026-06-29,2026-06-04,published,2026-06-04: 手書きリライト,属性別の勉強時間の目安,"勉強時間の目安は次のとおりです（1日2時間×週5日＝週10時間換算）。

- 初学者（不動産未経験）：総量300〜400時間。権利関係と宅建業法に各100時間前後
- 社会人（週10時間）：6〜8か月。平日1.5時間＋休日4時間のように固定する
- 再受験者：200〜250時間。前回の誤答分野に7割、新規範囲に3割
- 不動産実務経験者：200〜300時間。宅建業法の条文暗記と過去問演習が中心

数字はあくまで目安です。模試・過去問の得点率を見ながら、弱点分野に週1時間ずつ振り替えると計画が現実的になります。",残り期間から逆算する,"試験日まで残り日数 D、目標総時間 H 時間なら、週あたり必要時間はおおよそ H÷(D÷7) 時間です。例：残り120日・目標300時間なら週17〜18時間。平日2時間＋休日6時間×2日のような組み合わせを検討します。

逆算の手順：
1. 公益財団法人 不動産適正取引推進機構のサイトで試験日を確認
2. 過去問1年分（50問）を時間を計って解き、現在の得点を把握
3. 35点（合格ライン目安）との差分を、弱点分野の演習時間で埋める
4. テキスト1冊＋過去問演習をセットにし、教材を増やしすぎない",分野別の時間配分,"50問の出題比率を踏まえた配分の一例（総量300時間の場合）です。

- 宅建業法：120時間（20問規模。35条・37条・報酬・広告規制を重点）
- 権利関係：80時間（14問規模。民法の要点とセットで）
- 法令上の制限：60時間（8問規模。用途地域・建ぺい率の表整理）
- 税・その他：40時間（8問規模。固定資産税・登録免許税・統計）

得点率が50％を下回る分野があれば、そこから1時間ずつ他分野から移します。",忙しい社会人の時間確保,"社会人が時間を確保するコツは「短時間の型」を決めることです。

- 通勤中30分：一問一答アプリまたは用語10語
- 昼休み20分：前日の誤答1問だけ解説を読む
- 夜90分：テキスト1章＋過去問5問
- 休日半日：模試形式で50問のうち1分野20問

完璧な日がなくても、週合計10時間を守る方が、気分で3時間勉強するより定着します。

週の学習予定を家族や同僚に共有しておくと、急な残業があっても「今週は8時間で調整」と切り替えやすくなります。",時間が足りないときの優先順位,"よくある失敗は次のとおりです。

- 総時間だけ決めて、4分野の配分を決めない
- テキストを買い足すほど計画が遅れる（1冊を3周する方が早い）
- 過去問を解かずにインプットだけ続ける
- 「あとでまとめて」と直前期に100時間を詰め込む

週次で過去問得点を記録し、計画を2週間ごとに見直すと挫折しにくくなります。宅建業法を先に一周終えた人は、週5時間を権利関係に振り替え、正答率が上がった分野から教材に戻す順序がおすすめです。",,,,,宅建は初心者でも300時間で足りますか？,不動産未経験で独学の場合、300〜400時間が目安です。週10時間なら7〜10か月、週15時間なら5〜7か月程度です。宅建業法と権利関係に時間を厚く配分し、過去問演習を早めに始めると300時間に近づきやすくなります。,社会人は1日何時間勉強すればよいですか？,週合計10〜12時間を目標に、平日1.5〜2時間・休日4〜6時間のように固定する方法が扱いやすいです。毎日同じ時間でなくても構いません。カレンダーに「過去問10問」などタスク単位で予定を入れると続きやすくなります。,takken-goukakuten:宅建の合格点は何点？合格ラインの考え方と目標点の作り方;takken-shiken-schedule-2026:2026年度 宅建試験日程・申込み・合格発表スケジュール;affiliate-textbooks-recommend:宅建士のおすすめテキスト3選【2026年度版・独学】,不動産会社勤務の人は勉強時間を短縮できますか？,実務で触れる宅建業法・契約実務の理解があるため、200〜300時間に収まることもあります。ただし試験は条文の細部や権利関係・法令制限も問うため、過去問演習は省略しないでください。5問免除対象の場合は統計5問分を他分野に回せます。,,,属性別の勉強時間の目安;残り期間から逆算する;分野別の時間配分;忙しい社会人の時間確保;時間が足りないときの優先順位
takken-goukakuten,合格・難易度,宅建の合格点は何点？合格ラインの考え方と目標点の作り方,宅建試験の合格点の決まり方と、学習中に目指すべき得点（36〜38点）の作り方を解説。分野別の目標点・模試の見方・直前の点数別対策を整理します。,宅建の合格点は年度ごとに変動します。固定の満点基準ではなく、問題の難易度や受験者全体の出来を踏まえて決まるため、学習段階では36〜38点を安定して取る設計を目標にします。 合格点は年度で上下しますが、学習中は「落とせない基本点」を先に固める設計が有効です。合格点は毎年変動しますが、学習中は「落とせない基本点」を先に固める設計が有効です。,20,合格ライン,宅建マスター編集部,宅建試験対策サイトの編集チーム,公式情報確認担当,公開前に一次情報との照合を行う担当者,2026-06-04,不動産適正取引推進機構（RETIO）|https://www.retio.or.jp/,手書きリライト 2026-06-04。,本記事を読むと、合格点が年度ごとに変動する理由と、学習段階で狙うべき総合点・分野別得点、模試結果の活かし方が分かります。,公式発表の最新合格点をメモし、自分の過去問得点と比較する;4分野それぞれで「最低限取りたい問数」を決める;模試または過去問2回分で35点以上を目指して解く;35点未満の分野を1つ選び、用語10語＋過去問20問で補強する;直前2週間は新規インプットより誤答の解き直しに切り替える,試験要項や公式ページが更新されたタイミングで本文と参照元を見直します。,2026-06-04,2026-06-29,2026-06-04,published,2026-06-04: 手書きリライト,合格点は年度で変わる,"宅建試験の合格点は、毎回の試験後に総合点の上位一定割合（おおむね70％前後）で決まります。50問満点なので、近年はおおむね35点前後が合格ラインになることが多いです。ただし問題難易度で上下するため、学習中は「36〜38点を安定して取る」設計が安全です。

合格発表時に公表される点数は、公益財団法人 不動産適正取引推進機構のサイトが正本です。過去3回分の合格点をメモしておくと、自分の模試得点との比較がしやすくなります。",目標点は36〜38点で組む,"学習中の目標は「合格点ぎりぎり」ではなく、余裕を持った得点です。

- 基礎固め期：過去問で30点以上
- 演習期：33〜35点
- 直前期：36〜38点を2回連続

分野別の目安（50問中）：宅建業法12問以上、権利関係8問以上、法令上の制限6問以上、税・その他6問以上を最低ラインにするとバランスが取りやすいです。どれか1分野だけ極端に低い場合は、総合点が35点に届いても本番で崩れやすいです。",分野別の目標点,"分野ごとに「落としてはいけない基本点」を決めます。

- 宅建業法：35条・37条・報酬・広告規制は合計4〜6問。ここで2問以上落とすと総合点が厳しくなる
- 権利関係：抵当権・賃貸借・共有は頻出。1問1問解説まで戻る
- 法令上の制限：用途地域・建ぺい率は表で整理
- 税・その他：固定資産税・登録免許税・統計は直前確認向き

弱点1分野に週5時間を追加するより、全分野で「確実に取る問題」を先に固める方が効率的です。",模試の点数の見方,"模試・過去問の点数は次のように読みます。

1. 総合点だけでなく、4分野の正答数を記録する
2. 35点以上でも、1分野だけ極端に低い場合はその分野を優先復習
3. ケアレスミス（読み違え・消し忘れ）の問数を別カウントする
4. 2回連続で同じ論点を誤る場合は用語解説で定義を確認

点数の伸びより、同じタイプの誤答が減っているかを見ると対策が定まります。模試の結果はスプレッドシートに4分野×日付で記録しておくと、2週間後の変化が一目で分かります。",直前期の点数別対策,"直前の点数別対策の例です。

- 32点以下：頻出論点の一問一答と、宅建業法・権利の過去問解き直し
- 33〜35点：誤答ノートの問題だけ50問形式で時間を計って解く
- 36点以上：統計・税の確認と、試験当日の時間配分の最終確認

新しい教材は増やさず、既に解いた問題の解き直しに時間を使うと得点が安定しやすくなります。試験1週間前は新規問題より、直近2回の模試で落とした15問だけを繰り返すのが効果的です。",,,,,宅建の合格点は毎年決まっていますか？,合格点は試験ごとに変動します。おおむね正答率70％前後で決まるため、50問中35点前後になることが多いですが、年度によって34点や36点になることもあります。学習中は最新年度の公表値を参考にしつつ、36点以上を目標にすると安心です。,分野別に合格点はありますか？,原則、分野別の足切りはありません。総合点で合格可否が決まります。ただし特定分野が極端に弱いと総合点に届かないため、4分野それぞれで最低限の正答数を自分の中で決めておくとよいです。例えば権利関係が5問しか取れない状態では、他分野で35点超えは難しくなります。,takken-benkyou-jikan:宅建の勉強時間は何時間必要？初学者・社会人・再受験者別の目安;takken-gokaku-ritsu:宅建の合格率は？年度別の傾向と合格ラインの読み方;takken-chokuzen:宅建試験の直前対策｜1ヶ月・1週間・前日でやること,模試で30点台前半なら合格できますか？,直前の模試で33〜35点なら、本番で合格ラインに届く可能性は十分あります。30点前半の場合は、誤答の原因（知識不足・時間不足・ケアレス）を分け、知識不足の論点に2週間集中するのが近道です。時間不足が多い場合は、50問を90分で解く練習を週2回入れてください。,,,合格点は年度で変わる;目標点は36〜38点で組む;分野別の目標点;模試の点数の見方;直前期の点数別対策
takken-hooreijou-seigen-study,分野別対策,宅建の法令上の制限の勉強法｜用途地域・建ぺい率・開発許可の攻略,宅建試験の法令上の制限（8問）の勉強法。用途地域・建ぺい率・容積率、都市計画法・建築基準法の優先論点と表整理の方法を解説。,"法令上の制限は、制度名と数字が多くて苦手に感じやすい分野です。ただし出題範囲は比較的整理しやすく、表で違いを押さえれば得点源にできます。 分野攻略の鍵は、頻出論点を表にまとめ、過去問で条件の読み取りを反復することです。分野攻略では満点狙いより、出題数に見合った「取れる点数」を先に確保します。特に法令上の制限の論点と、学習の優先順位を意識しながら読み進めてください。特に法令上の制限の論点と、学習の優先順位を意識しながら読み進めてください。特に法令上の制限の論点と、学習の優先順位を意識しながら読み進めてください。特に法令上の制限の論点と、学習の優先順位を意識しながら読み進めてください。特に法令上の制限の論点と、学習の優先順位を意識しながら読み進めてください。

特に法令上の制限の論点と、学習の優先順位を意識しながら読み進めてください。",30,分野別攻略,宅建マスター編集部,宅建試験対策サイトの編集チーム,公式情報確認担当,公開前に一次情報との照合を行う担当者,2026-06-04,不動産適正取引推進機構（RETIO）|https://www.retio.or.jp/,手書きリライト 2026-06-04。,本記事を読むと、法令上の制限8問の出題傾向と優先すべき法律、数字・制度名の覚え方、表での整理方法、目標6問以上の取り方が分かります。,用途地域13種類の建築制限を表1枚にまとめる;建ぺい率・容積率の計算問題を過去問5問解く;都市計画法・建築基準法の頻出条文をテキストで確認する;開発許可・届出の要件を過去問3問で確認する;法令制限8問を15分以内で解く練習を週1回入れる,試験要項や公式ページが更新されたタイミングで本文と参照元を見直します。,2026-06-04,2026-06-29,2026-06-04,published,2026-06-04: 手書きリライト,法令上の制限が伸ばしやすい理由,"法令上の制限は50問中8問（16％）。都市計画法・建築基準法を中心に、国土利用計画法・農地法・宅地造成等規制法なども出題されます。

制度名と数字が多い分野ですが、出題範囲は比較的整理しやすいです。目標は8問中6問以上（75％）。表で違いを押さえると、短期間で得点を上げやすくなります。都市計画法と建築基準法に全体の7割の時間を配分するのが、初学者向けの標準的な進め方です。",優先順位,"優先度の高い論点です。

1. 用途地域（13種類）と建築可能な建物
2. 建ぺい率・容積率・セットバック
3. 開発許可・届出（規模・要件）
4. 建築確認・検査
5. 農地転用・宅地造成規制

まず用途地域の表を1枚作成し、毎日5分見返します。次に建ぺい率・容積率の計算パターンを過去問5問で確認します。農地法・宅地造成規制法は、過去問に出た論点だけ後から追加すれば足りることが多いです。",都市計画法・建築基準法,"表整理の例です。

用途地域表：地域名｜建築制限の要点｜典型問題のキーワード
建ぺい率・容積率：角地・防火地域・準防火地域の加算ルール
許可・届出：面積・戸数の閾値｜誰が申請するか

暗記は「一覧表→過去問→誤答修正→表に追記」の循環が効率的です。手書きの表1枚を試験直前まで更新し続けると、本番でも思い出しやすくなります。表の横に過去問番号を書いておくと、復習時にすぐ問題へ戻れます。",数字暗記のコツ,"過去問演習の進め方（法令制限8問）です。

1. 直近5年分から法令制限問題を抽出（約40問）
2. 用途地域・建ぺい率・許可制度の3分類
3. 各分類10問ずつ、正答率70％を目標
4. 数字問題は計算手順を1行メモ
5. 50問模試では法令8問を15分以内

「なんとなく覚えた」状態は解き直しで必ず確認します。正答率70％未満の分類だけ、解説を読み直して表に追記してください。",1週間の学習ルーティン,"つまずきと対策です。

- 法律名が多すぎて混乱 → 都市計画・建築基準の2法に7割の時間
- 数字を丸暗記 → 過去問の選択肢とセットで覚える
- 計算を避ける → 建ぺい率・容積率は5問だけ反復
- 直前に全法律を読む → 表と誤答ノートだけ見直す

法令制限は直前2週間の確認でも点数が伸びやすい分野です。用途地域の表と建ぺい率の計算だけは、試験前日にも15分確認してください。",,,,,法令上の制限は何問出ますか？,50問中8問です。出題数は少ないですが、表で整理すれば6問以上を安定して取れる分野です。用途地域・建ぺい率・容積率を優先し、過去問40問程度を2周すると得点源になります。都市計画法と建築基準法に学習時間の7割を配分するのがおすすめです。,用途地域は全部覚える必要がありますか？,13種類すべての名称と、主要な建築制限の違いを表で押さえる必要があります。ただし細部の例外まで最初から完璧にする必要はなく、過去問で出たパターンから優先的に暗記を追加していけば十分です。一種低層住居専用地域と低層住居専用地域の違いなど、紛らわしいペアは表で並べて覚えます。,takken-gyoho-study:宅建業法の勉強法・完全攻略;takken-kenri-kankei:宅建の権利関係（民法）の勉強法;takken-zei-sonota-study:宅建の税・その他の勉強法｜直前期に得点を上積みする攻略法,建ぺい率・容積率の計算は出ますか？,計算形式の問題が出ることがあります。角地・防火地域などの加算ルールを表にまとめ、過去問5問を解説付きで反復してください。計算手順を1行メモに残すと、似た問題でミスが減ります。防火地域・準防火地域の加算有無は、過去問で最も出やすいパターンから覚えてください。,,,法令上の制限が伸ばしやすい理由;優先順位;都市計画法・建築基準法;数字暗記のコツ;1週間の学習ルーティン
takken-zei-sonota-study,分野別対策,宅建の税・その他の勉強法｜直前期に得点を上積みする攻略法,宅建試験の税・その他（8問）の勉強法。固定資産税・登録免許税・不動産取得税、統計・5問免除の確認ポイントを解説。,"税・その他は出題数こそ多くありませんが、直前期の確認で点数を上積みしやすい分野です。細かい税率を最初から完璧にするより、頻出テーマと更新情報を押さえることが大切です。 分野攻略の鍵は、頻出論点を表にまとめ、過去問で条件の読み取りを反復することです。分野攻略では満点狙いより、出題数に見合った「取れる点数」を先に確保します。特に税・その他の論点と、学習の優先順位を意識しながら読み進めてください。特に税・その他の論点と、学習の優先順位を意識しながら読み進めてください。特に税・その他の論点と、学習の優先順位を意識しながら読み進めてください。特に税・その他の論点と、学習の優先順位を意識しながら読み進めてください。特に税・その他の論点と、学習の優先順位を意識しながら読み進めてください。

特に税・その他の論点と、学習の優先順位を意識しながら読み進めてください。",40,分野別攻略,宅建マスター編集部,宅建試験対策サイトの編集チーム,公式情報確認担当,公開前に一次情報との照合を行う担当者,2026-06-04,不動産適正取引推進機構（RETIO）|https://www.retio.or.jp/,手書きリライト 2026-06-04。,本記事を読むと、税・その他8問の出題範囲と優先順位、税率・数字の覚え方、統計問題の読み方、直前期の得点上積み方法が分かります。,固定資産税・都市計画税の要点をテキストで確認する;登録免許税・不動産取得税の頻出数字を一問一答で暗記する;統計問題（問46〜50）を過去問2年分解く;5問免除対象か要項で確認し、学習量を調整する;税・その他8問を15分以内で解く練習を週1回入れる,試験要項や公式ページが更新されたタイミングで本文と参照元を見直します。,2026-06-04,2026-06-29,2026-06-04,published,2026-06-04: 手書きリライト,税・その他の範囲,"税・その他は50問中8問（16％）。固定資産税・登録免許税・不動産取得税などの税務と、統計・その他法令が含まれます。問46〜50は統計問題として別枠で出題されます。

出題数は少ないですが、数字の暗記中心で、直前期の確認でも得点を上げやすい分野です。目標は8問中6問以上（75％）。5問免除対象者は統計5問を除き、残り3問程度に集中できます。一般受験者は税務4問と統計4問の両方を、直近5年分の過去問で確認するのが効率的です。",税金分野の優先順位,"優先度の高い論点です。

1. 固定資産税・都市計画税（評価・税率・納付）
2. 登録免許税（登記・免許）
3. 不動産取得税・印紙税
4. 統計（平均・中央値・グラフ読み取り）
5. その他（地価公示・建設工事受注等）

税率は年度・法令改正で変わる場合があるため、使用テキストの改訂年を確認し、過去問解説と照合してください。印紙税・地価公示などは出題頻度が低いため、過去問に出た年度だけ重点確認で足ります。",5問免除科目の考え方,"統計問題（問46〜50）の攻略です。

- 難しい数学より、表・グラフの読み取り
- 平均・中央値・標準偏差の定義理解
- 資料の単位・期間・対象の確認
- 5問免除対象者は解答不要（要項で要件確認）

統計は直前2週間に過去問10問を解き直すだけでも効果があります。詳細は統計問題の専門記事と合わせて確認してください。統計は正答より「資料の読み方」の型を覚える方が、本番で時間を使わずに済みます。",直前1ヶ月の進め方,"過去問演習の進め方（税・その他8問）です。

1. 直近5年分から税・統計問題を抽出（約40問）
2. 税務4問・統計4問に分類
3. 税務は数字をフラッシュカード化
4. 統計は誤答パターン（読み取りミス・定義混同）を記録
5. 50問模試では税・その他8問を15分以内

細かい税率を最初から完璧にするより、頻出テーマから優先します。誤答した数字だけをフラッシュカードに追加する運用にすると、復習量が増えすぎません。",よくある失敗,"直前期の得点上積みのコツです。

- 固定資産税・登録免許税の数字を15分確認
- 統計用語10語を定義で言える状態に
- 問46〜50の誤答だけ解き直し
- 新しい税率情報は要項・テキストで差分確認

税・その他は他分野より短期集中向きです。試験2週間前から毎日20分、税と統計を交互に見直すと効率的です。5問免除対象者は統計分の20分を宅建業法か権利関係の解き直しに回してください。",,,,,税・その他は何問出題されますか？,50問中8問です。うち問46〜50が統計・関連法令の問題です。5問免除対象者は統計5問が免除されるため、実質45問解答となります。一般受験者は8問すべての対策が必要で、6問以上を目標にしてください。税務4問と統計4問を分けて正答率を記録すると、直前の復習対象が明確になります。,税率は全部暗記が必要ですか？,頻出の税率・数字に絞って暗記すれば十分です。固定資産税・登録免許税・不動産取得税の典型数字を一問一答で確認し、過去問で出た数字を優先的に覚えてください。改訂年の異なる教材には注意が必要です。登録免許税は登記と免許で税率が異なるため、用途別にメモを分けると混同しにくくなります。,takken-toukei-mondai:宅建の統計問題の攻略法｜問46〜50と5問免除;takken-hooreijou-seigen-study:宅建の法令上の制限の勉強法｜用途地域・建ぺい率・開発許可の攻略;takken-kakomon:宅建の過去問の使い方・効果的な解き方を解説,統計が苦手です。どう勉強しますか？,平均・中央値・標準偏差の定義を1行ずつノートに書き、過去問5問を解説付きで解くことから始めてください。グラフ問題は「単位・期間・対象」を必ずチェックする癖をつけると正答率が上がります。5問免除対象なら統計分の時間を他分野に回せます。,,,税・その他の範囲;税金分野の優先順位;5問免除科目の考え方;直前1ヶ月の進め方;よくある失敗
takken-gakusei,試験概要,大学生・専門学生が宅建を取るメリット｜就活での活かし方と勉強計画,大学生・専門学生が宅建を取得するメリット、就職活動での活かし方、学年別の勉強計画を解説。不動産・金融・建設志望の学生向けに、無理なく合格を狙う進め方をまとめます。,学生の宅建取得は、不動産業界だけでなく金融、建設、住宅、保険などの就職活動でも説明しやすい強みになります。時間を作りやすい一方で先延ばしもしやすいので、学年と就活時期に合わせた計画が大切です。 宅建は範囲が広い国家資格ですが、出題の型は一定なので、全体像→分野別→過去問の順で迷いが減ります。宅建は範囲が広い国家資格ですが、出題の型は一定なので全体像→分野別→過去問の順で迷いが減ります。,50,学生向け,宅建マスター編集部,宅建試験対策サイトの編集チーム,公式情報確認担当,公開前に一次情報との照合を行う担当者,2026-05-30,不動産適正取引推進機構（RETIO）|https://www.retio.or.jp/,legacy batch から移行（takken-gakusei）,本記事を読むと、宅地建物取引士試験の就活での活かし方と勉強計画について、受験資格・日程・合格基準の確認手順と、演習・用語解説を組み合わせた学習の始め方が分かります。,公式サイトで最新年度を確認する;過去問一覧で演習する;用語解説で関連キーワードを確認する;過去問一覧で該当分野を1セット演習する,試験要項や公式ページが更新されたタイミングで本文と参照元を見直します。,2026-05-30,2026-06-29,2026-05-30,published,レガシーデータ移行.py による移行 guide_pro_pass適用 guide_expert_writer適用,学生が宅建を取るメリット,"「学生が宅建を取るメリット」は就活での活かし方と勉強計画の論点の一つです。試験情報（公式）の受験要項と公式テキストで整理すると、演習問題の解説と対応づけやすくなります。

数値・日程・合格基準は年度で更新されるため、学習前と申込前には試験情報（公式）の最新案内を確認してください。演習で就活での活かし方と勉強計画に関する設問を解いたら。正解理由と誤答肢の違いを短くメモし、用語解説・比較表・よくある誤答タブで似た論点を比較表で整理すると定着しやすくなります。",就活でどう伝えるか,"「就活でどう伝えるか」は就活での活かし方と勉強計画の論点の一つです。試験情報（公式）の受験要項と公式テキストで整理すると、演習問題の解説と対応づけやすくなります。

数値・日程・合格基準は年度で更新されるため、学習前と申込前には試験情報（公式）の最新案内を確認してください。演習で就活での活かし方と勉強計画に関する設問を解いたら。正解理由と誤答肢の違いを短くメモし、用語解説・比較表・よくある誤答タブで似た論点を比較表で整理すると定着しやすくなります。",学年別の計画,"「学年別の計画」は就活での活かし方と勉強計画の論点の一つです。試験情報（公式）の受験要項と公式テキストで整理すると、演習問題の解説と対応づけやすくなります。

数値・日程・合格基準は年度で更新されるため、学習前と申込前には試験情報（公式）の最新案内を確認してください。演習で就活での活かし方と勉強計画に関する設問を解いたら。正解理由と誤答肢の違いを短くメモし、用語解説・比較表・よくある誤答タブで似た論点を比較表で整理すると定着しやすくなります。",学生向けの勉強法,"「学生向けの勉強法」は就活での活かし方と勉強計画の論点の一つです。試験情報（公式）の受験要項と公式テキストで整理すると、演習問題の解説と対応づけやすくなります。

数値・日程・合格基準は年度で更新されるため、学習前と申込前には試験情報（公式）の最新案内を確認してください。演習で就活での活かし方と勉強計画に関する設問を解いたら。正解理由と誤答肢の違いを短くメモし、用語解説・比較表・よくある誤答タブで似た論点を比較表で整理すると定着しやすくなります。",注意点,"就活での活かし方と勉強計画では、「宅建受験者が診断する」「休職勧奨＝解雇」「ストレスチェック結果を個別に上司が全部見る」など。現場イメージと制度のズレが誤答の温床になります。特に媒介と代理、35条と37条、免許と登録の混同は四択で頻出です。

誤解を解くには、用語解説で定義を確認したうえで、比較表タブの「混同しやすい組み合わせ」を読み、演習問題で引っかけ肢を体験してください。数値・日程・合格基準は年度で更新されるため、学習前と申込前には試験情報（公式）の最新案内を確認してください。",,,,,大学生・専門学生が宅建を取るメリットについて教えてください。？,「大学生・専門学生が宅建を取るメリットについて教えてください。？」については、学生の宅建取得は、不動産業界だけでなく金融、建設、住宅、保険などの就職活動でも説明しやすい強みになります。時間を作りやすい一方で先延ばしもしやすいので、学年と就活時期に合わせた計画が大切です。宅建は…。最新の公式要項と照合する。takken-gakuseiの公式数値表で確認する。,「就活でどう伝えるか」で押さえるべきポイントは何ですか？,「「就活でどう伝えるか」で押さえるべきポイントは何ですか？」は過去問演習で出題形式を把握し、正答後に用語解説で論点を復習する。過去問1問の正答理由をノートに記録して復習する。正答後は関連条文を開く。試験要項の最新版も確認。takken-gakusei関連の過去問1問で正答率を記録する。,takken-benkyou-jikan:宅建の勉強時間は何時間必要？初学者・社会人・再受験者別の目安;takken-goukakuten:宅建の合格点は何点？合格ラインの考え方と目標点の作り方,,「本テーマ」の整理後は過去問一覧で演習する。同テーマを1週間後に解き直して定着を確認する。混同しやすい近義語を比較表の左右に整理する。誤答肢は色分けして復習する。試験要項の最新版も確認。takken-gakuseiの誤答肢を比較表に整理する。,,,学生が宅建を取るメリット;就活でどう伝えるか;学年別の計画;学生向けの勉強法;注意点
takken-mikeiken-tenshoku,試験概要,未経験から宅建で不動産業界へ転職する方法｜求人選びと準備の進め方,未経験から宅建を活かして不動産業界へ転職する方法を解説。職種別の違い、求人の見方、面接での伝え方、入社前に準備しておきたい知識をまとめます。,宅建は未経験転職の入口として使いやすい資格です。ただし、資格だけで転職が決まるわけではありません。職種ごとの仕事内容を理解し、自分の経験と宅建知識をどうつなげるかを準備することが重要です。 宅建は範囲が広い国家資格ですが、出題の型は一定なので、全体像→分野別→過去問の順で迷いが減ります。宅建は範囲が広い国家資格ですが、出題の型は一定なので全体像→分野別→過去問の順で迷いが減ります。,60,転職,宅建マスター編集部,宅建試験対策サイトの編集チーム,公式情報確認担当,公開前に一次情報との照合を行う担当者,2026-05-30,不動産適正取引推進機構（RETIO）|https://www.retio.or.jp/,legacy batch から移行（takken-mikeiken-tenshoku）,本記事を読むと、宅地建物取引士試験の求人選びと準備の進め方について、受験資格・日程・合格基準の確認手順と、演習・用語解説を組み合わせた学習の始め方が分かります。,公式サイトで最新年度を確認する;過去問一覧で演習する;用語解説で関連キーワードを確認する;過去問一覧で該当分野を1セット演習する,試験要項や公式ページが更新されたタイミングで本文と参照元を見直します。,2026-05-30,2026-06-29,2026-05-30,published,レガシーデータ移行.py による移行 guide_pro_pass適用 guide_expert_writer適用,未経験転職で宅建が評価される理由,"「未経験転職で宅建が評価される理由」は求人選びと準備の進め方の論点の一つです。試験情報（公式）の受験要項と公式テキストで整理すると、演習問題の解説と対応づけやすくなります。

数値・日程・合格基準は年度で更新されるため、学習前と申込前には試験情報（公式）の最新案内を確認してください。演習で求人選びと準備の進め方に関する設問を解いたら。正解理由と誤答肢の違いを短くメモし、用語解説・比較表・よくある誤答タブで似た論点を比較表で整理すると定着しやすくなります。",職種別の向き不向き,"「職種別の向き不向き」は求人選びと準備の進め方の論点の一つです。試験情報（公式）の受験要項と公式テキストで整理すると、演習問題の解説と対応づけやすくなります。

数値・日程・合格基準は年度で更新されるため、学習前と申込前には試験情報（公式）の最新案内を確認してください。演習で求人選びと準備の進め方に関する設問を解いたら。正解理由と誤答肢の違いを短くメモし、用語解説・比較表・よくある誤答タブで似た論点を比較表で整理すると定着しやすくなります。",履歴書・面接での伝え方,"「履歴書・面接での伝え方」は求人選びと準備の進め方の論点の一つです。試験情報（公式）の受験要項と公式テキストで整理すると、演習問題の解説と対応づけやすくなります。

数値・日程・合格基準は年度で更新されるため、学習前と申込前には試験情報（公式）の最新案内を確認してください。演習で求人選びと準備の進め方に関する設問を解いたら。正解理由と誤答肢の違いを短くメモし、用語解説・比較表・よくある誤答タブで似た論点を比較表で整理すると定着しやすくなります。",入社前の準備,"「入社前の準備」は求人選びと準備の進め方の論点の一つです。試験情報（公式）の受験要項と公式テキストで整理すると、演習問題の解説と対応づけやすくなります。

数値・日程・合格基準は年度で更新されるため、学習前と申込前には試験情報（公式）の最新案内を確認してください。演習で求人選びと準備の進め方に関する設問を解いたら。正解理由と誤答肢の違いを短くメモし、用語解説・比較表・よくある誤答タブで似た論点を比較表で整理すると定着しやすくなります。",避けたい求人選び,"「避けたい求人選び」は求人選びと準備の進め方の論点の一つです。試験情報（公式）の受験要項と公式テキストで整理すると、演習問題の解説と対応づけやすくなります。

数値・日程・合格基準は年度で更新されるため、学習前と申込前には試験情報（公式）の最新案内を確認してください。演習で求人選びと準備の進め方に関する設問を解いたら。正解理由と誤答肢の違いを短くメモし、用語解説・比較表・よくある誤答タブで似た論点を比較表で整理すると定着しやすくなります。",,,,,未経験から宅建で不動産業界へ転職する方法について教えてください。？,「未経験から宅建で不動産業界へ転職する方法について教えてください。」は宅地建物取引士試験の公式テキスト該当章と試験情報（公式）で確認するのが確実です。求人選びと準備の進め方では、条文の要件（誰が・いつ・何を）を演習問題とセットで押さえてください。,「職種別の向き不向き」で押さえるべきポイントは何ですか？,試験では「求人選びと準備の進め方」が、宅建受験者の行動として正しいか／主体を取り違えていないか、という形で四択出題されます。誤答肢は「一人で診断」「過度な情報開示」などが典型です。数値・主体・手順は公益財団法人 不動産適正取引推進機構の最新案内と照合してください。,takken-benkyou-jikan:宅建の勉強時間は何時間必要？初学者・社会人・再受験者別の目安;takken-goukakuten:宅建の合格点は何点？合格ラインの考え方と目標点の作り方,,「本テーマ」の整理後は過去問一覧で演習する。同テーマを1週間後に解き直して定着を確認する。誤答肢のパターンを比較表に整理して復習する。誤答肢のパターンを比較表に整理して復習する。誤答肢のパターンを比較表に整理して復習する。誤答肢のパターンを比較表に整理して復習する。takken-mikeiken-tenshokuの誤答肢を比較表に整理する。,,,未経験転職で宅建が評価される理由;職種別の向き不向き;履歴書・面接での伝え方;入社前の準備;避けたい求人選び
takken-fudosan-gyokai,試験概要,不動産業界で宅建をどう活かす？営業・管理・事務で役立つ場面,不動産業界で宅建資格が役立つ場面を、売買仲介、賃貸仲介、管理、事務、開発・住宅会社に分けて解説。資格手当やキャリアアップの考え方もまとめます。,宅建は不動産業界で広く使える資格ですが、職種によって活かし方は違います。営業で信頼を得るために使う場合もあれば、管理や事務で契約書類を正確に扱うために使う場合もあります。 宅建は範囲が広い国家資格ですが、出題の型は一定なので、全体像→分野別→過去問の順で迷いが減ります。宅建は範囲が広い国家資格ですが、出題の型は一定なので全体像→分野別→過去問の順で迷いが減ります。,70,キャリア,宅建マスター編集部,宅建試験対策サイトの編集チーム,公式情報確認担当,公開前に一次情報との照合を行う担当者,2026-05-30,不動産適正取引推進機構（RETIO）|https://www.retio.or.jp/,legacy batch から移行（takken-fudosan-gyokai）,本記事を読むと、不動産業界で宅建をどう活かす？営業・管理・事務で役立つ場面について、受験資格・日程・合格基準の確認手順と、演習・用語解説を組み合わせた学習の始め方が分かります。,公式サイトで最新年度を確認する;過去問一覧で演習する;用語解説で関連キーワードを確認する;過去問一覧で該当分野を1セット演習する,試験要項や公式ページが更新されたタイミングで本文と参照元を見直します。,2026-05-30,2026-06-29,2026-05-30,published,レガシーデータ移行.py による移行 guide_pro_pass適用 guide_expert_writer適用,宅建が役立つ場面,"「宅建が役立つ場面」は不動産業界で宅建をどう活かす？営業・管理・事務で役立つ場面の論点の一つです。試験情報（公式）の受験要項と公式テキストで整理すると、演習問題の解説と対応づけやすくなります。

数値・日程・合格基準は年度で更新されるため、学習前と申込前には試験情報（公式）の最新案内を確認してください。演習で不動産業界で宅建をどう活かす？営業・管理・事務で役立つ場面に関する設問を解いたら。正解理由と誤答肢の違いを短くメモし、用語解説・比較表・よくある誤答タブで似た論点を比較表で整理すると定着しやすくなります。",営業職での活かし方,"「営業職での活かし方」は不動産業界で宅建をどう活かす？営業・管理・事務で役立つ場面の論点の一つです。試験情報（公式）の受験要項と公式テキストで整理すると、演習問題の解説と対応づけやすくなります。

数値・日程・合格基準は年度で更新されるため、学習前と申込前には試験情報（公式）の最新案内を確認してください。演習で不動産業界で宅建をどう活かす？営業・管理・事務で役立つ場面に関する設問を解いたら。正解理由と誤答肢の違いを短くメモし、用語解説・比較表・よくある誤答タブで似た論点を比較表で整理すると定着しやすくなります。",管理・事務での活かし方,"「管理・事務での活かし方」は不動産業界で宅建をどう活かす？営業・管理・事務で役立つ場面の論点の一つです。試験情報（公式）の受験要項と公式テキストで整理すると、演習問題の解説と対応づけやすくなります。

数値・日程・合格基準は年度で更新されるため、学習前と申込前には試験情報（公式）の最新案内を確認してください。演習で不動産業界で宅建をどう活かす？営業・管理・事務で役立つ場面に関する設問を解いたら。正解理由と誤答肢の違いを短くメモし、用語解説・比較表・よくある誤答タブで似た論点を比較表で整理すると定着しやすくなります。",資格手当と評価,"「資格手当と評価」は不動産業界で宅建をどう活かす？営業・管理・事務で役立つ場面の論点の一つです。試験情報（公式）の受験要項と公式テキストで整理すると、演習問題の解説と対応づけやすくなります。

数値・日程・合格基準は年度で更新されるため、学習前と申込前には試験情報（公式）の最新案内を確認してください。演習で不動産業界で宅建をどう活かす？営業・管理・事務で役立つ場面に関する設問を解いたら。正解理由と誤答肢の違いを短くメモし、用語解説・比較表・よくある誤答タブで似た論点を比較表で整理すると定着しやすくなります。",次に伸ばすスキル,"「次に伸ばすスキル」は不動産業界で宅建をどう活かす？営業・管理・事務で役立つ場面の論点の一つです。試験情報（公式）の受験要項と公式テキストで整理すると、演習問題の解説と対応づけやすくなります。

数値・日程・合格基準は年度で更新されるため、学習前と申込前には試験情報（公式）の最新案内を確認してください。演習で不動産業界で宅建をどう活かす？営業・管理・事務で役立つ場面に関する設問を解いたら。正解理由と誤答肢の違いを短くメモし、用語解説・比較表・よくある誤答タブで似た論点を比較表で整理すると定着しやすくなります。",,,,,不動産業界で宅建をどう活かす？営業・管理・事務で役立つ場面？,「不動産業界で宅建をどう活かす？営業・管理・事務で役立つ場面？」については、宅建は不動産業界で広く使える資格ですが、職種によって活かし方は違います。営業で信頼を得るために使う場合もあれば、管理や事務で契約書類を正確に扱うために使う場合もあります。宅建は範囲が広い国家資格です…。最新の公式要項と照合する。takken-fudosan-gyokaiの公式数値表で確認する。,「営業職での活かし方」で押さえるべきポイントは何ですか？,「「営業職での活かし方」で押さえるべきポイントは何ですか？」は過去問演習で出題形式を把握し、正答後に用語解説で論点を復習する。過去問1問の正答理由をノートに記録して復習する。正答後は関連条文を開く。試験要項の最新版も確認。takken-fudosan-gyokai関連の過去問1問で正答率を記録する。,takken-benkyou-jikan:宅建の勉強時間は何時間必要？初学者・社会人・再受験者別の目安;takken-goukakuten:宅建の合格点は何点？合格ラインの考え方と目標点の作り方,,「本テーマ」の整理後は過去問一覧で演習する。同テーマを1週間後に解き直して定着を確認する。混同しやすい近義語を比較表の左右に整理する。誤答肢は色分けして復習する。試験要項の最新版も確認。takken-fudosan-gyokaiの誤答肢を比較表に整理する。,,,宅建が役立つ場面;営業職での活かし方;管理・事務での活かし方;資格手当と評価;次に伸ばすスキル
takken-fukugyo-dokuritsu,試験概要,宅建は副業・独立に使える？開業前に知るべき現実と準備,宅地建物取引士試験の概要・4科目・合格基準の確認方法。公式情報の見方と、このサイトでの演習・用語解説の使い方をまとめます。宅建は副業や独立試験公式情報も確認。,宅建は副業や独立の可能性を広げる資格ですが、資格だけで不動産業を始められるわけではありません。宅建業免許、事務所、保証協会、集客、実務経験など、開業前に確認すべき現実があります。 宅建は範囲が広い国家資格ですが、出題の型は一定なので、全体像→分野別→過去問の順で迷いが減ります。宅建は範囲が広い国家資格ですが、出題の型は一定なので全体像→分野別→過去問の順で迷いが減ります。,80,独立,宅建マスター編集部,宅建試験対策サイトの編集チーム,公式情報確認担当,公開前に一次情報との照合を行う担当者,2026-05-30,不動産適正取引推進機構（RETIO）|https://www.retio.or.jp/,legacy batch から移行（takken-fukugyo-dokuritsu）,本記事を読むと、宅地建物取引士試験のは副業・独立に使える？開業前に知るべき現実と準備について、受験資格・日程・合格基準の確認手順と、演習・用語解説を組み合わせた学習の始め方が分かります。,公式サイトで最新年度を確認する;過去問一覧で演習する;用語解説で関連キーワードを確認する;過去問一覧で該当分野を1セット演習する,試験要項や公式ページが更新されたタイミングで本文と参照元を見直します。,2026-05-30,2026-06-29,2026-05-30,published,レガシーデータ移行.py による移行 guide_pro_pass適用 guide_expert_writer適用,宅建だけで独立できるわけではない,"「宅建だけで独立できるわけではない」はは副業・独立に使える？開業前に知るべき現実と準備の論点の一つです。試験情報（公式）の受験要項と公式テキストで整理すると、演習問題の解説と対応づけやすくなります。

数値・日程・合格基準は年度で更新されるため、学習前と申込前には試験情報（公式）の最新案内を確認してください。演習では副業・独立に使える？開業前に知るべき現実と準備に関する設問を解いたら。正解理由と誤答肢の違いを短くメモし、用語解説・比較表・よくある誤答タブで似た論点を比較表で整理すると定着しやすくなります。",副業で活かす方法,"「副業で活かす方法」はは副業・独立に使える？開業前に知るべき現実と準備の論点の一つです。試験情報（公式）の受験要項と公式テキストで整理すると、演習問題の解説と対応づけやすくなります。

数値・日程・合格基準は年度で更新されるため、学習前と申込前には試験情報（公式）の最新案内を確認してください。演習では副業・独立に使える？開業前に知るべき現実と準備に関する設問を解いたら。正解理由と誤答肢の違いを短くメモし、用語解説・比較表・よくある誤答タブで似た論点を比較表で整理すると定着しやすくなります。",開業に必要な準備,"「開業に必要な準備」はは副業・独立に使える？開業前に知るべき現実と準備の論点の一つです。試験情報（公式）の受験要項と公式テキストで整理すると、演習問題の解説と対応づけやすくなります。

数値・日程・合格基準は年度で更新されるため、学習前と申込前には試験情報（公式）の最新案内を確認してください。演習では副業・独立に使える？開業前に知るべき現実と準備に関する設問を解いたら。正解理由と誤答肢の違いを短くメモし、用語解説・比較表・よくある誤答タブで似た論点を比較表で整理すると定着しやすくなります。",独立前のリスク,"「独立前のリスク」はは副業・独立に使える？開業前に知るべき現実と準備の論点の一つです。試験情報（公式）の受験要項と公式テキストで整理すると、演習問題の解説と対応づけやすくなります。

数値・日程・合格基準は年度で更新されるため、学習前と申込前には試験情報（公式）の最新案内を確認してください。演習では副業・独立に使える？開業前に知るべき現実と準備に関する設問を解いたら。正解理由と誤答肢の違いを短くメモし、用語解説・比較表・よくある誤答タブで似た論点を比較表で整理すると定着しやすくなります。",現実的なロードマップ,"「現実的なロードマップ」はは副業・独立に使える？開業前に知るべき現実と準備の論点の一つです。試験情報（公式）の受験要項と公式テキストで整理すると、演習問題の解説と対応づけやすくなります。

数値・日程・合格基準は年度で更新されるため、学習前と申込前には試験情報（公式）の最新案内を確認してください。演習では副業・独立に使える？開業前に知るべき現実と準備に関する設問を解いたら。正解理由と誤答肢の違いを短くメモし、用語解説・比較表・よくある誤答タブで似た論点を比較表で整理すると定着しやすくなります。",,,,,宅建は副業・独立に使える？開業前に知るべき現実と準備？,「宅建は副業・独立に使える？開業前に知るべき現実と準備？」については、宅建は副業や独立の可能性を広げる資格ですが、資格だけで不動産業を始められるわけではありません。宅建業免許、事務所、保証協会、集客、実務経験など、開業前に確認すべき現実があります。宅建は範囲が広い国家…。最新の公式要項と照合する。takken-fukugyo-dokuritsuの公式数値表で確認する。,「副業で活かす方法」で押さえるべきポイントは何ですか？,「「副業で活かす方法」で押さえるべきポイントは何ですか？」は過去問演習で出題形式を把握し、正答後に用語解説で論点を復習する。過去問1問の正答理由をノートに記録して復習する。正答後は関連条文を開く。試験要項の最新版も確認。takken-fukugyo-dokuritsu関連の過去問1問で正答率を記録する。,takken-benkyou-jikan:宅建の勉強時間は何時間必要？初学者・社会人・再受験者別の目安;takken-goukakuten:宅建の合格点は何点？合格ラインの考え方と目標点の作り方,,「本テーマ」の整理後は過去問一覧で演習する。同テーマを1週間後に解き直して定着を確認する。混同しやすい近義語を比較表の左右に整理する。誤答肢は色分けして復習する。試験要項の最新版も確認。takken-fukugyo-dokuritsuの誤答肢を比較表に整理する。,,,宅建だけで独立できるわけではない;副業で活かす方法;開業に必要な準備;独立前のリスク;現実的なロードマップ
takken-chokuzen,直前・当日,宅建試験の直前対策｜1ヶ月・1週間・前日でやること,宅建試験の直前対策を1か月前・1週間前・前日に分けて解説。やること・やらないこと、時間配分、持ち物・会場確認、当日の流れを整理します。,直前期は落とした問題を減らすことが最優先です。宅建業法と法令上の制限を中心に、時間配分と見直し手順を固定しましょう。 直前期は新規インプットより、時間配分とケアレスミスの潰し込みが得点に直結します。,90,直前対策,宅建マスター編集部,宅建試験対策サイトの編集チーム,公式情報確認担当,公開前に一次情報との照合を行う担当者,2026-06-04,不動産適正取引推進機構（RETIO）|https://www.retio.or.jp/,手書きリライト 2026-06-04。,本記事を読むと、試験1か月前から前日までに優先すべき復習内容と、直前期に新規インプットを止める判断基準、当日の時間配分と持ち物チェックが分かります。,過去問2年分の誤答だけをノートにまとめ、1か月前から解き直す;4分野の正答率を記録し、最も低い分野に週5時間を追加する;50問を90分で解く模試形式を週2回実施する;試験1週間前に会場ルート・開始時刻・持ち物を前日チェック用紙に書く;前日は22時までに就寝し、新しい問題集は開かない,試験要項や公式ページが更新されたタイミングで本文と参照元を見直します。,2026-06-04,2026-06-29,2026-06-04,published,2026-06-04: 手書きリライト,試験1ヶ月前,"試験1か月前の優先順位は「誤答の解き直し」です。

- 過去問2年分（100問）のうち、2回以上間違えた問題をリスト化
- 宅建業法・権利関係の誤答に週3時間、法令制限・税に週2時間
- 新しいテキストの章は追加せず、既存ノートの見直しに集中
- 模試1回を50問・90分で実施し、35点以上を目標にする

1か月前時点で33点以上なら、弱点1分野の解き直しに絞る。30点以下なら、頻出論点の一問一答と宅建業法35条・37条の確認を先に行います。",試験1週間前,"試験1週間前は「時間配分の固定」が中心です。

50問90分の目安配分：
- 宅建業法（問1〜20）：35分
- 権利関係（問21〜34）：25分
- 法令上の制限（問35〜42）：15分
- 税・その他（問43〜50）：15分

1問90秒を超えたら一度マークして後回し。最後の10分はマーク問題とケアレスミス（消し忘れ・読み違え）の確認に使います。この配分を1週間前の模試で2回試し、本番用のメモを1枚にまとめてください。",試験前日,"試験前日にやること・やらないことです。

やること：
- 受験票・本人確認書類・筆記用具（HB・消しゴム）の確認
- 会場までの交通手段と所要時間の再確認
- 35条・37条・報酬規制の要点を15分だけ見直す
- 22時までに就寝

やらないこと：
- 未読のテキスト章や新しい問題集
- 深夜まで過去問50問を解く
- 合格点・合格率の数字ばかり調べて不安になる

前日の目的は「当日の体調と手続きミス防止」です。",避けること,"当日の流れと時間の使い方です。

1. 開始30分前までに会場入り（混雑を避ける）
2. 着席後、マークシートの記入欄を確認
3. 問題冊子は全問パラパラめくり、印刷不鮮明がないか確認
4. 開始直後は問1から順に。分からない問題は即マーク
5. 終了10分前にマーク問題と未記入欄をチェック

試験中に条文を思い出せないときは、消去法と「条文の趣旨」で判断します。完全に白紙のままにせず、消去法で2択まで絞ってから記入してください。",当日の確認,"直前期のよくある失敗です。

- 新しい教材を買って1週間で読もうとする
- 4分野のうち得意分野だけ繰り返す
- 模試で時間を計らず解く
- 前日徹夜で知識を詰め込む

直前2週間は「既に解いた問題の正答率を上げる」期間です。誤答ノートの問題だけ50問形式で2回解き、同じ論点を3回連続で落としたら用語解説で定義確認します。直前1週間は統計・税の確認時間を各30分確保し、それ以外は誤答解き直しに充ててください。",,,,,直前1か月は何を優先すべきですか？,過去問・模試の誤答の解き直しが最優先です。新しいインプットより、2回以上間違えた問題と宅建業法・権利関係の頻出論点を中心に復習してください。50問90分の模試を週1〜2回入れ、35点以上を安定させることを目標にします。,試験前日は勉強した方がよいですか？,軽い見直し（15〜30分）程度に留め、早く寝る方が本番の得点に効きます。受験票・持ち物・会場ルートの確認を優先し、未読の章や新しい問題集は開かないでください。前日の徹夜はケアレスミスを増やすため避けます。,takken-shiken-schedule-2026:2026年度 宅建試験日程・申込み・合格発表スケジュール;takken-goukakuten:宅建の合格点は何点？合格ラインの考え方と目標点の作り方;takken-benkyou-jikan:宅建の勉強時間は何時間必要？初学者・社会人・再受験者別の目安,50問の時間配分はどうすればよいですか？,宅建業法35分・権利関係25分・法令制限15分・税その他15分が目安です。1問90秒を超えたらマークして後回しにし、最後の10分で見直します。1週間前の模試でこの配分を2回試し、自分用のメモを1枚作っておくと当日落ち着いて解けます。,,,試験1ヶ月前;試験1週間前;試験前日;避けること;当日の確認
takken-gokaku-ritsu,合格・難易度,宅建の合格率は？年度別の傾向と合格ラインの読み方,宅建試験の合格率の見方と、数字だけで難易度を判断しないための考え方。受験者数・自分の模試得点との関係、学習計画への活かし方を解説。,合格率は参考指標です。自分が安定して取れる点数と、落としやすい分野を把握することが大切です。 合格点は年度で上下しますが、学習中は「落とせない基本点」を先に固める設計が有効です。合格点は毎年変動しますが、学習中は「落とせない基本点」を先に固める設計が有効です。,100,合格率,宅建マスター編集部,宅建試験対策サイトの編集チーム,公式情報確認担当,公開前に一次情報との照合を行う担当者,2026-06-04,不動産適正取引推進機構（RETIO）|https://www.retio.or.jp/,手書きリライト 2026-06-04。,本記事を読むと、合格率・受験者数の公式データの確認方法と、合格率を参考指標として使いつつ、自分の得点改善に集中する方法が分かります。,公式サイトで最新年度の合格率・受験者数を確認する;自分の過去問・模試得点を4分野別に記録する;合格率より「35点以上を取れるか」に目標を切り替える;受験者数の増減より、自分の弱点分野の演習量を優先する;2週間ごとに得点の推移をグラフ化する,試験要項や公式ページが更新されたタイミングで本文と参照元を見直します。,2026-06-04,2026-06-29,2026-06-04,published,2026-06-04: 手書きリライト,合格率の見方,"合格率は「合格者数÷受験者数×100」で表されます。公益財団法人 不動産適正取引推進機構が合格発表後に公表する数値が正本です。

宅建は受験者数が多い国家資格のため、合格率はおおむね15〜17％前後で推移することが多いです。ただし年度で変動するため、古い数字を暗記しても試験対策には直接役立ちません。最新の受験者数・合格者数は合格発表資料で確認し、自分の学習計画には模試得点を優先してください。",合格ライン,"合格ラインは合格率とは別に、各回の試験で総合点の上位約70％程度として決まります。つまり「合格率16％」と「合格点35点前後」は両方とも参考情報です。

学習中に追うべきは、
- 自分の過去問得点が35点を超えているか
- 4分野のバランスが崩れていないか
の2点です。合格率より自分の得点の伸びの方が、次の対策に直結します。過去問2回分の得点を表にまとめると、合格率の数字より説得力のある進捗指標になります。",活かし方,"合格率を読むときの注意点です。

- 受験者数が増えた年は合格率だけが下がって見えることがある
- 再受験者が多い年は、全体得点分布が変わる
- 合格率が高いからといってその年の問題が易しいとは限らない

「今年は厳しい」という情報より、自分の模試得点が上がっているかを見た方がよいです。SNSやまとめサイトの「今年は過去最低」などの見出しは、公式数値と照合してから判断してください。",誤解,"合格率データの活かし方は次の程度に留めるのが現実的です。

- 長期モチベーション：多くの合格者が再受験を含むことの確認
- 計画の余裕：受験者数が多い時期は申込・会場が混むため早めの申込
- 目標設定：合格点記事と合わせ、36点以上を個人目標にする

学習時間の配分や分野別対策は、自分の誤答分析が主、合格率は副です。受験者数が多い年は会場が遠くなることもあるため、申込は早めに済ませるとよいです。",次にやること,"よくある誤解です。

- 合格率が低い＝自分も受からない（個人の得点と無関係）
- 合格率が高い年だから油断する
- 合格者の平均勉強時間だけを真似する（前提知識が異なる）

次にやることは、過去問2回分の得点を分野別に記録し、最も正答率が低い分野に週3時間を追加することです。合格率の数字を気にする時間は、1日5分の確認程度に留めるのがおすすめです。残り時間は過去問演習に充ててください。",,,,,宅建の合格率は何％くらいですか？,年度により変動しますが、近年は15〜17％前後で公表されることが多いです。最新の数値は公益財団法人 不動産適正取引推進機構の合格発表資料で確認してください。数字だけで難易度を判断せず、自分の模試得点と合わせて読むと学習の優先順位が定まります。,合格率と合格点の関係は？,合格率は受験者全体の割合、合格点はその回の試験での得点基準です。合格点はおおむね70％前後の位置で決まるため、50問中35点前後になることが多いです。両方とも参考にしつつ、学習では自分の得点を追う方が重要です。合格点の記事と併せて、36点以上を個人目標に設定すると計画が立てやすくなります。,takken-goukakuten:宅建の合格点は何点？合格ラインの考え方と目標点の作り方;takken-benkyou-jikan:宅建の勉強時間は何時間必要？初学者・社会人・再受験者別の目安;takken-shiken-schedule-2026:2026年度 宅建試験日程・申込み・合格発表スケジュール,再受験者は合格率に含まれますか？,はい。受験者数には再受験者も含まれます。再受験だから不利ということはなく、過去の学習経験を活かして得点を上げる受験者も多いです。前回の誤答分野に7割の時間を配分し、過去問解き直しから始めると効率がよいです。,,,合格率の見方;合格ライン;活かし方;誤解;次にやること
takken-shiken-schedule-2026,受験・申込,2026年度 宅建試験日程・申込み・合格発表スケジュール,2026年度の宅建試験日程・申込期間・合格発表の確認方法と、学習カレンダーへの落とし込み方。受験票・会場確認のポイントも解説。,試験日程はRETIOの公式サイトで最新情報を確認してください。本記事は学習カレンダー用の整理です。 申込・当日手続きのミスは学力と無関係に失格につながるため、公式案内の一次確認が最優先です。,110,2026年度,宅建マスター編集部,宅建試験対策サイトの編集チーム,公式情報確認担当,公開前に一次情報との照合を行う担当者,2026-06-04,不動産適正取引推進機構（RETIO）|https://www.retio.or.jp/,手書きリライト 2026-06-04。,本記事を読むと、2026年度の試験・申込・合格発表の確認手順と、申込前チェックリスト、受験票到着後にやるべき準備が整理できます。,公益財団法人 不動産適正取引推進機構のサイトで最新日程を確認する;申込開始日・締切日をカレンダーアプリに登録する;5問免除の対象者は申込時の手続要否を要項で確認する;受験票到着後、会場名・開始時刻・持ち物を前日までに確認する;試験2か月前から過去問演習量を増やす日を逆算で決める,試験要項や公式ページが更新されたタイミングで本文と参照元を見直します。,2026-06-04,2026-06-29,2026-06-04,published,2026-06-04: 手書きリライト,主な日程,"2026年度の試験日程は、公益財団法人 不動産適正取引推進機構が公表する案内が正本です。本記事は学習計画用の整理であり、具体的な日付は必ず公式サイトで確認してください。

通常、宅建試験は10月頃に実施され、申込は夏〜初秋、合格発表は11月頃です。年2回実施される場合もあるため、「受験する回」を先に決めてから逆算します。日程が公表されたら、申込開始日と締切日をスマホのカレンダーにすぐ登録してください。",申込み,"申込前に確認する項目です。

- 受験資格（学歴・実務経験・5問免除の要件）
- 申込期間（オンライン・窓口の締切時刻まで）
- 受験料（年度ごとに要項で確認）
- 受験地・会場の選び方（後から変更できない場合がある）
- 5問免除を受ける場合の申請書類・期限

締切直前はサイトが混み合うため、開始日から1週間以内の申込がおすすめです。写真データや本人確認書類の準備に時間がかかる場合があるため、申込開始前の週末に必要書類をそろえておくとスムーズです。",逆算,"試験日から逆算した学習の目安です（例：10月試験想定）。

- 6か月前（4月）：テキスト1周＋過去問年1分
- 3か月前（7月）：弱点分野の演習強化
- 1か月前（9月）：過去問解き直し＋模試
- 1週間前：時間配分の確認、持ち物・会場ルートの確認

自分の試験日に合わせて、月単位でカレンダーに書き込みます。申込完了後は「過去問演習週」を試験2か月前・1か月前・2週間前に3回設定すると、学習のペースが崩れにくくなります。",公式確認,"公式情報の確認先は次のとおりです。

- 試験日程・申込・合格発表：公益財団法人 不動産適正取引推進機構の宅建試験案内
- 受験要項（資格・手数料・5問免除）：同サイトのPDFまたはWeb要項
- 会場・アクセス：受験票記載が正本（申込時の会場案内は参考）

ブログやまとめサイトの日程は、必ず公式と照合してから学習計画に使ってください。受験票に記載される開始時刻・持ち物リストも、試験2週間前に公式要項と照合しておきます。",関連,"関連する学習・手続き記事への導線です。

申込前は受験資格・受験料の記事で要件を確認し、学習開始後は勉強時間の目安・合格点の記事と組み合わせて計画を立てます。直前期は直前対策の記事で1か月・1週間・前日のタスクを確認してください。5問免除の対象者は統計問題の記事も合わせて読み、学習量の調整を早めに行います。試験当日の持ち物・会場ルートは直前対策の記事で最終確認してください。",,,,,2026年度の宅建試験日はいつですか？,試験日は年度ごとに公表されます。最新の日程は公益財団法人 不動産適正取引推進機構の公式サイトの「試験日程」ページで確認してください。本記事の日付は参考用です。公表後はすぐにカレンダーへ登録し、申込期間のリマインダーも同時に設定しておくと安心です。,申込みの締切はいつ頃ですか？,申込期間は試験の約1〜2か月前から締切日まで設定されます。オンライン申込の場合も締切日の23:59など時刻指定があるため、要項の「申込期間」を必ず確認し、カレンダーに登録してください。締切当日は決済エラーで間に合わない事例もあるため、前日までの完了を目標にしてください。,takken-jukenhi:宅建試験の受験費用・合格後の費用まとめ;takken-benkyou-jikan:宅建の勉強時間は何時間必要？初学者・社会人・再受験者別の目安;takken-chokuzen:宅建試験の直前対策｜1ヶ月・1週間・前日でやること,合格発表はどこで確認しますか？,合格発表日・方法（Web・郵送）は受験要項と公式サイトで案内されます。受験番号が必要な場合があるため、受験票は試験後も保管しておいてください。Web照会の場合は混雑しやすいため、発表時刻の少し前にログイン情報を確認しておくとよいです。,,,主な日程;申込み;逆算;公式確認;関連
takken-kyozai,試験概要,宅建の教材の選び方｜テキスト・問題集・通信講座を比較,宅建試験のテキスト・一問一答・過去問集・通信講座の選び方を解説。初学者・社会人・再受験者別の組み合わせと、教材を増やしすぎないコツをまとめます。,合格は「教材を1セットに決め、過去問まで届くか」で決まります。テキストを3冊買っても進まない人より、1冊を3周した人のほうが得点が伸びます。 宅建は範囲が広い国家資格ですが、出題の型は一定なので、全体像→分野別→過去問の順で迷いが減ります。宅建は範囲が広い国家資格ですが、出題の型は一定なので全体像→分野別→過去問の順で迷いが減ります。,120,教材選び,宅建マスター編集部,宅建試験対策サイトの編集チーム,公式情報確認担当,公開前に一次情報との照合を行う担当者,2026-05-30,不動産適正取引推進機構（RETIO）|https://www.retio.or.jp/,legacy batch から移行（takken-kyozai）,本記事を読むと、宅地建物取引士試験のテキスト・問題集・通信講座を比較について、受験資格・日程・合格基準の確認手順と、演習・用語解説を組み合わせた学習の始め方が分かります。,公式サイトで最新年度を確認する;過去問一覧で演習する;用語解説で関連キーワードを確認する;過去問一覧で該当分野を1セット演習する,試験要項や公式ページが更新されたタイミングで本文と参照元を見直します。,2026-05-30,2026-06-29,2026-05-30,published,レガシーデータ移行.py による移行 guide_pro_pass適用 guide_expert_writer適用,最低限そろえる3点セット,"「最低限そろえる3点セット」はテキスト・問題集・通信講座を比較の論点の一つです。試験情報（公式）の受験要項と公式テキストで整理すると、演習問題の解説と対応づけやすくなります。

数値・日程・合格基準は年度で更新されるため、学習前と申込前には試験情報（公式）の最新案内を確認してください。演習でテキスト・問題集・通信講座を比較に関する設問を解いたら。正解理由と誤答肢の違いを短くメモし、用語解説・比較表・よくある誤答タブで似た論点を比較表で整理すると定着しやすくなります。",属性別のおすすめ構成,"「属性別のおすすめ構成」はテキスト・問題集・通信講座を比較の論点の一つです。試験情報（公式）の受験要項と公式テキストで整理すると、演習問題の解説と対応づけやすくなります。

数値・日程・合格基準は年度で更新されるため、学習前と申込前には試験情報（公式）の最新案内を確認してください。演習でテキスト・問題集・通信講座を比較に関する設問を解いたら。正解理由と誤答肢の違いを短くメモし、用語解説・比較表・よくある誤答タブで似た論点を比較表で整理すると定着しやすくなります。",テキストと通信講座の比較,"「テキストと通信講座の比較」はテキスト・問題集・通信講座を比較の論点の一つです。試験情報（公式）の受験要項と公式テキストで整理すると、演習問題の解説と対応づけやすくなります。

数値・日程・合格基準は年度で更新されるため、学習前と申込前には試験情報（公式）の最新案内を確認してください。演習でテキスト・問題集・通信講座を比較に関する設問を解いたら。正解理由と誤答肢の違いを短くメモし、用語解説・比較表・よくある誤答タブで似た論点を比較表で整理すると定着しやすくなります。",いつ問題集に切り替えるか,"「いつ問題集に切り替えるか」はテキスト・問題集・通信講座を比較の論点の一つです。試験情報（公式）の受験要項と公式テキストで整理すると、演習問題の解説と対応づけやすくなります。

数値・日程・合格基準は年度で更新されるため、学習前と申込前には試験情報（公式）の最新案内を確認してください。演習でテキスト・問題集・通信講座を比較に関する設問を解いたら。正解理由と誤答肢の違いを短くメモし、用語解説・比較表・よくある誤答タブで似た論点を比較表で整理すると定着しやすくなります。",教材選びでよくある失敗,"「教材選びでよくある失敗」はテキスト・問題集・通信講座を比較の論点の一つです。試験情報（公式）の受験要項と公式テキストで整理すると、演習問題の解説と対応づけやすくなります。

数値・日程・合格基準は年度で更新されるため、学習前と申込前には試験情報（公式）の最新案内を確認してください。演習でテキスト・問題集・通信講座を比較に関する設問を解いたら。正解理由と誤答肢の違いを短くメモし、用語解説・比較表・よくある誤答タブで似た論点を比較表で整理すると定着しやすくなります。",,,,,宅建の教材の選び方について教えてください。？,「宅建の教材の選び方について教えてください。」は宅地建物取引士試験の公式テキスト該当章と試験情報（公式）で確認するのが確実です。テキスト・問題集・通信講座を比較では、条文の要件（誰が・いつ・何を）を演習問題とセットで押さえてください。,「属性別のおすすめ構成」で押さえるべきポイントは何ですか？,試験では「テキスト・問題集・通信講座を比較」が、宅建受験者の行動として正しいか／主体を取り違えていないか、という形で四択出題されます。誤答肢は「一人で診断」「過度な情報開示」などが典型です。数値・主体・手順は公益財団法人 不動産適正取引推進機構の最新案内と照合してください。,takken-benkyou-jikan:宅建の勉強時間は何時間必要？初学者・社会人・再受験者別の目安;takken-goukakuten:宅建の合格点は何点？合格ラインの考え方と目標点の作り方,,「本テーマ」の整理後は過去問一覧で演習する。同テーマを1週間後に解き直して定着を確認する。誤答肢のパターンを比較表に整理して復習する。誤答肢のパターンを比較表に整理して復習する。誤答肢のパターンを比較表に整理して復習する。誤答肢のパターンを比較表に整理して復習する。takken-kyozaiの誤答肢を比較表に整理する。,,,最低限そろえる3点セット;属性別のおすすめ構成;テキストと通信講座の比較;いつ問題集に切り替えるか;教材選びでよくある失敗
takken-moshi,試験概要,宅建の模擬試験の活用法｜何回受ける？点数の見方,宅地建物取引士試験の概要・4科目・合格基準の確認方法。公式情報の見方と、このサイトでの演習・用語解説の使い方をまとめます。模試は合格予想の試験公式情報も確認。,模試は合格予想のためではなく、本番前に弱点を洗い出す診断です。回数より、間違えた理由を分野別に戻れるかが重要です。 宅建は範囲が広い国家資格ですが、出題の型は一定なので、全体像→分野別→過去問の順で迷いが減ります。宅建は範囲が広い国家資格ですが、出題の型は一定なので全体像→分野別→過去問の順で迷いが減ります。,130,模擬試験,宅建マスター編集部,宅建試験対策サイトの編集チーム,公式情報確認担当,公開前に一次情報との照合を行う担当者,2026-05-30,不動産適正取引推進機構（RETIO）|https://www.retio.or.jp/,legacy batch から移行（takken-moshi）,本記事を読むと、宅地建物取引士試験の何回受ける？点数の見方について、受験資格・日程・合格基準の確認手順と、演習・用語解説を組み合わせた学習の始め方が分かります。,公式サイトで最新年度を確認する;過去問一覧で演習する;用語解説で関連キーワードを確認する;過去問一覧で該当分野を1セット演習する,試験要項や公式ページが更新されたタイミングで本文と参照元を見直します。,2026-05-30,2026-06-29,2026-05-30,published,レガシーデータ移行.py による移行 guide_pro_pass適用 guide_expert_writer適用,模試の役割,"「模試の役割」は何回受ける？点数の見方の論点の一つです。試験情報（公式）の受験要項と公式テキストで整理すると、演習問題の解説と対応づけやすくなります。

数値・日程・合格基準は年度で更新されるため、学習前と申込前には試験情報（公式）の最新案内を確認してください。演習で何回受ける？点数の見方に関する設問を解いたら、正解理由と誤答肢の違いを短くメモし、用語解説・比較表・よくある誤答タブで似た論点を比較表で整理すると定着しやすくなります。",おすすめの受験回数,"「おすすめの受験回数」は何回受ける？点数の見方の論点の一つです。試験情報（公式）の受験要項と公式テキストで整理すると、演習問題の解説と対応づけやすくなります。

数値・日程・合格基準は年度で更新されるため、学習前と申込前には試験情報（公式）の最新案内を確認してください。演習で何回受ける？点数の見方に関する設問を解いたら、正解理由と誤答肢の違いを短くメモし、用語解説・比較表・よくある誤答タブで似た論点を比較表で整理すると定着しやすくなります。",点数の見方,"「点数の見方」は何回受ける？点数の見方の論点の一つです。試験情報（公式）の受験要項と公式テキストで整理すると、演習問題の解説と対応づけやすくなります。

数値・日程・合格基準は年度で更新されるため、学習前と申込前には試験情報（公式）の最新案内を確認してください。演習で何回受ける？点数の見方に関する設問を解いたら、正解理由と誤答肢の違いを短くメモし、用語解説・比較表・よくある誤答タブで似た論点を比較表で整理すると定着しやすくなります。",模試後2週間の復習,"解き直しは、当日・3日後・1週間後の間隔を空けると記憶の定着を確認しやすくなります。ブラウザの復習機能やブックマーク一覧を「何回受ける？点数の見方関連」でフィルタし、優先順位を付けてください。

2回連続で正解できても、解説を読まずに選んだ問題は三回目も解き直し対象にします。「なぜ正解か」を言語化できるまでが、本番レベルの理解です。「模試後2週間の復習」では、何回受ける？点数の見方について公式テキストの該当章を開き、主体・期限・数値をメモしながら演習問題で定着を確認します。数値・日程は試験情報（公式）の最新要項で必ず照合してください。",直前模試の注意,"試験直前は新しい参考書を増やさず、何回受ける？点数の見方で何度も迷った分野と頻出用語に絞ります。4科目のうち得点率が低い領域を1つ選び、用語10語＋演習20問程度をセットで見直すのが目安です。

前日は暗記の詰め込みより、睡眠と当日の持ち物・会場確認を優先してください。数値（35条書面、37条書面、重要事項説明、媒介手数料、登録免許税など）は早見表タブで最終確認すると安心です。",,,,,宅建の模擬試験の活用法｜何回受ける？点数の見方？,「宅建の模擬試験の活用法｜何回受ける？点数の見方」は宅地建物取引士試験の公式テキスト該当章と試験情報（公式）で確認するのが確実です。何回受ける？点数の見方では、条文の要件（誰が・いつ・何を）を演習問題とセットで押さえてください。,「おすすめの受験回数」で押さえるべきポイントは何ですか？,試験では「何回受ける？点数の見方」が、宅建受験者の行動として正しいか／主体を取り違えていないか、という形で四択出題されます。誤答肢は「一人で診断」「過度な情報開示」などが典型です。数値・主体・手順は公益財団法人 不動産適正取引推進機構の最新案内と照合してください。,takken-benkyou-jikan:宅建の勉強時間は何時間必要？初学者・社会人・再受験者別の目安;takken-goukakuten:宅建の合格点は何点？合格ラインの考え方と目標点の作り方,,FAQ3「本テーマ」については、過去問で条件文の読み取りを確認する（宅建の模擬試験の活用法）。過去問で条件文の読み取りを確認する。宅建の模擬試験の活用法の論点は用語ハブの比較表とセットで復習してください。 試験公式情報も確認。 試験公式情報も確認。,,,模試の役割;おすすめの受験回数;点数の見方;模試後2週間の復習;直前模試の注意
takken-tokkuten,用語ハブ活用法,宅建の頻出論点まとめ｜分野別・絶対暗記の数字一覧,宅地建物取引士試験の「分野別・絶対暗記の数字一覧」を試験対策向けに整理。用語解説・演習・比較表との学習順と、宅建受験者が押さえる論点を解説します。,「宅建の頻出論点まとめ｜分野別・絶対暗記の数字一覧」の表・数値一覧は **知識ハブ（数値・期限早見表）** に集約しています。本ページでは、確認後に試験ガイドと演習へ進む導線だけを案内します。,140,頻出論点,宅建マスター編集部,宅建試験対策サイトの編集チーム,公式情報確認担当,公開前に一次情報との照合を行う担当者,2026-05-30,不動産適正取引推進機構（RETIO）|https://www.retio.or.jp/,legacy batch から移行（takken-tokkuten）,宅建の頻出論点まとめ｜分野別・絶対暗記の数字一覧を試験対策用に整理した表を確認し、関連する過去問・学習計画へつなげたい読者向け。,知識ハブの数値・期限早見表で宅建の頻出論点まとめ｜分野別・絶対暗記の数字一覧を確認する;関連用語を用語解説で2件以上たどる;過去問演習で該当分野を解く;学習計画・分野別対策ガイドで次の行動を決める,試験要項や公式ページが更新されたタイミングで本文と参照元を見直します。,2026-05-30,2026-06-29,2026-05-30,published,配置整理: 比較・数値の正本は知識ハブ。本記事は導線用,数値・期限早見表で確認する内容,"独学を始める前に、試験情報（公式）で受験資格・試験日程・出題範囲（4科目）・合格基準をメモしてください。分野別・絶対暗記の数字一覧の学習計画は、公式テキストの章立てと一致させると、過去問の分野ラベルとも対応づけやすくなります。

ブログやSNSの「最新情報」は、必ず公益財団法人 不動産適正取引推進機構のページと照合してから採用してください。申込期限や受験料は年度ごとに変わるため、カレンダーに締切を入れてから教材を開く習慣が有効です。用語一覧は /terms/ から分野別に開き、比較表で関連論点を整理してください。",試験ガイドとの使い分け,"用語解説は「分野別・絶対暗記の数字一覧とは何か」を答える場所です。勉強の進め方・申込・直前対策・再受験は試験ガイド一覧で扱い、役割を分けて読むと迷いません。

定義を読んだら、弱点分野のガイド記事か演習問題へ進み、選択肢で迷った論点だけ用語ページに戻る往復が効率的です。「試験ガイドとの使い分け」では、分野別・絶対暗記の数字一覧について公式テキストの該当章を開き、主体・期限・数値をメモしながら演習問題で定着を確認します。数値・日程は試験情報（公式）の最新要項で必ず照合してください。",おすすめの学習順,"おすすめの学習順：①用語解説で分野別・絶対暗記の数字一覧の定義と誤答パターンを確認 ②関連用語リンクから混同しやすい語を比較表で整理 ③演習問題で該当分野を解き。間違えた選択肢を用語解説で照合 ④必要なら学習計画・分野別ガイドへ。

比較表タブに分野別・絶対暗記の数字一覧が登場する場合は、似た制度・用語との違いを表形式で確認してから演習に戻してください。「おすすめの学習順」では、分野別・絶対暗記の数字一覧について公式テキストの該当章を開き、主体・期限・数値をメモしながら演習問題で定着を確認します。数値・日程は試験情報（公式）の最新要項で必ず照合してください。",比較表・よくある誤答タブ,"「比較表・よくある誤答タブ」は分野別・絶対暗記の数字一覧の論点の一つです。試験情報（公式）の受験要項と公式テキストで整理すると、演習問題の解説と対応づけやすくなります。

数値・日程・合格基準は年度で更新されるため、学習前と申込前には試験情報（公式）の最新案内を確認してください。演習で分野別・絶対暗記の数字一覧に関する設問を解いたら。正解理由と誤答肢の違いを短くメモし、用語解説・比較表・よくある誤答タブで似た論点を比較表で整理すると定着しやすくなります。",関連ガイドと演習への導線,"分野別・絶対暗記の数字一覧の理解度は、関連する演習問題で確認するのが効率的です。1問解くごとに「根拠はテキストのどの章か」をメモすると、復習時に該当ページへすぐ戻れます。

同じ問題を時間を空けて解き直し、言い換え選択肢でも正解できるかまで確認してください。二回連続正解でも、条件を1語変えた肢で誤答する場合は、用語の定義がまだ曖昧なサインです。「関連ガイドと演習への導線」では、分野別・絶対暗記の数字一覧について公式テキストの該当章を開き、主体・期限・数値をメモしながら演習問題で定着を確認します。数値・日程は試験情報（公式）の最新要項で必ず照合してください。用語一覧は /terms/ から分野別に開き、比較表で関連論点を整理してください。",,,,,宅建の頻出論点まとめ｜分野別・絶対暗記の数字一覧はどこで詳しく見られますか？,試験情報（公式）（公益財団法人 不動産適正取引推進機構）で最新情報を確認してください。受験要項・テキスト改訂・合格発表は公式ページが正本です。分野別・絶対暗記の数字一覧に関する数値や期限も、非公式まとめではなく公式資料と照合してください。,表を確認したあと何をすればよいですか？,試験では「分野別・絶対暗記の数字一覧」が、宅建受験者の行動として正しいか／主体を取り違えていないか、という形で四択出題されます。誤答肢は「一人で診断」「過度な情報開示」などが典型です。数値・主体・手順は公益財団法人 不動産適正取引推進機構の最新案内と照合してください。,takken-benkyou-jikan:宅建の勉強時間は何時間必要？初学者・社会人・再受験者別の目安;takken-goukakuten:宅建の合格点は何点？合格ラインの考え方と目標点の作り方,用語解説との違いは？,読了後は、分野別・絶対暗記の数字一覧の関連する演習を5問以上解き、間違えた選択肢を用語解説で確認してから関連ガイドへ進んでください。1週間後の解き直し日をカレンダーに入れると定着しやすくなります。数値・主体・手順は不動産適正取引推進機構の最新案内で確認してください。,直前対策でどう使う？,読了後は、分野別・絶対暗記の数字一覧の関連する演習を5問以上解き、間違えた選択肢を用語解説で確認してから関連ガイドへ進んでください。1週間後の解き直し日をカレンダーに入れると定着しやすくなります。,数値・期限早見表で確認する内容;試験ガイドとの使い分け;おすすめの学習順
takken-jukenhi,受験・申込,宅建試験の受験費用・合格後の費用まとめ,宅建試験の受験料、合格後の登録講習・登録免許税・証票交付手数料など、取得までにかかる費用の内訳と確認方法を解説します。,宅建取得の費用は受験料だけではありません。合格後の講習・登録費も含めて事前に把握しておくと、計画が立てやすくなります。 申込・当日手続きのミスは学力と無関係に失格につながるため、公式案内の一次確認が最優先です。,150,費用,宅建マスター編集部,宅建試験対策サイトの編集チーム,公式情報確認担当,公開前に一次情報との照合を行う担当者,2026-06-04,不動産適正取引推進機構（RETIO）|https://www.retio.or.jp/,手書きリライト 2026-06-04。,本記事を読むと、受験時・合格後それぞれにいつ・いくら必要か、公式要項で確認すべき項目と、予算計画の立て方が分かります。,受験要項で受験料の最新額を確認する;合格後の登録講習・登録免許税・証票手数料を一覧メモする;テキスト・問題集・模試の予算を別枠で試験手続き費用と分ける;5問免除の手続に追加費用がないか要項で確認する;合格発表後の支払期限をカレンダーに登録する,試験要項や公式ページが更新されたタイミングで本文と参照元を見直します。,2026-06-04,2026-06-29,2026-06-04,published,2026-06-04: 手書きリライト,受験時の費用,"受験時にかかる主な費用は受験料です。金額は年度ごとに受験要項で定められ、申込時に納付します。オンライン決済・コンビニ払いなど方法は要項を確認してください。

教材費（テキスト・問題集）は受験料とは別です。おすすめテキスト比較の記事と合わせて、1冊1万円前後×2冊程度を目安に予算を組むとよいです。模試や通信講座を使う場合は、受験料とは別枠で年間2〜5万円程度を見込んでおくと計画が立てやすいです。",学習にかかる費用,"合格後の主な費用は次のとおりです（名称・金額は要項・省令で確認）。

- 登録講習の受講料
- 登録免許税（税務署または便利な納付方法）
- 宅地建物取引士証の交付手数料
- 登録講習関連の教材費（ある場合）

合格発表直後は手続きが集中するため、費用と期限を表にまとめておくと漏れがありません。登録講習の日程によっては早期枠が埋まるため、合格発表前から候補日をメモしておくと安心です。",合格後の費用,"5問免除を利用する場合、申込時の手続に追加書類が必要になることがあります。手数料が別途かかるかは受験要項が正本です。

免除対象でも本試験45問＋合格後手続の費用は必要です。「5問分の受験料が割引になる」と誤解しないよう、要項の記載を確認してください。免除対象でも統計以外の45問は通常どおり受験するため、合格後手続の費用は一般受験者と同様です。申請書類の写しは複数部用意しておくと、不備で差し戻されたときに安心です。",トータル目安,"予算を立てる際は、次の3ブロックに分けます。

1. 受験前：受験料＋教材（テキスト・問題集・模試）
2. 合格直後：登録講習＋登録免許税＋証票手数料
3. 任意：通信講座・予備校（独学なら省略可）

合格前から2のブロック目安を把握しておくと、合格後の急な出費に慌てません。受験前の段階で「合格後予算」を別口座やメモに確保しておくと、手続きがスムーズです。教材費と手続き費を混同しないよう、スプレッドシートで項目を分けて管理するとよいです。",費用を抑えるコツ,"費用確認でよくある見落としです。

- 受験料の支払期限・申込取消の可否
- 登録免許税の納付方法と領収書の保管
- 登録講習の欠席・再受講の扱い
- 合格証明・証票再交付の手数料

すべて公益財団法人 不動産適正取引推進機構および関連省令の最新案内で確認してください。領収書や納付証明は登録手続きで求められることがあるため、デジタルでも保管しておきます。再交付手数料が発生する書類は、原本とコピーの両方をファイルに分けて保管してください。",,,,,宅建試験の受験料はいくらですか？,受験料は年度ごとに定められます。申込前に公益財団法人 不動産適正取引推進機構の受験要項で最新額を確認してください。過去のブログ記載はそのまま使わないでください。オンライン決済の手数料有無も要項で確認し、支払方法を早めに決めておくと申込がスムーズです。,合格後にいくらかかりますか？,登録講習、登録免許税、証票交付手数料など、合計で数万円規模になるのが一般的です。正確な金額と納付期限は合格後に案内される手続き要領と要項で確認します。講習の宿泊や交通費が別途かかる場合もあるため、会場が遠い人は早めに日程を押さえてください。,takken-shiken-schedule-2026:2026年度 宅建試験日程・申込み・合格発表スケジュール;takken-toukei-mondai:宅建の統計問題の攻略法｜問46〜50と5問免除;affiliate-textbooks-recommend:宅建士のおすすめテキスト3選【2026年度版・独学】,5問免除を使っても受験料は同じですか？,受験料の扱いは要項の記載に従います。5問免除は解答対象の問題数に関する制度であり、受験料が自動的に割引になるわけではない場合が多いです。申込要項を必ず読んでください。書類提出に郵送費がかかる場合もあるため、申請期限の1週間前までに準備を終えておくと安心です。,,,受験時の費用;学習にかかる費用;合格後の費用;トータル目安;費用を抑えるコツ
takken-machigai-note,試験概要,宅建の間違いノートの作り方｜復習で得点を伸ばす方法,宅地建物取引士試験の概要・4科目・合格基準の確認方法。公式情報の見方と、このサイトでの演習・用語解説の使い方をまとめます。同じ過去問を3周試験公式情報も確認。,同じ過去問を3周する価値は、1周目の間違いを2周目で潰せるかにあります。間違いノートは「問題番号のリスト」ではなく「原因の記録」です。 宅建は範囲が広い国家資格ですが、出題の型は一定なので、全体像→分野別→過去問の順で迷いが減ります。宅建は範囲が広い国家資格ですが、出題の型は一定なので全体像→分野別→過去問の順で迷いが減ります。,160,復習法,宅建マスター編集部,宅建試験対策サイトの編集チーム,公式情報確認担当,公開前に一次情報との照合を行う担当者,2026-05-30,不動産適正取引推進機構（RETIO）|https://www.retio.or.jp/,legacy batch から移行（takken-machigai-note）,本記事を読むと、宅地建物取引士試験の復習で得点を伸ばす方法について、受験資格・日程・合格基準の確認手順と、演習・用語解説を組み合わせた学習の始め方が分かります。,公式サイトで最新年度を確認する;過去問一覧で演習する;用語解説で関連キーワードを確認する;過去問一覧で該当分野を1セット演習する,試験要項や公式ページが更新されたタイミングで本文と参照元を見直します。,2026-05-30,2026-06-29,2026-05-30,published,レガシーデータ移行.py による移行 guide_pro_pass適用 guide_expert_writer適用,なぜ間違いノートが必要か,"「なぜ間違いノートが必要か」は復習で得点を伸ばす方法の論点の一つです。試験情報（公式）の受験要項と公式テキストで整理すると、演習問題の解説と対応づけやすくなります。

数値・日程・合格基準は年度で更新されるため、学習前と申込前には試験情報（公式）の最新案内を確認してください。演習で復習で得点を伸ばす方法に関する設問を解いたら。正解理由と誤答肢の違いを短くメモし、用語解説・比較表・よくある誤答タブで似た論点を比較表で整理すると定着しやすくなります。",記録する4項目,"「記録する4項目」は復習で得点を伸ばす方法の論点の一つです。試験情報（公式）の受験要項と公式テキストで整理すると、演習問題の解説と対応づけやすくなります。

数値・日程・合格基準は年度で更新されるため、学習前と申込前には試験情報（公式）の最新案内を確認してください。演習で復習で得点を伸ばす方法に関する設問を解いたら。正解理由と誤答肢の違いを短くメモし、用語解説・比較表・よくある誤答タブで似た論点を比較表で整理すると定着しやすくなります。",復習サイクル,"解き直しは、当日・3日後・1週間後の間隔を空けると記憶の定着を確認しやすくなります。ブラウザの復習機能やブックマーク一覧を「復習で得点を伸ばす方法関連」でフィルタし、優先順位を付けてください。

2回連続で正解できても、解説を読まずに選んだ問題は三回目も解き直し対象にします。「なぜ正解か」を言語化できるまでが、本番レベルの理解です。「復習サイクル」では、復習で得点を伸ばす方法について公式テキストの該当章を開き、主体・期限・数値をメモしながら演習問題で定着を確認します。数値・日程は試験情報（公式）の最新要項で必ず照合してください。",紙とアプリの使い分け,"「紙とアプリの使い分け」は復習で得点を伸ばす方法の論点の一つです。試験情報（公式）の受験要項と公式テキストで整理すると、演習問題の解説と対応づけやすくなります。

数値・日程・合格基準は年度で更新されるため、学習前と申込前には試験情報（公式）の最新案内を確認してください。演習で復習で得点を伸ばす方法に関する設問を解いたら。正解理由と誤答肢の違いを短くメモし、用語解説・比較表・よくある誤答タブで似た論点を比較表で整理すると定着しやすくなります。",やりがちな失敗,"「やりがちな失敗」は復習で得点を伸ばす方法の論点の一つです。試験情報（公式）の受験要項と公式テキストで整理すると、演習問題の解説と対応づけやすくなります。

数値・日程・合格基準は年度で更新されるため、学習前と申込前には試験情報（公式）の最新案内を確認してください。演習で復習で得点を伸ばす方法に関する設問を解いたら。正解理由と誤答肢の違いを短くメモし、用語解説・比較表・よくある誤答タブで似た論点を比較表で整理すると定着しやすくなります。",,,,,宅建の間違いノートの作り方について教えてください。？,「宅建の間違いノートの作り方について教えてください。」は宅地建物取引士試験の公式テキスト該当章と試験情報（公式）で確認するのが確実です。復習で得点を伸ばす方法では、条文の要件（誰が・いつ・何を）を演習問題とセットで押さえてください。,「記録する4項目」で押さえるべきポイントは何ですか？,試験では「復習で得点を伸ばす方法」が、宅建受験者の行動として正しいか／主体を取り違えていないか、という形で四択出題されます。誤答肢は「一人で診断」「過度な情報開示」などが典型です。数値・主体・手順は公益財団法人 不動産適正取引推進機構の最新案内と照合してください。,takken-benkyou-jikan:宅建の勉強時間は何時間必要？初学者・社会人・再受験者別の目安;takken-goukakuten:宅建の合格点は何点？合格ラインの考え方と目標点の作り方,,「本テーマ」の整理後は過去問一覧で演習する。同テーマを1週間後に解き直して定着を確認する。誤答肢のパターンを比較表に整理して復習する。誤答肢のパターンを比較表に整理して復習する。誤答肢のパターンを比較表に整理して復習する。誤答肢のパターンを比較表に整理して復習する。takken-machigai-noteの誤答肢を比較表に整理する。,,,なぜ間違いノートが必要か;記録する4項目;復習サイクル;紙とアプリの使い分け;やりがちな失敗
takken-tsushin-hikaku,試験概要,宅建の通信講座・独学・通学の比較｜自分に合う学習スタイル,宅地建物取引士試験の概要・4科目・合格基準の確認方法。公式情報の見方と、このサイトでの演習・用語解説の使い方をまとめます。合格する方法は1試験公式情報も確認。,合格する方法は1つではありません。大切なのは、自分の生活リズムに合う学習スタイルを選び、途中でスタイルごと教材を増やさないことです。 宅建は範囲が広い国家資格ですが、出題の型は一定なので、全体像→分野別→過去問の順で迷いが減ります。宅建は範囲が広い国家資格ですが、出題の型は一定なので全体像→分野別→過去問の順で迷いが減ります。,170,学習スタイル,宅建マスター編集部,宅建試験対策サイトの編集チーム,公式情報確認担当,公開前に一次情報との照合を行う担当者,2026-05-30,不動産適正取引推進機構（RETIO）|https://www.retio.or.jp/,legacy batch から移行（takken-tsushin-hikaku）,本記事を読むと、宅地建物取引士試験の自分に合う学習スタイルについて、受験資格・日程・合格基準の確認手順と、演習・用語解説を組み合わせた学習の始め方が分かります。,公式サイトで最新年度を確認する;過去問一覧で演習する;用語解説で関連キーワードを確認する;過去問一覧で該当分野を1セット演習する,試験要項や公式ページが更新されたタイミングで本文と参照元を見直します。,2026-05-30,2026-06-29,2026-05-30,published,レガシーデータ移行.py による移行 guide_pro_pass適用 guide_expert_writer適用,3つの学習スタイル,"「3つの学習スタイル」は自分に合う学習スタイルの論点の一つです。試験情報（公式）の受験要項と公式テキストで整理すると、演習問題の解説と対応づけやすくなります。

数値・日程・合格基準は年度で更新されるため、学習前と申込前には試験情報（公式）の最新案内を確認してください。演習で自分に合う学習スタイルに関する設問を解いたら。正解理由と誤答肢の違いを短くメモし、用語解説・比較表・よくある誤答タブで似た論点を比較表で整理すると定着しやすくなります。",向いている人,"「向いている人」は自分に合う学習スタイルの論点の一つです。試験情報（公式）の受験要項と公式テキストで整理すると、演習問題の解説と対応づけやすくなります。

数値・日程・合格基準は年度で更新されるため、学習前と申込前には試験情報（公式）の最新案内を確認してください。演習で自分に合う学習スタイルに関する設問を解いたら。正解理由と誤答肢の違いを短くメモし、用語解説・比較表・よくある誤答タブで似た論点を比較表で整理すると定着しやすくなります。",費用と時間の比較,"「費用と時間の比較」は自分に合う学習スタイルの論点の一つです。試験情報（公式）の受験要項と公式テキストで整理すると、演習問題の解説と対応づけやすくなります。

数値・日程・合格基準は年度で更新されるため、学習前と申込前には試験情報（公式）の最新案内を確認してください。演習で自分に合う学習スタイルに関する設問を解いたら。正解理由と誤答肢の違いを短くメモし、用語解説・比較表・よくある誤答タブで似た論点を比較表で整理すると定着しやすくなります。",途中で変えてもよいか,"「途中で変えてもよいか」は自分に合う学習スタイルの論点の一つです。試験情報（公式）の受験要項と公式テキストで整理すると、演習問題の解説と対応づけやすくなります。

数値・日程・合格基準は年度で更新されるため、学習前と申込前には試験情報（公式）の最新案内を確認してください。演習で自分に合う学習スタイルに関する設問を解いたら。正解理由と誤答肢の違いを短くメモし、用語解説・比較表・よくある誤答タブで似た論点を比較表で整理すると定着しやすくなります。",選び方のチェック,"「選び方のチェック」は自分に合う学習スタイルの論点の一つです。試験情報（公式）の受験要項と公式テキストで整理すると、演習問題の解説と対応づけやすくなります。

数値・日程・合格基準は年度で更新されるため、学習前と申込前には試験情報（公式）の最新案内を確認してください。演習で自分に合う学習スタイルに関する設問を解いたら。正解理由と誤答肢の違いを短くメモし、用語解説・比較表・よくある誤答タブで似た論点を比較表で整理すると定着しやすくなります。",,,,,宅建の通信講座・独学・通学の比較について教えてください。？,「宅建の通信講座・独学・通学の比較について教えてください。」は宅地建物取引士試験の公式テキスト該当章と試験情報（公式）で確認するのが確実です。自分に合う学習スタイルでは、条文の要件（誰が・いつ・何を）を演習問題とセットで押さえてください。,「向いている人」で押さえるべきポイントは何ですか？,試験では「自分に合う学習スタイル」が、宅建受験者の行動として正しいか／主体を取り違えていないか、という形で四択出題されます。誤答肢は「一人で診断」「過度な情報開示」などが典型です。数値・主体・手順は公益財団法人 不動産適正取引推進機構の最新案内と照合してください。,takken-benkyou-jikan:宅建の勉強時間は何時間必要？初学者・社会人・再受験者別の目安;takken-goukakuten:宅建の合格点は何点？合格ラインの考え方と目標点の作り方,,FAQ3「本テーマ」については、過去問で条件文の読み取りを確認する（宅建の通信講座・独学・通学の比較）。過去問で条件文の読み取りを確認する。宅建の通信講座・独学・通学の比較の論点は用語ハブの比較表とセットで復習してください。 試験公式情報も確認。 試験公式情報も確認。,,,3つの学習スタイル;向いている人;費用と時間の比較;途中で変えてもよいか;選び方のチェック
takken-35jou-gyakushu,試験概要,宅建の35条重説・37条書面の攻略法｜宅建業法の核心,宅地建物取引士試験の概要・4科目・合格基準の確認方法。公式情報の見方と、このサイトでの演習・用語解説の使い方をまとめます。宅建業法20問の試験公式情報も確認。,"宅建業法20問のうち、35条・37条関連だけで毎年数問が出ます。条文丸暗記より、「誰が・いつ・何を・どう交付するか」の型で覚えると安定します。 宅建は範囲が広い国家資格ですが、出題の型は一定なので、全体像→分野別→過去問の順で迷いが減ります。宅建は範囲が広い国家資格ですが、出題の型は一定なので全体像→分野別→過去問の順で迷いが減ります。特に宅建業法の論点と、学習の優先順位を意識しながら読み進めてください。特に宅建業法の論点と、学習の優先順位を意識しながら読み進めてください。特に宅建業法の論点と、学習の優先順位を意識しながら読み進めてください。特に宅建業法の論点と、学習の優先順位を意識しながら読み進めてください。特に宅建業法の論点と、学習の優先順位を意識しながら読み進めてください。

特に宅建業法の論点と、学習の優先順位を意識しながら読み進めてください。",180,宅建業法,宅建マスター編集部,宅建試験対策サイトの編集チーム,公式情報確認担当,公開前に一次情報との照合を行う担当者,2026-05-30,不動産適正取引推進機構（RETIO）|https://www.retio.or.jp/,legacy batch から移行（takken-35jou-gyakushu）,本記事を読むと、宅地建物取引士試験の業法の核心について、受験資格・日程・合格基準の確認手順と、演習・用語解説を組み合わせた学習の始め方が分かります。,公式サイトで最新年度を確認する;過去問一覧で演習する;用語解説で関連キーワードを確認する;過去問一覧で該当分野を1セット演習する,試験要項や公式ページが更新されたタイミングで本文と参照元を見直します。,2026-05-30,2026-06-29,2026-05-30,published,レガシーデータ移行.py による移行 guide_pro_pass適用 guide_expert_writer適用,35条重要事項説明,"「35条重要事項説明」は業法の核心の論点の一つです。試験情報（公式）の受験要項と公式テキストで整理すると、演習問題の解説と対応づけやすくなります。

数値・日程・合格基準は年度で更新されるため、学習前と申込前には試験情報（公式）の最新案内を確認してください。演習で業法の核心に関する設問を解いたら、正解理由と誤答肢の違いを短くメモし、用語解説・比較表・よくある誤答タブで似た論点を比較表で整理すると定着しやすくなります。",37条書面,"「37条書面」は業法の核心の論点の一つです。試験情報（公式）の受験要項と公式テキストで整理すると、演習問題の解説と対応づけやすくなります。

数値・日程・合格基準は年度で更新されるため、学習前と申込前には試験情報（公式）の最新案内を確認してください。演習で業法の核心に関する設問を解いたら、正解理由と誤答肢の違いを短くメモし、用語解説・比較表・よくある誤答タブで似た論点を比較表で整理すると定着しやすくなります。",IT重説の要点,"「IT重説の要点」は業法の核心の論点の一つです。試験情報（公式）の受験要項と公式テキストで整理すると、演習問題の解説と対応づけやすくなります。

数値・日程・合格基準は年度で更新されるため、学習前と申込前には試験情報（公式）の最新案内を確認してください。演習で業法の核心に関する設問を解いたら、正解理由と誤答肢の違いを短くメモし、用語解説・比較表・よくある誤答タブで似た論点を比較表で整理すると定着しやすくなります。",引っ掛けパターン,"「引っ掛けパターン」は業法の核心の論点の一つです。試験情報（公式）の受験要項と公式テキストで整理すると、演習問題の解説と対応づけやすくなります。

数値・日程・合格基準は年度で更新されるため、学習前と申込前には試験情報（公式）の最新案内を確認してください。演習で業法の核心に関する設問を解いたら、正解理由と誤答肢の違いを短くメモし、用語解説・比較表・よくある誤答タブで似た論点を比較表で整理すると定着しやすくなります。",過去問での鍛え方,"業法の核心の理解度は、関連する演習問題で確認するのが効率的です。1問解くごとに「根拠はテキストのどの章か」をメモすると、復習時に該当ページへすぐ戻れます。

同じ問題を時間を空けて解き直し、言い換え選択肢でも正解できるかまで確認してください。二回連続正解でも、条件を1語変えた肢で誤答する場合は、用語の定義がまだ曖昧なサインです。「過去問での鍛え方」では、業法の核心について公式テキストの該当章を開き、主体・期限・数値をメモしながら演習問題で定着を確認します。数値・日程は試験情報（公式）の最新要項で必ず照合してください。",,,,,宅建の35条重説・37条書面の攻略法について教えてください。？,「宅建の35条重説・37条書面の攻略法について教えてください。」は宅地建物取引士試験の公式テキスト該当章と試験情報（公式）で確認するのが確実です。業法の核心では、条文の要件（誰が・いつ・何を）を演習問題とセットで押さえてください。,「37条書面」で押さえるべきポイントは何ですか？,試験では「業法の核心」が、宅建受験者の行動として正しいか／主体を取り違えていないか、という形で四択出題されます。誤答肢は「一人で診断」「過度な情報開示」などが典型です。数値・主体・手順は公益財団法人 不動産適正取引推進機構の最新案内と照合してください。,takken-benkyou-jikan:宅建の勉強時間は何時間必要？初学者・社会人・再受験者別の目安;takken-goukakuten:宅建の合格点は何点？合格ラインの考え方と目標点の作り方,,FAQ3「本テーマ」については、過去問で条件文の読み取りを確認する（宅建の35条重説・37条書面の攻略法）。過去問で条件文の読み取りを確認する。宅建の35条重説・37条書面の攻略法の論点は用語ハブの比較表とセットで復習してください。 試験公式情報も確認。,,,35条重要事項説明;37条書面;IT重説の要点;引っ掛けパターン;過去問での鍛え方
takken-saishuken,注意点・更新,宅建の再受験の勉強法｜失点分析から合格へのロードマップ,宅建試験の再受験向け勉強法。失点の3分類（知識不足・時間不足・ケアレス）、弱点分野の特定、前回との差別化した学習計画の立て方を解説します。,再受験は「やり直し」ではなく「設計の修正」です。前回と同じ順番・同じ教材で進めると、同じ失点パターンが再現されやすくなります。 法改正・統計は年度で変わるため、直前期は公式・直前資料で差分だけ更新するのが効率的です。,190,再受験,宅建マスター編集部,宅建試験対策サイトの編集チーム,公式情報確認担当,公開前に一次情報との照合を行う担当者,2026-06-04,不動産適正取引推進機構（RETIO）|https://www.retio.or.jp/,手書きリライト 2026-06-04。,本記事を読むと、再受験時に前回と同じ失点を繰り返さないための分析手順と、200〜250時間の学習配分、過去問の使い方、直前2週間の重点が分かります。,前回の試験問題・自分の解答を4分野別に振り返る;誤答を知識不足・時間不足・ケアレスに分類して記録する;正答率最低の分野に総時間の40％を配分する;前回使った教材のうち、未完了・効果が低かったものはやめる;過去問2年分の誤答だけを50問形式で2回解き直す,試験要項や公式ページが更新されたタイミングで本文と参照元を見直します。,2026-06-04,2026-06-29,2026-06-04,published,2026-06-04: 手書きリライト,失点の3分類,"再受験の第一歩は失点分析です。前回の試験問題（可能なら自分のマーク）を用意し、4分野ごとに正答数を数えます。

分類の例：
- 知識不足：条文・用語が思い出せず不正解
- 時間不足：後半問題を適当に選んだ
- ケアレス：知っていたのに読み違え・消し忘れ

3分類のうちどれが多いかで、次の2か月の対策が変わります。知識不足が多い→用語と条文、時間不足→模試、ケアレス→解き直しと時間配分です。",分野別の立て直し,"再受験者向けの時間配分（総量200〜250時間）の例です。

- 弱点分野（前回最低）：40％（80〜100時間）
- 次点の弱点分野：25％（50〜60時間）
- 得意分野の維持：20％（40〜50時間）
- 直前模試・解き直し：15％（30〜40時間）

前回と同じ教材・同じ章順で進めると、同じ論点で再び落ちることがあります。弱点分野は別の問題集や解説で「見方」を変えると効果が出やすいです。",3ヶ月・6ヶ月プラン,"過去問の使い方（再受験版）です。

1. 前回試験年を含む直近3年分を優先
2. 前回不正解だった論点をタグ付け（35条・抵当権・用途地域等）
3. 同タグの問題を10問セットで解き直し
4. 2回連続不正解のタグは用語解説で定義確認
5. 50問フル模試は月2回→直前は週1回

新しい過去問年を増やすより、既に落とした問題の正答率を上げる方が得点に効きます。",メンタルの整え方,"前回との差別化チェックリストです。

- 学習時間の配分を変えたか（弱点に4割以上）
- 模試で90分計測を毎回行っているか
- ケアレスミスを別カウントしているか
- 4分野のバランスを確認しているか
- 法改正・統計の年度差分を確認したか

「前回より時間は増やしたが同じ点」は、配分が変わっていないサインです。週次で4分野の正答数を記録し、グラフ化すると改善が見えやすくなります。",次にやること,"再受験直前2週間の重点です。

- 誤答ノートの問題のみ50問×2回
- 時間配分メモ1枚を手元に置き、模試で再現
- 35条・37条・報酬・広告・抵当権・用途地域を各15分確認
- 新規テキストは開かない

再受験は「やり直し」ではなく「設計の修正」です。前回の失点タイプに合わせた2週間に絞ると、本番での再現ミスを減らせます。再受験でも合格点の目標は36点以上とし、ぎりぎり35点狙いの設計は避けてください。",,,,,再受験はどれくらいの勉強時間が必要ですか？,前回の学習経験がある場合、200〜250時間・3〜4か月が目安です。弱点分野に4割以上の時間を配分し、前回と同じ章順・同じ問題だけ繰り返すのは避けてください。過去問の誤答解き直しと模試の時間計測を早めに始めると効率が上がります。,前回30点台でした。何から直せばよいですか？,まず4分野の正答数を確認し、最も低い分野から手を付けます。知識不足が多い場合は宅建業法または権利関係の頻出論点＋用語10語×週。時間不足なら50問90分模試を週2回、ケアレスなら誤答だけ解き直しを優先してください。,takken-goukakuten:宅建の合格点は何点？合格ラインの考え方と目標点の作り方;takken-chokuzen:宅建試験の直前対策｜1ヶ月・1週間・前日でやること;takken-benkyou-jikan:宅建の勉強時間は何時間必要？初学者・社会人・再受験者別の目安,同じ問題集を3周するのは有効ですか？,同じ問題を記憶で解いているだけの可能性があります。2周目以降は、1周目の誤答問題だけに絞るか、別の解説付き問題集で同論点を解く方が効果的です。解説を読んで「なぜ誤ったか」を1行メモする習慣をつけてください。,,,失点の3分類;分野別の立て直し;3ヶ月・6ヶ月プラン;メンタルの整え方;次にやること
takken-4gatsu-start,学習計画,宅建を4月・1月スタートで合格する｜月別学習カレンダー,宅地建物取引士試験の月別学習カレンダーについて、宅建受験者試験で問われる論点と学習の進め方を解説。公式情報の確認ポイントと演習・用語解説の活用法をまとめます。,10月試験に合わせるなら、4月スタートは6ヶ月、1月スタートは9ヶ月の余裕があります。開始月で「通読に使える期間」が変わるため、最初の3ヶ月の設計が重要です。 合格までの時間配分は、総時間より「宅建業法と過去問演習に何時間割くか」で決まります。宅建合格は総時間より、宅建業法と過去問演習に割く週の時間が成果を分けます。,200,学習計画,宅建マスター編集部,宅建試験対策サイトの編集チーム,公式情報確認担当,公開前に一次情報との照合を行う担当者,2026-05-30,不動産適正取引推進機構（RETIO）|https://www.retio.or.jp/,legacy batch から移行（takken-4gatsu-start）,本記事を読むと、宅地建物取引士試験の月別学習カレンダーについて、公式テキストと試験情報（公式）で押さえる論点と、演習→用語解説→1週間後の解き直しまでの復習順が具体的に分かります。,公式サイトで最新年度を確認する;過去問一覧で演習する;用語解説で関連キーワードを確認する;過去問一覧で該当分野を1セット演習する,試験要項や公式ページが更新されたタイミングで本文と参照元を見直します。,2026-05-30,2026-06-29,2026-05-30,published,レガシーデータ移行.py による移行 guide_pro_pass適用 guide_expert_writer適用,4月スタート（6ヶ月）,"「4月スタート（6ヶ月）」は月別学習カレンダーの論点の一つです。試験情報（公式）の受験要項と公式テキストで整理すると、演習問題の解説と対応づけやすくなります。

数値・日程・合格基準は年度で更新されるため、学習前と申込前には試験情報（公式）の最新案内を確認してください。演習で月別学習カレンダーに関する設問を解いたら。正解理由と誤答肢の違いを短くメモし、用語解説・比較表・よくある誤答タブで似た論点を比較表で整理すると定着しやすくなります。",1月スタート（9ヶ月）,"「1月スタート（9ヶ月）」は月別学習カレンダーの論点の一つです。試験情報（公式）の受験要項と公式テキストで整理すると、演習問題の解説と対応づけやすくなります。

数値・日程・合格基準は年度で更新されるため、学習前と申込前には試験情報（公式）の最新案内を確認してください。演習で月別学習カレンダーに関する設問を解いたら。正解理由と誤答肢の違いを短くメモし、用語解説・比較表・よくある誤答タブで似た論点を比較表で整理すると定着しやすくなります。",月ごとのマイルストーン,"「月ごとのマイルストーン」は月別学習カレンダーの論点の一つです。試験情報（公式）の受験要項と公式テキストで整理すると、演習問題の解説と対応づけやすくなります。

数値・日程・合格基準は年度で更新されるため、学習前と申込前には試験情報（公式）の最新案内を確認してください。演習で月別学習カレンダーに関する設問を解いたら。正解理由と誤答肢の違いを短くメモし、用語解説・比較表・よくある誤答タブで似た論点を比較表で整理すると定着しやすくなります。",遅れたときの調整,"「遅れたときの調整」は月別学習カレンダーの論点の一つです。試験情報（公式）の受験要項と公式テキストで整理すると、演習問題の解説と対応づけやすくなります。

数値・日程・合格基準は年度で更新されるため、学習前と申込前には試験情報（公式）の最新案内を確認してください。演習で月別学習カレンダーに関する設問を解いたら。正解理由と誤答肢の違いを短くメモし、用語解説・比較表・よくある誤答タブで似た論点を比較表で整理すると定着しやすくなります。",関連ガイド,"「関連ガイド」は月別学習カレンダーの論点の一つです。試験情報（公式）の受験要項と公式テキストで整理すると、演習問題の解説と対応づけやすくなります。

数値・日程・合格基準は年度で更新されるため、学習前と申込前には試験情報（公式）の最新案内を確認してください。演習で月別学習カレンダーに関する設問を解いたら。正解理由と誤答肢の違いを短くメモし、用語解説・比較表・よくある誤答タブで似た論点を比較表で整理すると定着しやすくなります。",,,,,宅建を4月・1月スタートで合格するについて教えてください。？,「宅建を4月・1月スタートで合格するについて教えてください。？」については、10月試験に合わせるなら、4月スタートは6ヶ月、1月スタートは9ヶ月の余裕があります。開始月で「通読に使える期間」が変わるため、最初の3ヶ月の設計が重要です。合格までの時間配分は、総時間より「宅建業…。最新の公式要項と照合する。takken-4gatsu-startの公式数値表で確認する。,「1月スタート（9ヶ月）」で押さえるべきポイントは何ですか？,「「1月スタート（9ヶ月）」で押さえるべきポイントは何ですか？」は過去問演習で出題形式を把握し、正答後に用語解説で論点を復習する。過去問1問の正答理由をノートに記録して復習する。正答後は関連条文を開く。takken-4gatsu-start関連の過去問1問で正答率を記録する。,takken-benkyou-jikan:宅建の勉強時間は何時間必要？初学者・社会人・再受験者別の目安;takken-goukakuten:宅建の合格点は何点？合格ラインの考え方と目標点の作り方,,「本テーマ」の整理後は過去問一覧で演習する。同テーマを1週間後に解き直して定着を確認する。混同しやすい近義語を比較表の左右に整理する。誤答肢は色分けして復習する。試験要項の最新版も確認。takken-4gatsu-startの誤答肢を比較表に整理する。,,,4月スタート（6ヶ月）;1月スタート（9ヶ月）;月ごとのマイルストーン;遅れたときの調整;関連ガイド
takken-toukei-mondai,試験概要,宅建の統計問題の攻略法｜問46〜50と5問免除,宅建試験の問46〜50（統計・関連法令）と5問免除制度の攻略法。出題範囲、資料の読み方、免除対象の確認、直前2週間の学習計画を解説。一般受験者・免除対象者それぞれの進め方を整理します。,宅地建物取引士試験は50問制で、問46〜50は「税・その他」に含まれる統計・関連法令の問題です。一定の実務経験等があり登録講習を修了した人は、対象となる5問の免除（5問免除制度）を受けられる場合があります。一般受験者は50問すべてに解答するため、問46〜50は直前期の得点源になりやすい分野です。難しい数学より、表・グラフの読み取りと統計用語の定義理解が中心です。制度の詳細は公益財団法人 不動産適正取引推進機構の受験要項で必ず確認してください。,210,統計問題,宅建マスター編集部,宅建試験対策サイトの編集チーム,公式情報確認担当,公開前に一次情報との照合を行う担当者,2026-06-04,不動産適正取引推進機構（RETIO）|https://www.retio.or.jp/,手書きリライト。5問免除要件・問46〜50の出題範囲は受験要項の最新版で要確認。,本記事を読むと、問46〜50に何が出るか、5問免除の対象と手続の確認ポイント、表・グラフ問題の解き方、直前2週間で何を復習すべきかが具体的に分かります。免除対象かどうかで学習量を調整し、宅建マスターの過去問・用語解説と組み合わせた復習計画を立てられます。,受験要項で5問免除の対象要件と申請期限を確認する;過去問で問46〜50を2年分解き、統計用語と数値の出題パターンをメモする;用語解説で「5問免除制度」「宅建の統計問題対策」を読み、定義を言える状態にする;平均・中央値・標準偏差の違いを1行ずつノートに書き、○×で確認する;直前1週間は問46〜50の誤答だけを解き直す日をカレンダーに入れる,試験要項や公式ページが更新されたタイミングで本文と参照元を見直します。,2026-06-04,2026-06-29,2026-06-04,published,2026-06-04: 統計・5問免除記事を手書きリライト（量産テンプレ除去）,出題範囲,"問46〜50は「税・その他」科目の後半に位置し、不動産取引に関わる統計資料の読み取りと、関連法令の知識が問われます。毎年同じ形式とは限りませんが、次のような論点が中心です。

- 住宅・土地の取引量、地価、家賃などの統計表・グラフの読み取り
- 平均・中央値・標準偏差など、基本統計用語の意味と使い分け
- 国土利用計画法、農地法、印紙税など、税・その他分野の関連法令（資料とセットで出題）

大学レベルの数学は不要です。公式テキスト付録の統計資料と、直近2〜3年分の過去問を見ると、「どの数値を問われるか」の型が掴みやすくなります。",5問免除,"5問免除制度は、一定の実務経験等を満たし登録講習を修了した人が、問46〜50に相当する5問の解答を免除される制度です。次の点を誤解しないことが重要です。

- 免除されるのは原則として問46〜50の5問のみ（試験全体50問が免除されるわけではない）
- 本試験は問1〜45に解答し、合格判定も総合点で行われる
- 対象要件・申請方法・期限は年度ごとに変わるため、受験要項の最新版が正本
- 受験票に免除の表示があるか、申込後に必ず確認する

免除対象者は統計分野の学習時間を他分野の演習に回せますが、関連法令の復習を完全に省略すると、問1〜45の税・その他問題で不利になることもあります。",資料の読み方,"統計問題は「資料を読んで選択肢を選ぶ」形式が多いです。解き方の型は次のとおりです。

1. 設問文で「何を比較するか」（増減率、割合、順位など）を先に線引きする
2. 表の行・列の見出し、グラフの縦軸・横軸の単位（％、千円、戸数など）を確認する
3. 資料に書かれていない数値を、暗算で補完しない（資料外の推測は誤答のもと）
4. 選択肢を1つずつ「資料のどの行・列に対応するか」照合する

用語では「平均は合計÷個数」「中央値は大小順の真ん中の値」「標準偏差はばらつきの指標」と定義を言えるようにしておくと、計算なしの問題でも正答率が上がります。",直前2週間,"直前2週間は新しい参考書を増やさず、問46〜50と税・その他の頻出論点に絞ります。おすすめの進め方は次のとおりです。

- 1週目：過去問の問46〜50を2年分、時間を計って解く（1問あたり2〜3分を目安）
- 2週目：誤答した問題だけ解き直し、用語解説で統計用語と関連法令を確認
- 毎日10分：平均・中央値・地価指数・取引量など、資料に出てきた数値用語を見直す

一般受験者は問46〜50で2〜3問安定させると総合点に効きます。5問免除対象者は、浮いた時間を宅建業法・権利関係の過去問演習に充て、総合点35点以上を狙う設計に切り替えてください。",よくある失敗,"統計・5問免除まわりでよくある失敗は次のとおりです。

- 「5問免除＝試験が5問減るだけ」と理解し、問1〜45の学習量まで下げてしまう
- 統計問題を「捨て問」にして、直前まで一度も過去問を解かない（一般受験者に多い）
- 平均と中央値を混同する、グラフの単位（％とポイント）を読み違える
- 古い国勢調査・地価公示の数値を暗記し、資料と異なる選択肢を選ぶ
- 申込時に5問免除の手続を忘れ、本試験で統計5問も解く必要があるのに対策不足のまま受験する

いずれも、受験要項の確認と過去問2年分の問46〜50演習で防げます。",,,,,宅建の問46〜50にはどんな問題が出ますか？,問46〜50は統計資料（表・グラフ）の読み取りと、税・その他分野の関連法令が中心です。難解な数式より、平均・中央値の意味、取引量や地価の増減を資料から読み取る問題が典型です。宅建マスターの過去問で問46〜50を年度別に解くと、出題の型を把握しやすくなります。,5問免除の対象者と確認方法を教えてください,一定の実務経験等を有し、登録講習を修了した人が、問46〜50に相当する5問の免除を受けられる場合があります。対象要件・申請期限は年度で変わるため、公益財団法人 不動産適正取引推進機構の受験要項が正本です。申込後は受験票に免除の記載があるか確認し、免除が反映されていなければ問46〜50も対策が必要です。,takken-zei-sonota-study:宅建の税・その他の勉強法｜直前期に得点を上積みする攻略法;takken-goukakuten:宅建の合格点は何点？合格ラインの考え方と目標点の作り方;takken-benkyou-jikan:宅建の勉強時間は何時間必要？初学者・社会人・再受験者別の目安,数学が苦手でも統計問題は対策できますか？,はい。必要なのは高校数学の復習ではなく、資料の見出しと統計用語の定義理解です。公式テキストの統計資料と、過去問2年分の問46〜50を解説付きで解き直すだけでも、得点源にできる受験者は多いです。用語解説の「宅建の統計問題対策」で用語を先に押さえてから過去問に進んでください。,,,出題範囲;5問免除;資料の読み方;直前2週間;よくある失敗
takken-baisho,試験概要,宅建の報酬額・速算式の攻略法｜計算問題を落とさない,宅地建物取引士試験の概要・4科目・合格基準の確認方法。公式情報の見方と、このサイトでの演習・用語解説の使い方をまとめます。報酬額は宅建業法試験公式情報も確認。,"報酬額は宅建業法で毎年1問以上出ます。速算式と賃貸の上限をセットで覚え、計算の型を固定するとケアレスミスが減ります。 宅建は範囲が広い国家資格ですが、出題の型は一定なので、全体像→分野別→過去問の順で迷いが減ります。宅建は範囲が広い国家資格ですが、出題の型は一定なので全体像→分野別→過去問の順で迷いが減ります。特に宅建業法の論点と、学習の優先順位を意識しながら読み進めてください。特に宅建業法の論点と、学習の優先順位を意識しながら読み進めてください。特に宅建業法の論点と、学習の優先順位を意識しながら読み進めてください。特に宅建業法の論点と、学習の優先順位を意識しながら読み進めてください。特に宅建業法の論点と、学習の優先順位を意識しながら読み進めてください。

特に宅建業法の論点と、学習の優先順位を意識しながら読み進めてください。",220,報酬額,宅建マスター編集部,宅建試験対策サイトの編集チーム,公式情報確認担当,公開前に一次情報との照合を行う担当者,2026-05-30,不動産適正取引推進機構（RETIO）|https://www.retio.or.jp/,legacy batch から移行（takken-baisho）,本記事を読むと、宅地建物取引士試験の計算問題を落とさないについて、受験資格・日程・合格基準の確認手順と、演習・用語解説を組み合わせた学習の始め方が分かります。,公式サイトで最新年度を確認する;過去問一覧で演習する;用語解説で関連キーワードを確認する;過去問一覧で該当分野を1セット演習する,試験要項や公式ページが更新されたタイミングで本文と参照元を見直します。,2026-05-30,2026-06-29,2026-05-30,published,レガシーデータ移行.py による移行 guide_pro_pass適用 guide_expert_writer適用,速算式の型,"「速算式の型」は計算問題を落とさないの論点の一つです。試験情報（公式）の受験要項と公式テキストで整理すると、演習問題の解説と対応づけやすくなります。

数値・日程・合格基準は年度で更新されるため、学習前と申込前には試験情報（公式）の最新案内を確認してください。演習で計算問題を落とさないに関する設問を解いたら。正解理由と誤答肢の違いを短くメモし、用語解説・比較表・よくある誤答タブで似た論点を比較表で整理すると定着しやすくなります。",賃貸の報酬上限,"「賃貸の報酬上限」は計算問題を落とさないの論点の一つです。試験情報（公式）の受験要項と公式テキストで整理すると、演習問題の解説と対応づけやすくなります。

数値・日程・合格基準は年度で更新されるため、学習前と申込前には試験情報（公式）の最新案内を確認してください。演習で計算問題を落とさないに関する設問を解いたら。正解理由と誤答肢の違いを短くメモし、用語解説・比較表・よくある誤答タブで似た論点を比較表で整理すると定着しやすくなります。",消費税の扱い,"「消費税の扱い」は計算問題を落とさないの論点の一つです。試験情報（公式）の受験要項と公式テキストで整理すると、演習問題の解説と対応づけやすくなります。

数値・日程・合格基準は年度で更新されるため、学習前と申込前には試験情報（公式）の最新案内を確認してください。演習で計算問題を落とさないに関する設問を解いたら。正解理由と誤答肢の違いを短くメモし、用語解説・比較表・よくある誤答タブで似た論点を比較表で整理すると定着しやすくなります。",練習の進め方,"「練習の進め方」は計算問題を落とさないの論点の一つです。試験情報（公式）の受験要項と公式テキストで整理すると、演習問題の解説と対応づけやすくなります。

数値・日程・合格基準は年度で更新されるため、学習前と申込前には試験情報（公式）の最新案内を確認してください。演習で計算問題を落とさないに関する設問を解いたら。正解理由と誤答肢の違いを短くメモし、用語解説・比較表・よくある誤答タブで似た論点を比較表で整理すると定着しやすくなります。",引っ掛け,"「引っ掛け」は計算問題を落とさないの論点の一つです。試験情報（公式）の受験要項と公式テキストで整理すると、演習問題の解説と対応づけやすくなります。

数値・日程・合格基準は年度で更新されるため、学習前と申込前には試験情報（公式）の最新案内を確認してください。演習で計算問題を落とさないに関する設問を解いたら。正解理由と誤答肢の違いを短くメモし、用語解説・比較表・よくある誤答タブで似た論点を比較表で整理すると定着しやすくなります。",,,,,宅建の報酬額・速算式の攻略法について教えてください。？,「宅建の報酬額・速算式の攻略法について教えてください。」は宅地建物取引士試験の公式テキスト該当章と試験情報（公式）で確認するのが確実です。計算問題を落とさないでは、条文の要件（誰が・いつ・何を）を演習問題とセットで押さえてください。,「賃貸の報酬上限」で押さえるべきポイントは何ですか？,試験では「計算問題を落とさない」が、宅建受験者の行動として正しいか／主体を取り違えていないか、という形で四択出題されます。誤答肢は「一人で診断」「過度な情報開示」などが典型です。数値・主体・手順は公益財団法人 不動産適正取引推進機構の最新案内と照合してください。,takken-benkyou-jikan:宅建の勉強時間は何時間必要？初学者・社会人・再受験者別の目安;takken-goukakuten:宅建の合格点は何点？合格ラインの考え方と目標点の作り方,,FAQ3「本テーマ」については、過去問で条件文の読み取りを確認する（宅建の報酬額・速算式の攻略法）。過去問で条件文の読み取りを確認する。宅建の報酬額・速算式の攻略法の論点は用語ハブの比較表とセットで復習してください。 試験公式情報も確認。 試験公式情報も確認。,,,速算式の型;賃貸の報酬上限;消費税の扱い;練習の進め方;引っ掛け
takken-baikai-keiyaku,試験概要,宅建の媒介契約3種類の違い｜一般・専任・専属専任を整理,宅地建物取引士試験の概要・4科目・合格基準の確認方法。公式情報の見方と、このサイトでの演習・用語解説の使い方をまとめます。媒介契約は毎年2試験公式情報も確認。,媒介契約は毎年2〜3問出ます。3種類を表1枚にまとめ、数字（5営業日・7営業日・2週間・3か月）とセットで覚えましょう。 宅建は範囲が広い国家資格ですが、出題の型は一定なので、全体像→分野別→過去問の順で迷いが減ります。宅建は範囲が広い国家資格ですが、出題の型は一定なので全体像→分野別→過去問の順で迷いが減ります。,230,媒介契約,宅建マスター編集部,宅建試験対策サイトの編集チーム,公式情報確認担当,公開前に一次情報との照合を行う担当者,2026-05-30,不動産適正取引推進機構（RETIO）|https://www.retio.or.jp/,legacy batch から移行（takken-baikai-keiyaku）,本記事を読むと、宅地建物取引士試験の一般・専任・専属専任を整理について、受験資格・日程・合格基準の確認手順と、演習・用語解説を組み合わせた学習の始め方が分かります。,公式サイトで最新年度を確認する;過去問一覧で演習する;用語解説で関連キーワードを確認する;過去問一覧で該当分野を1セット演習する,試験要項や公式ページが更新されたタイミングで本文と参照元を見直します。,2026-05-30,2026-06-29,2026-05-30,published,レガシーデータ移行.py による移行 guide_pro_pass適用 guide_expert_writer適用,3種類の一覧,"「3種類の一覧」は一般・専任・専属専任を整理の論点の一つです。試験情報（公式）の受験要項と公式テキストで整理すると、演習問題の解説と対応づけやすくなります。

数値・日程・合格基準は年度で更新されるため、学習前と申込前には試験情報（公式）の最新案内を確認してください。演習で一般・専任・専属専任を整理に関する設問を解いたら。正解理由と誤答肢の違いを短くメモし、用語解説・比較表・よくある誤答タブで似た論点を比較表で整理すると定着しやすくなります。",レインズ登録,"「レインズ登録」は一般・専任・専属専任を整理の論点の一つです。試験情報（公式）の受験要項と公式テキストで整理すると、演習問題の解説と対応づけやすくなります。

数値・日程・合格基準は年度で更新されるため、学習前と申込前には試験情報（公式）の最新案内を確認してください。演習で一般・専任・専属専任を整理に関する設問を解いたら。正解理由と誤答肢の違いを短くメモし、用語解説・比較表・よくある誤答タブで似た論点を比較表で整理すると定着しやすくなります。",報告義務,"「報告義務」は一般・専任・専属専任を整理の論点の一つです。試験情報（公式）の受験要項と公式テキストで整理すると、演習問題の解説と対応づけやすくなります。

数値・日程・合格基準は年度で更新されるため、学習前と申込前には試験情報（公式）の最新案内を確認してください。演習で一般・専任・専属専任を整理に関する設問を解いたら。正解理由と誤答肢の違いを短くメモし、用語解説・比較表・よくある誤答タブで似た論点を比較表で整理すると定着しやすくなります。",終了・更新,"「終了・更新」は一般・専任・専属専任を整理の論点の一つです。試験情報（公式）の受験要項と公式テキストで整理すると、演習問題の解説と対応づけやすくなります。

数値・日程・合格基準は年度で更新されるため、学習前と申込前には試験情報（公式）の最新案内を確認してください。演習で一般・専任・専属専任を整理に関する設問を解いたら。正解理由と誤答肢の違いを短くメモし、用語解説・比較表・よくある誤答タブで似た論点を比較表で整理すると定着しやすくなります。",過去問の解き方,"一般・専任・専属専任を整理の理解度は、関連する演習問題で確認するのが効率的です。1問解くごとに「根拠はテキストのどの章か」をメモすると、復習時に該当ページへすぐ戻れます。

同じ問題を時間を空けて解き直し、言い換え選択肢でも正解できるかまで確認してください。二回連続正解でも、条件を1語変えた肢で誤答する場合は、用語の定義がまだ曖昧なサインです。「過去問の解き方」では、一般・専任・専属専任を整理について公式テキストの該当章を開き、主体・期限・数値をメモしながら演習問題で定着を確認します。数値・日程は試験情報（公式）の最新要項で必ず照合してください。",,,,,宅建の媒介契約3種類の違いについて教えてください。？,「宅建の媒介契約3種類の違いについて教えてください。」は宅地建物取引士試験の公式テキスト該当章と試験情報（公式）で確認するのが確実です。一般・専任・専属専任を整理では、条文の要件（誰が・いつ・何を）を演習問題とセットで押さえてください。,「レインズ登録」で押さえるべきポイントは何ですか？,試験では「一般・専任・専属専任を整理」が、宅建受験者の行動として正しいか／主体を取り違えていないか、という形で四択出題されます。誤答肢は「一人で診断」「過度な情報開示」などが典型です。数値・主体・手順は公益財団法人 不動産適正取引推進機構の最新案内と照合してください。,takken-benkyou-jikan:宅建の勉強時間は何時間必要？初学者・社会人・再受験者別の目安;takken-goukakuten:宅建の合格点は何点？合格ラインの考え方と目標点の作り方,,「本テーマ」の整理後は過去問一覧で演習する。同テーマを1週間後に解き直して定着を確認する。誤答肢のパターンを比較表に整理して復習する。誤答肢のパターンを比較表に整理して復習する。誤答肢のパターンを比較表に整理して復習する。誤答肢のパターンを比較表に整理して復習する。takken-baikai-keiyakuの誤答肢を比較表に整理する。,,,3種類の一覧;レインズ登録;報告義務;終了・更新;過去問の解き方
takken-8shu-seigen,試験概要,宅建の8種制限の攻略法｜手付金・クーリングオフを整理,宅地建物取引士試験の概要・4科目・合格基準の確認方法。公式情報の見方と、このサイトでの演習・用語解説の使い方をまとめます。8種制限は「宅建試験公式情報も確認。,8種制限は「宅建業者が売主・買主が一般消費者」の場面で問われます。業者間取引には適用されない点から入ると整理しやすくなります。 宅建は範囲が広い国家資格ですが、出題の型は一定なので、全体像→分野別→過去問の順で迷いが減ります。宅建は範囲が広い国家資格ですが、出題の型は一定なので全体像→分野別→過去問の順で迷いが減ります。,240,8種制限,宅建マスター編集部,宅建試験対策サイトの編集チーム,公式情報確認担当,公開前に一次情報との照合を行う担当者,2026-05-30,不動産適正取引推進機構（RETIO）|https://www.retio.or.jp/,legacy batch から移行（takken-8shu-seigen）,本記事を読むと、宅地建物取引士試験の手付金・クーリングオフを整理について、受験資格・日程・合格基準の確認手順と、演習・用語解説を組み合わせた学習の始め方が分かります。,公式サイトで最新年度を確認する;過去問一覧で演習する;用語解説で関連キーワードを確認する;過去問一覧で該当分野を1セット演習する,試験要項や公式ページが更新されたタイミングで本文と参照元を見直します。,2026-05-30,2026-06-29,2026-05-30,published,レガシーデータ移行.py による移行 guide_pro_pass適用 guide_expert_writer適用,適用される取引,"「適用される取引」は手付金・クーリングオフを整理の論点の一つです。試験情報（公式）の受験要項と公式テキストで整理すると、演習問題の解説と対応づけやすくなります。

数値・日程・合格基準は年度で更新されるため、学習前と申込前には試験情報（公式）の最新案内を確認してください。演習で手付金・クーリングオフを整理に関する設問を解いたら。正解理由と誤答肢の違いを短くメモし、用語解説・比較表・よくある誤答タブで似た論点を比較表で整理すると定着しやすくなります。",手付金保全,"「手付金保全」は手付金・クーリングオフを整理の論点の一つです。試験情報（公式）の受験要項と公式テキストで整理すると、演習問題の解説と対応づけやすくなります。

数値・日程・合格基準は年度で更新されるため、学習前と申込前には試験情報（公式）の最新案内を確認してください。演習で手付金・クーリングオフを整理に関する設問を解いたら。正解理由と誤答肢の違いを短くメモし、用語解説・比較表・よくある誤答タブで似た論点を比較表で整理すると定着しやすくなります。",クーリングオフ,"「クーリングオフ」は手付金・クーリングオフを整理の論点の一つです。試験情報（公式）の受験要項と公式テキストで整理すると、演習問題の解説と対応づけやすくなります。

数値・日程・合格基準は年度で更新されるため、学習前と申込前には試験情報（公式）の最新案内を確認してください。演習で手付金・クーリングオフを整理に関する設問を解いたら。正解理由と誤答肢の違いを短くメモし、用語解説・比較表・よくある誤答タブで似た論点を比較表で整理すると定着しやすくなります。",その他の制限,"「その他の制限」は手付金・クーリングオフを整理の論点の一つです。試験情報（公式）の受験要項と公式テキストで整理すると、演習問題の解説と対応づけやすくなります。

数値・日程・合格基準は年度で更新されるため、学習前と申込前には試験情報（公式）の最新案内を確認してください。演習で手付金・クーリングオフを整理に関する設問を解いたら。正解理由と誤答肢の違いを短くメモし、用語解説・比較表・よくある誤答タブで似た論点を比較表で整理すると定着しやすくなります。",過去問演習,"手付金・クーリングオフを整理の理解度は、関連する演習問題で確認するのが効率的です。1問解くごとに「根拠はテキストのどの章か」をメモすると、復習時に該当ページへすぐ戻れます。

同じ問題を時間を空けて解き直し、言い換え選択肢でも正解できるかまで確認してください。二回連続正解でも、条件を1語変えた肢で誤答する場合は、用語の定義がまだ曖昧なサインです。「過去問演習」では、手付金・クーリングオフを整理について公式テキストの該当章を開き、主体・期限・数値をメモしながら演習問題で定着を確認します。数値・日程は試験情報（公式）の最新要項で必ず照合してください。",,,,,宅建の8種制限の攻略法について教えてください。？,「宅建の8種制限の攻略法について教えてください。」は宅地建物取引士試験の公式テキスト該当章と試験情報（公式）で確認するのが確実です。手付金・クーリングオフを整理では、条文の要件（誰が・いつ・何を）を演習問題とセットで押さえてください。,「手付金保全」で押さえるべきポイントは何ですか？,試験では「手付金・クーリングオフを整理」が、宅建受験者の行動として正しいか／主体を取り違えていないか、という形で四択出題されます。誤答肢は「一人で診断」「過度な情報開示」などが典型です。数値・主体・手順は公益財団法人 不動産適正取引推進機構の最新案内と照合してください。,takken-benkyou-jikan:宅建の勉強時間は何時間必要？初学者・社会人・再受験者別の目安;takken-goukakuten:宅建の合格点は何点？合格ラインの考え方と目標点の作り方,,FAQ3「本テーマ」については、過去問で条件文の読み取りを確認する（宅建の8種制限の攻略法）。過去問で条件文の読み取りを確認する。宅建の8種制限の攻略法の論点は用語ハブの比較表とセットで復習してください。 試験公式情報も確認。 試験公式情報も確認。,,,適用される取引;手付金保全;クーリングオフ;その他の制限;過去問演習
takken-yoto-chiiki,試験概要,宅建の用途地域の覚え方｜13種類を試験向けに整理,宅地建物取引士試験の概要・4科目・合格基準の確認方法。公式情報の見方と、このサイトでの演習・用語解説の使い方をまとめます。用途地域は名前の試験公式情報も確認。,"用途地域は名前の丸暗記より「何が建てられるか・何が制限されるか」で覚えると応用が効きます。住居系・商業系・工業系に分類して整理しましょう。 宅建は範囲が広い国家資格ですが、出題の型は一定なので、全体像→分野別→過去問の順で迷いが減ります。宅建は範囲が広い国家資格ですが、出題の型は一定なので全体像→分野別→過去問の順で迷いが減ります。特に法令上の制限の論点と、学習の優先順位を意識しながら読み進めてください。特に法令上の制限の論点と、学習の優先順位を意識しながら読み進めてください。特に法令上の制限の論点と、学習の優先順位を意識しながら読み進めてください。特に法令上の制限の論点と、学習の優先順位を意識しながら読み進めてください。特に法令上の制限の論点と、学習の優先順位を意識しながら読み進めてください。

特に法令上の制限の論点と、学習の優先順位を意識しながら読み進めてください。",250,用途地域,宅建マスター編集部,宅建試験対策サイトの編集チーム,公式情報確認担当,公開前に一次情報との照合を行う担当者,2026-05-30,不動産適正取引推進機構（RETIO）|https://www.retio.or.jp/,legacy batch から移行（takken-yoto-chiiki）,本記事を読むと、宅地建物取引士試験の13種類を試験向けに整理について、受験資格・日程・合格基準の確認手順と、演習・用語解説を組み合わせた学習の始め方が分かります。,公式サイトで最新年度を確認する;過去問一覧で演習する;用語解説で関連キーワードを確認する;過去問一覧で該当分野を1セット演習する,試験要項や公式ページが更新されたタイミングで本文と参照元を見直します。,2026-05-30,2026-06-29,2026-05-30,published,レガシーデータ移行.py による移行 guide_pro_pass適用 guide_expert_writer適用,3グループに分ける,"「3グループに分ける」は13種類を試験向けに整理の論点の一つです。試験情報（公式）の受験要項と公式テキストで整理すると、演習問題の解説と対応づけやすくなります。

数値・日程・合格基準は年度で更新されるため、学習前と申込前には試験情報（公式）の最新案内を確認してください。演習で13種類を試験向けに整理に関する設問を解いたら。正解理由と誤答肢の違いを短くメモし、用語解説・比較表・よくある誤答タブで似た論点を比較表で整理すると定着しやすくなります。",住居系の比較,"「住居系の比較」は13種類を試験向けに整理の論点の一つです。試験情報（公式）の受験要項と公式テキストで整理すると、演習問題の解説と対応づけやすくなります。

数値・日程・合格基準は年度で更新されるため、学習前と申込前には試験情報（公式）の最新案内を確認してください。演習で13種類を試験向けに整理に関する設問を解いたら。正解理由と誤答肢の違いを短くメモし、用語解説・比較表・よくある誤答タブで似た論点を比較表で整理すると定着しやすくなります。",引っ掛け,"「引っ掛け」は13種類を試験向けに整理の論点の一つです。試験情報（公式）の受験要項と公式テキストで整理すると、演習問題の解説と対応づけやすくなります。

数値・日程・合格基準は年度で更新されるため、学習前と申込前には試験情報（公式）の最新案内を確認してください。演習で13種類を試験向けに整理に関する設問を解いたら。正解理由と誤答肢の違いを短くメモし、用語解説・比較表・よくある誤答タブで似た論点を比較表で整理すると定着しやすくなります。",暗記カードの作り方,"「暗記カードの作り方」は13種類を試験向けに整理の論点の一つです。試験情報（公式）の受験要項と公式テキストで整理すると、演習問題の解説と対応づけやすくなります。

数値・日程・合格基準は年度で更新されるため、学習前と申込前には試験情報（公式）の最新案内を確認してください。演習で13種類を試験向けに整理に関する設問を解いたら。正解理由と誤答肢の違いを短くメモし、用語解説・比較表・よくある誤答タブで似た論点を比較表で整理すると定着しやすくなります。",建ぺい率・容積率へ,"「建ぺい率・容積率へ」は13種類を試験向けに整理の論点の一つです。試験情報（公式）の受験要項と公式テキストで整理すると、演習問題の解説と対応づけやすくなります。

数値・日程・合格基準は年度で更新されるため、学習前と申込前には試験情報（公式）の最新案内を確認してください。演習で13種類を試験向けに整理に関する設問を解いたら。正解理由と誤答肢の違いを短くメモし、用語解説・比較表・よくある誤答タブで似た論点を比較表で整理すると定着しやすくなります。",,,,,宅建の用途地域の覚え方について教えてください。？,「宅建の用途地域の覚え方について教えてください。」は宅地建物取引士試験の公式テキスト該当章と試験情報（公式）で確認するのが確実です。13種類を試験向けに整理では、条文の要件（誰が・いつ・何を）を演習問題とセットで押さえてください。,「住居系の比較」で押さえるべきポイントは何ですか？,試験では「13種類を試験向けに整理」が、宅建受験者の行動として正しいか／主体を取り違えていないか、という形で四択出題されます。誤答肢は「一人で診断」「過度な情報開示」などが典型です。数値・主体・手順は公益財団法人 不動産適正取引推進機構の最新案内と照合してください。,takken-benkyou-jikan:宅建の勉強時間は何時間必要？初学者・社会人・再受験者別の目安;takken-goukakuten:宅建の合格点は何点？合格ラインの考え方と目標点の作り方,,FAQ3「本テーマ」については、過去問で条件文の読み取りを確認する（宅建の用途地域の覚え方）。過去問で条件文の読み取りを確認する。宅建の用途地域の覚え方の論点は用語ハブの比較表とセットで復習してください。 試験公式情報も確認。 試験公式情報も確認。,,,3グループに分ける;住居系の比較;引っ掛け;暗記カードの作り方;建ぺい率・容積率へ
takken-kenpei-yoseki,試験概要,宅建の建ぺい率・容積率の計算｜道路幅員・防火地域の緩和,宅地建物取引士試験の概要・4科目・合格基準の確認方法。公式情報の見方と、このサイトでの演習・用語解説の使い方をまとめます。法令上の制限では試験公式情報も確認。,"法令上の制限では計算問題が毎年出ます。公式を覚えるより、「制限の種類→適用条件→計算」の順で読む訓練が効きます。 宅建は範囲が広い国家資格ですが、出題の型は一定なので、全体像→分野別→過去問の順で迷いが減ります。宅建は範囲が広い国家資格ですが、出題の型は一定なので全体像→分野別→過去問の順で迷いが減ります。特に法令上の制限の論点と、学習の優先順位を意識しながら読み進めてください。特に法令上の制限の論点と、学習の優先順位を意識しながら読み進めてください。特に法令上の制限の論点と、学習の優先順位を意識しながら読み進めてください。特に法令上の制限の論点と、学習の優先順位を意識しながら読み進めてください。特に法令上の制限の論点と、学習の優先順位を意識しながら読み進めてください。

特に法令上の制限の論点と、学習の優先順位を意識しながら読み進めてください。",260,建ぺい率・容積率,宅建マスター編集部,宅建試験対策サイトの編集チーム,公式情報確認担当,公開前に一次情報との照合を行う担当者,2026-05-30,不動産適正取引推進機構（RETIO）|https://www.retio.or.jp/,legacy batch から移行（takken-kenpei-yoseki）,本記事を読むと、宅地建物取引士試験の道路幅員・防火地域の緩和について、受験資格・日程・合格基準の確認手順と、演習・用語解説を組み合わせた学習の始め方が分かります。,公式サイトで最新年度を確認する;過去問一覧で演習する;用語解説で関連キーワードを確認する;過去問一覧で該当分野を1セット演習する,試験要項や公式ページが更新されたタイミングで本文と参照元を見直します。,2026-05-30,2026-06-29,2026-05-30,published,レガシーデータ移行.py による移行 guide_pro_pass適用 guide_expert_writer適用,定義の確認,"独学を始める前に、試験情報（公式）で受験資格・試験日程・出題範囲（4科目）・合格基準をメモしてください。道路幅員・防火地域の緩和の学習計画は、公式テキストの章立てと一致させると、過去問の分野ラベルとも対応づけやすくなります。

ブログやSNSの「最新情報」は、必ず公益財団法人 不動産適正取引推進機構のページと照合してから採用してください。申込期限や受験料は年度ごとに変わるため、カレンダーに締切を入れてから教材を開く習慣が有効です。",前面道路幅員,"「前面道路幅員」は道路幅員・防火地域の緩和の論点の一つです。試験情報（公式）の受験要項と公式テキストで整理すると、演習問題の解説と対応づけやすくなります。

数値・日程・合格基準は年度で更新されるため、学習前と申込前には試験情報（公式）の最新案内を確認してください。演習で道路幅員・防火地域の緩和に関する設問を解いたら。正解理由と誤答肢の違いを短くメモし、用語解説・比較表・よくある誤答タブで似た論点を比較表で整理すると定着しやすくなります。",防火地域の緩和,"「防火地域の緩和」は道路幅員・防火地域の緩和の論点の一つです。試験情報（公式）の受験要項と公式テキストで整理すると、演習問題の解説と対応づけやすくなります。

数値・日程・合格基準は年度で更新されるため、学習前と申込前には試験情報（公式）の最新案内を確認してください。演習で道路幅員・防火地域の緩和に関する設問を解いたら。正解理由と誤答肢の違いを短くメモし、用語解説・比較表・よくある誤答タブで似た論点を比較表で整理すると定着しやすくなります。",計算の手順,"「計算の手順」は道路幅員・防火地域の緩和の論点の一つです。試験情報（公式）の受験要項と公式テキストで整理すると、演習問題の解説と対応づけやすくなります。

数値・日程・合格基準は年度で更新されるため、学習前と申込前には試験情報（公式）の最新案内を確認してください。演習で道路幅員・防火地域の緩和に関する設問を解いたら。正解理由と誤答肢の違いを短くメモし、用語解説・比較表・よくある誤答タブで似た論点を比較表で整理すると定着しやすくなります。",練習問題の進め方,"「練習問題の進め方」は道路幅員・防火地域の緩和の論点の一つです。試験情報（公式）の受験要項と公式テキストで整理すると、演習問題の解説と対応づけやすくなります。

数値・日程・合格基準は年度で更新されるため、学習前と申込前には試験情報（公式）の最新案内を確認してください。演習で道路幅員・防火地域の緩和に関する設問を解いたら。正解理由と誤答肢の違いを短くメモし、用語解説・比較表・よくある誤答タブで似た論点を比較表で整理すると定着しやすくなります。",,,,,宅建の建ぺい率・容積率の計算について教えてください。？,「宅建の建ぺい率・容積率の計算について教えてください。」は宅地建物取引士試験の公式テキスト該当章と試験情報（公式）で確認するのが確実です。道路幅員・防火地域の緩和では、条文の要件（誰が・いつ・何を）を演習問題とセットで押さえてください。,「前面道路幅員」で押さえるべきポイントは何ですか？,試験では「道路幅員・防火地域の緩和」が、宅建受験者の行動として正しいか／主体を取り違えていないか、という形で四択出題されます。誤答肢は「一人で診断」「過度な情報開示」などが典型です。数値・主体・手順は公益財団法人 不動産適正取引推進機構の最新案内と照合してください。,takken-benkyou-jikan:宅建の勉強時間は何時間必要？初学者・社会人・再受験者別の目安;takken-goukakuten:宅建の合格点は何点？合格ラインの考え方と目標点の作り方,,FAQ3「本テーマ」については、過去問で条件文の読み取りを確認する（宅建の建ぺい率・容積率の計算）。過去問で条件文の読み取りを確認する。宅建の建ぺい率・容積率の計算の論点は用語ハブの比較表とセットで復習してください。 試験公式情報も確認。 試験公式情報も確認。,,,定義の確認;前面道路幅員;防火地域の緩和;計算の手順;練習問題の進め方
takken-jikan-haibun,試験概要,宅建試験の時間配分｜50問・2時間を落とさない解き方,宅地建物取引士試験の概要・4科目・合格基準の確認方法。公式情報の見方と、このサイトでの演習・用語解説の使い方をまとめます。2時間で50問は試験公式情報も確認。,2時間で50問は、1問平均2.4分です。全部解くより「取れる問題を先に確実に」が基本。時間配分を本番前に固定しておきましょう。 宅建は範囲が広い国家資格ですが、出題の型は一定なので、全体像→分野別→過去問の順で迷いが減ります。宅建は範囲が広い国家資格ですが、出題の型は一定なので全体像→分野別→過去問の順で迷いが減ります。,270,時間配分,宅建マスター編集部,宅建試験対策サイトの編集チーム,公式情報確認担当,公開前に一次情報との照合を行う担当者,2026-05-30,不動産適正取引推進機構（RETIO）|https://www.retio.or.jp/,legacy batch から移行（takken-jikan-haibun）,本記事を読むと、宅地建物取引士試験の50問・2時間を落とさない解き方について、受験資格・日程・合格基準の確認手順と、演習・用語解説を組み合わせた学習の始め方が分かります。,公式サイトで最新年度を確認する;過去問一覧で演習する;用語解説で関連キーワードを確認する;過去問一覧で該当分野を1セット演習する,試験要項や公式ページが更新されたタイミングで本文と参照元を見直します。,2026-05-30,2026-06-29,2026-05-30,published,レガシーデータ移行.py による移行 guide_pro_pass適用 guide_expert_writer適用,基本の時間配分,"「基本の時間配分」は50問・2時間を落とさない解き方の論点の一つです。試験情報（公式）の受験要項と公式テキストで整理すると、演習問題の解説と対応づけやすくなります。

数値・日程・合格基準は年度で更新されるため、学習前と申込前には試験情報（公式）の最新案内を確認してください。演習で50問・2時間を落とさない解き方に関する設問を解いたら。正解理由と誤答肢の違いを短くメモし、用語解説・比較表・よくある誤答タブで似た論点を比較表で整理すると定着しやすくなります。",解く順番,"「解く順番」は50問・2時間を落とさない解き方の論点の一つです。試験情報（公式）の受験要項と公式テキストで整理すると、演習問題の解説と対応づけやすくなります。

数値・日程・合格基準は年度で更新されるため、学習前と申込前には試験情報（公式）の最新案内を確認してください。演習で50問・2時間を落とさない解き方に関する設問を解いたら。正解理由と誤答肢の違いを短くメモし、用語解説・比較表・よくある誤答タブで似た論点を比較表で整理すると定着しやすくなります。",マークシート対策,"「マークシート対策」は50問・2時間を落とさない解き方の論点の一つです。試験情報（公式）の受験要項と公式テキストで整理すると、演習問題の解説と対応づけやすくなります。

数値・日程・合格基準は年度で更新されるため、学習前と申込前には試験情報（公式）の最新案内を確認してください。演習で50問・2時間を落とさない解き方に関する設問を解いたら。正解理由と誤答肢の違いを短くメモし、用語解説・比較表・よくある誤答タブで似た論点を比較表で整理すると定着しやすくなります。",見直しのやり方,"「見直しのやり方」は50問・2時間を落とさない解き方の論点の一つです。試験情報（公式）の受験要項と公式テキストで整理すると、演習問題の解説と対応づけやすくなります。

数値・日程・合格基準は年度で更新されるため、学習前と申込前には試験情報（公式）の最新案内を確認してください。演習で50問・2時間を落とさない解き方に関する設問を解いたら。正解理由と誤答肢の違いを短くメモし、用語解説・比較表・よくある誤答タブで似た論点を比較表で整理すると定着しやすくなります。",練習方法,"「練習方法」は50問・2時間を落とさない解き方の論点の一つです。試験情報（公式）の受験要項と公式テキストで整理すると、演習問題の解説と対応づけやすくなります。

数値・日程・合格基準は年度で更新されるため、学習前と申込前には試験情報（公式）の最新案内を確認してください。演習で50問・2時間を落とさない解き方に関する設問を解いたら。正解理由と誤答肢の違いを短くメモし、用語解説・比較表・よくある誤答タブで似た論点を比較表で整理すると定着しやすくなります。",,,,,宅建試験の時間配分について教えてください。？,「宅建試験の時間配分について教えてください。」は宅地建物取引士試験の公式テキスト該当章と試験情報（公式）で確認するのが確実です。50問・2時間を落とさない解き方では、条文の要件（誰が・いつ・何を）を演習問題とセットで押さえてください。,「解く順番」で押さえるべきポイントは何ですか？,試験では「50問・2時間を落とさない解き方」が、宅建受験者の行動として正しいか／主体を取り違えていないか、という形で四択出題されます。誤答肢は「一人で診断」「過度な情報開示」などが典型です。数値・主体・手順は公益財団法人 不動産適正取引推進機構の最新案内と照合してください。,takken-benkyou-jikan:宅建の勉強時間は何時間必要？初学者・社会人・再受験者別の目安;takken-goukakuten:宅建の合格点は何点？合格ラインの考え方と目標点の作り方,,FAQ3「本テーマ」については、過去問で条件文の読み取りを確認する（宅建試験の時間配分）。過去問で条件文の読み取りを確認する。宅建試験の時間配分の論点は用語ハブの比較表とセットで復習してください。 試験公式情報も確認。 試験公式情報も確認。 試験公式情報も確認。,,,基本の時間配分;解く順番;マークシート対策;見直しのやり方;練習方法
takken-douga-kyozai,試験概要,宅建の動画・YouTube教材の活用法｜独学での使いどころ,宅地建物取引士試験の概要・4科目・合格基準の確認方法。公式情報の見方と、このサイトでの演習・用語解説の使い方をまとめます。動画は理解の加速試験公式情報も確認。,動画は理解の加速に向きますが、視聴だけでは得点になりません。動画→一問一答→過去問の順でアウトプットを必ず挟みましょう。 宅建は範囲が広い国家資格ですが、出題の型は一定なので、全体像→分野別→過去問の順で迷いが減ります。宅建は範囲が広い国家資格ですが、出題の型は一定なので全体像→分野別→過去問の順で迷いが減ります。,280,動画学習,宅建マスター編集部,宅建試験対策サイトの編集チーム,公式情報確認担当,公開前に一次情報との照合を行う担当者,2026-05-30,不動産適正取引推進機構（RETIO）|https://www.retio.or.jp/,legacy batch から移行（takken-douga-kyozai）,本記事を読むと、宅地建物取引士試験の独学での使いどころについて、受験資格・日程・合格基準の確認手順と、演習・用語解説を組み合わせた学習の始め方が分かります。,公式サイトで最新年度を確認する;過去問一覧で演習する;用語解説で関連キーワードを確認する;過去問一覧で該当分野を1セット演習する,試験要項や公式ページが更新されたタイミングで本文と参照元を見直します。,2026-05-30,2026-06-29,2026-05-30,published,レガシーデータ移行.py による移行 guide_pro_pass適用 guide_expert_writer適用,動画の役割,"「動画の役割」は独学での使いどころの論点の一つです。試験情報（公式）の受験要項と公式テキストで整理すると、演習問題の解説と対応づけやすくなります。

数値・日程・合格基準は年度で更新されるため、学習前と申込前には試験情報（公式）の最新案内を確認してください。演習で独学での使いどころに関する設問を解いたら。正解理由と誤答肢の違いを短くメモし、用語解説・比較表・よくある誤答タブで似た論点を比較表で整理すると定着しやすくなります。",選び方,"「選び方」は独学での使いどころの論点の一つです。試験情報（公式）の受験要項と公式テキストで整理すると、演習問題の解説と対応づけやすくなります。

数値・日程・合格基準は年度で更新されるため、学習前と申込前には試験情報（公式）の最新案内を確認してください。演習で独学での使いどころに関する設問を解いたら。正解理由と誤答肢の違いを短くメモし、用語解説・比較表・よくある誤答タブで似た論点を比較表で整理すると定着しやすくなります。",1日のルーティン,"「1日のルーティン」は独学での使いどころの論点の一つです。試験情報（公式）の受験要項と公式テキストで整理すると、演習問題の解説と対応づけやすくなります。

数値・日程・合格基準は年度で更新されるため、学習前と申込前には試験情報（公式）の最新案内を確認してください。演習で独学での使いどころに関する設問を解いたら。正解理由と誤答肢の違いを短くメモし、用語解説・比較表・よくある誤答タブで似た論点を比較表で整理すると定着しやすくなります。",失敗パターン,"「失敗パターン」は独学での使いどころの論点の一つです。試験情報（公式）の受験要項と公式テキストで整理すると、演習問題の解説と対応づけやすくなります。

数値・日程・合格基準は年度で更新されるため、学習前と申込前には試験情報（公式）の最新案内を確認してください。演習で独学での使いどころに関する設問を解いたら。正解理由と誤答肢の違いを短くメモし、用語解説・比較表・よくある誤答タブで似た論点を比較表で整理すると定着しやすくなります。",テキストとのバランス,"「テキストとのバランス」は独学での使いどころの論点の一つです。試験情報（公式）の受験要項と公式テキストで整理すると、演習問題の解説と対応づけやすくなります。

数値・日程・合格基準は年度で更新されるため、学習前と申込前には試験情報（公式）の最新案内を確認してください。演習で独学での使いどころに関する設問を解いたら。正解理由と誤答肢の違いを短くメモし、用語解説・比較表・よくある誤答タブで似た論点を比較表で整理すると定着しやすくなります。",,,,,宅建の動画・YouTube教材の活用法について教えてください。？,「宅建の動画・YouTube教材の活用法について教えてください。」は宅地建物取引士試験の公式テキスト該当章と試験情報（公式）で確認するのが確実です。独学での使いどころでは、条文の要件（誰が・いつ・何を）を演習問題とセットで押さえてください。,「選び方」で押さえるべきポイントは何ですか？,試験では「独学での使いどころ」が、宅建受験者の行動として正しいか／主体を取り違えていないか、という形で四択出題されます。誤答肢は「一人で診断」「過度な情報開示」などが典型です。数値・主体・手順は公益財団法人 不動産適正取引推進機構の最新案内と照合してください。,takken-benkyou-jikan:宅建の勉強時間は何時間必要？初学者・社会人・再受験者別の目安;takken-goukakuten:宅建の合格点は何点？合格ラインの考え方と目標点の作り方,,「本テーマ」の整理後は過去問一覧で演習する。同テーマを1週間後に解き直して定着を確認する。誤答肢のパターンを比較表に整理して復習する。誤答肢のパターンを比較表に整理して復習する。誤答肢のパターンを比較表に整理して復習する。誤答肢のパターンを比較表に整理して復習する。takken-douga-kyozaiの誤答肢を比較表に整理する。,,,動画の役割;選び方;1日のルーティン;失敗パターン;テキストとのバランス
takken-sozoku-minpo,試験概要,宅建の相続・遺留分の攻略法｜権利関係の頻出テーマ,宅地建物取引士試験の概要・4科目・合格基準の確認方法。公式情報の見方と、このサイトでの演習・用語解説の使い方をまとめます。相続は権利関係の試験公式情報も確認。,"相続は権利関係の中でも出題が安定しています。全民法を学ぶより、相続人の範囲・遺留分・遺言の方式に絞ると効率的です。 宅建は範囲が広い国家資格ですが、出題の型は一定なので、全体像→分野別→過去問の順で迷いが減ります。宅建は範囲が広い国家資格ですが、出題の型は一定なので全体像→分野別→過去問の順で迷いが減ります。特に権利関係の論点と、学習の優先順位を意識しながら読み進めてください。特に権利関係の論点と、学習の優先順位を意識しながら読み進めてください。特に権利関係の論点と、学習の優先順位を意識しながら読み進めてください。特に権利関係の論点と、学習の優先順位を意識しながら読み進めてください。特に権利関係の論点と、学習の優先順位を意識しながら読み進めてください。

特に権利関係の論点と、学習の優先順位を意識しながら読み進めてください。",290,相続,宅建マスター編集部,宅建試験対策サイトの編集チーム,公式情報確認担当,公開前に一次情報との照合を行う担当者,2026-05-30,不動産適正取引推進機構（RETIO）|https://www.retio.or.jp/,legacy batch から移行（takken-sozoku-minpo）,本記事を読むと、宅地建物取引士試験の権利関係の頻出テーマについて、受験資格・日程・合格基準の確認手順と、演習・用語解説を組み合わせた学習の始め方が分かります。,公式サイトで最新年度を確認する;過去問一覧で演習する;用語解説で関連キーワードを確認する;過去問一覧で該当分野を1セット演習する,試験要項や公式ページが更新されたタイミングで本文と参照元を見直します。,2026-05-30,2026-06-29,2026-05-30,published,レガシーデータ移行.py による移行 guide_pro_pass適用 guide_expert_writer適用,相続人と法定相続分,"「相続人と法定相続分」は権利関係の頻出テーマの論点の一つです。試験情報（公式）の受験要項と公式テキストで整理すると、演習問題の解説と対応づけやすくなります。

数値・日程・合格基準は年度で更新されるため、学習前と申込前には試験情報（公式）の最新案内を確認してください。演習で権利関係の頻出テーマに関する設問を解いたら。正解理由と誤答肢の違いを短くメモし、用語解説・比較表・よくある誤答タブで似た論点を比較表で整理すると定着しやすくなります。",遺留分,"「遺留分」は権利関係の頻出テーマの論点の一つです。試験情報（公式）の受験要項と公式テキストで整理すると、演習問題の解説と対応づけやすくなります。

数値・日程・合格基準は年度で更新されるため、学習前と申込前には試験情報（公式）の最新案内を確認してください。演習で権利関係の頻出テーマに関する設問を解いたら。正解理由と誤答肢の違いを短くメモし、用語解説・比較表・よくある誤答タブで似た論点を比較表で整理すると定着しやすくなります。",遺言の方式,"「遺言の方式」は権利関係の頻出テーマの論点の一つです。試験情報（公式）の受験要項と公式テキストで整理すると、演習問題の解説と対応づけやすくなります。

数値・日程・合格基準は年度で更新されるため、学習前と申込前には試験情報（公式）の最新案内を確認してください。演習で権利関係の頻出テーマに関する設問を解いたら。正解理由と誤答肢の違いを短くメモし、用語解説・比較表・よくある誤答タブで似た論点を比較表で整理すると定着しやすくなります。",相続放棄・限定承認,"「相続放棄・限定承認」は権利関係の頻出テーマの論点の一つです。試験情報（公式）の受験要項と公式テキストで整理すると、演習問題の解説と対応づけやすくなります。

数値・日程・合格基準は年度で更新されるため、学習前と申込前には試験情報（公式）の最新案内を確認してください。演習で権利関係の頻出テーマに関する設問を解いたら。正解理由と誤答肢の違いを短くメモし、用語解説・比較表・よくある誤答タブで似た論点を比較表で整理すると定着しやすくなります。",過去問の解き方,"権利関係の頻出テーマの理解度は、関連する演習問題で確認するのが効率的です。1問解くごとに「根拠はテキストのどの章か」をメモすると、復習時に該当ページへすぐ戻れます。

同じ問題を時間を空けて解き直し、言い換え選択肢でも正解できるかまで確認してください。二回連続正解でも、条件を1語変えた肢で誤答する場合は、用語の定義がまだ曖昧なサインです。「過去問の解き方」では、権利関係の頻出テーマについて公式テキストの該当章を開き、主体・期限・数値をメモしながら演習問題で定着を確認します。数値・日程は試験情報（公式）の最新要項で必ず照合してください。",,,,,宅建の相続・遺留分の攻略法について教えてください。？,「宅建の相続・遺留分の攻略法について教えてください。」は宅地建物取引士試験の公式テキスト該当章と試験情報（公式）で確認するのが確実です。権利関係の頻出テーマでは、条文の要件（誰が・いつ・何を）を演習問題とセットで押さえてください。,「遺留分」で押さえるべきポイントは何ですか？,試験では「権利関係の頻出テーマ」が、宅建受験者の行動として正しいか／主体を取り違えていないか、という形で四択出題されます。誤答肢は「一人で診断」「過度な情報開示」などが典型です。数値・主体・手順は公益財団法人 不動産適正取引推進機構の最新案内と照合してください。,takken-benkyou-jikan:宅建の勉強時間は何時間必要？初学者・社会人・再受験者別の目安;takken-goukakuten:宅建の合格点は何点？合格ラインの考え方と目標点の作り方,,FAQ3「本テーマ」については、過去問で条件文の読み取りを確認する（宅建の相続・遺留分の攻略法）。過去問で条件文の読み取りを確認する。宅建の相続・遺留分の攻略法の論点は用語ハブの比較表とセットで復習してください。 試験公式情報も確認。 試験公式情報も確認。,,,相続人と法定相続分;遺留分;遺言の方式;相続放棄・限定承認;過去問の解き方
takken-jitsumu-koshu,試験概要,宅建の登録実務講習ガイド｜合格後の手続きと費用,宅地建物取引士試験の概要・4科目・合格基準の確認方法。公式情報の見方と、このサイトでの演習・用語解説の使い方をまとめます。試験合格はゴール試験公式情報も確認。,試験合格はゴールではなく、宅建士になるまでの中間点です。合格証明の期限、講習の予約、登録申請の順番を早めに把握しておきましょう。 宅建は範囲が広い国家資格ですが、出題の型は一定なので、全体像→分野別→過去問の順で迷いが減ります。宅建は範囲が広い国家資格ですが、出題の型は一定なので全体像→分野別→過去問の順で迷いが減ります。,300,合格後,宅建マスター編集部,宅建試験対策サイトの編集チーム,公式情報確認担当,公開前に一次情報との照合を行う担当者,2026-05-30,不動産適正取引推進機構（RETIO）|https://www.retio.or.jp/,legacy batch から移行（takken-jitsumu-koshu）,本記事を読むと、宅地建物取引士試験の合格後の手続きと費用について、受験資格・日程・合格基準の確認手順と、演習・用語解説を組み合わせた学習の始め方が分かります。,公式サイトで最新年度を確認する;過去問一覧で演習する;用語解説で関連キーワードを確認する;過去問一覧で該当分野を1セット演習する,試験要項や公式ページが更新されたタイミングで本文と参照元を見直します。,2026-05-30,2026-06-29,2026-05-30,published,レガシーデータ移行.py による移行 guide_pro_pass適用 guide_expert_writer適用,合格後の流れ,"合格率・合格点は試験情報（公式）の統計・要項で確認します。数字だけで難易度を判断せず、自分の演習得点と弱点分野を合わせて見積もってください。

合格後の手続きと費用の学習時間は、4科目のバランスと仕事の繁忙期を考慮して設定します。「合格後の流れ」では、合格後の手続きと費用について公式テキストの該当章を開き、主体・期限・数値をメモしながら演習問題で定着を確認します。数値・日程は試験情報（公式）の最新要項で必ず照合してください。",登録実務講習,"「登録実務講習」は合格後の手続きと費用の論点の一つです。試験情報（公式）の受験要項と公式テキストで整理すると、演習問題の解説と対応づけやすくなります。

数値・日程・合格基準は年度で更新されるため、学習前と申込前には試験情報（公式）の最新案内を確認してください。演習で合格後の手続きと費用に関する設問を解いたら。正解理由と誤答肢の違いを短くメモし、用語解説・比較表・よくある誤答タブで似た論点を比較表で整理すると定着しやすくなります。",宅建士登録,"「宅建士登録」は合格後の手続きと費用の論点の一つです。試験情報（公式）の受験要項と公式テキストで整理すると、演習問題の解説と対応づけやすくなります。

数値・日程・合格基準は年度で更新されるため、学習前と申込前には試験情報（公式）の最新案内を確認してください。演習で合格後の手続きと費用に関する設問を解いたら。正解理由と誤答肢の違いを短くメモし、用語解説・比較表・よくある誤答タブで似た論点を比較表で整理すると定着しやすくなります。",費用の目安,"「費用の目安」は合格後の手続きと費用の論点の一つです。試験情報（公式）の受験要項と公式テキストで整理すると、演習問題の解説と対応づけやすくなります。

数値・日程・合格基準は年度で更新されるため、学習前と申込前には試験情報（公式）の最新案内を確認してください。演習で合格後の手続きと費用に関する設問を解いたら。正解理由と誤答肢の違いを短くメモし、用語解説・比較表・よくある誤答タブで似た論点を比較表で整理すると定着しやすくなります。",関連ガイド,"「関連ガイド」は合格後の手続きと費用の論点の一つです。試験情報（公式）の受験要項と公式テキストで整理すると、演習問題の解説と対応づけやすくなります。

数値・日程・合格基準は年度で更新されるため、学習前と申込前には試験情報（公式）の最新案内を確認してください。演習で合格後の手続きと費用に関する設問を解いたら。正解理由と誤答肢の違いを短くメモし、用語解説・比較表・よくある誤答タブで似た論点を比較表で整理すると定着しやすくなります。",,,,,宅建の登録実務講習ガイドについて教えてください。？,「宅建の登録実務講習ガイドについて教えてください。」は宅地建物取引士試験の公式テキスト該当章と試験情報（公式）で確認するのが確実です。合格後の手続きと費用では、条文の要件（誰が・いつ・何を）を演習問題とセットで押さえてください。,「登録実務講習」で押さえるべきポイントは何ですか？,試験では「合格後の手続きと費用」が、宅建受験者の行動として正しいか／主体を取り違えていないか、という形で四択出題されます。誤答肢は「一人で診断」「過度な情報開示」などが典型です。数値・主体・手順は公益財団法人 不動産適正取引推進機構の最新案内と照合してください。,takken-benkyou-jikan:宅建の勉強時間は何時間必要？初学者・社会人・再受験者別の目安;takken-goukakuten:宅建の合格点は何点？合格ラインの考え方と目標点の作り方,,FAQ3「本テーマ」については、過去問で条件文の読み取りを確認する（宅建の登録実務講習ガイド）。過去問で条件文の読み取りを確認する。宅建の登録実務講習ガイドの論点は用語ハブの比較表とセットで復習してください。 試験公式情報も確認。 試験公式情報も確認。,,,合格後の流れ;登録実務講習;宅建士登録;費用の目安;関連ガイド
takken-hoshokin,試験概要,宅建の営業保証金・保証協会の攻略｜供託と分担金,宅地建物取引士試験の概要・4科目・合格基準の確認方法。公式情報の見方と、このサイトでの演習・用語解説の使い方をまとめます。保証金と保証協会試験公式情報も確認。,保証金と保証協会は数字と手続きの問題が多く、過去問を繰り返すと安定して得点できます。営業保証金と弁済業務保証金の違いから入りましょう。 宅建は範囲が広い国家資格ですが、出題の型は一定なので、全体像→分野別→過去問の順で迷いが減ります。宅建は範囲が広い国家資格ですが、出題の型は一定なので全体像→分野別→過去問の順で迷いが減ります。,310,保証金,宅建マスター編集部,宅建試験対策サイトの編集チーム,公式情報確認担当,公開前に一次情報との照合を行う担当者,2026-05-30,不動産適正取引推進機構（RETIO）|https://www.retio.or.jp/,legacy batch から移行（takken-hoshokin）,本記事を読むと、宅地建物取引士試験の供託と分担金について、受験資格・日程・合格基準の確認手順と、演習・用語解説を組み合わせた学習の始め方が分かります。,公式サイトで最新年度を確認する;過去問一覧で演習する;用語解説で関連キーワードを確認する;過去問一覧で該当分野を1セット演習する,試験要項や公式ページが更新されたタイミングで本文と参照元を見直します。,2026-05-30,2026-06-29,2026-05-30,published,レガシーデータ移行.py による移行 guide_pro_pass適用 guide_expert_writer適用,2種類の保証金,"「2種類の保証金」は供託と分担金の論点の一つです。試験情報（公式）の受験要項と公式テキストで整理すると、演習問題の解説と対応づけやすくなります。

数値・日程・合格基準は年度で更新されるため、学習前と申込前には試験情報（公式）の最新案内を確認してください。演習で供託と分担金に関する設問を解いたら、正解理由と誤答肢の違いを短くメモし、用語解説・比較表・よくある誤答タブで似た論点を比較表で整理すると定着しやすくなります。",供託と分担金,"「供託と分担金」は供託と分担金の論点の一つです。試験情報（公式）の受験要項と公式テキストで整理すると、演習問題の解説と対応づけやすくなります。

数値・日程・合格基準は年度で更新されるため、学習前と申込前には試験情報（公式）の最新案内を確認してください。演習で供託と分担金に関する設問を解いたら、正解理由と誤答肢の違いを短くメモし、用語解説・比較表・よくある誤答タブで似た論点を比較表で整理すると定着しやすくなります。",充当金2週間,"「充当金2週間」は供託と分担金の論点の一つです。試験情報（公式）の受験要項と公式テキストで整理すると、演習問題の解説と対応づけやすくなります。

数値・日程・合格基準は年度で更新されるため、学習前と申込前には試験情報（公式）の最新案内を確認してください。演習で供託と分担金に関する設問を解いたら、正解理由と誤答肢の違いを短くメモし、用語解説・比較表・よくある誤答タブで似た論点を比較表で整理すると定着しやすくなります。",保証協会,"「保証協会」は供託と分担金の論点の一つです。試験情報（公式）の受験要項と公式テキストで整理すると、演習問題の解説と対応づけやすくなります。

数値・日程・合格基準は年度で更新されるため、学習前と申込前には試験情報（公式）の最新案内を確認してください。演習で供託と分担金に関する設問を解いたら、正解理由と誤答肢の違いを短くメモし、用語解説・比較表・よくある誤答タブで似た論点を比較表で整理すると定着しやすくなります。",暗記のコツ,"「暗記のコツ」は供託と分担金の論点の一つです。試験情報（公式）の受験要項と公式テキストで整理すると、演習問題の解説と対応づけやすくなります。

数値・日程・合格基準は年度で更新されるため、学習前と申込前には試験情報（公式）の最新案内を確認してください。演習で供託と分担金に関する設問を解いたら、正解理由と誤答肢の違いを短くメモし、用語解説・比較表・よくある誤答タブで似た論点を比較表で整理すると定着しやすくなります。",,,,,宅建の営業保証金・保証協会の攻略について教えてください。？,「宅建の営業保証金・保証協会の攻略について教えてください。」は宅地建物取引士試験の公式テキスト該当章と試験情報（公式）で確認するのが確実です。供託と分担金では、条文の要件（誰が・いつ・何を）を演習問題とセットで押さえてください。,「供託と分担金」で押さえるべきポイントは何ですか？,試験では「供託と分担金」が、宅建受験者の行動として正しいか／主体を取り違えていないか、という形で四択出題されます。誤答肢は「一人で診断」「過度な情報開示」などが典型です。数値・主体・手順は公益財団法人 不動産適正取引推進機構の最新案内と照合してください。,takken-benkyou-jikan:宅建の勉強時間は何時間必要？初学者・社会人・再受験者別の目安;takken-goukakuten:宅建の合格点は何点？合格ラインの考え方と目標点の作り方,,FAQ3「本テーマ」については、過去問で条件文の読み取りを確認する（宅建の営業保証金・保証協会の攻略）。過去問で条件文の読み取りを確認する。宅建の営業保証金・保証協会の攻略の論点は用語ハブの比較表とセットで復習してください。 試験公式情報も確認。 試験公式情報も確認。,,,2種類の保証金;供託と分担金;充当金2週間;保証協会;暗記のコツ
takken-40dai,試験概要,40代・50代から宅建を取得する方法,40代・50代から宅建試験に合格する方法・中高年が宅建を取るメリット（転職・資格手当・定年後の独立）・年代別の効率的な学習法・6ヶ月学習計画を詳しく解説します。社会人経験が活きる宅建試験の攻略法を紹介。,「40代・50代でも宅建に合格できるのか？」という疑問をお持ちの方へ。結論として、中高年の合格者は多く存在し、社会人経験が逆にアドバンテージになる場面もあります。この記事では40代・50代が宅建を取得する具体的な方法と活用法を解説します。 宅建は範囲が広い国家資格ですが、出題の型は一定なので、全体像→分野別→過去問の順で迷いが減ります。宅建は範囲が広い国家資格ですが、出題の型は一定なので全体像→分野別→過去問の順で迷いが減ります。,320,ターゲット別,宅建マスター編集部,宅建試験対策サイトの編集チーム,公式情報確認担当,公開前に一次情報との照合を行う担当者,2026-05-30,不動産適正取引推進機構（RETIO）|https://www.retio.or.jp/,legacy batch から移行（takken-40dai）,本記事を読むと、40代・50代から宅建を取得する方法について、受験資格・日程・合格基準の確認手順と、演習・用語解説を組み合わせた学習の始め方が分かります。,公式サイトで最新年度を確認する;過去問一覧で演習する;用語解説で関連キーワードを確認する;過去問一覧で該当分野を1セット演習する,試験要項や公式ページが更新されたタイミングで本文と参照元を見直します。,2026-05-30,2026-06-29,2026-05-30,published,レガシーデータ移行.py による移行 guide_pro_pass適用 guide_expert_writer適用,140代・50代の合格の実態,"合格率・合格点は試験情報（公式）の統計・要項で確認します。数字だけで難易度を判断せず、自分の演習得点と弱点分野を合わせて見積もってください。

40代・50代から宅建を取得する方法の学習時間は、4科目のバランスと仕事の繁忙期を考慮して設定します。「140代・50代の合格の実態」では。40代・50代から宅建を取得する方法について公式テキストの該当章を開き、主体・期限・数値をメモしながら演習問題で定着を確認します。数値・日程は試験情報（公式）の最新要項で必ず照合してください。",2中高年が宅建を取得するメリット,"「2中高年が宅建を取得するメリット」は40代・50代から宅建を取得する方法の論点の一つです。試験情報（公式）の受験要項と公式テキストで整理すると、演習問題の解説と対応づけやすくなります。

数値・日程・合格基準は年度で更新されるため、学習前と申込前には試験情報（公式）の最新案内を確認してください。演習で40代・50代から宅建を取得する方法に関する設問を解いたら。正解理由と誤答肢の違いを短くメモし、用語解説・比較表・よくある誤答タブで似た論点を比較表で整理すると定着しやすくなります。",340代・50代に適した学習法,"「340代・50代に適した学習法」は40代・50代から宅建を取得する方法の論点の一つです。試験情報（公式）の受験要項と公式テキストで整理すると、演習問題の解説と対応づけやすくなります。

数値・日程・合格基準は年度で更新されるため、学習前と申込前には試験情報（公式）の最新案内を確認してください。演習で40代・50代から宅建を取得する方法に関する設問を解いたら。正解理由と誤答肢の違いを短くメモし、用語解説・比較表・よくある誤答タブで似た論点を比較表で整理すると定着しやすくなります。",4取得後のキャリアパス,"「4取得後のキャリアパス」は40代・50代から宅建を取得する方法の論点の一つです。試験情報（公式）の受験要項と公式テキストで整理すると、演習問題の解説と対応づけやすくなります。

数値・日程・合格基準は年度で更新されるため、学習前と申込前には試験情報（公式）の最新案内を確認してください。演習で40代・50代から宅建を取得する方法に関する設問を解いたら。正解理由と誤答肢の違いを短くメモし、用語解説・比較表・よくある誤答タブで似た論点を比較表で整理すると定着しやすくなります。",540代・50代向け6ヶ月学習計画,"「540代・50代向け6ヶ月学習計画」は40代・50代から宅建を取得する方法の論点の一つです。試験情報（公式）の受験要項と公式テキストで整理すると、演習問題の解説と対応づけやすくなります。

数値・日程・合格基準は年度で更新されるため、学習前と申込前には試験情報（公式）の最新案内を確認してください。演習で40代・50代から宅建を取得する方法に関する設問を解いたら。正解理由と誤答肢の違いを短くメモし、用語解説・比較表・よくある誤答タブで似た論点を比較表で整理すると定着しやすくなります。",,,,,40代・50代から宅建を取得する方法について教えてください。？,「40代・50代から宅建を取得する方法について教えてください。」は宅地建物取引士試験の公式テキスト該当章と試験情報（公式）で確認するのが確実です。40代・50代から宅建を取得する方法では、条文の要件（誰が・いつ・何を）を演習問題とセットで押さえてください。,「2中高年が宅建を取得するメリット」で押さえるべきポイントは何ですか？,試験では「40代・50代から宅建を取得する方法」が、宅建受験者の行動として正しいか／主体を取り違えていないか、という形で四択出題されます。誤答肢は「一人で診断」「過度な情報開示」などが典型です。数値・主体・手順は公益財団法人 不動産適正取引推進機構の最新案内と照合してください。,takken-benkyou-jikan:宅建の勉強時間は何時間必要？初学者・社会人・再受験者別の目安;takken-goukakuten:宅建の合格点は何点？合格ラインの考え方と目標点の作り方,,「本テーマ」の整理後は過去問一覧で演習する。同テーマを1週間後に解き直して定着を確認する。誤答肢のパターンを比較表に整理して復習する。誤答肢のパターンを比較表に整理して復習する。誤答肢のパターンを比較表に整理して復習する。誤答肢のパターンを比較表に整理して復習する。takken-40daiの誤答肢を比較表に整理する。,,,140代・50代の合格の実態;2中高年が宅建を取得するメリット;340代・50代に適した学習法;4取得後のキャリアパス;540代・50代向け6ヶ月学習計画
takken-dokugaku,過去問活用,宅建を独学で合格する方法,宅建試験を独学で合格するための教材の選び方・効率的な勉強法・よくある失敗と対策を解説。スマホ活用で隙間時間を学習に変えて合格を目指しましょう。,宅建試験は独学でも合格できる試験です。実際に合格者の多くは独学か市販テキストを使った自己学習で合格しています。この記事では独学で合格するための教材選び・効果的な勉強法・よくある失敗を解説します。 過去問は回数より、正解理由と誤り肢の理由を説明できるかが伸びの指標になります。過去問は回数より、正解理由と誤り肢の理由を説明できるかが伸びの指標です。,330,勉強法,宅建マスター編集部,宅建試験対策サイトの編集チーム,公式情報確認担当,公開前に一次情報との照合を行う担当者,2026-05-30,不動産適正取引推進機構（RETIO）|https://www.retio.or.jp/,legacy batch から移行（takken-dokugaku）,本記事を読むと、宅地建物取引士試験のを独学で合格する方法について、公式テキストと試験情報（公式）で押さえる論点と、演習→用語解説→1週間後の解き直しまでの復習順が具体的に分かります。,公式サイトで最新年度を確認する;過去問一覧で演習する;用語解説で関連キーワードを確認する;過去問一覧で該当分野を1セット演習する,試験要項や公式ページが更新されたタイミングで本文と参照元を見直します。,2026-05-30,2026-06-29,2026-05-30,published,レガシーデータ移行.py による移行 guide_pro_pass適用 guide_expert_writer適用,1宅建は独学で合格できるか？,"合格率・合格点は試験情報（公式）の統計・要項で確認します。数字だけで難易度を判断せず、自分の演習得点と弱点分野を合わせて見積もってください。

を独学で合格する方法の学習時間は、4科目のバランスと仕事の繁忙期を考慮して設定します。「1宅建は独学で合格できるか？」では、を独学で合格する方法について公式テキストの該当章を開き、主体・期限・数値をメモしながら演習問題で定着を確認します。数値・日程は試験情報（公式）の最新要項で必ず照合してください。",2教材の選び方,"「2教材の選び方」はを独学で合格する方法の論点の一つです。試験情報（公式）の受験要項と公式テキストで整理すると、演習問題の解説と対応づけやすくなります。

数値・日程・合格基準は年度で更新されるため、学習前と申込前には試験情報（公式）の最新案内を確認してください。演習でを独学で合格する方法に関する設問を解いたら。正解理由と誤答肢の違いを短くメモし、用語解説・比較表・よくある誤答タブで似た論点を比較表で整理すると定着しやすくなります。",3効率的な勉強法,"「3効率的な勉強法」はを独学で合格する方法の論点の一つです。試験情報（公式）の受験要項と公式テキストで整理すると、演習問題の解説と対応づけやすくなります。

数値・日程・合格基準は年度で更新されるため、学習前と申込前には試験情報（公式）の最新案内を確認してください。演習でを独学で合格する方法に関する設問を解いたら。正解理由と誤答肢の違いを短くメモし、用語解説・比較表・よくある誤答タブで似た論点を比較表で整理すると定着しやすくなります。",5スマホ学習・宅建マスターの活用,"「5スマホ学習・宅建マスターの活用」はを独学で合格する方法の論点の一つです。試験情報（公式）の受験要項と公式テキストで整理すると、演習問題の解説と対応づけやすくなります。

数値・日程・合格基準は年度で更新されるため、学習前と申込前には試験情報（公式）の最新案内を確認してください。演習でを独学で合格する方法に関する設問を解いたら。正解理由と誤答肢の違いを短くメモし、用語解説・比較表・よくある誤答タブで似た論点を比較表で整理すると定着しやすくなります。",まとめと次のステップ,"「まとめと次のステップ」はを独学で合格する方法の論点の一つです。試験情報（公式）の受験要項と公式テキストで整理すると、演習問題の解説と対応づけやすくなります。

数値・日程・合格基準は年度で更新されるため、学習前と申込前には試験情報（公式）の最新案内を確認してください。演習でを独学で合格する方法に関する設問を解いたら。正解理由と誤答肢の違いを短くメモし、用語解説・比較表・よくある誤答タブで似た論点を比較表で整理すると定着しやすくなります。",,,,,宅建を独学で合格する方法について教えてください。？,「宅建を独学で合格する方法について教えてください。？」については、公式テキスト＋過去問演習＋用語解説の3点セットで進める。弱点は比較表で補強する。試験要項の条文番号をメモに書き出して確認する。弱点論点は比較表で補強する。takken-dokugakuの公式数値表で確認する。,「2教材の選び方」で押さえるべきポイントは何ですか？,「「2教材の選び方」で押さえるべきポイントは何ですか？」は過去問演習で出題形式を把握し、正答後に用語解説で論点を復習する。過去問1問の正答理由をノートに記録して復習する。正答後は関連条文を開く。試験要項の最新版も確認。takken-dokugaku関連の過去問1問で正答率を記録する。,takken-benkyou-jikan:宅建の勉強時間は何時間必要？初学者・社会人・再受験者別の目安;takken-goukakuten:宅建の合格点は何点？合格ラインの考え方と目標点の作り方,,「本テーマ」の整理後は過去問一覧で演習する。同テーマを1週間後に解き直して定着を確認する。混同しやすい近義語を比較表の左右に整理する。誤答肢は色分けして復習する。試験要項の最新版も確認。takken-dokugakuの誤答肢を比較表に整理する。,,,1宅建は独学で合格できるか？;2教材の選び方;3効率的な勉強法;5スマホ学習・宅建マスターの活用
takken-fudosan-toshi,試験概要,宅建の知識は不動産投資に使えるか？資格活用の具体的な方法,宅建の知識・資格が不動産投資にどう役立つかを解説。重要事項説明の理解・法令制限の自己確認・税金知識・宅建業者化のメリット・デメリットを詳しく紹介します。,不動産投資を考えている方、または不動産投資家として宅建取得を検討している方へ。宅建の知識・資格が不動産投資にどう役立つか、また注意すべき点を解説します。 宅建は範囲が広い国家資格ですが、出題の型は一定なので、全体像→分野別→過去問の順で迷いが減ります。宅建は範囲が広い国家資格ですが、出題の型は一定なので全体像→分野別→過去問の順で迷いが減ります。,340,不動産投資,宅建マスター編集部,宅建試験対策サイトの編集チーム,公式情報確認担当,公開前に一次情報との照合を行う担当者,2026-05-30,不動産適正取引推進機構（RETIO）|https://www.retio.or.jp/,legacy batch から移行（takken-fudosan-toshi）,本記事を読むと、宅地建物取引士試験の知識は不動産投資に使えるか？資格活用の具体的な方法について、受験資格・日程・合格基準の確認手順と、演習・用語解説を組み合わせた学習の始め方が分かります。,公式サイトで最新年度を確認する;過去問一覧で演習する;用語解説で関連キーワードを確認する;過去問一覧で該当分野を1セット演習する,試験要項や公式ページが更新されたタイミングで本文と参照元を見直します。,2026-05-30,2026-06-29,2026-05-30,published,レガシーデータ移行.py による移行 guide_pro_pass適用 guide_expert_writer適用,1宅建知識が不動産投資に役立つ場面,"「1宅建知識が不動産投資に役立つ場面」は知識は不動産投資に使えるか？資格活用の具体的な方法の論点の一つです。試験情報（公式）の受験要項と公式テキストで整理すると、演習問題の解説と対応づけやすくなります。

数値・日程・合格基準は年度で更新されるため、学習前と申込前には試験情報（公式）の最新案内を確認してください。演習で知識は不動産投資に使えるか？資格活用の具体的な方法に関する設問を解いたら。正解理由と誤答肢の違いを短くメモし、用語解説・比較表・よくある誤答タブで似た論点を比較表で整理すると定着しやすくなります。",2宅建資格の限界・注意すべき点,"「2宅建資格の限界・注意すべき点」は知識は不動産投資に使えるか？資格活用の具体的な方法の論点の一つです。試験情報（公式）の受験要項と公式テキストで整理すると、演習問題の解説と対応づけやすくなります。

数値・日程・合格基準は年度で更新されるため、学習前と申込前には試験情報（公式）の最新案内を確認してください。演習で知識は不動産投資に使えるか？資格活用の具体的な方法に関する設問を解いたら。正解理由と誤答肢の違いを短くメモし、用語解説・比較表・よくある誤答タブで似た論点を比較表で整理すると定着しやすくなります。",3宅建業者として法人化する方法,"「3宅建業者として法人化する方法」は知識は不動産投資に使えるか？資格活用の具体的な方法の論点の一つです。試験情報（公式）の受験要項と公式テキストで整理すると、演習問題の解説と対応づけやすくなります。

数値・日程・合格基準は年度で更新されるため、学習前と申込前には試験情報（公式）の最新案内を確認してください。演習で知識は不動産投資に使えるか？資格活用の具体的な方法に関する設問を解いたら。正解理由と誤答肢の違いを短くメモし、用語解説・比較表・よくある誤答タブで似た論点を比較表で整理すると定着しやすくなります。",4不動産投資と税金の知識,"「4不動産投資と税金の知識」は知識は不動産投資に使えるか？資格活用の具体的な方法の論点の一つです。試験情報（公式）の受験要項と公式テキストで整理すると、演習問題の解説と対応づけやすくなります。

数値・日程・合格基準は年度で更新されるため、学習前と申込前には試験情報（公式）の最新案内を確認してください。演習で知識は不動産投資に使えるか？資格活用の具体的な方法に関する設問を解いたら。正解理由と誤答肢の違いを短くメモし、用語解説・比較表・よくある誤答タブで似た論点を比較表で整理すると定着しやすくなります。",5不動産投資×宅建の学習ロードマップ,"「5不動産投資×宅建の学習ロードマップ」は知識は不動産投資に使えるか？資格活用の具体的な方法の論点の一つです。試験情報（公式）の受験要項と公式テキストで整理すると、演習問題の解説と対応づけやすくなります。

数値・日程・合格基準は年度で更新されるため、学習前と申込前には試験情報（公式）の最新案内を確認してください。演習で知識は不動産投資に使えるか？資格活用の具体的な方法に関する設問を解いたら。正解理由と誤答肢の違いを短くメモし、用語解説・比較表・よくある誤答タブで似た論点を比較表で整理すると定着しやすくなります。",,,,,宅建の知識は不動産投資に使えるか？資格活用の具体的な方法？,「宅建の知識は不動産投資に使えるか？資格活用の具体的な方法」は宅地建物取引士試験の公式テキスト該当章と試験情報（公式）で確認するのが確実です。知識は不動産投資に使えるか？資格活用の具体的な方法では、条文の要件（誰が・いつ・何を）を演習問題とセットで押さえてください。,「2宅建資格の限界・注意すべき点」で押さえるべきポイントは何ですか？,試験では「知識は不動産投資に使えるか？資格活用の具体的な方法」が、宅建受験者の行動として正しいか／主体を取り違えていないか、という形で四択出題されます。誤答肢は「一人で診断」「過度な情報開示」などが典型です。,takken-benkyou-jikan:宅建の勉強時間は何時間必要？初学者・社会人・再受験者別の目安;takken-goukakuten:宅建の合格点は何点？合格ラインの考え方と目標点の作り方,,FAQ3「本テーマ」については、宅建の知識は不動産投資に使えるか？資格活用の具体的な方法の論点は用語ハブの比較表とセットで復習してください。過去問で条件文の読み取りを確認する。宅建の知識は不動産投資に使えるか？資格活用の具体的な方法の論点は用語ハブの比較表とセットで復習してください。,,,1宅建知識が不動産投資に役立つ場面;2宅建資格の限界・注意すべき点;3宅建業者として法人化する方法;4不動産投資と税金の知識;5不動産投資×宅建の学習ロードマップ
takken-goukaku-ato,合格・難易度,宅建合格後にやること,"宅建試験合格後の手続きを完全解説。実務経験2年以上の確認・登録実務講習の受講・都道府県知事への登録申請（手数料37,000円）・宅建士証の交付申請（有効期間5年）まで、ステップ別に詳しく説明します。",宅建試験に合格しただけでは「宅建士」として業務はできません。都道府県知事への登録・宅建士証の交付申請という手続きが必要です。この記事では合格後の手続きを順を追って解説します。 合格点は年度で上下しますが、学習中は「落とせない基本点」を先に固める設計が有効です。合格点は毎年変動しますが、学習中は「落とせない基本点」を先に固める設計が有効です。,350,合格後の手続き,宅建マスター編集部,宅建試験対策サイトの編集チーム,公式情報確認担当,公開前に一次情報との照合を行う担当者,2026-05-30,不動産適正取引推進機構（RETIO）|https://www.retio.or.jp/,legacy batch から移行（takken-goukaku-ato）,本記事を読むと、宅地建物取引士試験の合格後にやることについて、公式テキストと試験情報（公式）で押さえる論点と、演習→用語解説→1週間後の解き直しまでの復習順が具体的に分かります。,公式サイトで最新年度を確認する;過去問一覧で演習する;用語解説で関連キーワードを確認する;過去問一覧で該当分野を1セット演習する,試験要項や公式ページが更新されたタイミングで本文と参照元を見直します。,2026-05-30,2026-06-29,2026-05-30,published,レガシーデータ移行.py による移行 guide_pro_pass適用 guide_expert_writer適用,2実務経験・登録実務講習,"「2実務経験・登録実務講習」は合格後にやることの論点の一つです。試験情報（公式）の受験要項と公式テキストで整理すると、演習問題の解説と対応づけやすくなります。

数値・日程・合格基準は年度で更新されるため、学習前と申込前には試験情報（公式）の最新案内を確認してください。演習で合格後にやることに関する設問を解いたら。正解理由と誤答肢の違いを短くメモし、用語解説・比較表・よくある誤答タブで似た論点を比較表で整理すると定着しやすくなります。",3登録の手続き,"「3登録の手続き」は合格後にやることの論点の一つです。試験情報（公式）の受験要項と公式テキストで整理すると、演習問題の解説と対応づけやすくなります。

数値・日程・合格基準は年度で更新されるため、学習前と申込前には試験情報（公式）の最新案内を確認してください。演習で合格後にやることに関する設問を解いたら。正解理由と誤答肢の違いを短くメモし、用語解説・比較表・よくある誤答タブで似た論点を比較表で整理すると定着しやすくなります。",4宅建士証の交付,"「4宅建士証の交付」は合格後にやることの論点の一つです。試験情報（公式）の受験要項と公式テキストで整理すると、演習問題の解説と対応づけやすくなります。

数値・日程・合格基準は年度で更新されるため、学習前と申込前には試験情報（公式）の最新案内を確認してください。演習で合格後にやることに関する設問を解いたら。正解理由と誤答肢の違いを短くメモし、用語解説・比較表・よくある誤答タブで似た論点を比較表で整理すると定着しやすくなります。",5登録後にできること,"「5登録後にできること」は合格後にやることの論点の一つです。試験情報（公式）の受験要項と公式テキストで整理すると、演習問題の解説と対応づけやすくなります。

数値・日程・合格基準は年度で更新されるため、学習前と申込前には試験情報（公式）の最新案内を確認してください。演習で合格後にやることに関する設問を解いたら。正解理由と誤答肢の違いを短くメモし、用語解説・比較表・よくある誤答タブで似た論点を比較表で整理すると定着しやすくなります。",まとめと次のステップ,"「まとめと次のステップ」は合格後にやることの論点の一つです。試験情報（公式）の受験要項と公式テキストで整理すると、演習問題の解説と対応づけやすくなります。

数値・日程・合格基準は年度で更新されるため、学習前と申込前には試験情報（公式）の最新案内を確認してください。演習で合格後にやることに関する設問を解いたら。正解理由と誤答肢の違いを短くメモし、用語解説・比較表・よくある誤答タブで似た論点を比較表で整理すると定着しやすくなります。",,,,,宅建合格後にやることについて教えてください。？,「宅建合格後にやることについて教えてください。」は宅地建物取引士試験の公式テキスト該当章と試験情報（公式）で確認するのが確実です。合格後にやることでは、条文の要件（誰が・いつ・何を）を演習問題とセットで押さえてください。,「3登録の手続き」で押さえるべきポイントは何ですか？,試験では「合格後にやること」が、宅建受験者の行動として正しいか／主体を取り違えていないか、という形で四択出題されます。誤答肢は「一人で診断」「過度な情報開示」などが典型です。数値・主体・手順は公益財団法人 不動産適正取引推進機構の最新案内と照合してください。,takken-benkyou-jikan:宅建の勉強時間は何時間必要？初学者・社会人・再受験者別の目安;takken-goukakuten:宅建の合格点は何点？合格ラインの考え方と目標点の作り方,,FAQ3「本テーマ」については、過去問で条件文の読み取りを確認する（宅建合格後にやること）。過去問で条件文の読み取りを確認する。宅建合格後にやることの論点は用語ハブの比較表とセットで復習してください。 試験公式情報も確認。 試験公式情報も確認。 試験公式情報も確認。,,,2実務経験・登録実務講習;3登録の手続き;4宅建士証の交付;5登録後にできること
takken-gyoho-study,過去問活用,宅建業法の勉強法・完全攻略,宅建業法（50問中20問）の勉強法を解説。35条・37条・報酬・広告規制など頻出論点、数字の暗記、過去問演習の進め方を整理します。,"宅建業法は全50問中20問（40%）を占める最重要分野です。暗記中心で得点しやすく、満点近くを狙える分野でもあります。この記事では宅建業法の頻出テーマ・正しい勉強法・数字の暗記法を徹底解説します。 過去問は回数より、正解理由と誤り肢の理由を説明できるかが伸びの指標になります。過去問は回数より、正解理由と誤り肢の理由を説明できるかが伸びの指標です。特に宅建業法の論点と、学習の優先順位を意識しながら読み進めてください。特に宅建業法の論点と、学習の優先順位を意識しながら読み進めてください。特に宅建業法の論点と、学習の優先順位を意識しながら読み進めてください。特に宅建業法の論点と、学習の優先順位を意識しながら読み進めてください。特に宅建業法の論点と、学習の優先順位を意識しながら読み進めてください。

特に宅建業法の論点と、学習の優先順位を意識しながら読み進めてください。",360,勉強法,宅建マスター編集部,宅建試験対策サイトの編集チーム,公式情報確認担当,公開前に一次情報との照合を行う担当者,2026-06-04,不動産適正取引推進機構（RETIO）|https://www.retio.or.jp/,手書きリライト 2026-06-04。,本記事を読むと、宅建業法の出題比率と優先すべき条文、暗記すべき数字の一覧、過去問20問分の演習計画、目標得点12問以上の取り方が分かります。,35条・37条を条文と要点メモで1周する;報酬・広告規制の頻出パターンを過去問10問で確認する;5営業日・7営業日・8日・2週間等の数字を一問一答で暗記する;宅建業法の過去問20問を週10問ペースで2周する;誤答論点を用語解説で定義確認する,試験要項や公式ページが更新されたタイミングで本文と参照元を見直します。,2026-06-04,2026-06-29,2026-06-04,published,2026-06-04: 手書きリライト,1なぜ宅建業法が最重要か,"宅建業法は50問中20問（40％）を占める最重要分野です。条文と数字の暗記が中心ですが、事例問題も多いため、「条文の趣旨＋典型パターン」の両方を押さえます。

目標は20問中12問以上（60％）。35条（免許）・37条（業務）・報酬・広告・重要事項説明が合計10問前後を占めるため、ここを先に固めると総合点に直結します。業法だけ独学で進める場合も、週4時間以上は確保するのが合格者の平均的な配分です。",3効率的な勉強法,"優先順位の高い論点です。

1. 宅建業法35条（免許制度・欠格事由・更新）
2. 宅建業法37条（業務上の規制・守秘義務・競争規制）
3. 報酬の限度・広告規制・誇大広告の禁止
4. 重要事項説明・37条書面・契約書面の記載事項
5. 業務上の禁止行為・監督処分・罰則

テキスト1周後は、上記5テーマごとに過去問5問ずつ解き、正答率50％未満のテーマから復習時間を追加します。",5分野別の攻略ポイント,"暗記すべき数字の例（要項・条文で最新確認）です。

- 5営業日（書面交付等の期限）
- 7営業日（手付金等）
- 8日（クーリング・オフ関連）
- 2週間（重要事項説明のタイミング等）
- 5年（免許の有効期間）

数字はフラッシュカードまたは一問一答アプリで毎日10分。条文番号とセットで覚えると、選択肢の消去がしやすくなります。試験2週間前は数字一覧を1枚にまとめ、毎日5分見返すとケアレスミスが減ります。",よくある誤解,"過去問演習の進め方（宅建業法20問）です。

1. 直近5年分の業法問題（約100問）を分野タグ付け
2. 35条・37条・報酬・広告・重要事項の順に10問ずつ
3. 1問解いたら解説で「根拠条文」を1行メモ
4. 1週間後に誤答のみ解き直し
5. 50問模試では業法20問を35分以内を目標

記憶で解けても、誤答肢の理由を説明できなければ復習対象に残します。",まとめと次のステップ,"よくある失敗と対策です。

- 条文を読まず問題集だけ解く → 35条・37条は条文を1回は通読
- 数字をバラバラに暗記 → テーマごとにまとめて覚える
- 重要事項説明を後回し → 契約実務とセットで早めに確認
- 業法だけで満足 → 他3分野の最低ラインも確保

宅建業法は得点源ですが、権利関係0点では総合合格が厳しくなります。週の学習時間の6割を業法、4割を他分野に配分するのがバランスよい目安です。",,,,,宅建業法は何問出題されますか？,50問中20問が宅建業法です。全体の40％を占めるため、学習時間の厚みを最優先に置く分野です。12問以上（60％）を安定して取れるように、35条・37条・報酬・広告を中心に過去問演習を重ねてください。数字の暗記は毎日10分の習慣化が効果的です。,35条と37条、どちらから勉強すべきですか？,35条（免許・欠格・更新）から始め、続けて37条（業務規制）がおすすめです。両方とも出題頻度が高く、条文の構造を理解すると報酬・広告の問題にも応用できます。各条文を読んだ直後に過去問5問ずつ解くと定着しやすくなります。,takken-kenri-kankei:宅建の権利関係（民法）の勉強法;takken-kakomon:宅建の過去問の使い方・効果的な解き方を解説;takken-benkyou-jikan:宅建の勉強時間は何時間必要？初学者・社会人・再受験者別の目安,宅建業法だけで合格できますか？,業法満点でも他分野の得点が極端に低いと総合点35点に届きません。業法は12問以上を目標にしつつ、権利関係8問・法令制限6問・税その他6問の最低ラインも意識してください。業法演習と並行して、弱点分野の過去問も週5問は確保するのが現実的です。,,,1なぜ宅建業法が最重要か;3効率的な勉強法;5分野別の攻略ポイント
takken-hikaku,用語ハブ活用法,宅建とFP・マンション管理士・行政書士の違い,宅建とFP・マンション管理士・行政書士・司法書士の難易度・収入・相性を徹底比較。ダブルライセンスのおすすめ組み合わせと資格取得のロードマップも解説します。,「宅建とFP・マンション管理士・行政書士の違い」の表・数値一覧は **知識ハブ（比較・整理表）** に集約しています。本ページでは、確認後に試験ガイドと演習へ進む導線だけを案内します。,370,資格比較,宅建マスター編集部,宅建試験対策サイトの編集チーム,公式情報確認担当,公開前に一次情報との照合を行う担当者,2026-05-30,不動産適正取引推進機構（RETIO）|https://www.retio.or.jp/,legacy batch から移行（takken-hikaku）,宅建とFP・マンション管理士・行政書士の違いを試験対策用に整理した表を確認し、関連する過去問・学習計画へつなげたい読者向け。,知識ハブの比較・整理表で宅建とFP・マンション管理士・行政書士の違いを確認する;関連用語を用語解説で2件以上たどる;過去問演習で該当分野を解く;学習計画・分野別対策ガイドで次の行動を決める,試験要項や公式ページが更新されたタイミングで本文と参照元を見直します。,2026-05-30,2026-06-29,2026-05-30,published,配置整理: 比較・数値の正本は知識ハブ。本記事は導線用,比較・整理表で確認する内容,"独学を始める前に、試験情報（公式）で受験資格・試験日程・出題範囲（4科目）・合格基準をメモしてください。とFP・マンション管理士・行政書士の違いの学習計画は、公式テキストの章立てと一致させると、過去問の分野ラベルとも対応づけやすくなります。

ブログやSNSの「最新情報」は、必ず公益財団法人 不動産適正取引推進機構のページと照合してから採用してください。申込期限や受験料は年度ごとに変わるため、カレンダーに締切を入れてから教材を開く習慣が有効です。用語一覧は /terms/ から分野別に開き、比較表で関連論点を整理してください。",試験ガイドとの使い分け,"用語解説は「とFP・マンション管理士・行政書士の違いとは何か」を答える場所です。勉強の進め方・申込・直前対策・再受験は試験ガイド一覧で扱い、役割を分けて読むと迷いません。

定義を読んだら、弱点分野のガイド記事か演習問題へ進み、選択肢で迷った論点だけ用語ページに戻る往復が効率的です。「試験ガイドとの使い分け」では。とFP・マンション管理士・行政書士の違いについて公式テキストの該当章を開き、主体・期限・数値をメモしながら演習問題で定着を確認します。数値・日程は試験情報（公式）の最新要項で必ず照合してください。",おすすめの学習順,"おすすめの学習順：①用語解説でとFP・マンション管理士・行政書士の違いの定義と誤答パターンを確認 ②関連用語リンクから混同しやすい語を比較表で整理 ③演習問題で該当分野を解。き、間違えた選択肢を用語解説で照合 ④必要なら学習計画・分野別ガイドへ。

比較表タブにとFP・マンション管理士・行政書士の違いが登場する場合は、似た制度・用語との違いを表形式で確認してから演習に戻してください。",比較表・よくある誤答タブ,"「比較表・よくある誤答タブ」はとFP・マンション管理士・行政書士の違いの論点の一つです。試験情報（公式）の受験要項と公式テキストで整理すると、演習問題の解説と対応づけやすくなります。

数値・日程・合格基準は年度で更新されるため、学習前と申込前には試験情報（公式）の最新案内を確認してください。演習でとFP・マンション管理士・行政書士の違いに関する設問を解いたら。正解理由と誤答肢の違いを短くメモし、用語解説・比較表・よくある誤答タブで似た論点を比較表で整理すると定着しやすくなります。",関連ガイドと演習への導線,"とFP・マンション管理士・行政書士の違いの理解度は、関連する演習問題で確認するのが効率的です。1問解くごとに「根拠はテキストのどの章か」をメモすると、復習時に該当ページへすぐ戻れます。

同じ問題を時間を空けて解き直し、言い換え選択肢でも正解できるかまで確認してください。二回連続正解でも、条件を1語変えた肢で誤答する場合は、用語の定義がまだ曖昧なサインです。用語一覧は /terms/ から分野別に開き、比較表で関連論点を整理してください。",,,,,宅建とFP・マンション管理士・行政書士の違いはどこで詳しく見られますか？,試験情報（公式）（公益財団法人 不動産適正取引推進機構）で最新情報を確認してください。受験要項・テキスト改訂・合格発表は公式ページが正本です。とFP・マンション管理士・行政書士の違いに関する数値や期限も、非公式まとめではなく公式資料と照合してください。,表を確認したあと何をすればよいですか？,試験では「とFP・マンション管理士・行政書士の違い」が、宅建受験者の行動として正しいか／主体を取り違えていないか、という形で四択出題されます。誤答肢は「一人で診断」「過度な情報開示」などが典型です。数値・主体・手順は公益財団法人 不動産適正取引推進機構の最新案内と照合してください。,takken-benkyou-jikan:宅建の勉強時間は何時間必要？初学者・社会人・再受験者別の目安;takken-goukakuten:宅建の合格点は何点？合格ラインの考え方と目標点の作り方,用語解説との違いは？,読了後は、とFP・マンション管理士・行政書士の違いの関連する演習を5問以上解き、間違えた選択肢を用語解説で確認してから関連ガイドへ進んでください。1週間後の解き直し日をカレンダーに入れると定着しやすくなります。,直前対策でどう使う？,読了後は、とFP・マンション管理士・行政書士の違いの関連する演習を5問以上解き、間違えた選択肢を用語解説で確認してから関連ガイドへ進んでください。1週間後の解き直し日をカレンダーに入れると定着しやすくなります。,比較・整理表で確認する内容;試験ガイドとの使い分け;おすすめの学習順
takken-kakomon,過去問活用,宅建の過去問の使い方・効果的な解き方を解説,宅建試験の過去問の効果的な使い方。何年分解くか、解き直しの間隔、解説の読み方、4分野別の記録方法を解説します。,過去問は宅建合格の最強ツールです。しかし「ただ解くだけ」では効果が半減します。この記事では過去問の正しい使い方・解く順番・解説の読み方・繰り返し方を具体的に解説します。 過去問は回数より、正解理由と誤り肢の理由を説明できるかが伸びの指標になります。過去問は回数より、正解理由と誤り肢の理由を説明できるかが伸びの指標です。,380,勉強法,宅建マスター編集部,宅建試験対策サイトの編集チーム,公式情報確認担当,公開前に一次情報との照合を行う担当者,2026-06-04,不動産適正取引推進機構（RETIO）|https://www.retio.or.jp/,手書きリライト 2026-06-04。,本記事を読むと、過去問を「解くだけ」で終わらせない復習サイクル、推奨年数・周回数、誤答ノートの作り方、模試形式での活用法が分かります。,直近5年分の過去問50問×5回を目標に計画する;4分野別に正答数を記録するスプレッドシートを作る;1問解いたら解説で根拠条文を1行メモする;1週間後に誤答のみ解き直す;50問90分の模試を月2回以上実施する,試験要項や公式ページが更新されたタイミングで本文と参照元を見直します。,2026-06-04,2026-06-29,2026-06-04,published,2026-06-04: 手書きリライト,1なぜ過去問が宅建最強の教材なのか,"過去問は宅建合格の核となる教材です。出題パターンが年次で大きく変わらないため、「何が問われるか」を過去問から逆算できます。

ただし解くだけでは効果が半減します。正解理由・誤答理由の言語化、1週間後の解き直し、4分野別の記録がセットで初めて得点に結びつきます。テキストだけでインプットを終えた分野も、過去問10問で理解度を測るのが定石です。宅建マスターの過去問・一問一答と組み合わせると、復習サイクルが回しやすくなります。",2過去問の正しい解き方,"何年分・何周解くかの目安です。

- 最低：直近3年分（150問）を2周
- 推奨：直近5年分（250問）を2〜3周
- 直前：直近2年分を50問模試形式で解き直し

10年分を1周だけ解くより、5年分を解説付きで2周する方が効率的です。古い年度は法改正差分に注意し、解説の改訂年を確認してください。3年分2周で時間が足りない場合は、5年分1周＋誤答2周の順でも構いません。",4何年分解けばいいか,"1問あたりの進め方です。

1. 時間を計って解く（分野ごとの目安時間を意識）
2. 正解でも解説を読み、根拠を1行メモ
3. 誤答は「知識不足・時間不足・ケアレス」に分類
4. 知識不足なら用語解説で定義確認
5. 1週間後に誤答のみ解き直し

解説を読まず次の問題へ進む習慣は、同じ論点で再び落ちる原因になります。正解した問題も、他の選択肢がなぜ誤りかを1つ言えるか確認してください。",5スマホアプリとの効果的な組み合わせ,"4分野別の記録と分析です。

スプレッドシート例：日付｜業法正答｜権利正答｜法令正答｜税正答｜総合
2週間ごとに各分野の伸びを確認し、正答率50％未満の分野に週2時間追加します。

総合点だけ見ると、特定分野の穴が見えません。分野別グラフを作ると、次の2週間の優先分野が定まります。総合点が35点を超えても、1分野だけ5問以下ならその分野を優先復習してください。",まとめと次のステップ,"過去問活用のよくある失敗です。

- 正解率だけ気にして解説を飛ばす
- 同じ問題を記憶で解いている
- 分野別記録をしない
- 模試形式（50問90分）で練習しない
- 誤答ノートを作らない

合格ラインは35点前後ですが、学習中は36点以上を模試で2回連続狙う設計が安全です。過去問は「回数」より「同じ論点を落とさない」ことが指標です。スマホアプリは通勤中の一問一答向き、本番形式の50問は紙またはPCで時間を計って解くのがおすすめです。",,,,,過去問は何年分解けばよいですか？,直近5年分（250問）を2周するのがおすすめです。時間が限られる場合は3年分150問を2周し、直前1か月で5年分の誤答解き直しに切り替えてください。古い年度は法改正の影響を受けるため、解説の改訂年を必ず確認します。,過去問は何周必要ですか？,2〜3周が目安です。1周目は分野別に解き、2周目は誤答のみ、3周目は50問模試形式で時間を計って解きます。記憶で解けても解説を読めない問題は、まだ1周目扱いとして復習してください。3周目は本番2週間前からに限定し、それ以前は誤答中心の2周目を厚くする方が効率的です。,takken-gyoho-study:宅建業法の勉強法・完全攻略;takken-goukakuten:宅建の合格点は何点？合格ラインの考え方と目標点の作り方;takken-chokuzen:宅建試験の直前対策｜1ヶ月・1週間・前日でやること,過去問だけで宅建に合格できますか？,過去問中心の学習で合格する人は多いですが、初見の論点はテキストや用語解説で補完した方が効率的です。おすすめは「テキスト1章→該当分野の過去問10問」のセット学習です。過去問だけ3周より、テキスト＋過去問2周の方がバランスがよい場合もあります。,,,1なぜ過去問が宅建最強の教材なのか;2過去問の正しい解き方;4何年分解けばいいか;5スマホアプリとの効果的な組み合わせ
takken-kenri-kankei,過去問活用,宅建の権利関係（民法）の勉強法,宅建試験の権利関係（14問）の勉強法。抵当権・賃貸借・共有など頻出論点、民法改正の確認ポイント、目標8〜10問の取り方を解説します。,"権利関係（民法・借地借家法等）は宅建試験で最も難しいと感じる受験生が多い分野です。しかし正しい攻略法で取り組めば、14問中8〜10点は確実に取れます。この記事では権利関係が難しい理由と、効率的な攻略法を解説します。 過去問は回数より、正解理由と誤り肢の理由を説明できるかが伸びの指標になります。過去問は回数より、正解理由と誤り肢の理由を説明できるかが伸びの指標です。特に権利関係の論点と、学習の優先順位を意識しながら読み進めてください。特に権利関係の論点と、学習の優先順位を意識しながら読み進めてください。特に権利関係の論点と、学習の優先順位を意識しながら読み進めてください。特に権利関係の論点と、学習の優先順位を意識しながら読み進めてください。特に権利関係の論点と、学習の優先順位を意識しながら読み進めてください。

特に権利関係の論点と、学習の優先順位を意識しながら読み進めてください。",390,勉強法,宅建マスター編集部,宅建試験対策サイトの編集チーム,公式情報確認担当,公開前に一次情報との照合を行う担当者,2026-06-04,不動産適正取引推進機構（RETIO）|https://www.retio.or.jp/,手書きリライト 2026-06-04。,本記事を読むと、権利関係が難しく感じる理由と克服法、14問中8問以上を狙う優先論点、過去問演習の順序、用語と条文の結びつけ方が分かります。,抵当権・根抵当権の要点をテキスト1章＋過去問10問で確認する;賃貸借（借地借家法含む）の頻出論点をノート1枚に整理する;共有・相続・登記の問題を過去問5問ずつ解く;誤答した民法用語を用語解説で定義確認する;権利関係14問を25分以内で解く練習を週1回入れる,試験要項や公式ページが更新されたタイミングで本文と参照元を見直します。,2026-06-04,2026-06-29,2026-06-04,published,2026-06-04: 手書きリライト,1なぜ権利関係は難しいのか,"権利関係は50問中14問（28％）。民法を中心に借地借家法なども出題されます。

多くの受験生が「最難関」と感じる理由は、条文の抽象度が高く、不動産取引の具体像と結びつけにくいためです。目標は14問中8〜10問（57〜71％）。満点狙いより、頻出論点の確実な取得が効率的です。民法全体ではなく、宅建過去問に出る論点だけに絞ると学習量を抑えられます。借地借家法は賃貸借の中でも独立して出題されるため、テキスト1章は欠かさないでください。",3正しい勉強法,"優先度の高い論点です。

1. 抵当権・根抵当権（設定・効力・実行）
2. 賃貸借（転貸・敷金・更新・借地借家法の要点）
3. 共有・持分・分割
4. 相続・遺言・遺産分割
5. 登記・物権変動

テキストで全体像を掴んだ後、上記順に過去問10問ずつ。1問10分以内に解けない場合は、解説を読んで「キーワード1語」をメモします。抵当権と賃貸借で合計6問以上取れるようにすると、権利関係全体の得点が安定しやすくなります。",4分野別の攻略ポイント,"2020年改正民法以降の確認ポイントです。

- 消滅時効・除斥期間の変更
- 保証契約・連帯保証の規定
- 賃貸借関連の改正点

古い問題集だけ使うと、改正後の正解と食い違う場合があります。使用する教材の改訂年を確認し、試験年度の要項・テキストに合わせて学習してください。改正点は「旧規定との差分」だけをノートにまとめると負担が減ります。教材表紙の改訂年が2年以上前の場合は、最新版への差し替えを検討してください。",5目標得点と学習時間の目安,"過去問演習の進め方（権利関係14問）です。

1. 直近5年分から権利関係問題だけ抽出（約70問）
2. 抵当権・賃貸借・共有の3テーマに分類
3. 各テーマ20問→正答率60％未満は解説精読
4. 1週間後に誤答のみ解き直し
5. 50問模試では権利14問を25分以内

民法は「なぜその選択肢が誤りか」を言語化できるまで復習します。模試では権利14問を25分以内に収める練習を、本番1か月前から週1回入れてください。",まとめと次のステップ,"権利関係のつまずきと対策です。

- 民法全書を読もうとする → 宅建範囲の章だけに絞る
- 判例名ばかり暗記 → 頻出論点の要件・効果を優先
- 計算問題を避ける → 抵当権・相続分の基本計算は5問だけ反復
- 業法に時間を取られ権利が0 → 週最低3時間は権利に確保

権利関係8問取れれば、他分野で27問中27問必要になります。バランスを崩さないよう、週次で4分野の正答数を記録してください。",,,,,権利関係は何問中何問取ればよいですか？,14問中8〜10問を目標にしてください。57〜71％の正答率があれば、他分野と合わせて総合35点以上を狙いやすくなります。抵当権・賃貸借・共有の3テーマを優先し、過去問で繰り返し演習するのが近道です。,民法の知識ゼロでも権利関係は勉強できますか？,宅建用に絞ったテキストから始めれば可能です。民法全般ではなく、抵当権・賃貸借・共有・相続・登記の要点に集中してください。1章読んだら過去問5問を解くサイクルを回すと、抽象論点が具体問題と結びつきやすくなります。,takken-gyoho-study:宅建業法の勉強法・完全攻略;takken-kakomon:宅建の過去問の使い方・効果的な解き方を解説;takken-hooreijou-seigen-study:宅建の法令上の制限の勉強法｜用途地域・建ぺい率・開発許可の攻略,権利関係で時間が足りません。どう対策しますか？,50問90分のうち権利14問に25分を目安に配分します。1問90秒超えたらマークして後回しにし、確実に取れる問題から解きます。模試を週1回入れ、時間配分を慣らすと本番での取りこぼしが減ります。権利関係で迷った問題は、消去法で2択まで絞ってから記入する習慣も有効です。,,,1なぜ権利関係は難しいのか;3正しい勉強法;4分野別の攻略ポイント;5目標得点と学習時間の目安
takken-moshikomi,受験・申込,宅建試験の申込み方法・流れ,宅建試験の申込み方法・受験資格・申込期間・受験料・5問免除の手続を解説。申込前チェックリストとよくあるミス、受験票到着後の確認ポイントを整理します。,宅建試験の受験を決めたら、まず申込み手続きを理解しましょう。受験資格・申込期間・費用・申込方法を順を追って解説します。申込み忘れや手続きの誤りに注意が必要です。 申込・当日手続きのミスは学力と無関係に失格につながるため、公式案内の一次確認が最優先です。,400,試験申込み,宅建マスター編集部,宅建試験対策サイトの編集チーム,公式情報確認担当,公開前に一次情報との照合を行う担当者,2026-06-04,不動産適正取引推進機構（RETIO）|https://www.retio.or.jp/,手書きリライト 2026-06-04。,本記事を読むと、申込前に確認すべき資格要件と必要書類、オンライン申込の流れ、締切前のチェック項目、受験票到着後の準備が分かります。,受験要項PDFで受験資格・申込期間・受験料を確認する;5問免除対象者は要件と申請書類を要項で照合する;申込開始日から1週間以内に手続きを完了する;受験地・会場の選び方を要項で確認する;受験票到着後、氏名・受験番号・会場・開始時刻をメモする,試験要項や公式ページが更新されたタイミングで本文と参照元を見直します。,2026-06-04,2026-06-29,2026-06-04,published,2026-06-04: 手書きリライト,1受験資格,"申込前に確認する受験資格の要点です。

- 学歴要件：高等学校卒業以上（詳細は受験要項）
- 実務経験：5問免除等で必要になる場合あり
- 年齢・国籍等：要項の記載どおり
- 過去の受験歴：再受験も同じ申込手続

資格に不安がある場合は、公益財団法人 不動産適正取引推進機構の受験要項の「受験資格」章を読み、該当する条文をメモしてから申込みます。資格疑義があるときは、申込前に問い合わせ窓口の案内を確認してください。",4申込み時の注意点,"申込の流れ（一般的な手順）です。最新手順は要項が正本です。

1. 公式サイトで申込期間・方法（Web・窓口等）を確認
2. 必要情報（氏名・住所・受験地・写真データ等）を準備
3. オンライン申込画面で入力・確認・決済
4. 申込完了メールまたは控えを保存
5. 受験票の到着を待ち、記載内容を確認

締切当日はサイト混雑や決済エラーが起きやすいため、開始日から1週間以内の申込を推奨します。",具体的な進め方,"5問免除を利用する場合の追加確認です。

- 対象要件（実務経験年数・登録講習修了等）を要項で確認
- 申請書類・提出期限・提出先
- 本試験は45問解答（問46〜50は対象外）
- 申込時と別途手続が必要かどうか

5問免除は「統計5問を解かなくてよい」制度であり、受験資格そのものを緩和するものではありません。要件に1項目でも不足があると受理されないため、書類は余裕を持って準備します。",よくある誤解,"申込でよくあるミスです。

- 締切日の時刻（23:59等）を見落とす
- 受験地・会場を誤って選択（後から変更不可の場合あり）
- 写真データの規格・サイズ不備
- 受験料の未納・決済エラー
- 氏名の表記ゆれ（本人確認書類と不一致）

申込完了画面のスクリーンショットと、決済完了メールを試験日まで保管しておくと、トラブル時に役立ちます。氏名の表記は本人確認書類と完全一致させ、旧字体・ミドルネームの有無も確認してください。",まとめと次のステップ,"受験票到着後に確認することです。

- 氏名・生年月日・受験番号
- 試験日・開始時刻・会場名・住所
- 持ち物・禁止事項の案内
- 5問免除の記載（該当者）

記載に誤りがある場合は、要項に従い速やかに問い合わせます。会場までのルートは、試験2週間前に実際に確認するか、地図で所要時間を計算しておきます。開始時刻の30分前到着を目標に、前日に交通機関の運行状況も確認しておくと安心です。",,,,,宅建試験の申込みはいつからできますか？,申込期間は試験の約1〜2か月前から、要項で定められた締切日までです。公益財団法人 不動産適正取引推進機構の公式サイトで最新の申込期間を確認し、カレンダーに開始日・締切日・時刻を登録してください。締切直前は混雑するため、早めの申込がおすすめです。,オンライン申込に必要なものは？,要項に従い、本人情報・受験地・写真データ・決済手段などを準備します。詳細な必要項目は年度ごとに変わるため、申込開始前に要項PDFを読み、チェックリストに書き出してから手続きを始めてください。写真データの規格不備は申込エラーの原因になるため、事前にサンプルを確認します。,takken-shiken-schedule-2026:2026年度 宅建試験日程・申込み・合格発表スケジュール;takken-jukenhi:宅建試験の受験費用・合格後の費用まとめ;takken-toukei-mondai:宅建の統計問題の攻略法｜問46〜50と5問免除,申込後に会場や受験地を変更できますか？,変更可否は受験要項の記載に従います。多くの場合、申込締切後の変更はできません。申込入力時に受験地・会場を慎重に選び、確認画面で二度チェックしてください。遠方会場を選ぶ場合は、試験当日の交通手段も同時に確認しておくと安心です。,,,takken moshikomiの試験論点を整理する;試験情報（公式）で最新情報を確認する;演習と用語解説で理解を確認する
takken-nanido,試験概要,宅建の難易度は？合格率・他資格との比較で徹底分析,宅建試験の難易度を合格率・勉強時間・出題傾向から整理。行政書士・FP等との比較の読み方と、独学で合格するための学習順序を解説します。,宅建試験は「難しい」「簡単」どちらのイメージを持っていますか？実際の難易度を合格率・勉強時間・出題傾向のデータから客観的に分析します。また行政書士・FP・マンション管理士等との難易度比較も行います。 宅建は範囲が広い国家資格ですが、出題の型は一定なので、全体像→分野別→過去問の順で迷いが減ります。宅建は範囲が広い国家資格ですが、出題の型は一定なので全体像→分野別→過去問の順で迷いが減ります。,410,難易度・合格率,宅建マスター編集部,宅建試験対策サイトの編集チーム,公式情報確認担当,公開前に一次情報との照合を行う担当者,2026-06-04,不動産適正取引推進機構（RETIO）|https://www.retio.or.jp/,手書きリライト 2026-06-04。,本記事を読むと、宅建の難易度を数字だけで判断しない考え方と、4分野の出題バランス、他資格との比較の注意点、効率的な学習順序が分かります。,公式サイトで最新の合格率・受験者数を確認する;過去問1年分を解き、4分野の正答率を記録する;正答率最低の分野を特定し、週3時間を追加する;宅建業法→権利関係→法令制限→税の順でテキスト1周を計画する;2週間後に同じ過去問を解き直し、得点の伸びを確認する,試験要項や公式ページが更新されたタイミングで本文と参照元を見直します。,2026-06-04,2026-06-29,2026-06-04,published,2026-06-04: 手書きリライト,1合格率・合格点のデータ,"宅建の難易度を示すデータの見方です。

- 合格率：近年15〜17％前後で公表されることが多い（年度で変動）
- 合格点：50問中おおむね35点前後（各回で決定）
- 勉強時間：初学者300〜400時間、再受験200〜250時間が目安

合格率だけ見て「受からない」と判断する必要はありません。個人の過去問得点と4分野のバランスの方が、対策に直結します。数字は公益財団法人 不動産適正取引推進機構の公表資料が正本です。",2難易度を上げる要因,"出題50問の構成から見た難所です。

- 宅建業法（20問）：条文暗記と事例判断。35条・37条・報酬・広告が頻出
- 権利関係（14問）：民法の要点。抵当権・賃貸借・共有が中心
- 法令上の制限（8問）：用途地域・建ぺい率等。表で整理すると取りやすい
- 税・その他（8問）：固定資産税・登録免許税・統計

「範囲が広い」資格ですが、出題パターンは年次で大きくは変わりません。過去問5年分を解くと、繰り返し出る論点が見えてきます。",3他の資格との難易度比較,"他資格との比較で押さえるポイントです。

- 行政書士：法律分野が中心。宅建は不動産実務＋民法＋都市計画法等
- FP：金融・税務が中心。宅建の税は一部のみ
- マンション管理士：管理・区分所有法が中心

「どちらが易しい」は前提知識次第です。不動産実務経験者は宅建業法が取りやすく、法律初学者は権利関係に時間がかかります。比較より、自分の弱点分野の演習量を優先してください。",4難易度を踏まえた学習戦略,"独学で迷いにくい学習順序の例です。

1. 試験概要と4分野の配点を把握（1週間）
2. 宅建業法をテキスト1周＋過去問10年分の業法問題（2〜3か月）
3. 権利関係をテキスト＋過去問（1.5〜2か月）
4. 法令制限・税・統計をまとめて確認（1か月）
5. 過去問フル50問を月2回、直前は週2回

最初から全分野を均等に進めるより、宅建業法と過去問演習を先に厚くする方が、得点の伸びを実感しやすいです。",まとめと次のステップ,"難易度に関するよくある誤解です。

- 合格率16％＝16回に1回しか受からない（個人の得点と無関係）
- 問題集1冊終われば合格できる
- 不動産会社員なら勉強不要
- 統計5問だけが難しい

次の一手は、過去問50問の得点を4分野別に記録し、最も正答率が低い分野に週3時間追加することです。難易度の議論より、自分の誤答分析が合格への近道です。過去問5年分の正答率を表にまとめると、感覚ではなくデータで弱点が見えます。",,,,,宅建は初心者には難しいですか？,法律・不動産とも未経験でも、300〜400時間の計画的な独学で合格する受験者は多いです。範囲は広いですが、過去問の型を繰り返すと取りこぼしが減ります。宅建業法と権利関係に時間を厚く配分し、早めに過去問演習を始めることが重要です。,行政書士と宅建、どちらが難しいですか？,出題分野と前提知識が異なるため、一概に比較できません。民法・法律全般に慣れている人は行政書士向き、不動産実務や取引実務に近い人は宅建業法が取りやすい場合があります。自分の経歴と過去問の正答率で判断するのが現実的です。,takken-gokaku-ritsu:宅建の合格率は？年度別の傾向と合格ラインの読み方;takken-goukakuten:宅建の合格点は何点？合格ラインの考え方と目標点の作り方;takken-benkyou-jikan:宅建の勉強時間は何時間必要？初学者・社会人・再受験者別の目安,合格率が低いのに受験する意味はありますか？,合格率は全体統計であり、個人の努力量・学習設計とは別です。再受験者も含め、計画的に過去問演習を続けた結果として合格する人は毎年多数います。自分の模試得点が35点に近づいているかを追う方が、モチベーション維持に効きます。,,,1合格率・合格点のデータ;2難易度を上げる要因;3他の資格との難易度比較;4難易度を踏まえた学習戦略
takken-nenshu,試験概要,宅建士の年収・給与は？資格手当・転職・独立でいくら稼げるか,宅建士の年収・資格手当の相場・転職時の収入アップ・独立した場合の収益を徹底解説。宅建取得の費用対効果と収入アップの可能性を数字で確認できます。,宅建士の資格を持つことで、どれくらい収入が変わるのか？この記事では資格手当の相場・職種別の年収目安・転職・独立した場合の収入まで、リアルな数字をもとに解説します。 宅建は範囲が広い国家資格ですが、出題の型は一定なので、全体像→分野別→過去問の順で迷いが減ります。宅建は範囲が広い国家資格ですが、出題の型は一定なので全体像→分野別→過去問の順で迷いが減ります。,420,年収・給与,宅建マスター編集部,宅建試験対策サイトの編集チーム,公式情報確認担当,公開前に一次情報との照合を行う担当者,2026-05-30,不動産適正取引推進機構（RETIO）|https://www.retio.or.jp/,legacy batch から移行（takken-nenshu）,本記事を読むと、宅地建物取引士試験の士の年収・給与は？資格手当・転職・独立でいくら稼げるかについて、受験資格・日程・合格基準の確認手順と、演習・用語解説を組み合わせた学習の始め方が分かります。,公式サイトで最新年度を確認する;過去問一覧で演習する;用語解説で関連キーワードを確認する;過去問一覧で該当分野を1セット演習する,試験要項や公式ページが更新されたタイミングで本文と参照元を見直します。,2026-05-30,2026-06-29,2026-05-30,published,レガシーデータ移行.py による移行 guide_pro_pass適用 guide_expert_writer適用,1資格手当の相場,"「1資格手当の相場」は士の年収・給与は？資格手当・転職・独立でいくら稼げるかの論点の一つです。試験情報（公式）の受験要項と公式テキストで整理すると、演習問題の解説と対応づけやすくなります。

数値・日程・合格基準は年度で更新されるため、学習前と申込前には試験情報（公式）の最新案内を確認してください。演習で士の年収・給与は？資格手当・転職・独立でいくら稼げるかに関する設問を解いたら。正解理由と誤答肢の違いを短くメモし、用語解説・比較表・よくある誤答タブで似た論点を比較表で整理すると定着しやすくなります。",2職種・キャリア別の年収目安,"「2職種・キャリア別の年収目安」は士の年収・給与は？資格手当・転職・独立でいくら稼げるかの論点の一つです。試験情報（公式）の受験要項と公式テキストで整理すると、演習問題の解説と対応づけやすくなります。

数値・日程・合格基準は年度で更新されるため、学習前と申込前には試験情報（公式）の最新案内を確認してください。演習で士の年収・給与は？資格手当・転職・独立でいくら稼げるかに関する設問を解いたら。正解理由と誤答肢の違いを短くメモし、用語解説・比較表・よくある誤答タブで似た論点を比較表で整理すると定着しやすくなります。",3転職した場合の年収,"「3転職した場合の年収」は士の年収・給与は？資格手当・転職・独立でいくら稼げるかの論点の一つです。試験情報（公式）の受験要項と公式テキストで整理すると、演習問題の解説と対応づけやすくなります。

数値・日程・合格基準は年度で更新されるため、学習前と申込前には試験情報（公式）の最新案内を確認してください。演習で士の年収・給与は？資格手当・転職・独立でいくら稼げるかに関する設問を解いたら。正解理由と誤答肢の違いを短くメモし、用語解説・比較表・よくある誤答タブで似た論点を比較表で整理すると定着しやすくなります。",4独立した場合の収入,"「4独立した場合の収入」は士の年収・給与は？資格手当・転職・独立でいくら稼げるかの論点の一つです。試験情報（公式）の受験要項と公式テキストで整理すると、演習問題の解説と対応づけやすくなります。

数値・日程・合格基準は年度で更新されるため、学習前と申込前には試験情報（公式）の最新案内を確認してください。演習で士の年収・給与は？資格手当・転職・独立でいくら稼げるかに関する設問を解いたら。正解理由と誤答肢の違いを短くメモし、用語解説・比較表・よくある誤答タブで似た論点を比較表で整理すると定着しやすくなります。",5他資格との年収比較,"「5他資格との年収比較」は士の年収・給与は？資格手当・転職・独立でいくら稼げるかの論点の一つです。試験情報（公式）の受験要項と公式テキストで整理すると、演習問題の解説と対応づけやすくなります。

数値・日程・合格基準は年度で更新されるため、学習前と申込前には試験情報（公式）の最新案内を確認してください。演習で士の年収・給与は？資格手当・転職・独立でいくら稼げるかに関する設問を解いたら。正解理由と誤答肢の違いを短くメモし、用語解説・比較表・よくある誤答タブで似た論点を比較表で整理すると定着しやすくなります。",,,,,宅建士の年収・給与は？資格手当・転職・独立でいくら稼げるか？,「宅建士の年収・給与は？資格手当・転職・独立でいくら稼げるか？」については、宅建士の資格を持つことで、どれくらい収入が変わるのか？この記事では資格手当の相場・職種別の年収目安・転職・独立した場合の収入まで、リアルな数字をもとに解説します。宅建は範囲が広い国家資格ですが、出題…。最新の公式要項と照合する。takken-nenshuの公式数値表で確認する。,「2職種・キャリア別の年収目安」で押さえるべきポイントは何ですか？,「「2職種・キャリア別の年収目安」で押さえるべきポイントは何ですか？」は過去問演習で出題形式を把握し、正答後に用語解説で論点を復習する。過去問1問の正答理由をノートに記録して復習する。正答後は関連条文を開く。takken-nenshu関連の過去問1問で正答率を記録する。,takken-benkyou-jikan:宅建の勉強時間は何時間必要？初学者・社会人・再受験者別の目安;takken-goukakuten:宅建の合格点は何点？合格ラインの考え方と目標点の作り方,,「本テーマ」の整理後は過去問一覧で演習する。同テーマを1週間後に解き直して定着を確認する。混同しやすい近義語を比較表の左右に整理する。誤答肢は色分けして復習する。試験要項の最新版も確認。takken-nenshuの誤答肢を比較表に整理する。,,,1資格手当の相場;2職種・キャリア別の年収目安;3転職した場合の年収;4独立した場合の収入;5他資格との年収比較
takken-ocita,試験概要,宅建に落ちた・不合格だった場合の対策と再受験の進め方,宅建試験に不合格だった場合の原因分析・落ちる人の4パターン・再受験の学習戦略・モチベーション維持の方法を解説。次こそ合格するための完全ガイドです。,宅建試験の合格率は15〜17%。多くの受験生が一度は不合格を経験します。大切なのは「なぜ落ちたか」を正確に分析し、次の受験で合格することです。この記事では不合格後の正しい分析方法と再受験の戦略を解説します。 宅建は範囲が広い国家資格ですが、出題の型は一定なので、全体像→分野別→過去問の順で迷いが減ります。宅建は範囲が広い国家資格ですが、出題の型は一定なので全体像→分野別→過去問の順で迷いが減ります。,430,再受験,宅建マスター編集部,宅建試験対策サイトの編集チーム,公式情報確認担当,公開前に一次情報との照合を行う担当者,2026-05-30,不動産適正取引推進機構（RETIO）|https://www.retio.or.jp/,legacy batch から移行（takken-ocita）,本記事を読むと、宅地建物取引士試験のに落ちた・不合格だった場合の対策と再受験の進め方について、受験資格・日程・合格基準の確認手順と、演習・用語解説を組み合わせた学習の始め方が分かります。,公式サイトで最新年度を確認する;過去問一覧で演習する;用語解説で関連キーワードを確認する;過去問一覧で該当分野を1セット演習する,試験要項や公式ページが更新されたタイミングで本文と参照元を見直します。,2026-05-30,2026-06-29,2026-05-30,published,レガシーデータ移行.py による移行 guide_pro_pass適用 guide_expert_writer適用,1まず「なぜ落ちたか」を正確に分析する,"「1まず「なぜ落ちたか」を正確に分析する」はに落ちた・不合格だった場合の対策と再受験の進め方の論点の一つです。試験情報（公式）の受験要項と公式テキストで整理すると、演習問題の解説と対応づけやすくなります。

数値・日程・合格基準は年度で更新されるため、学習前と申込前には試験情報（公式）の最新案内を確認してください。演習でに落ちた・不合格だった場合の対策と再受験の進め方に関する設問を解いたら。正解理由と誤答肢の違いを短くメモし、用語解説・比較表・よくある誤答タブで似た論点を比較表で整理すると定着しやすくなります。",2落ちる人の4つのパターンと対策,"「2落ちる人の4つのパターンと対策」はに落ちた・不合格だった場合の対策と再受験の進め方の論点の一つです。試験情報（公式）の受験要項と公式テキストで整理すると、演習問題の解説と対応づけやすくなります。

数値・日程・合格基準は年度で更新されるため、学習前と申込前には試験情報（公式）の最新案内を確認してください。演習でに落ちた・不合格だった場合の対策と再受験の進め方に関する設問を解いたら。正解理由と誤答肢の違いを短くメモし、用語解説・比較表・よくある誤答タブで似た論点を比較表で整理すると定着しやすくなります。",4モチベーションの保ち方,"「4モチベーションの保ち方」はに落ちた・不合格だった場合の対策と再受験の進め方の論点の一つです。試験情報（公式）の受験要項と公式テキストで整理すると、演習問題の解説と対応づけやすくなります。

数値・日程・合格基準は年度で更新されるため、学習前と申込前には試験情報（公式）の最新案内を確認してください。演習でに落ちた・不合格だった場合の対策と再受験の進め方に関する設問を解いたら。正解理由と誤答肢の違いを短くメモし、用語解説・比較表・よくある誤答タブで似た論点を比較表で整理すると定着しやすくなります。",5前回からの改善ポイントチェックリスト,"試験前日までに、試験情報（公式）の受験要項と受験票でに落ちた・不合格だった場合の対策と再受験の進め方の内容を最終確認し、忘れ物がないよう前日のうちに以下をチェックしてください。

- 受験票（印刷したもの、または要項で認められた表示方法）
- HB程度の黒い鉛筆を2本以上（予備含む。シャープペンシル可否は要項で確認）
- 消しゴム（汚れ・欠けがないもの）
- 受験票に「身分証明書持参」とある場合は、有効期限内の写真付き身分証
- 会場名・住所・最寄り駅・会場入口（受験票の案内どおり）
- 試験開始時刻と受付開始時刻（多くの会場は開始30分前までに着席）
- 当日の交通手段・所要時間・予備経路（遅延時の連絡先も控える）
- 腕時計の持込可否（禁止の場合は会場の時計のみ使用）
- スマートフォン・タブレット・参考書・電卓・ノート・辞書など禁止物品を持ち込まない
- 前日就寝時刻・当日の起床時刻・朝食（体調管理）

学習面では新しい教材を増やさず、直近1週間の誤答ノートと頻出用語だけを30分以内で見直します。当日朝は持ち物をリスト通りにカバンへ入れ、出発前にもう一度中身を確認してください。",まとめと次のステップ,"「まとめと次のステップ」はに落ちた・不合格だった場合の対策と再受験の進め方の論点の一つです。試験情報（公式）の受験要項と公式テキストで整理すると、演習問題の解説と対応づけやすくなります。

数値・日程・合格基準は年度で更新されるため、学習前と申込前には試験情報（公式）の最新案内を確認してください。演習でに落ちた・不合格だった場合の対策と再受験の進め方に関する設問を解いたら。正解理由と誤答肢の違いを短くメモし、用語解説・比較表・よくある誤答タブで似た論点を比較表で整理すると定着しやすくなります。",,,,,宅建に落ちた・不合格だった場合の対策と再受験の進め方について教えてください。？,「宅建に落ちた・不合格だった場合の対策と再受験の進め方について教えてください。」は宅地建物取引士試験の公式テキスト該当章と試験情報（公式）で確認するのが確実です。に落ちた・不合格だった場合の対策と再受験の進め方では、条文の要件（誰が・いつ・何を）を演習問題とセットで押さえてください。,「2落ちる人の4つのパターンと対策」で押さえるべきポイントは何ですか？,試験では「に落ちた・不合格だった場合の対策と再受験の進め方」が、宅建受験者の行動として正しいか／主体を取り違えていないか、という形で四択出題されます。誤答肢は「一人で診断」「過度な情報開示」などが典型です。,takken-benkyou-jikan:宅建の勉強時間は何時間必要？初学者・社会人・再受験者別の目安;takken-goukakuten:宅建の合格点は何点？合格ラインの考え方と目標点の作り方,,FAQ3「本テーマ」については、宅建に落ちた・不合格だった場合の対策と再受験の進め方の論点は用語ハブの比較表とセットで復習してください。過去問で条件文の読み取りを確認する。宅建に落ちた・不合格だった場合の対策と再受験の進め方の論点は用語ハブの比較表とセットで復習してください。,,,1まず「なぜ落ちたか」を正確に分析する;2落ちる人の4つのパターンと対策;4モチベーションの保ち方;5前回からの改善ポイントチェックリスト
takken-plan,学習計画,宅建の勉強計画の立て方,宅建試験の勉強計画を残り期間別（3ヶ月・6ヶ月・1年プラン）に解説。法律初学者から再受験者まで属性別の最適なスケジュールを紹介。社会人・学生それぞれの学習スタイルと継続するコツも具体的に解説します。,宅建試験の合格には計画的な学習が不可欠です。この記事では残り期間別（3ヶ月・6ヶ月・1年）の勉強計画と、社会人・学生それぞれに適した学習スタイルを具体的に解説します。 合格までの時間配分は、総時間より「宅建業法と過去問演習に何時間割くか」で決まります。宅建合格は総時間より、宅建業法と過去問演習に割く週の時間が成果を分けます。,440,学習計画,宅建マスター編集部,宅建試験対策サイトの編集チーム,公式情報確認担当,公開前に一次情報との照合を行う担当者,2026-05-30,不動産適正取引推進機構（RETIO）|https://www.retio.or.jp/,legacy batch から移行（takken-plan）,本記事を読むと、宅地建物取引士試験の勉強計画の立て方について、公式テキストと試験情報（公式）で押さえる論点と、演習→用語解説→1週間後の解き直しまでの復習順が具体的に分かります。,公式サイトで最新年度を確認する;過去問一覧で演習する;用語解説で関連キーワードを確認する;過去問一覧で該当分野を1セット演習する,試験要項や公式ページが更新されたタイミングで本文と参照元を見直します。,2026-05-30,2026-06-29,2026-05-30,published,レガシーデータ移行.py による移行 guide_pro_pass適用 guide_expert_writer適用,11年プラン（初学者・法律未学習者推奨）,"「11年プラン（初学者・法律未学習者推奨）」は勉強計画の立て方の論点の一つです。試験情報（公式）の受験要項と公式テキストで整理すると、演習問題の解説と対応づけやすくなります。

数値・日程・合格基準は年度で更新されるため、学習前と申込前には試験情報（公式）の最新案内を確認してください。演習で勉強計画の立て方に関する設問を解いたら。正解理由と誤答肢の違いを短くメモし、用語解説・比較表・よくある誤答タブで似た論点を比較表で整理すると定着しやすくなります。",26ヶ月プラン（社会人標準）,"「26ヶ月プラン（社会人標準）」は勉強計画の立て方の論点の一つです。試験情報（公式）の受験要項と公式テキストで整理すると、演習問題の解説と対応づけやすくなります。

数値・日程・合格基準は年度で更新されるため、学習前と申込前には試験情報（公式）の最新案内を確認してください。演習で勉強計画の立て方に関する設問を解いたら。正解理由と誤答肢の違いを短くメモし、用語解説・比較表・よくある誤答タブで似た論点を比較表で整理すると定着しやすくなります。",33ヶ月プラン（短期集中・再受験者）,"「33ヶ月プラン（短期集中・再受験者）」は勉強計画の立て方の論点の一つです。試験情報（公式）の受験要項と公式テキストで整理すると、演習問題の解説と対応づけやすくなります。

数値・日程・合格基準は年度で更新されるため、学習前と申込前には試験情報（公式）の最新案内を確認してください。演習で勉強計画の立て方に関する設問を解いたら。正解理由と誤答肢の違いを短くメモし、用語解説・比較表・よくある誤答タブで似た論点を比較表で整理すると定着しやすくなります。",4社会人の学習スタイル,"「4社会人の学習スタイル」は勉強計画の立て方の論点の一つです。試験情報（公式）の受験要項と公式テキストで整理すると、演習問題の解説と対応づけやすくなります。

数値・日程・合格基準は年度で更新されるため、学習前と申込前には試験情報（公式）の最新案内を確認してください。演習で勉強計画の立て方に関する設問を解いたら。正解理由と誤答肢の違いを短くメモし、用語解説・比較表・よくある誤答タブで似た論点を比較表で整理すると定着しやすくなります。",5学生の学習スタイル,"「5学生の学習スタイル」は勉強計画の立て方の論点の一つです。試験情報（公式）の受験要項と公式テキストで整理すると、演習問題の解説と対応づけやすくなります。

数値・日程・合格基準は年度で更新されるため、学習前と申込前には試験情報（公式）の最新案内を確認してください。演習で勉強計画の立て方に関する設問を解いたら。正解理由と誤答肢の違いを短くメモし、用語解説・比較表・よくある誤答タブで似た論点を比較表で整理すると定着しやすくなります。",,,,,宅建の勉強計画の立て方について教えてください。？,「宅建の勉強計画の立て方について教えてください。」は宅地建物取引士試験の公式テキスト該当章と試験情報（公式）で確認するのが確実です。勉強計画の立て方では、条文の要件（誰が・いつ・何を）を演習問題とセットで押さえてください。,「26ヶ月プラン（社会人標準）」で押さえるべきポイントは何ですか？,試験では「勉強計画の立て方」が、宅建受験者の行動として正しいか／主体を取り違えていないか、という形で四択出題されます。誤答肢は「一人で診断」「過度な情報開示」などが典型です。数値・主体・手順は公益財団法人 不動産適正取引推進機構の最新案内と照合してください。,takken-benkyou-jikan:宅建の勉強時間は何時間必要？初学者・社会人・再受験者別の目安;takken-goukakuten:宅建の合格点は何点？合格ラインの考え方と目標点の作り方,,FAQ3「本テーマ」については、過去問で条件文の読み取りを確認する（宅建の勉強計画の立て方）。過去問で条件文の読み取りを確認する。宅建の勉強計画の立て方の論点は用語ハブの比較表とセットで復習してください。 試験公式情報も確認。 試験公式情報も確認。,,,11年プラン（初学者・法律未学習者推奨）;26ヶ月プラン（社会人標準）;33ヶ月プラン（短期集中・再受験者）;4社会人の学習スタイル;5学生の学習スタイル
takken-schedule,受験・申込,宅建試験の合格スケジュール,宅建試験に向けた学習スケジュールの立て方。初学者・社会人・再受験者別の開始時期、月別の進め方、試験日からの逆算方法を解説。,宅建試験は毎年10月第3日曜日に実施されます。「いつから勉強を始めればいいか」「何ヶ月必要か」は多くの受験生の悩みです。この記事では属性別の学習開始時期・月別スケジュール・勉強時間の目安を具体的に解説します。 申込・当日手続きのミスは学力と無関係に失格につながるため、公式案内の一次確認が最優先です。,450,合格戦略,宅建マスター編集部,宅建試験対策サイトの編集チーム,公式情報確認担当,公開前に一次情報との照合を行う担当者,2026-06-04,不動産適正取引推進機構（RETIO）|https://www.retio.or.jp/,手書きリライト 2026-06-04。,本記事を読むと、自分の属性に合った学習開始時期と月別タスク、試験日から逆算したカレンダーの作り方、週あたりの時間確保のコツが分かります。,公式サイトで試験日を確認し、残り日数を計算する;属性（初学者・社会人・再受験）に合った総学習時間の目安を決める;月ごとに「テキスト章数・過去問年数」の目標をカレンダーに書く;週10時間を平日・休日に分割して固定する;2週間ごとに過去問得点を記録し、計画を見直す,試験要項や公式ページが更新されたタイミングで本文と参照元を見直します。,2026-06-04,2026-06-29,2026-06-04,published,2026-06-04: 手書きリライト,2いつから始めるか,"試験日は公益財団法人 不動産適正取引推進機構の公表が正本です。通常10月頃に実施されるため、初学者は前年度の春〜初夏から開始する例が多いです。

開始時期の目安：
- 初学者・週10時間：試験6〜8か月前
- 社会人・週10時間：試験8〜10か月前
- 再受験・週15時間：試験3〜4か月前
- 不動産実務経験者：試験4〜6か月前

開始が遅れた場合は、総量を削るより弱点分野と過去問演習に集中します。",4社会人の1日学習スケジュール例,"月別スケジュールの一例（試験10月・6か月前スタート）です。

- 4〜5月：宅建業法テキスト1周、用語10語×週2セット
- 6月：権利関係テキスト＋過去問業法・権利各10問/週
- 7月：法令制限テキスト、過去問20問/週
- 8月：税・統計確認、過去問50問を月2回
- 9月：誤答解き直し、模試週1回
- 10月：直前対策（新規インプット最小）

自分の試験日に合わせて月をずらし、カレンダーに「過去問○問」と具体タスクで書き込みます。",5分野別の学習優先順位,"週あたりの時間配分例（週10時間）です。

- 宅建業法：4時間（条文・事例）
- 権利関係：3時間
- 法令制限：2時間
- 税・統計：1時間

平日1.5時間×4日＋休日4時間のように、「曜日ごとの科目」を決めると計画倒れしにくくなります。得点率が50％を下回る分野が出たら、そこから1時間ずつ他分野から移します。週の終わりに5分だけ振り返り、翌週の科目配分を1行メモで更新すると続きやすいです。",よくある誤解,"試験日から逆算する手順です。

1. 試験日 D を公式サイトで確認
2. 残り日数 = D − 今日
3. 目標総時間 H（初学者300時間等）を決める
4. 週必要時間 ≒ H ÷ (残り日数÷7)
5. 直前1か月・1週間のタスクを別枠で確保

逆算で週20時間超が必要になったら、テキスト2周目より過去問演習と誤答解き直しに切り替えます。残り2か月を切ったら新規章の追加は止め、模試と解き直しに時間の8割を使ってください。",まとめと次のステップ,"スケジュール運用のコツと失敗例です。

コツ：
- 週次で過去問得点を記録
- 教材は1テキスト＋1問題集に絞る
- 2週間ごとに計画見直し

失敗例：
- 月単位の目標だけで週タスクが空
- 4分野の配分を決めず総時間だけ確保
- 直前1か月も新しい参考書を買う

スケジュールは「守る」より「直す」前提で、柔軟に更新してください。計画倒れが3日続いたら、週目標を半分に減らし、達成できる量に調整する方が長続きします。",,,,,宅建はいつから勉強を始めればよいですか？,初学者で週10時間なら、試験6〜8か月前からが目安です。社会人は開始が遅れがちなため、試験日が公表された時点で逆算し、週あたり必要時間を計算してカレンダーに書き込んでください。遅れた場合は過去問演習の比重を早めに上げると挽回しやすいです。,月別計画と週計画、どちらが重要ですか？,両方必要ですが、実行しやすいのは週計画です。月目標を「過去問40問・宅建業法3章」などに分解し、週ごとに「過去問10問・用語20語」と具体化すると続きやすくなります。2週間ごとに得点を見て、月計画を修正してください。,takken-benkyou-jikan:宅建の勉強時間は何時間必要？初学者・社会人・再受験者別の目安;takken-shiken-schedule-2026:2026年度 宅建試験日程・申込み・合格発表スケジュール;takken-chokuzen:宅建試験の直前対策｜1ヶ月・1週間・前日でやること,再受験者のスケジュールは短縮できますか？,前回の誤答分析があるため、200〜250時間・3〜4か月で設計できることが多いです。前回と同じ順序で進めると同じ失点が再現されやすいため、弱点分野7割・確認2割・新規1割の配分で計画を組み直してください。,,,2いつから始めるか;4社会人の1日学習スケジュール例;5分野別の学習優先順位
takken-shakaijin,試験概要,社会人が仕事しながら宅建に合格する方法,忙しい社会人が仕事しながら宅建に合格するための現実的な学習時間・通勤電車や昼休みを使った隙間時間の活用法・疲れていてもできる学習法・6ヶ月計画の具体例を徹底解説します。残業があっても合格できます。,忙しい社会人でも宅建に合格している人は多くいます。「残業で勉強時間が確保できない」「疲れて帰宅後に勉強できない」という悩みを持つ社会人向けに、現実的な学習法を解説します。 宅建は範囲が広い国家資格ですが、出題の型は一定なので、全体像→分野別→過去問の順で迷いが減ります。宅建は範囲が広い国家資格ですが、出題の型は一定なので全体像→分野別→過去問の順で迷いが減ります。,460,社会人・働きながら,宅建マスター編集部,宅建試験対策サイトの編集チーム,公式情報確認担当,公開前に一次情報との照合を行う担当者,2026-05-30,不動産適正取引推進機構（RETIO）|https://www.retio.or.jp/,legacy batch から移行（takken-shakaijin）,本記事を読むと、社会人が仕事しながら宅建に合格する方法について、受験資格・日程・合格基準の確認手順と、演習・用語解説を組み合わせた学習の始め方が分かります。,公式サイトで最新年度を確認する;過去問一覧で演習する;用語解説で関連キーワードを確認する;過去問一覧で該当分野を1セット演習する,試験要項や公式ページが更新されたタイミングで本文と参照元を見直します。,2026-05-30,2026-06-29,2026-05-30,published,レガシーデータ移行.py による移行 guide_pro_pass適用 guide_expert_writer適用,1社会人の現実的な学習時間,"「1社会人の現実的な学習時間」は社会人が仕事しながら宅建に合格する方法の論点の一つです。試験情報（公式）の受験要項と公式テキストで整理すると、演習問題の解説と対応づけやすくなります。

数値・日程・合格基準は年度で更新されるため、学習前と申込前には試験情報（公式）の最新案内を確認してください。演習で社会人が仕事しながら宅建に合格する方法に関する設問を解いたら。正解理由と誤答肢の違いを短くメモし、用語解説・比較表・よくある誤答タブで似た論点を比較表で整理すると定着しやすくなります。",2社会人の隙間時間を最大活用する,"「2社会人の隙間時間を最大活用する」は社会人が仕事しながら宅建に合格する方法の論点の一つです。試験情報（公式）の受験要項と公式テキストで整理すると、演習問題の解説と対応づけやすくなります。

数値・日程・合格基準は年度で更新されるため、学習前と申込前には試験情報（公式）の最新案内を確認してください。演習で社会人が仕事しながら宅建に合格する方法に関する設問を解いたら。正解理由と誤答肢の違いを短くメモし、用語解説・比較表・よくある誤答タブで似た論点を比較表で整理すると定着しやすくなります。",3疲れていてもできる学習法,"「3疲れていてもできる学習法」は社会人が仕事しながら宅建に合格する方法の論点の一つです。試験情報（公式）の受験要項と公式テキストで整理すると、演習問題の解説と対応づけやすくなります。

数値・日程・合格基準は年度で更新されるため、学習前と申込前には試験情報（公式）の最新案内を確認してください。演習で社会人が仕事しながら宅建に合格する方法に関する設問を解いたら。正解理由と誤答肢の違いを短くメモし、用語解説・比較表・よくある誤答タブで似た論点を比較表で整理すると定着しやすくなります。",5続けるための工夫,"「5続けるための工夫」は社会人が仕事しながら宅建に合格する方法の論点の一つです。試験情報（公式）の受験要項と公式テキストで整理すると、演習問題の解説と対応づけやすくなります。

数値・日程・合格基準は年度で更新されるため、学習前と申込前には試験情報（公式）の最新案内を確認してください。演習で社会人が仕事しながら宅建に合格する方法に関する設問を解いたら。正解理由と誤答肢の違いを短くメモし、用語解説・比較表・よくある誤答タブで似た論点を比較表で整理すると定着しやすくなります。",まとめと次のステップ,"「まとめと次のステップ」は社会人が仕事しながら宅建に合格する方法の論点の一つです。試験情報（公式）の受験要項と公式テキストで整理すると、演習問題の解説と対応づけやすくなります。

数値・日程・合格基準は年度で更新されるため、学習前と申込前には試験情報（公式）の最新案内を確認してください。演習で社会人が仕事しながら宅建に合格する方法に関する設問を解いたら。正解理由と誤答肢の違いを短くメモし、用語解説・比較表・よくある誤答タブで似た論点を比較表で整理すると定着しやすくなります。",,,,,社会人が仕事しながら宅建に合格する方法について教えてください。？,「社会人が仕事しながら宅建に合格する方法について教えてください。」は宅地建物取引士試験の公式テキスト該当章と試験情報（公式）で確認するのが確実です。社会人が仕事しながら宅建に合格する方法では、条文の要件（誰が・いつ・何を）を演習問題とセットで押さえてください。,「2社会人の隙間時間を最大活用する」で押さえるべきポイントは何ですか？,試験では「社会人が仕事しながら宅建に合格する方法」が、宅建受験者の行動として正しいか／主体を取り違えていないか、という形で四択出題されます。誤答肢は「一人で診断」「過度な情報開示」などが典型です。数値・主体・手順は公益財団法人 不動産適正取引推進機構の最新案内と照合してください。,takken-benkyou-jikan:宅建の勉強時間は何時間必要？初学者・社会人・再受験者別の目安;takken-goukakuten:宅建の合格点は何点？合格ラインの考え方と目標点の作り方,,「本テーマ」の整理後は過去問一覧で演習する。同テーマを1週間後に解き直して定着を確認する。混同しやすい近義語を比較表の左右に整理する。誤答肢は色分けして復習する。試験要項の最新版も確認。takken-shakaijinの誤答肢を比較表に整理する。,,,1社会人の現実的な学習時間;2社会人の隙間時間を最大活用する;3疲れていてもできる学習法;5続けるための工夫
affiliate-textbooks-recommend,独学対策,宅建士のおすすめテキスト3選【2026年度版・独学】,宅建士の独学向けおすすめテキスト3選。TAC教科書・LEC合格のトリセツ・出る順合格テキストを比較。選び方と宅建マスター過去問との併用も解説。,宅地建物取引士試験（宅建）は4分野（権利関係・法令上の制限・税務・宅建業法）の理解と演習量が合格の鍵です。本記事では2026年度版の主要テキスト3冊を、独学・社会人受験の視点で比較します。出題範囲は必ず不動産適正取引推進機構（公式）で確認してください。価格・版情報は購入前にAmazonで必ずご確認ください。,370,独学;参考書;アフィリエイト,宅建マスター編集部,資格学習サイトの編集チーム,公式情報確認担当,公開前に一次情報との照合を行う担当者,2026-06-04,公益財団法人 不動産適正取引推進機構（宅建試験・公式）|https://www.retio.or.jp/,Amazon tag=ue083093-22。B0GLN6ZMNF / 4844948237 / 4844948326。,宅建士のテキストを、TAC本格型・LECトリセツ型・出る順型で比較し、独学の最初の1冊（または2冊構成）に絞りたい。,比較表で3冊の違いを確認する;4分野の出題範囲を公式で確認する;過去問で弱点を把握する,試験要項・公式ページ更新時に本文と参照元を見直す。,2026-06-04,2026-07-04,2026-06-04,published,2026-06-04: Amazon URL確定・本文全面リライト,テキスト選びの3つのポイント,"宅建試験のテキスト選びでは、①公益財団法人 不動産適正取引推進機構（宅建試験・公式）の4分野（権利・法令・税務・宅建業法）に目次が沿っているか、②解説量が自分の前提知識（不動産実務経験の有無）に合うか、③過去問・一問一答とセットで使えるかを確認します。

初学者はTAC教科書、動画で理解を補強したい人はLECトリセツ、コンパクトに進めたい人は出る順合格テキストが選ばれやすいです。",おすすめテキスト比較の見方,"比較では「TAC本格教科書」「LEC合格のトリセツ基本」「LEC出る順合格」の3タイプで見ます。独学初期は理解用1冊に絞り、演習段階で問題集1冊（おすすめ問題集の記事）を追加する構成が扱いやすいです。宅建マスターの過去問で分野別得点を確認し、足りない解説量を基準に選んでください。

公益財団法人 不動産適正取引推進機構（宅建試験・公式）の出題範囲（4分野）と照合し、宅建マスターの過去問・用語解説と組み合わせて復習サイクルを回してください。",1位：TAC「みんなが欲しかった! 宅建士の教科書」,"2026年度版 みんなが欲しかった! 宅建士の教科書（3,850円税込参考・880ページ・B5判）は、4分野を1冊で体系的に学べる本格テキスト。TAC論点別過去問題集・一問一答と組み合わせやすい定番です。

向いている人：解説厚めで独学のメインテキスト1冊を決めたい社会人・初学者。

公益財団法人 不動産適正取引推進機構（宅建試験・公式）の出題範囲（4分野）と照合し、宅建マスターの過去問・用語解説と組み合わせて復習サイクルを回してください。",2位・3位：LEC合格のトリセツ・出る順合格テキスト,"2026年版 宅建士 合格のトリセツ 基本テキスト（LEC・3,300円税込参考・644ページ）は、無料講義動画付きで論点整理から学べる教材。厳選分野別過去問題集（別記事）とセットの2冊構成が基本です。

2026年版 出る順宅建士 合格テキスト（LEC・2,420円税込参考・427ページ）は、出る順シリーズのコンパクト型。ウォーク問過去問題集・模試（別記事）への接続がスムーズです。",テキストと宅建マスター過去問の併用,"テキストで論点を押さえたら、宅建マスターの過去問・一問一答で本試験形式の演習に移ります。4分野ごとの得点を記録し、弱点分野をテキスト該当章に戻って復習するサイクルが効率的です。直前期は模試・一問一答（別記事）も併用すると安心です。

公益財団法人 不動産適正取引推進機構（宅建試験・公式）の出題範囲（4分野）と照合し、宅建マスターの過去問・用語解説と組み合わせて復習サイクルを回してください。",購入前チェックリスト,"購入前に以下を確認してください。
・2026年度版（最新版）か
・4分野すべてが目次に含まれているか
・Amazon在庫・価格（執筆時点と異なる場合あり）
・学習期間（2か月／4か月）に対してページ数・演習量が見合うか

公益財団法人 不動産適正取引推進機構（宅建試験・公式）の出題範囲（4分野）と照合し、宅建マスターの過去問・用語解説と組み合わせて復習サイクルを回してください。",,,TACとLEC、どちらを選べばよいですか？,TACは教科書→論点別過去問→一問一答の縦串が揃いやすく、LECはトリセツ基本＋分野別過去問、または出る順テキスト＋ウォーク問の2冊構成が扱いやすいです。まず比較表で解説量と演習の進め方を確認し、1ブランドに絞ると計画が立てやすくなります。,テキストは1冊だけで足りますか？,本格テキスト1冊＋当サイトの過去問演習で独学は可能です。演習量が足りないと感じたら、おすすめ問題集の記事で紹介している1冊を追加してください。 理解が浅い論点は当サイトの用語解説と過去問演習で確認してから次の教材へ進むと定着しやすくなります。,takken-dokugaku:独学の始め方;takken-kakomon:過去問活用法;takken-goukakuten:合格点;affiliate-problem-books:おすすめ問題集;affiliate-mock-exam-materials:模試・一問一答;takken-kyozai:教材選び,最新年度版は必要ですか？,法改正・出題傾向の反映のため、2026年度版（最新版）を選んでください。中古は版と改訂情報の確認が必要です。 理解が浅い論点は当サイトの用語解説と過去問演習で確認してから次の教材へ進むと定着しやすくなります。,,,2026年度版 みんなが欲しかった! 宅建士の教科書;2026年版 宅建士 合格のトリセツ 基本テキスト;2026年版 出る順宅建士 合格テキスト;テキスト選びの3つのポイント;過去問との併用
affiliate-problem-books,過去問活用,宅建士のおすすめ問題集3選【論点別・分野別過去問2026】,宅建士のおすすめ問題集3選。TAC論点別過去問、LEC厳選分野別過去問、出る順ウォーク問を比較。過去問の回し方と分野別対策も解説。,宅建試験では、過去問・問題集の演習量が得点安定の鍵です。本記事では2026年度版の問題集3冊を、収録形式・解説量・テキストとの相性で比較します。価格は購入前にAmazonで必ずご確認ください。,365,独学;参考書;アフィリエイト,宅建マスター編集部,資格学習サイトの編集チーム,公式情報確認担当,公開前に一次情報との照合を行う担当者,2026-06-04,公益財団法人 不動産適正取引推進機構（宅建試験・公式）|https://www.retio.or.jp/,Amazon tag=ue083093-22。4300119287 / 4844948245 / 4844948296。,宅建士の過去問・問題集を比較し、演習メイン1冊を決めて、4分野の弱点補強計画を立てたい。,3冊の収録形式を比較する;4分野の得点バランスを確認する;弱点分野をテキストで復習する,試験要項・公式ページ更新時に本文と参照元を見直す。,2026-06-04,2026-07-04,2026-06-04,published,2026-06-04: Amazon URL確定・本文全面リライト,問題集選びの基準,"問題集選びでは、(1)4分野の出題バランスが取れているか (2)解説で復習できるか (3)テキストとの章立て相性を確認します。権利・法令・税務・宅建業法それぞれの得点バランスを見ながら、弱点分野に戻れる解説量があるかが重要です。

公益財団法人 不動産適正取引推進機構（宅建試験・公式）の出題範囲（4分野）と照合し、宅建マスターの過去問・用語解説と組み合わせて復習サイクルを回してください。",3冊の選び方（タイプ別）,"TAC教科書と論点別演習したい人は2026年度版 みんなが欲しかった! 宅建士の論点別過去問題集、LECトリセツ基本と組み合わせるなら2026年版 宅建士 合格のトリセツ 厳選分野別過去問題集、出る順合格テキスト読了後には2026年版 出る順宅建士 ウォーク問過去問題集が向きます。

公益財団法人 不動産適正取引推進機構（宅建試験・公式）の出題範囲（4分野）と照合し、宅建マスターの過去問・用語解説と組み合わせて復習サイクルを回してください。",1位：TAC 論点別過去問題集,"2026年度版 みんなが欲しかった! 宅建士の論点別過去問題集（2,750円税込参考・680ページ・B5判）は、TAC教科書と章立ての相性がよく、演習メイン1冊として選ばれやすい定番です。

公益財団法人 不動産適正取引推進機構（宅建試験・公式）の出題範囲（4分野）と照合し、宅建マスターの過去問・用語解説と組み合わせて復習サイクルを回してください。

公益財団法人 不動産適正取引推進機構（宅建試験・公式）の出題範囲（4分野）と照合し、宅建マスターの過去問・用語解説と組み合わせて復習サイクルを回してください。",2位・3位：LEC厳選分野別・出る順ウォーク問,"2026年版 宅建士 合格のトリセツ 厳選分野別過去問題集（LEC・2,750円税込参考・734ページ）は、LECトリセツ基本との縦串が明確。本試験形式の演習量確保に向きます。

2026年版 出る順宅建士 ウォーク問過去問題集（LEC・1,980円税込参考・342ページ）は、出る順テキストとセットの過去問演習向け。模試（別記事）との併用も向きます。

公益財団法人 不動産適正取引推進機構（宅建試験・公式）の出題範囲（4分野）と照合し、宅建マスターの過去問・用語解説と組み合わせて復習サイクルを回してください。",過去問の回し方（宅建マスターとの併用）,"当サイトの過去問で分野別得点を把握したうえで、問題集で「時間を計って解く」練習を行います。誤答は用語解説で類似論点まで整理し、1週間後に解き直してください。過去問活用法は takken-kakomon を参照。

公益財団法人 不動産適正取引推進機構（宅建試験・公式）の出題範囲（4分野）と照合し、宅建マスターの過去問・用語解説と組み合わせて復習サイクルを回してください。",模試・一問一答との使い分け,"過去問で論点を押さえたあと、模試・一問一答（別記事）で短問演習・総仕上げを追加する受験生も多いです。2026年度版 わかって合格る宅建士 分野別過去問題集（B0GLNR5JBT）も選択肢のひとつです。

公益財団法人 不動産適正取引推進機構（宅建試験・公式）の出題範囲（4分野）と照合し、宅建マスターの過去問・用語解説と組み合わせて復習サイクルを回してください。",,,論点別と分野別、どちらを先に買いますか？,テキスト読了後は、使うテキストブランドに合わせて1冊を選ぶのが基本です。TACなら論点別過去問、LECトリセツなら厳選分野別、出る順ならウォーク問、という対応が一般的です。 理解が浅い論点は当サイトの用語解説と過去問演習で確認してから次の教材へ進むと定着しやすくなります。,わかって合格る分野別過去問題集は必要ですか？,必須ではありません。TAC教科書と組み合わせる場合は論点別過去問題集を優先し、わかって合格るシリーズを使う場合は基本テキスト＋分野別の2冊セット（B0GLNR5JBT）も選択肢です。 理解が浅い論点は当サイトの用語解説と過去問演習で確認してから次の教材へ進むと定着しやすくなります。,takken-kakomon:過去問活用法;takken-dokugaku:独学の始め方;takken-goukakuten:合格点;affiliate-textbooks-recommend:おすすめテキスト;affiliate-mock-exam-materials:模試・一問一答;takken-plan:学習計画,問題集は何冊必要ですか？,メイン1冊＋当サイト過去問で足りる場合が多いです。直前期は模試・一問一答の記事も参照してください。 理解が浅い論点は当サイトの用語解説と過去問演習で確認してから次の教材へ進むと定着しやすくなります。 理解が浅い論点は当サイトの用語解説と過去問演習で確認してから次の教材へ進むと定着しやすくなります。,,,2026年度版 みんなが欲しかった! 宅建士の論点別過去問題集;2026年版 宅建士 合格のトリセツ 厳選分野別過去問題集;2026年版 出る順宅建士 ウォーク問過去問題集;問題集選びの基準;過去問の回し方
affiliate-mock-exam-materials,学習計画,宅建士の模試・一問一答3選【厳選模試・セレクト1000・2026】,宅建士の模試・一問一答3選。出る順過去30年厳選模試、LEC頻出一問一答、TACセレクト1000を比較。直前演習の進め方も解説。,"('宅建試験の直前期は、模試で時間配分を確認し、一問一答で頻出論点の穴埋めをするフェーズです。本記事では模試・一問一答系3冊を比較します。試験日程・出題範囲は必ず不動産適正取引推進機構（公式）で確認してください。',)",360,独学;参考書;アフィリエイト,宅建マスター編集部,資格学習サイトの編集チーム,公式情報確認担当,公開前に一次情報との照合を行う担当者,2026-06-04,公益財団法人 不動産適正取引推進機構（宅建試験・公式）|https://www.retio.or.jp/,Amazon tag=ue083093-22。4844948334 / 4844948253 / 430011935X。,宅建士の本試験直前に、模試・一問一答を比較し、直前1〜2冊を決めたい。,3冊の用途を比較する;受験予定回を確認する;テキスト・過去問との役割分担を決める,試験要項・公式ページ更新時に本文と参照元を見直す。,2026-06-04,2026-07-04,2026-06-04,published,2026-06-04: Amazon URL確定・本文全面リライト,模試・一問一答の位置づけ,"模試・一問一答は、テキストと過去問で固めた論点を「本番の時間感覚」や「短問演習量」で確認するためのものです。模試で時間配分、一問一答で頻出論点の穴埋め、という役割分担が扱いやすいです。

公益財団法人 不動産適正取引推進機構（宅建試験・公式）の出題範囲（4分野）と照合し、宅建マスターの過去問・用語解説と組み合わせて復習サイクルを回してください。

公益財団法人 不動産適正取引推進機構（宅建試験・公式）の出題範囲（4分野）と照合し、宅建マスターの過去問・用語解説と組み合わせて復習サイクルを回してください。",3冊の選び方,"本試験形式の模試演習には2026年版 出る順宅建士 過去30年良問厳選模試、LECトリセツで短問総復習には2026年版 宅建士 合格のトリセツ 頻出一問一答式過去問題集、TAC系で一問一答1000問演習には2026年度版 わかって合格る宅建士 一問一答セレクト1000が向きます。

公益財団法人 不動産適正取引推進機構（宅建試験・公式）の出題範囲（4分野）と照合し、宅建マスターの過去問・用語解説と組み合わせて復習サイクルを回してください。",1位：出る順 過去30年良問厳選模試,"2026年版 出る順宅建士 過去30年良問厳選模試（2,750円税込参考・483ページ）は、直前期の本試験形式演習向け。時間を計って解く練習に有効です。

公益財団法人 不動産適正取引推進機構（宅建試験・公式）の出題範囲（4分野）と照合し、宅建マスターの過去問・用語解説と組み合わせて復習サイクルを回してください。

公益財団法人 不動産適正取引推進機構（宅建試験・公式）の出題範囲（4分野）と照合し、宅建マスターの過去問・用語解説と組み合わせて復習サイクルを回してください。",2位・3位：LEC頻出一問一答・TACセレクト1000,"2026年版 宅建士 合格のトリセツ 頻出一問一答式過去問題集（2,200円税込参考・417ページ）は、読上音声付きでスキマ時間の短問演習に向きます。

2026年度版 わかって合格る宅建士 一問一答セレクト1000（2,750円税込参考・700ページ）は、TAC教科書・論点別過去問との併用例が多い定番一問一答です。

公益財団法人 不動産適正取引推進機構（宅建試験・公式）の出題範囲（4分野）と照合し、宅建マスターの過去問・用語解説と組み合わせて復習サイクルを回してください。",テキスト・過去問との組み合わせ,"例：TAC教科書→論点別過去問→セレクト1000→出る順模試→宅建マスター過去問。直前期は模試1冊＋一問一答1冊に絞る受験生も多いです。

公益財団法人 不動産適正取引推進機構（宅建試験・公式）の出題範囲（4分野）と照合し、宅建マスターの過去問・用語解説と組み合わせて復習サイクルを回してください。

公益財団法人 不動産適正取引推進機構（宅建試験・公式）の出題範囲（4分野）と照合し、宅建マスターの過去問・用語解説と組み合わせて復習サイクルを回してください。",購入前の確認事項,"購入前に以下を確認してください。
・2026年度版（最新版）か
・受験予定回と学習計画に間に合うか
・テキスト・過去問との重複が学習計画上問題ないか
・Amazon在庫・価格

公益財団法人 不動産適正取引推進機構（宅建試験・公式）の出題範囲（4分野）と照合し、宅建マスターの過去問・用語解説と組み合わせて復習サイクルを回してください。

公益財団法人 不動産適正取引推進機構（宅建試験・公式）の出題範囲（4分野）と照合し、宅建マスターの過去問・用語解説と組み合わせて復習サイクルを回してください。",,,模試だけで足りますか？,形式慣れには有効ですが、論点理解はテキストと過去問で済ませてから入る方が効率的です。おすすめテキストと問題集の記事と組み合わせる構成を推奨します。 理解が浅い論点は当サイトの用語解説と過去問演習で確認してから次の教材へ進むと定着しやすくなります。,一問一答は2冊必要ですか？,必須ではありません。LECトリセツ派なら頻出一問一答、TAC派ならセレクト1000、というようにテキストブランドに合わせて1冊を選ぶのが一般的です。 理解が浅い論点は当サイトの用語解説と過去問演習で確認してから次の教材へ進むと定着しやすくなります。,takken-chokuzen:直前対策;takken-moshi:模擬試験の活用法;takken-goukakuten:合格点;affiliate-textbooks-recommend:おすすめテキスト;affiliate-problem-books:おすすめ問題集;takken-plan:学習計画,直前何週間から使えばよいですか？,一問一答はテキスト・過去問読了後から、模試は試験2〜4週間前から入る例が多いです。学習計画に合わせて1フェーズ1冊を原則にしてください。 理解が浅い論点は当サイトの用語解説と過去問演習で確認してから次の教材へ進むと定着しやすくなります。,,,2026年版 出る順宅建士 過去30年良問厳選模試;2026年版 宅建士 合格のトリセツ 頻出一問一答式過去問題集;2026年度版 わかって合格る宅建士 一問一答セレクト1000;模試・一問一答の位置づけ;テキスト・過去問との組み合わせ
