slug,title,category,tags,summary,confusion_point,pattern_rows,article_title,article_lead,exam_points,common_mistakes,memory_tip,related_terms,faq_1_question,faq_1_answer,faq_2_question,faq_2_answer,faq_3_question,faq_3_answer,faq_4_question,faq_4_answer,fact_checked_at
toji-ken-tochi-chintai-ken-kon,地上権と土地賃借権の混同,権利関係,地上権;土地賃借権;物権;債権;登記;対抗力,地上権（物権）と土地賃借権（債権）は同じく「他人の土地を使用する権利」だが、対抗要件・譲渡の可否・地主の同意の要否が根本的に異なるため、試験で頻繁に混同させる選択肢が出題される。,「どちらも他人の土地に建物を建てて使える権利」という共通点から、物権・債権の区別に基づく対抗力・譲渡自由の違いを見落としやすい。,"[{""topic"": ""権利の性質"", ""wrong"": ""地上権も土地賃借権もどちらも物権であり、第三者に対抗できる"", ""correct"": ""地上権は物権、土地賃借権は債権。物権は登記により第三者対抗力を持つ"", ""trap"": ""土地賃借権は登記があれば対抗できるが、賃貸人に登記協力義務がないため実際は難しい""}, {""topic"": ""譲渡・転貸"", ""wrong"": ""地上権も土地賃借権も所有者の承諾なく第三者に譲渡できない"", ""correct"": ""地上権は所有者の承諾なく譲渡・転貸できる。土地賃借権は原則として承諾が必要"", ""trap"": ""「借地」という共通イメージから、どちらも地主の許可が必要と思い込みやすい""}, {""topic"": ""登記請求権"", ""wrong"": ""土地賃借権も地主に登記請求権を行使して登記できる"", ""correct"": ""地上権者は地主に登記請求権を行使できるが、土地賃借権には登記請求権がない"", ""trap"": ""賃借権の登記は賃貸人が任意に協力しない限り強制できない""}, {""topic"": ""対抗要件（建物）"", ""wrong"": ""借地上の建物の登記では土地賃借権の対抗力は得られない"", ""correct"": ""借地借家法により、借地上の建物を登記すれば土地賃借権も第三者に対抗できる"", ""trap"": ""「建物の登記で土地の権利も守られる」という借地借家法の特則を見落としがち""}, {""topic"": ""地代の支払義務"", ""wrong"": ""地上権では地代を支払う義務が当然に発生する"", ""correct"": ""地上権は有償・無償どちらでもよく、地代の支払いは必須ではない"", ""trap"": ""賃借権は対価（賃料）の支払いが本質的要素だが、地上権は必ずしも有償でない""}, {""topic"": ""存続期間"", ""wrong"": ""地上権の存続期間の上限は借地借家法の規定に従い50年である"", ""correct"": ""地上権の存続期間に法定の上限はなく、当事者間の合意で自由に設定できる"", ""trap"": ""借地借家法は土地賃借権（借地権）に適用され、地上権にも部分的に適用される場面がある""}, {""topic"": ""用益物権"", ""wrong"": ""地上権は担保物権のひとつである"", ""correct"": ""地上権は用益物権（土地を利用する物権）であり、担保物権ではない"", ""trap"": ""抵当権などの担保物権と物権という共通点から混同するケース""}]",【権利関係】地上権と土地賃借権の違いを完全攻略！物権・債権の区別から試験頻出論点まで,宅建試験の権利関係において「地上権」と「土地賃借権」の区別は毎年出題される基本テーマです。どちらも「他人の土地の上に建物を建てたり竹木を所有したりするための権利」という点で共通していますが、法的な性質は根本から異なります。地上権は物権であり、土地賃借権は債権です。この違いがすべての差異の根拠となっています。最も重要な試験ポイントは「譲渡・転貸」と「対抗力」の違いです。地上権は物権なので所有者の承諾なく自由に譲渡・転貸できますが、土地賃借権は原則として地主の承諾が必要です。対抗力については、地上権者は地主に登記請求権を行使できるのに対し、土地賃借権には登記請求権がありません。ただし借地借家法の特則により、借地上の建物を登記すれば土地賃借権も第三者に対抗できます。地上権は有償・無償どちらでも設定でき、存続期間にも法定の上限がありません。一方、土地の賃借権（借地権）には借地借家法の規制が及び、最短存続期間（30年）などのルールが課されます。試験では「どちらにどの規制が及ぶか」を正確に把握することが求められます。物権か債権かを判断軸にして、各論点を整理することが合格への近道です。,地上権は物権、土地賃借権は債権という根本的な区別;地上権者は地主に登記請求権を行使できる;土地賃借権には登記請求権がなく、地主の協力なしに登記できない;地上権は所有者の承諾なく譲渡・転貸できる;土地賃借権の譲渡・転貸には原則として地主の承諾が必要;借地上の建物を登記すれば土地賃借権も第三者対抗力を持つ（借地借家法）;地上権の地代支払いは必須ではなく有償・無償どちらでも可,「地上権も承諾なく譲渡できない」と誤解する;「建物の登記では土地の賃借権に対抗力がない」と借地借家法の特則を見落とす;地上権に地代支払義務が当然に生じると誤解する;地上権の存続期間に法定上限があると誤解する;地上権が担保物権のひとつと誤解する,「地上権＝物権＝自由に動かせる（譲渡自由・登記請求権あり）」「賃借権＝債権＝地主の許可が要る（人と人の約束）」と権利の性質で分類して記憶する。,借地借家法;抵当権;地上権・地役権,地上権と土地賃借権の最大の違いは何ですか？,地上権は物権、土地賃借権は債権です。この違いが譲渡の自由、登記請求権の有無、対抗力の要件などすべての差異の根拠になります。試験では物権か債権かを判断軸に各論点を整理してください。地上権は物権、土地賃借権は債権という根本的な区別。,土地賃借権にも登記請求権はありますか？,土地賃借権には登記請求権がありません。地主の任意の協力がなければ登記できない点が、地上権者が地主に登記請求権を行使できる点と対照的です。借地借家法の特則により、借地上の建物を登記すれば土地賃借権も第三者に対抗できます。,試験でよく出る引っかけは？,「どちらも地主の承諾なく譲渡できる」「地上権は必ず地代を払う」「建物の登録では土地の権利に対抗力がない」など、物権・債権の区別を曖昧にする肢が頻出です。地上権・地役権の用語解説とセットで復習してください。,関連する宅建の論点は？,借地借家法、抵当権、不動産登記など権利関係全体と連動して出題されます。本記事の比較表と過去問で、物権・債権の区別が他の論点（対抗要件・譲渡）にどう波及するかを確認してください。地上権は物権、土地賃借権は債権という根本的な区別。,2026-05-27
kotei-shisanzei-toshikeikakuzei-kon,固定資産税と都市計画税の混同,税・その他,固定資産税;都市計画税;市町村税;課税標準;住宅用地特例,固定資産税と都市計画税はともに市町村税で毎年1月1日時点の所有者に課されるが、税率・住宅用地特例の軽減割合・課税対象（都市計画区域）が異なるため試験で混同させる問題が頻出する。,「両方とも1月1日の所有者に課される市町村税」という共通点が先行し、税率・住宅用地特例の具体的な数値や都市計画税の課税範囲を誤って覚えやすい。,"[{""topic"": ""標準税率"", ""wrong"": ""固定資産税の標準税率は1.7%で、都市計画税は0.3%である"", ""correct"": ""固定資産税の標準税率は1.4%、都市計画税の制限税率は0.3%（以下）"", ""trap"": ""固定資産税の税率1.4%は頻出数値。都市計画税は「0.3%以下」という上限税率""}, {""topic"": ""住宅用地特例（小規模）"", ""wrong"": ""200㎡以下の小規模住宅用地の固定資産税の課税標準は3分の1に軽減される"", ""correct"": ""200㎡以下の小規模住宅用地の固定資産税の課税標準は6分の1に軽減される"", ""trap"": ""6分の1（固定資産税）と3分の1（都市計画税）を入れ替えた選択肢が頻出""}, {""topic"": ""住宅用地特例（一般）"", ""wrong"": ""200㎡超の一般住宅用地の固定資産税の課税標準は6分の1に軽減される"", ""correct"": ""200㎡超の一般住宅用地の固定資産税の課税標準は3分の1（都市計画税は3分の2）"", ""trap"": ""小規模（6分の1・3分の1）と一般（3分の1・3分の2）の対応を誤りやすい""}, {""topic"": ""課税対象地域"", ""wrong"": ""都市計画税は日本全国の不動産に課税される"", ""correct"": ""都市計画税は市街化区域内の土地・建物にのみ課税される"", ""trap"": ""固定資産税は全国課税だが、都市計画税は市街化区域内のみという制限を忘れがち""}, {""topic"": ""賦課期日"", ""wrong"": ""固定資産税は4月1日時点の所有者に課税される"", ""correct"": ""固定資産税・都市計画税ともに毎年1月1日（賦課期日）時点の所有者に課税される"", ""trap"": ""「4月1日は新年度の始まり」というイメージから混同するパターン""}, {""topic"": ""納税義務者"", ""wrong"": ""固定資産税の納税義務者は登記簿上の所有者ではなく実質的所有者である"", ""correct"": ""固定資産税の納税義務者は原則として登記簿上の所有者（1月1日時点）"", ""trap"": ""実質的所有者への課税は例外的な場合（登記なき所有者等）に限られる""}]",【税・その他】固定資産税と都市計画税の完全比較！住宅用地特例の数値を確実に得点する,宅建試験の税・その他分野において固定資産税と都市計画税は毎年出題される重要テーマです。両者はともに市町村が課す地方税であり、毎年1月1日（賦課期日）時点の所有者に課税されるという共通点から混同が起きやすくなっています。しかし税率・住宅用地特例の軽減割合・課税される地域の範囲はそれぞれ異なるため、これらの数値を正確に区別することが得点につながります。最も頻繁に問われるのが「住宅用地特例」の数値です。200㎡以下の小規模住宅用地に対しては、固定資産税の課税標準が6分の1に、都市計画税の課税標準が3分の1に軽減されます。200㎡超の一般住宅用地では固定資産税が3分の1、都市計画税が3分の2となります。試験では「6分の1と3分の1を入れ替えた」選択肢や「一般住宅用地にも6分の1を適用した」選択肢が頻出するため、小規模と一般の区別と、固定資産税・都市計画税の対応を正確にペアで記憶することが重要です。都市計画税は市街化区域内の土地・建物にのみ課税される点も押さえておきましょう。固定資産税が全国の固定資産に課税されるのとは対照的です。また固定資産税の標準税率は1.4%ですが、都市計画税は0.3%を上限（制限税率）として市町村が条例で定めます。これらの数値を表で並べて比較することで、確実に満点を狙える分野になります。,固定資産税の標準税率は1.4%;都市計画税の制限税率は0.3%以下;賦課期日は両税とも毎年1月1日;都市計画税は市街化区域内の土地・建物にのみ課税;小規模住宅用地（200㎡以下）：固定資産税6分の1・都市計画税3分の1;一般住宅用地（200㎡超）：固定資産税3分の1・都市計画税3分の2;納税義務者は原則として登記簿上の所有者（1月1日時点）,固定資産税の標準税率を1.7%と誤る;小規模住宅用地の固定資産税軽減を6分の1でなく3分の1と誤る;一般住宅用地の固定資産税軽減を6分の1と誤る（正しくは3分の1）;都市計画税が全国の不動産に課税されると誤解する;賦課期日を4月1日と誤る,「固定資産税の1.4%はイチ・ヨン」と数字で記憶。住宅用地特例は「固定資産税の方が強く軽減（小規模は6分の1）、都市計画税はやや緩め（3分の1）」と軽減の強さで区別する。,固定資産税;都市計画税,固定資産税と都市計画税の共通点は？,どちらも市町村税で、毎年1月1日（賦課期日）時点の所有者に課税されます。納税義務者も原則として登記簿上の所有者です。試験ではこの共通点から混同させる問題が出やすいため、相違点をセットで覚えてください。,住宅用地特例の数値の違いは？,200㎡以下の小規模住宅用地は、固定資産税の課税標準が6分の1、都市計画税が3分の1に軽減されます。200㎡超の一般住宅用地は固定資産税3分の1、都市計画税3分の2です。この対応関係の入れ替えが頻出です。,都市計画税の課税範囲は？,都市計画税は市街化区域内の土地・建物にのみ課税されます。固定資産税は全国の土地・建物が対象です。「全国に課税される」とする肢は都市計画税では誤りです。固定資産税の標準税率は1.4%。都市計画税の制限税率は0.3%以下。,試験対策のコツは？,標準税率（固定資産税1.4%、都市計画税0.3%以下）と住宅用地特例の分数を表形式で暗記し、模試で科目別に確認してください。固定資産税・都市計画税の用語解説もあわせて参照してください。固定資産税の標準税率は1.4%。,2026-05-27
cooling-off-tetsuke-kaijo-kon,クーリングオフと手付解除の混同,宅建業法,クーリングオフ;手付解除;8日間;手付倍返し;申込み場所,クーリングオフ（宅建業法37条の2）と手付解除（民法・宅建業法）は解除方法・期限・費用負担がまったく異なるにもかかわらず、どちらも「解除できる」という共通点から混同が発生しやすい。,「クーリングオフは8日以内・無条件解除」「手付解除は相手方が履行着手前・損失を負担」という本質的な違いを、期間や金銭的負担で逆に覚えやすい。,"[{""topic"": ""クーリングオフ期間"", ""wrong"": ""クーリングオフは契約締結日から8日以内に行使しなければならない"", ""correct"": ""クーリングオフは告知を受けた日から8日以内に書面で行使する（契約日からではない）"", ""trap"": ""起算点が「告知を受けた日」であって「契約日」ではないことが頻出ポイント""}, {""topic"": ""クーリングオフの方法"", ""wrong"": ""クーリングオフは口頭で宅建業者に申し出れば足りる"", ""correct"": ""クーリングオフは書面（内容証明郵便等）で行使し、発信時点で効力が生じる"", ""trap"": ""「書面+発信主義」という2点セットを正確に覚える必要がある""}, {""topic"": ""申込み場所"", ""wrong"": ""宅建業者の事務所で契約した場合もクーリングオフができる"", ""correct"": ""宅建業者の事務所（または土地に定着する案内所等）で申込み・契約した場合はクーリングオフできない"", ""trap"": ""「クーリングオフができない場所」の要件を正確に理解する必要がある""}, {""topic"": ""手付解除の要件"", ""wrong"": ""手付解除は相手方が履行着手後でも手付金を放棄すれば解除できる"", ""correct"": ""手付解除は相手方が契約の履行に着手するまでの間のみ行使できる"", ""trap"": ""「いつでも手付を放棄・倍返しで解除できる」と誤解するパターンが多い""}, {""topic"": ""手付解除の金銭負担"", ""wrong"": ""買主が手付解除する場合、手付金の2倍を売主に支払う"", ""correct"": ""買主が手付解除する場合は手付金を放棄するだけでよく、売主が解除する場合は手付倍返し"", ""trap"": ""「買主＝手付放棄、売主＝手付倍返し」という非対称性が逆になりやすい""}, {""topic"": ""損害賠償との関係"", ""wrong"": ""クーリングオフで解除した場合、業者は実損害を損害賠償請求できる"", ""correct"": ""クーリングオフで解除した場合、業者は損害賠償・違約金等を一切請求できない"", ""trap"": ""手付解除と異なり、クーリングオフは無条件解除で業者側に金銭請求権が生じない""}, {""topic"": ""宅建業者が売主の場合"", ""wrong"": ""宅建業者が売主の場合、手付金の額に制限はなく当事者間で自由に設定できる"", ""correct"": ""宅建業者が売主の場合、手付金の額は売買代金の20%以内に制限される"", ""trap"": ""業者間取引では20%制限は適用されないが、業者売主・一般買主の場合は適用される""}]",【宅建業法】クーリングオフと手付解除を完全区別！頻出の誤答パターンを根絶する,宅建試験において「クーリングオフ（宅建業法37条の2）」と「手付解除（民法557条・宅建業法39条）」は混同が非常に多い頻出テーマです。どちらも「売買契約を解除できる制度」という共通点はありますが、発生根拠・行使期間・方法・金銭的負担・利用できる場面がまったく異なります。この2つをひとつの「解除制度」として曖昧に覚えている受験生が多く、正答率を下げる原因となっています。クーリングオフは「告知を受けた日から8日以内に書面で行使し、業者は損害賠償等を一切請求できない」という特徴を持ちます。ポイントは起算点が「契約日」ではなく「告知を受けた日」であることと、「書面+発信主義（発信時点で効力発生）」という2点です。また事務所・土地に定着する案内所等での申込み・契約はクーリングオフの対象外となります。手付解除は「相手方が履行に着手するまでの間、買主は手付放棄・売主は手付倍返しで解除できる」というものです。業者が売主の場合は手付金額が売買代金の20%以内に制限され、また相手方の履行着手後は解除できないという制約があります。クーリングオフと手付解除を「方法・期間・金銭負担」の3軸で対比表を作って比較することで、選択肢のどちらの制度について述べているかを素早く判断できるようになります。,クーリングオフの起算日は「告知を受けた日」（契約日ではない）;クーリングオフは書面で行使し発信時点で効力が生じる;事務所・土地に定着する案内所等での申込みはクーリングオフ不可;クーリングオフ後に業者は損害賠償等を一切請求できない;手付解除は相手方の履行着手前までのみ行使できる;買主の手付解除は手付放棄、売主は手付倍返し;業者が売主の場合の手付金上限は売買代金の20%以内,クーリングオフの起算点を「契約日」と誤る;クーリングオフが口頭でも可能と誤解する;手付解除が相手方の履行着手後でも可能と誤解する;買主の手付解除で「手付倍返し」が必要と誤解する（正しくは手付放棄）;業者売主の場合の手付金20%制限を知らない,クーリングオフは「告知から8日・書面・発信主義・無補償解除」の4点セット。手付解除は「履行着手前・買主＝放棄・売主＝倍返し」の非対称性で覚える。,クーリングオフ;手付解除;手付の種類,クーリングオフと手付解除の違いは？,クーリングオフは宅建業法上、事務所等以外で申込・契約した買主が書面により契約を解除できる制度です。手付解除は民法上の手付の性質（解約手付）に基づき、相手方が履行に着手する前であれば手付を放棄して契約を解除できる制度です。根拠法令・要件・期間が異なります。,クーリングオフの行使期限は？,業者が書面でクーリングオフの告知をした日から8日以内です（書面発信主義）。申込日や契約日から起算する選択肢は誤りになりやすいため、35条・37条・クーリングオフの数値早見表も確認してください。クーリングオフの起算日は「告知を受けた日」（契約日ではない）。,手付解除の要件は？,手付は原則として解約手付として機能し、相手方が履行に着手する前であれば、手付を放棄（または倍返）して契約を解除できます。クーリングオフのように8日という法定期間はありません。クーリングオフの起算日は「告知を受けた日」（契約日ではない）。,試験で間違えやすい点は？,両者を「どちらも8日以内に解除できる」と同一視する肢、クーリングオフ後も損害賠償を請求できるとする肢、手付解除を宅建業法の制度とする肢に注意してください。クーリングオフの起算日は「告知を受けた日」（契約日ではない）。,2026-05-27
kenpeiritsu-yosekiritsu-keisan,建ぺい率と容積率の計算ミス,法令上の制限,建ぺい率;容積率;用途地域;前面道路幅員;角地,建ぺい率と容積率は算定方式・緩和・制限の条件が異なり、特に容積率の前面道路幅員による制限・角地緩和・高度地区等との複合問題で計算ミスが多発する。,「建ぺい率＝建築面積/敷地面積」という基本式は知っていても、容積率の前面道路による算定方式・複数の道路が接する場合・角地の緩和要件を正確に適用できないケースが多い。,"[{""topic"": ""容積率の前面道路制限"", ""wrong"": ""容積率の前面道路制限は道路幅員（m）×10分の4を用途地域に関わらず適用する"", ""correct"": ""前面道路が12m未満の場合、住居系用途地域は幅員×10分の4、その他は幅員×10分の6を乗じる"", ""trap"": ""住居系（×0.4）とその他（×0.6）の係数を逆にする誤りが頻出""}, {""topic"": ""複数前面道路"", ""wrong"": ""前面道路が2本ある場合、容積率の算定には道路幅員の小さい方を用いる"", ""correct"": ""前面道路が2本以上ある場合、最も幅の広い道路幅員を用いて容積率を算定する"", ""trap"": ""「安全側に小さい方を使う」という直感的な誤解が生じやすい""}, {""topic"": ""角地緩和"", ""wrong"": ""角地では建ぺい率・容積率の両方が10%緩和される"", ""correct"": ""角地緩和は建ぺい率のみに適用される制度であり、容積率は緩和されない"", ""trap"": ""「角地は有利になる」という理解から容積率も緩和されると誤解しやすい""}, {""topic"": ""建ぺい率の緩和（防火地域内耐火建築物）"", ""wrong"": ""防火地域内の耐火建築物は建ぺい率が20%加算される"", ""correct"": ""防火地域内の耐火建築物の建ぺい率は10%緩和され、元の数値に10%加算される"", ""trap"": ""「20%緩和」「10%緩和」「建ぺい率80%地域での不適用」など細かい条件を整理する必要がある""}, {""topic"": ""建ぺい率80%地域"", ""wrong"": ""防火地域内の建ぺい率80%地域で耐火建築物を建てると建ぺい率が90%になる"", ""correct"": ""防火地域内の建ぺい率が80%の用途地域では耐火建築物を建てると建ぺい率100%（制限なし）"", ""trap"": ""80%地域では緩和ではなく「制限なし（100%扱い）」という特則が適用される""}, {""topic"": ""容積率の算定基礎"", ""wrong"": ""容積率の算定における延べ面積には地下室・駐車場も全て算入する"", ""correct"": ""住宅の地下室は延べ面積の3分の1まで容積率算定から除外でき、駐車場は5分の1まで除外可"", ""trap"": ""全床面積を単純に使うのではなく、除外できる面積がある点を見落とすケース""}, {""topic"": ""建ぺい率の計算（セットバック）"", ""wrong"": ""前面道路のセットバック部分は建ぺい率の算定上、敷地面積に含まれる"", ""correct"": ""セットバック（道路後退）した部分は建ぺい率・容積率の算定上の敷地面積から除外される"", ""trap"": ""実際の所有地なのに算定面積に含まれないというルールを忘れやすい""}]",【法令上の制限】建ぺい率・容積率の計算ミスを根絶！前面道路・角地・緩和規定の完全攻略,宅建試験の法令上の制限分野において、建ぺい率と容積率の計算問題は毎年必ず出題される重要テーマです。基本的な定義（建ぺい率＝建築面積/敷地面積、容積率＝延べ面積/敷地面積）は多くの受験生が理解していますが、試験では「前面道路による制限」「角地緩和」「防火地域の緩和」など、特殊な条件が複合した問題が出題されます。これらの条件を正確に適用できるかが得点を分けるポイントです。容積率の計算で最もミスが多いのが前面道路幅員による制限です。前面道路の幅員が12m未満の場合、指定容積率と「道路幅員（m）×係数」で算出した数値の小さい方が適用されます。係数は住居系用途地域が10分の4、その他の用途地域が10分の6です。この係数の区別（住居系0.4・その他0.6）を逆に覚えているケースが多いため、住居系は係数が小さい（0.4）という点を重点的に確認してください。建ぺい率については角地緩和（10%加算）と防火地域内耐火建築物の緩和（10%加算・建ぺい率80%地域では100%）が頻出です。重要なのは「角地緩和は建ぺい率のみ」であり容積率には適用されないこと、そして建ぺい率80%の用途地域で防火地域内の耐火建築物を建てる場合は緩和後100%（実質制限なし）になることです。これらの特則を数値とともに正確に記憶し、計算問題を確実に解けるよう練習を重ねましょう。,容積率の前面道路制限：住居系は幅員×0.4、その他は幅員×0.6;前面道路が複数ある場合は最も幅の広い道路幅員を採用;角地緩和は建ぺい率のみ（容積率は対象外）;防火地域内耐火建築物の建ぺい率は10%緩和（加算）;建ぺい率80%の用途地域+防火地域+耐火建築物で建ぺい率は100%（制限なし）;住宅の地下室は延べ面積の3分の1まで容積率算定から除外可;セットバック部分は建ぺい率・容積率の算定上の敷地面積から除外,容積率の前面道路係数で住居系0.4とその他0.6を逆に覚える;角地緩和を容積率にも適用してしまう;建ぺい率80%地域で耐火建築物を建てると90%になると誤解する;前面道路が複数ある場合に小さい方の幅員を採用する;地下室・駐車場を全て延べ面積に算入して容積率を計算する,容積率の前面道路係数は「住居系は住みにくい（0.4と小さい係数）、その他は余裕（0.6）」と覚える。角地緩和は「建ぺい率だけお得（容積率は変わらない）」と形で記憶する。,建ぺい率・容積率;容積率;用途地域の種類,建ぺい率と容積率の違いは？,建ぺい率は敷地面積に対する建築面積の割合の上限、容積率は敷地面積に対する延べ面積の割合の上限です。分子・分母が異なるため、同じ数値でも意味が違います。用途地域ごとに上限が定められています。容積率の前面道路制限：住居系は幅員×0.4、その他は幅員×0.6。,角地緩和・防火地域緩和とは？,角地の緩和は建ぺい率に10%加算、防火地域内の耐火建築物は建ぺい率に10%加算（容積率は20%加算）など、一定条件下で上限が緩和されます。緩和の対象（建ぺいか容積か）を取り違えないでください。容積率の前面道路制限：住居系は幅員×0.4、その他は幅員×0.6。,試験の計算で注意することは？,敷地面積×率＝上限面積の計算で、建ぺい率は建築面積、容積率は延べ面積と対応させます。道路斜線・北側斜線等の別制限と混同しないよう、用途地域の種類の表も確認してください。容積率の前面道路制限：住居系は幅員×0.4、その他は幅員×0.6。,よくある誤答パターンは？,建ぺい率と容積率の分子分母の入れ替え、緩和率の適用対象の誤り、市街化調整区域では原則建築不可（開発許可等を除く）という前提の見落としが典型です。容積率の前面道路制限：住居系は幅員×0.4、その他は幅員×0.6。,2026-05-27
sennin-baikai-ippan-baikai,専任媒介と一般媒介の取り違え,宅建業法,専任媒介;専属専任媒介;一般媒介;レインズ登録;報告義務,専任媒介・専属専任媒介・一般媒介の3種類の媒介契約は有効期間・レインズ登録期限・業者の報告義務・依頼者自己発見取引の可否が異なり、試験では数値の取り違えを誘う問題が頻出する。,「専任」と「専属専任」を一括りにして「一般」と対比させる覚え方をしていると、専任・専属専任間の細かい差異（依頼者自己発見取引・報告頻度）を誤りやすい。,"[{""topic"": ""有効期間"", ""wrong"": ""専属専任媒介契約の有効期間の上限は6か月である"", ""correct"": ""専任媒介・専属専任媒介の有効期間の上限はともに3か月（一般媒介には上限なし）"", ""trap"": ""「6か月」という数値は宅建士資格の更新期間等からの混同""}, {""topic"": ""レインズ登録（専任）"", ""wrong"": ""専任媒介契約では媒介契約締結から7日以内にレインズへ登録しなければならない"", ""correct"": ""専任媒介のレインズ登録は契約締結日から7営業日以内（専属専任は5営業日以内）"", ""trap"": ""「7日」か「7営業日」か、また専任・専属専任の違いを混同しやすい""}, {""topic"": ""レインズ登録（専属専任）"", ""wrong"": ""専属専任媒介契約では契約締結から7営業日以内にレインズへ登録する"", ""correct"": ""専属専任媒介のレインズ登録は契約締結日から5営業日以内（専任は7営業日以内）"", ""trap"": ""専任（7日）と専属専任（5日）の数値を入れ替えた選択肢が頻出""}, {""topic"": ""業務報告（専任）"", ""wrong"": ""専任媒介契約では業者は2週間に1回以上依頼者に業務処理状況を報告する義務がある"", ""correct"": ""専任媒介の報告義務は2週間に1回以上（専属専任は1週間に1回以上）"", ""trap"": ""専任（2週間）と専属専任（1週間）を逆にした選択肢が頻出""}, {""topic"": ""自己発見取引"", ""wrong"": ""専属専任媒介契約では依頼者が自ら相手方を見つけて契約することができない"", ""correct"": ""専属専任媒介では依頼者自身が相手方を見つけても業者を通じなければならない（自己発見取引不可）"", ""trap"": ""「専属専任＝自己発見取引不可」は正しいが、「できない」の意味を「違法」と混同するケース""}, {""topic"": ""一般媒介の複数業者"", ""wrong"": ""一般媒介契約では複数の業者に依頼することはできない"", ""correct"": ""一般媒介契約は複数の業者に重複して依頼することができる"", ""trap"": ""「専任」という言葉から「一般は1社のみ」と逆に誤解するパターン""}, {""topic"": ""一般媒介とレインズ"", ""wrong"": ""一般媒介契約でも業者はレインズへの登録義務がある"", ""correct"": ""一般媒介契約には業者のレインズ登録義務はない（専任・専属専任のみに義務あり）"", ""trap"": ""「より広く告知すべき一般媒介にもレインズ義務があるはず」という誤解""}]",【宅建業法】専任媒介・専属専任媒介・一般媒介の完全比較！数値の取り違えを防ぐ,宅建試験において媒介契約の3種類（一般媒介・専任媒介・専属専任媒介）の区別は毎回出題される重要テーマです。「有効期間の上限」「レインズ登録の期限」「業務報告の頻度」「依頼者の自己発見取引の可否」の4点がメインの比較軸であり、試験では数値を入れ替えた選択肢による巧みな引っかけが多く見られます。3種類を対比表で整理することが最も効果的な学習方法です。最も混同が多いのがレインズ登録の期限と報告頻度の数値です。専任媒介はレインズ登録が「7営業日以内」・報告が「2週間に1回以上」、専属専任媒介はレインズ登録が「5営業日以内」・報告が「1週間に1回以上」です。「専属専任の方が厳しい（制約が多い）」と覚えると、数値の大小関係が理解しやすくなります。一般媒介にはレインズ登録義務も報告義務もない点もポイントです。自己発見取引については「専任媒介は依頼者が自ら相手方を見つけて直接契約できる（ただし業者に報告は必要）」「専属専任媒介は自己発見取引も業者を通じなければならない」という区別が重要です。専属専任を選んだ依頼者は非常に強い拘束を受けることになるため、それだけ業者の義務（報告頻度・登録期限）も厳しくなっています。制約の強さと義務の重さが比例することを理解すると体系的に記憶できます。,専任媒介・専属専任媒介の有効期間上限は3か月（一般媒介には上限なし）;専任媒介のレインズ登録は7営業日以内;専属専任媒介のレインズ登録は5営業日以内;専任媒介の業務報告義務は2週間に1回以上;専属専任媒介の業務報告義務は1週間に1回以上;専属専任媒介は依頼者の自己発見取引も業者を経由しなければならない;一般媒介にはレインズ登録義務も定期報告義務もない,専属専任のレインズ登録期限を7営業日と誤る（正しくは5営業日）;専任のレインズ登録期限を5営業日と誤る（正しくは7営業日）;専任の報告頻度を1週間と誤る（正しくは2週間）;一般媒介にもレインズ登録義務があると誤解する;有効期間の上限を6か月と誤る（正しくは3か月）,「専属専任は5日・1週間（5と1：より厳しい）」「専任は7日・2週間（7と2：少し緩い）」と数字のセットで覚える。制約が強い方（専属専任）が数値が小さいと記憶する。,専任媒介契約;専属専任媒介契約;一般媒介契約;レインズ,専任媒介と一般媒介の最大の違いは？,専任媒介は依頼者が他の業者に再度媒介を依頼できず、レインズへの登録義務・14日以内の定期報告義務・有効期間3か月などの制限があります。一般媒介は複数業者への依頼が可能で、レインズ登録・定期報告義務はありません。,専属専任媒介との違いは？,専属専任媒介は依頼者自身による売却も制限され、最も依頼者の自由度が低い契約です。専任媒介は依頼者自身による売却は可能です。3種類の媒介契約を一覧表で整理してください。専任媒介・専属専任媒介の有効期間上限は3か月（一般媒介には上限なし）。,試験頻出の数値は？,専任・専属専任の有効期間3か月、14日以内の定期報告、依頼者直接売却時の1/5ルール（報酬減額）などです。一般媒介にはこれらの義務がない点が対比の核心です。専任媒介・専属専任媒介の有効期間上限は3か月（一般媒介には上限なし）。,間違えやすい選択肢は？,一般媒介にもレインズ登録義務がある、専任媒介は依頼者が自分で売却できない（専属専任と混同）、有効期間が6か月など、義務の有無と数値の入れ替えに注意してください。専任媒介・専属専任媒介の有効期間上限は3か月（一般媒介には上限なし）。,2026-05-27
seinin-18-vs-20,成年18歳と旧20歳の引っかけ,権利関係,成年年齢;18歳;未成年者;行為能力;民法改正,2022年4月の民法改正により成年年齢が20歳から18歳に引き下げられたが、試験では「20歳」時代の知識を前提にした古い記憶を利用した誤答選択肢や、成年年齢改正の影響が及ばない制度（飲酒・喫煙・国民年金等）との混同が頻出する。,「成年＝20歳」という長年の常識と改正後の「成年＝18歳」の混在が最大の混乱源。また成年年齢の引き下げが適用される制度と適用されない制度の区別が曖昧になりやすい。,"[{""topic"": ""現在の成年年齢"", ""wrong"": ""民法上の成年年齢は20歳である"", ""correct"": ""2022年4月1日施行の民法改正により、成年年齢は18歳に引き下げられた"", ""trap"": ""改正前の知識のままで解答するケースが最多""}, {""topic"": ""未成年者取消権"", ""wrong"": ""18歳の者が保護者の同意なく締結した売買契約は当然に無効である"", ""correct"": ""改正後、18歳は成年なので未成年者取消権は行使できない（18歳の単独契約は有効）"", ""trap"": ""18歳＝成年＝完全な行為能力者という前提が抜けているケース""}, {""topic"": ""飲酒・喫煙年齢"", ""wrong"": ""民法の成年年齢が18歳になったため、飲酒・喫煙も18歳から許可される"", ""correct"": ""飲酒・喫煙の年齢制限は20歳のまま変更されていない（民法改正の影響外）"", ""trap"": ""「成年＝すべての制限が18歳から解除される」という誤解が生じやすい""}, {""topic"": ""宅建士資格"", ""wrong"": ""宅建士試験は20歳以上でなければ受験できない"", ""correct"": ""宅建士試験に年齢制限はなく、未成年者（17歳以下）でも受験・合格・登録が可能（ただし登録には一定の実務経験等が必要）"", ""trap"": ""「士業資格＝成人以上」というイメージからの誤解""}, {""topic"": ""国民年金加入義務"", ""wrong"": ""成年年齢が18歳になったため、国民年金の強制加入も18歳からになった"", ""correct"": ""国民年金の強制加入年齢は20歳のまま変更されていない"", ""trap"": ""民法の成年年齢と社会保険・公法上の年齢要件は別個に規定されている""}, {""topic"": ""親権"", ""wrong"": ""18歳で成年になっても22歳まで親の親権が継続する場合がある"", ""correct"": ""民法上の成年（18歳）に達すれば親権は自動的に消滅する"", ""trap"": ""「社会的自立」と「法的成年」を混同するケース""}, {""topic"": ""制限行為能力者"", ""wrong"": ""被補佐人は成年（18歳以上）でなければなれない"", ""correct"": ""制限行為能力者（被後見人・被保佐人・被補助人）になるための年齢制限は特にない"", ""trap"": ""成年後見制度の「成年」という言葉から「18歳以上のみ対象」と誤解するケース""}]",【権利関係】成年年齢18歳への改正を完全攻略！旧20歳の引っかけと適用外制度の区別,2022年4月1日に施行された改正民法により、日本の成年年齢は従来の20歳から18歳に引き下げられました。宅建試験においてもこの改正を前提とした問題が出題されており、「旧20歳時代の知識」と「現在の18歳」の混在が多くの受験生の誤答原因となっています。特に宅建の過去問を学習する際、改正前の問題では20歳が基準となっているため注意が必要です。最も重要な試験ポイントは「成年年齢の引き下げが適用される制度と適用されない制度の区別」です。民法の成年年齢（18歳）に連動して変更された制度には「未成年者取消権（18歳以上は行使不可）」「親権の消滅年齢（18歳）」「婚姻可能年齢（男女ともに18歳）」などがあります。一方、飲酒・喫煙の年齢制限（20歳）・国民年金の強制加入（20歳）・競馬等の投票券購入（20歳）は改正の対象外として20歳のままに維持されました。宅建試験において18歳の者が宅建士試験に合格して登録申請することは可能です（年齢制限なし）。しかし18歳でも欠格事由（破産者・刑事罰等）があれば登録できないという別の制限は年齢とは無関係に適用されます。改正の内容と「改正が及ばない例外」をセットで整理し、選択肢を正確に判断できるようにしましょう。,2022年4月1日から成年年齢は18歳;18歳以上は未成年者取消権を行使できない;飲酒・喫煙の年齢制限は20歳のまま（民法改正の影響外）;国民年金の強制加入年齢は20歳のまま;18歳で成年に達すれば親権は自動消滅;宅建士試験に年齢制限はない;婚姻可能年齢は男女ともに18歳（改正で統一）,現在も成年年齢は20歳と誤解する;飲酒・喫煙も18歳から解禁されたと誤解する;国民年金加入義務が18歳からになったと誤解する;18歳の者の単独契約を未成年者取消権で取り消せると誤解する;宅建士登録に年齢制限があると誤解する,「民法は18歳・お酒とタバコは昔のまま20歳」と対比で覚える。「法律上の権利は18歳から・身体に影響する規制は20歳から」という分類で整理すると混乱しにくい。,制限行為能力者;意思表示,成年年齢は何歳ですか？,民法改正により成年年齢は18歳です（2022年4月1日施行）。18歳以上は原則として単独で法律行為ができます。試験では旧来の20歳基準や、後見・保佐開始の年齢と混同する肢に注意してください。2022年4月1日から成年年齢は18歳。,18歳未満の法律行為は？,原則として法定代理人（親権者等）の同意が必要です。ただし日常の少額の契約など、一定の行為は例外として有効とされる場合があります。制限行為能力者の保護の条文とセットで整理してください。2022年4月1日から成年年齢は18歳。,後見・保佐・補助との関係は？,成年被後見人・被保佐人・被補助人は成年年齢に達していても、家庭裁判所の審判により一定の法律行為が制限されます。単に18歳かどうかだけで判断できないケースも出題されます。2022年4月1日から成年年齢は18歳。,試験対策のポイントは？,「20歳から成年」「18歳でもすべて制限行為能力者」などの旧情報・過剰一般化を排除し、制限行為能力者の種類ごとの効力を表形式で確認してください。2022年4月1日から成年年齢は18歳。18歳以上は未成年者取消権を行使できない。,2026-05-27
takkenshi-menkyo-kon,宅建士と免許の混同,宅建業法,宅建士;宅建業免許;欠格事由;登録;専任の宅建士,宅建士（資格者・登録者）と宅建業の免許（業者としての許可）は別個の制度だが、欠格事由・申請先・更新期間・廃業・取消しの要件が混在しやすく、試験で頻繁に混同させる選択肢が出題される。,「宅建士登録」と「宅建業免許」はどちらも監督官庁が絡み、欠格事由も類似しているため、申請先（知事）・更新期間（5年・5年）の同一点と、対象・効果の違いを正確に区別できていないケースが多い。,"[{""topic"": ""免許の有効期間"", ""wrong"": ""宅建業の免許の有効期間は3年で、更新しなければ失効する"", ""correct"": ""宅建業の免許の有効期間は5年で、更新しなければ失効する"", ""trap"": ""宅建士証の有効期間も5年なので「2つとも5年」という共通点を覚えれば混同しない""}, {""topic"": ""免許の申請先"", ""wrong"": ""2つ以上の都道府県に事務所を設ける場合、各都道府県知事に免許申請する"", ""correct"": ""2つ以上の都道府県に事務所を設ける場合、国土交通大臣への免許申請が必要"", ""trap"": ""宅建士の登録は都道府県知事だが、複数都府県にまたがる業者免許は大臣免許""}, {""topic"": ""専任の宅建士の人数"", ""wrong"": ""宅建業者は事務所ごとに少なくとも5人に1人の割合で宅建士を置けばよい"", ""correct"": ""事務所には業務に従事する者5人に1人以上の割合で専任の宅建士が必要"", ""trap"": ""「5人に1人以上」は正しいが「少なくとも」という文言の解釈でミスするケース""}, {""topic"": ""欠格事由（宅建士）"", ""wrong"": ""禁錮以上の刑に処せられた場合、宅建士の登録は永久に受けられない"", ""correct"": ""禁錮以上の刑に処せられた場合、刑の執行終了等から5年間は宅建士登録ができない"", ""trap"": ""「永久欠格」は一部の犯罪に限られており、多くは「5年間」という期間制限付き""}, {""topic"": ""欠格事由（免許）"", ""wrong"": ""宅建業の免許を取り消された業者は永久に再申請できない"", ""correct"": ""不正取消しを受けた業者は取消しから5年間は免許を受けられない（5年経過後は再申請可）"", ""trap"": ""免許取消しも5年間の欠格期間が基本であり、永久欠格ではないことを押さえる""}, {""topic"": ""廃業届の提出"", ""wrong"": ""宅建業者が廃業した場合、30日以内に免許権者へ廃業届を提出しなければならない"", ""correct"": ""廃業の場合は廃業の日から30日以内に免許権者に届出（合併消滅・死亡の場合は30日以内に届出が必要）"", ""trap"": ""廃業届の提出期限（30日以内）は正しいが、死亡の場合は相続人が届け出る点を忘れやすい""}, {""topic"": ""宅建士証の提出"", ""wrong"": ""宅建士が登録の消除処分を受けた場合、宅建士証を自主的に返納すれば足りる"", ""correct"": ""登録の消除処分を受けた宅建士は速やかに宅建士証を知事に返納しなければならない義務がある"", ""trap"": ""「自主的な返納」ではなく法律上の返納義務があることを押さえる""}]",【宅建業法】宅建士登録と宅建業免許の混同を完全排除！欠格事由・更新・申請先の正確な区別,宅建業法において「宅建士（宅地建物取引士）の登録・宅建士証」と「宅建業者の免許」は別個の制度ですが、多くの受験生がこの2つを混同して誤答します。両制度はいずれも都道府県知事または国土交通大臣が関与し、欠格事由の構造も類似しているため、それぞれの申請先・有効期間・欠格要件・更新手続きを正確に整理することが必要です。宅建業免許の有効期間は5年、宅建士証の有効期間も5年です。この「どちらも5年」という点は覚えやすいですが、試験では「3年」「10年」などの誤った数値が選択肢に含まれるため注意が必要です。免許の申請先については、1つの都道府県内のみに事務所を設ける場合はその知事、2つ以上の都道府県にまたがる場合は国土交通大臣に申請します。一方、宅建士の登録は試験合格した都道府県知事に申請し、業務地域に関わらず1か所の都道府県に登録するという構造です。欠格事由については「宅建業法に基づく取消しや懲役・禁錮の刑から5年間は免許・登録ができない」という5年ルールが基本です。「永久欠格」に該当するケースはほとんどなく、多くは期間制限付きの欠格事由です。また廃業・死亡・解散等の際には各30日以内に届出が必要という手続き上の期限も頻出論点です。これらを一覧表で整理して確認することで、宅建士と免許の混同を根本から解消できます。,宅建業免許の有効期間は5年;宅建士証の有効期間も5年;2つ以上の都道府県に事務所があれば国土交通大臣免許;宅建士登録は合格した都道府県知事に申請;事務所には業務従事者5人に1人以上の専任の宅建士が必要;禁錮以上の刑の執行終了後5年間は登録・免許不可;廃業・死亡等は30日以内に免許権者へ届出;登録消除処分を受けた宅建士は速やかに宅建士証を返納する義務,宅建業免許の有効期間を3年と誤る（正しくは5年）;複数都道府県に事務所がある業者も知事免許でよいと誤解する;宅建業法違反による取消し後の欠格期間を「永久」と誤解する（正しくは5年）;廃業届の提出期限を30日から別の日数と誤解する;宅建士登録消除後の宅建士証の返納が任意と誤解する,「宅建士も免許もどちらも5年更新」と共通点で覚え、「申請先は事務所の数で変わる（1都道府県＝知事、複数＝大臣）」という分岐で区別する。欠格期間は「ほぼすべて5年」と統一イメージで記憶する。,宅建士;宅建士資格登録簿,宅建士と宅建業免許の違いは？,宅建士は個人の国家資格（試験合格後の登録）であり、宅建業免許は法人・個人の事業者が宅建業を営むための許可です。取得主体・更新周期・申請先が異なります。宅建業免許の有効期間は5年。宅建士証の有効期間も5年。,有効期間と更新は？,宅建士証の有効期間は5年、宅建業免許の有効期間も5年です。更新手続きはそれぞれ別で、混同しやすいのは「申請先」です。事務所が1都道府県のみなら知事免許、複数都道府県なら国土交通大臣免許です。宅建業免許の有効期間は5年。,事務所の専任宅建士は？,宅建業者は事務所ごとに業務従事者5人に1人以上の専任の宅建士を置く必要があります。宅建士個人の資格と、事業者としての組織要件は別問題です。宅建業免許の有効期間は5年。宅建士証の有効期間も5年。2つ以上の都道府県に事務所があれば国土交通大臣免許。,試験で出やすい誤答は？,免許の有効期間3年、複数都道府県でも知事免許でよい、宅建士登録は国土交通大臣に行う、取消し後は永久欠格など。欠格期間は多くが5年である点も確認してください。宅建業免許の有効期間は5年。宅建士証の有効期間も5年。,2026-05-27
ju35-ju37-shomen-kon,35条書面と37条書面の混同,宅建業法,35条書面;37条書面;重要事項説明,宅建業法の35条（重要事項説明）と37条（契約書面）を、時期・目的・記載事項で取り違える典型誤答です。,「書面を交付すれば説明済み」と短絡し、申込み前の説明と成立時の契約書面を同一視しやすい。,"[{""topic"": ""時期"", ""wrong"": ""37条書面を申込み前に交付すれば35条説明は不要"", ""correct"": ""35条は契約の申込みを受ける前、37条は契約成立時に交付"", ""trap"": ""「前か後か」で区別""}, {""topic"": ""目的"", ""wrong"": ""35条は契約内容の確定、37条は重要事項の説明"", ""correct"": ""35条は重要事項の説明、37条は契約内容の記載・交付"", ""trap"": ""目的の入れ替え肢""}, {""topic"": ""記載"", ""wrong"": ""35条に売買代金の支払時期を必ず記載"", ""correct"": ""37条に代金・引渡し等の契約内容、35条は重要事項の範囲"", ""trap"": ""記載事項の混同""}, {""topic"": ""電子"", ""wrong"": ""IT重説は37条のみで可"", ""correct"": ""IT重説は35条説明の方式（要件を満たす場合）"", ""trap"": ""条文の取り違え""}, {""topic"": ""違反効果"", ""wrong"": ""37条未交付でも契約は有効で罰則なし"", ""correct"": ""37条違反は罰則、35条は説明義務違反で損害賠償等"", ""trap"": ""効果の混同""}]",【宅建業法】35条書面と37条書面の違い｜時期・目的・記載事項,宅建試験では35条（重要事項説明）と37条（契約書面）の「いつ・何のため・何を書くか」が頻出です。管理受託の重要事項説明と類推比較する問題もあるため、時系列で整理してください。数値・手続の最新は公益財団法人 全日本不動産協会・公益財団法人 不動産流通推進センターの試験要項・法令改正情報で必ずご確認ください。,35条＝申込前・説明;37条＝成立時・契約;記載事項は別;IT重説は35条側,37条だけで説明済み;35条不要;記載事項同一;時期逆,「説明＝35・契約＝37」を時系列で暗記。,重要事項説明（35条書面）;37条書面;契約書の作成・交付（37条）,35条書面のタイミングはいつですか？,宅地建物取引業者が、売買・交換・貸借の契約の申込みを受ける前に、重要事項を説明するため交付します。口頭のみでは原則足りません。35条＝申込前・説明。37条＝成立時・契約。記載事項は別。IT重説は35条側。,37条書面のタイミングはいつですか？,契約が成立したときに、契約の内容を記載した書面を交付します。35条とは目的が異なります。35条＝申込前・説明。37条＝成立時・契約。記載事項は別。IT重説は35条側。「説明＝35・契約＝37」を時系列で暗記。,試験で落としやすい肢は？,35条と37条の目的・時期・記載事項を入れ替えた肢、または「37条だけで説明済み」とする肢が典型です。35条＝申込前・説明。37条＝成立時・契約。記載事項は別。IT重説は35条側。「説明＝35・契約＝37」を時系列で暗記。,関連する宅建の論点は？,クーリングオフ、手付解除、媒介契約の報告義務など取引全体とセットで出題されます。比較表を作成してください。35条＝申込前・説明。37条＝成立時・契約。記載事項は別。IT重説は35条側。「説明＝35・契約＝37」を時系列で暗記。,2026-05-27
futsu-teiki-chintai-kon,普通借家権と定期借家権の混同,権利関係,借地借家法;定期借地権・定期借家権;法定更新（借地借家法）,建物賃貸借の普通借家権（更新・正当事由）と定期借家権（期間満了で終了）を取り違える誤答パターンです。,「借家権は更新できる」と一括りにし、定期借家の期間満了終了・再契約の特殊性を見落としやすい。,"[{""topic"": ""更新"", ""wrong"": ""定期借家も法定更新で当然更新"", ""correct"": ""普通借家は更新可能、定期借家は期間満了で終了（再契約は別）"", ""trap"": ""更新の有無""}, {""topic"": ""正当事由"", ""wrong"": ""定期借家の更新拒絶に正当事由が必要"", ""correct"": ""普通借家の更新拒絶に正当事由、定期は期間満了で終了"", ""trap"": ""拒絶理由の混同""}, {""topic"": ""期間"", ""wrong"": ""定期借家に法定最短30年"", ""correct"": ""借地の定期と借家の定期は規制が異なる（条文で確認）"", ""trap"": ""借地・借家の混同""}, {""topic"": ""立退料"", ""wrong"": ""定期借家でも更新拒絶で立退料"", ""correct"": ""普通借家の更新拒絶時の立退料と定期終了は別論点"", ""trap"": ""補償の混同""}, {""topic"": ""契約"", ""wrong"": ""定期借家は口頭で有効"", ""correct"": ""定期建物賃貸借は書面等の要件（改正・要項確認）"", ""trap"": ""方式要件""}]",【借地借家法】普通借家権と定期借家権の誤答パターン,マンション・戸建の賃貸借では、普通か定期かで借主の安定性が大きく変わります。更新・正当事由・期間満了のフローを図示して暗記してください。数値・手続の最新は公益財団法人 全日本不動産協会・公益財団法人 不動産流通推進センターの試験要項・法令改正情報で必ずご確認ください。,普通＝更新・正当事由;定期＝期間満了終了;立退料は普通側;書面要件,定期も法定更新;正当事由不要;口頭定期可;借地と同一,「普通＝更新」「定期＝満了終了」を対で記憶。,借地借家法;定期借地権・定期借家権;法定更新（借地借家法）,普通借家権の特徴は何ですか？,原則として更新があり、賃貸人が更新を拒絶するには正当事由が必要です。更新料・立退料も論点になります。普通＝更新・正当事由。定期＝期間満了終了。立退料は普通側。書面要件。「普通＝更新」「定期＝満了終了」を対で記憶。,定期借家権の特徴は何ですか？,当事者が定めた期間の満了により賃貸借が終了します。再契約は新たな合意が必要で、普通借家の更新と別です。普通＝更新・正当事由。定期＝期間満了終了。立退料は普通側。書面要件。「普通＝更新」「定期＝満了終了」を対で記憶。,試験対策のコツは？,普通・定期・借地の定期を表にし、更新の有無・正当事由・期間満了を列で比較してください。普通＝更新・正当事由。定期＝期間満了終了。立退料は普通側。書面要件。「普通＝更新」「定期＝満了終了」を対で記憶。誤りやすいのは「定期も法定更新」と捉えることです。,関連条文は？,借地借家法の建物賃貸借・定期建物賃貸借の条文と、関連する用語ページを参照してください。普通＝更新・正当事由。定期＝期間満了終了。立退料は普通側。書面要件。「普通＝更新」「定期＝満了終了」を対で記憶。誤りやすいのは「定期も法定更新」と捉えることです。,2026-05-27
teito-konteito-kon,抵当権と根抵当権の混同,権利関係,抵当権;根抵当権;根抵当権の極度額,被担保債権の特定・極度額・随伴性など、抵当権と根抵当権の制度差を取り違える誤答です。,「どちらも不動産を担保にする」と共通点だけで、被担保債権の範囲と極度額の考え方を混同しやすい。,"[{""topic"": ""被担保債権"", ""wrong"": ""根抵当でも当初から特定の1債権のみを担保"", ""correct"": ""抵当権は特定債権、根抵当は不特定債権を極度額の範囲で担保"", ""trap"": ""特定・不特定""}, {""topic"": ""極度額"", ""wrong"": ""抵当権にも極度額を定める"", ""correct"": ""根抵当権は極度額が必須、抵当権は債権額が担保額"", ""trap"": ""極度額の有無""}, {""topic"": ""随伴性"", ""wrong"": ""根抵当権は主債権消滅で必ず消滅"", ""correct"": ""抵当権は従属性が強い、根抵当は確定後の払い出し等で整理"", ""trap"": ""消滅タイミング""}, {""topic"": ""順位"", ""wrong"": ""根抵当は常に抵当権より後順位"", ""correct"": ""設定順・順位の譲渡で決まり、種類だけでは決まらない"", ""trap"": ""順位の誤解""}, {""topic"": ""実行"", ""wrong"": ""根抵当は競売のみ"", ""correct"": ""抵当権・根抵当とも競売等の実行手続（論点は条文・判例）"", ""trap"": ""実行方法""}]",【権利関係】抵当権と根抵当権の誤答｜極度額・被担保債権,不動産担保は宅建の権利関係で毎年出題されます。抵当権は特定債権、根抵当は極度額内の不特定債権という骨格を押さえ、順位・共同抵当・実行とセットで学習してください。,抵当＝特定債権;根抵当＝極度額・不特定;順位は設定順;実行は競売等,根抵当に極度額不要;抵当で不特定債権;種類で順位固定;随伴性同一,「特定＝抵当」「極度額＝根抵当」。,抵当権;根抵当権;根抵当権の極度額,抵当権の被担保債権は？,特定の債権を担保します。債権額が担保の限度となり、抵当権設定時に債権が特定されている必要があります。抵当＝特定債権。根抵当＝極度額・不特定。順位は設定順。実行は競売等。「特定＝抵当」「極度額＝根抵当」。,根抵当権の特徴は？,極度額の範囲内で、将来発生する不特定の債権を包括的に担保します。極度額の記載が要件です。抵当＝特定債権。根抵当＝極度額・不特定。順位は設定順。実行は競売等。「特定＝抵当」「極度額＝根抵当」。誤りやすいのは「根抵当に極度額不要」と捉えることです。,試験でよく出る引っかけは？,極度額と債権額の混同、根抵当の被担保債権を「当初から1件のみ」と限定する肢、随伴性の説明の誤りです。抵当＝特定債権。根抵当＝極度額・不特定。順位は設定順。実行は競売等。「特定＝抵当」「極度額＝根抵当」。,関連する論点は？,抵当権の順位、共同抵当、抵当権の実行、根抵当権の確定など用語集と過去問で確認してください。抵当＝特定債権。根抵当＝極度額・不特定。順位は設定順。実行は競売等。「特定＝抵当」「極度額＝根抵当」。誤りやすいのは「根抵当に極度額不要」と捉えることです。,2026-05-27
it-jusetsu-kon,IT重説を口頭のみとする誤り,宅建業法,IT重説;35条,IT重説を口頭説明のみで済ませると誤解するパターンです。,双方向・承諾・書面を省略する誤り。,"[{""topic"": ""方式"", ""wrong"": ""口頭のみ"", ""correct"": ""双方向映像・音声"", ""trap"": ""方式誤""}, {""topic"": ""承諾"", ""wrong"": ""承諾不要"", ""correct"": ""相手方承諾必要"", ""trap"": ""承諾誤""}, {""topic"": ""書面"", ""wrong"": ""書面不要"", ""correct"": ""事前書面交付"", ""trap"": ""書面誤""}, {""topic"": ""37条"", ""wrong"": ""ITで37条不要"", ""correct"": ""35条と37条は別"", ""trap"": ""条文誤""}]",IT重説口頭のみの誤解｜宅建業法,IT重説は双方向性・承諾・事前書面が要件です。口頭のみや一方的動画では35条説明として足りません。数値・手続の最新は公益財団法人 全日本不動産協会・公益財団法人 不動産流通推進センターの試験要項・法令改正情報で必ずご確認ください。,双方向必須;承諾・書面;35条説明;37条は別,口頭のみ可;承諾不要と誤解しがち,「双方向・承諾・書面」。,IT重説;重要事項説明（35条書面）;37条書面,「IT重説を口頭のみとする誤り」の試験での位置づけは？,IT重説は双方向性・承諾・事前書面が要件です。口頭のみや一方的動画では35条説明として足りません。数値・手続の最新は公益財団法人 全日本不動産協会・公益財団法人 不動産流通推進センターの試験要項・法令改正情報で必ずご確認ください。 試験では双方向必須を軸に、関連条文・数値・主体の取り違えを照合してください。,「IT重説を口頭のみとする誤り」でよくある誤答パターンは？,試験論点・条文・数値の対応を比較表に整理し、過去問で正誤の型を分類してください。 過去問で正誤の型を分類し、試験要項で数値・期限を照合してください。 試験では双方向必須をセットで確認してください。 誤答では口頭のみ可に注意してください。,「IT重説を口頭のみとする誤り」の覚え方・確認手順は？,試験論点・条文・数値の対応を比較表に整理し、過去問で正誤の型を分類してください。 過去問で正誤の型を分類し、試験要項で数値・期限を照合してください。 試験では双方向必須をセットで確認してください。 誤答では口頭のみ可に注意してください。,「IT重説を口頭のみとする誤り」の公式情報はどこで確認しますか？,試験論点・条文・数値の対応を比較表に整理し、過去問で正誤の型を分類してください。 過去問で正誤の型を分類し、試験要項で数値・期限を照合してください。 試験では双方向必須をセットで確認してください。 誤答では口頭のみ可に注意してください。,2026-05-27
baikai-houshuu-kon,報酬を手付金から控除する誤り,宅建業法,報酬;手付金,媒介報酬を手付金から控除できると誤解するパターンです。,手付金＝報酬と短絡する誤り。,"[{""topic"": ""報酬"", ""wrong"": ""手付金から控除"", ""correct"": ""依頼者から別途"", ""trap"": ""控除誤""}, {""topic"": ""上限"", ""wrong"": ""上限なし"", ""correct"": ""46条上限あり"", ""trap"": ""上限誤""}, {""topic"": ""手付"", ""wrong"": ""報酬兼ねる"", ""correct"": ""別概念"", ""trap"": ""概念誤""}, {""topic"": ""借主"", ""wrong"": ""借主も報酬"", ""correct"": ""依頼者負担が原則"", ""trap"": ""負担誤""}]",報酬と手付金の混同｜宅建業法,媒介報酬は依頼者から受け取る手数料、手付金は契約の担保です。手付金から報酬を控除できるとする肢は誤りです。数値・手続の最新は公益財団法人 全日本不動産協会・公益財団法人 不動産流通推進センターの試験要項・法令改正情報で必ずご確認ください。,報酬＝手数料;手付＝担保;上限あり;別途支払,手付から控除;上限なしと誤解しがち,「報酬≠手付」を確認。,報酬の計算（売買）;手付金等の保全措置;媒介契約の種類,「報酬を手付金から控除する誤り」の試験での位置づけは？,媒介報酬は依頼者から受け取る手数料、手付金は契約の担保です。手付金から報酬を控除できるとする肢は誤りです。数値・手続の最新は公益財団法人 全日本不動産協会・公益財団法人 不動産流通推進センターの試験要項・法令改正情報で必ずご確認ください。 試験では報酬＝手数料を軸に、関連条文・数値・主体の取り違えを照合してください。,「報酬を手付金から控除する誤り」でよくある誤答パターンは？,試験論点・条文・数値の対応を比較表に整理し、過去問で正誤の型を分類してください。 過去問で正誤の型を分類し、試験要項で数値・期限を照合してください。 試験では報酬＝手数料をセットで確認してください。 誤答では手付から控除に注意してください。,「報酬を手付金から控除する誤り」の覚え方・確認手順は？,試験論点・条文・数値の対応を比較表に整理し、過去問で正誤の型を分類してください。 過去問で正誤の型を分類し、試験要項で数値・期限を照合してください。 試験では報酬＝手数料をセットで確認してください。 誤答では手付から控除に注意してください。,「報酬を手付金から控除する誤り」の公式情報はどこで確認しますか？,試験論点・条文・数値の対応を比較表に整理し、過去問で正誤の型を分類してください。 過去問で正誤の型を分類し、試験要項で数値・期限を照合してください。 試験では報酬＝手数料をセットで確認してください。 誤答では手付から控除に注意してください。,2026-05-27
tesuki-hoshoku-kon,手付金保全と手付解除の混同,宅建業法,手付金;保全;解除,手付金保全措置と手付解除（解約手付）を同一視する誤り。,保全＝解除と短絡する。,"[{""topic"": ""保全"", ""wrong"": ""解除と同一"", ""correct"": ""預託等の保全"", ""trap"": ""保全誤""}, {""topic"": ""解除"", ""wrong"": ""8日で解除"", ""correct"": ""手付解除は民法"", ""trap"": ""期間誤""}, {""topic"": ""35条"", ""wrong"": ""保全不要"", ""correct"": ""説明事項"", ""trap"": ""説明誤""}, {""topic"": ""5%"", ""wrong"": ""10%まで"", ""correct"": ""5%上限"", ""trap"": ""数値誤""}]",手付保全と解除の混同｜宅建業法,手付金保全は預託等による保護、手付解除は民法上の契約解除です。クーリングオフとも区別してください。数値・手続の最新は公益財団法人 全日本不動産協会・公益財団法人 不動産流通推進センターの試験要項・法令改正情報で必ずご確認ください。,保全＝預託;解除＝民法;クーリングオフ＝8日;5%上限,同一;8日＝手付解除と混同しがち,「保全・解除・8日」を分離。,手付金等の保全措置;手付解除;クーリングオフ,「手付金保全と手付解除の混同」の試験での位置づけは？,手付金保全は預託等による保護、手付解除は民法上の契約解除です。クーリングオフとも区別してください。数値・手続の最新は公益財団法人 全日本不動産協会・公益財団法人 不動産流通推進センターの試験要項・法令改正情報で必ずご確認ください。 試験では保全＝預託を軸に、関連条文・数値・主体の取り違えを照合してください。,「手付金保全と手付解除の混同」でよくある誤答パターンは？,試験論点・条文・数値の対応を比較表に整理し、過去問で正誤の型を分類してください。 過去問で正誤の型を分類し、試験要項で数値・期限を照合してください。 試験では保全＝預託をセットで確認してください。 誤答では同一に注意してください。,「手付金保全と手付解除の混同」の覚え方・確認手順は？,試験論点・条文・数値の対応を比較表に整理し、過去問で正誤の型を分類してください。 過去問で正誤の型を分類し、試験要項で数値・期限を照合してください。 試験では保全＝預託をセットで確認してください。 誤答では同一に注意してください。,「手付金保全と手付解除の混同」の公式情報はどこで確認しますか？,試験論点・条文・数値の対応を比較表に整理し、過去問で正誤の型を分類してください。 過去問で正誤の型を分類し、試験要項で数値・期限を照合してください。 試験では保全＝預託をセットで確認してください。 誤答では同一に注意してください。,2026-05-27
shakka-koushin-kon,借地更新と借家更新の混同,権利関係,借地;借家;更新,借地の更新制度を借家と同一視する誤り。,期間・更新料・正当事由を混同。,"[{""topic"": ""期間"", ""wrong"": ""同一"", ""correct"": ""借地30年等・借家1年超"", ""trap"": ""期間誤""}, {""topic"": ""更新料"", ""wrong"": ""同一上限"", ""correct"": ""土地・建物で異なる"", ""trap"": ""更新料誤""}, {""topic"": ""申入"", ""wrong"": ""同一"", ""correct"": ""借家は1年〜6ヶ月前"", ""trap"": ""申入誤""}, {""topic"": ""定期"", ""wrong"": ""同一"", ""correct"": ""定期借地・定期借家別"", ""trap"": ""定期誤""}]",借地借家更新の混同｜借地借家法,借地と借家では更新申入期間・更新料上限・正当事由が異なります。同一制度とみなさないでください。数値・手続の最新は公益財団法人 全日本不動産協会・公益財団法人 不動産流通推進センターの試験要項・法令改正情報で必ずご確認ください。,土地・建物で別;数値別;定期別;条文確認,借地＝借家;更新同一と混同しがち,「土地」「建物」で表を分ける。,借地借家法;正当事由;法定更新,「借地更新と借家更新の混同」の試験での位置づけは？,借地と借家では更新申入期間・更新料上限・正当事由が異なります。同一制度とみなさないでください。数値・手続の最新は公益財団法人 全日本不動産協会・公益財団法人 不動産流通推進センターの試験要項・法令改正情報で必ずご確認ください。 試験では土地・建物で別を軸に、関連条文・数値・主体の取り違えを照合してください。,「借地更新と借家更新の混同」でよくある誤答パターンは？,試験論点・条文・数値の対応を比較表に整理し、過去問で正誤の型を分類してください。 過去問で正誤の型を分類し、試験要項で数値・期限を照合してください。 試験では土地・建物で別をセットで確認してください。,「借地更新と借家更新の混同」の覚え方・確認手順は？,試験論点・条文・数値の対応を比較表に整理し、過去問で正誤の型を分類してください。 過去問で正誤の型を分類し、試験要項で数値・期限を照合してください。 試験では土地・建物で別をセットで確認してください。,「借地更新と借家更新の混同」の公式情報はどこで確認しますか？,試験論点・条文・数値の対応を比較表に整理し、過去問で正誤の型を分類してください。 過去問で正誤の型を分類し、試験要項で数値・期限を照合してください。 試験では土地・建物で別をセットで確認してください。,2026-05-27
koukoku-daitai-kon,広告と代理の混同,宅建業法,広告;代理,広告規制と代理契約の報酬規制を混同する誤り。,表示義務＝報酬上限と短絡。,"[{""topic"": ""広告"", ""wrong"": ""報酬上限"", ""correct"": ""虚偽誇大禁止"", ""trap"": ""規制誤""}, {""topic"": ""代理"", ""wrong"": ""広告不要"", ""correct"": ""報酬上限あり"", ""trap"": ""代理誤""}, {""topic"": ""表示"", ""wrong"": ""許可番号不要"", ""correct"": ""表示義務あり"", ""trap"": ""表示誤""}, {""topic"": ""レインズ"", ""wrong"": ""広告で可"", ""correct"": ""登録義務別"", ""trap"": ""登録誤""}]",広告と代理の混同｜宅建業法,広告規制は表示の正確性、代理契約は業務・報酬の規律です。レインズ登録とも別義務です。数値・手続の最新は公益財団法人 全日本不動産協会・公益財団法人 不動産流通推進センターの試験要項・法令改正情報で必ずご確認ください。,広告＝表示;代理＝報酬;レインズ＝登録;別義務,同一;広告＝登録と混同と混同しがち,「広告・代理・登録」を分離。,広告規制;代理;レインズ,「広告と代理の混同」の試験での位置づけは？,広告規制は表示の正確性、代理契約は業務・報酬の規律です。レインズ登録とも別義務です。数値・手続の最新は公益財団法人 全日本不動産協会・公益財団法人 不動産流通推進センターの試験要項・法令改正情報で必ずご確認ください。 試験では広告＝表示を軸に、関連条文・数値・主体の取り違えを照合してください。,「広告と代理の混同」でよくある誤答パターンは？,試験論点・条文・数値の対応を比較表に整理し、過去問で正誤の型を分類してください。 過去問で正誤の型を分類し、試験要項で数値・期限を照合してください。 試験では広告＝表示をセットで確認してください。 誤答では同一に注意してください。,「広告と代理の混同」の覚え方・確認手順は？,試験論点・条文・数値の対応を比較表に整理し、過去問で正誤の型を分類してください。 過去問で正誤の型を分類し、試験要項で数値・期限を照合してください。 試験では広告＝表示をセットで確認してください。 誤答では同一に注意してください。,「広告と代理の混同」の公式情報はどこで確認しますか？,試験論点・条文・数値の対応を比較表に整理し、過去問で正誤の型を分類してください。 過去問で正誤の型を分類し、試験要項で数値・期限を照合してください。 試験では広告＝表示をセットで確認してください。 誤答では同一に注意してください。,2026-05-27
reins-teikyo-kon,レインズ登録を省略する誤り,宅建業法,レインズ;登録,レインズへの登録義務を不要とする誤り。,広告だけで足りると誤解。,"[{""topic"": ""登録"", ""wrong"": ""不要"", ""correct"": ""媒介物件登録義務"", ""trap"": ""登録誤""}, {""topic"": ""期限"", ""wrong"": ""自由"", ""correct"": ""専任14日等"", ""trap"": ""期限誤""}, {""topic"": ""報告"", ""wrong"": ""不要"", ""correct"": ""取引状況報告"", ""trap"": ""報告誤""}, {""topic"": ""広告"", ""wrong"": ""登録で可"", ""correct"": ""別義務"", ""trap"": ""義務誤""}]",レインズ登録省略の誤解｜宅建業法,媒介物件はレインズへの登録義務があり、専任媒介では14日以内の報告も問題になります。数値・手続の最新は公益財団法人 全日本不動産協会・公益財団法人 不動産流通推進センターの試験要項・法令改正情報で必ずご確認ください。,登録義務;専任14日;一般7日;広告と別,登録不要;報告不要と誤解しがち,「登録＋報告」を確認。,レインズ;専任媒介契約;一般媒介契約,「レインズ登録を省略する誤り」の試験での位置づけは？,媒介物件はレインズへの登録義務があり、専任媒介では14日以内の報告も問題になります。数値・手続の最新は公益財団法人 全日本不動産協会・公益財団法人 不動産流通推進センターの試験要項・法令改正情報で必ずご確認ください。 試験では登録義務を軸に、関連条文・数値・主体の取り違えを照合してください。,「レインズ登録を省略する誤り」でよくある誤答パターンは？,試験論点・条文・数値の対応を比較表に整理し、過去問で正誤の型を分類してください。 過去問で正誤の型を分類し、試験要項で数値・期限を照合してください。 試験では登録義務をセットで確認してください。 誤答では登録不要に注意してください。,「レインズ登録を省略する誤り」の覚え方・確認手順は？,試験論点・条文・数値の対応を比較表に整理し、過去問で正誤の型を分類してください。 過去問で正誤の型を分類し、試験要項で数値・期限を照合してください。 試験では登録義務をセットで確認してください。 誤答では登録不要に注意してください。,「レインズ登録を省略する誤り」の公式情報はどこで確認しますか？,試験論点・条文・数値の対応を比較表に整理し、過去問で正誤の型を分類してください。 過去問で正誤の型を分類し、試験要項で数値・期限を照合してください。 試験では登録義務をセットで確認してください。 誤答では登録不要に注意してください。,2026-05-27
chuko-hyoka-kon,中古評価で35条不要の誤り,宅建業法,中古住宅;35条,性能評価書があれば35条説明が不要とする誤り。,評価＝35条代替と短絡。,"[{""topic"": ""35条"", ""wrong"": ""評価で不要"", ""correct"": ""35条は別義務"", ""trap"": ""35条誤""}, {""topic"": ""評価"", ""wrong"": ""義務"", ""correct"": ""任意が中心"", ""trap"": ""評価誤""}, {""topic"": ""説明"", ""wrong"": ""省略可"", ""correct"": ""取引士が説明"", ""trap"": ""説明誤""}, {""topic"": ""37条"", ""wrong"": ""評価で可"", ""correct"": ""37条は別"", ""trap"": ""37条誤""}]",中古評価と35条の混同｜宅建業法,中古住宅の性能評価は品質情報の提供であり、35条重要事項説明の代替にはなりません。数値・手続の最新は公益財団法人 全日本不動産協会・公益財団法人 不動産流通推進センターの試験要項・法令改正情報で必ずご確認ください。,評価≠35条;説明義務継続;37条も別;記載事項確認,評価で35条不要と誤解と混同しがち,「35条は別義務」。,重要事項説明（35条書面）;35条書面;宅建士,「中古評価で35条不要の誤り」の試験での位置づけは？,中古住宅の性能評価は品質情報の提供であり、35条重要事項説明の代替にはなりません。数値・手続の最新は公益財団法人 全日本不動産協会・公益財団法人 不動産流通推進センターの試験要項・法令改正情報で必ずご確認ください。 試験では評価≠35条を軸に、関連条文・数値・主体の取り違えを照合してください。,「中古評価で35条不要の誤り」でよくある誤答パターンは？,試験論点・条文・数値の対応を比較表に整理し、過去問で正誤の型を分類してください。 過去問で正誤の型を分類し、試験要項で数値・期限を照合してください。 試験では評価≠35条をセットで確認してください。 誤答では評価で35条不要と誤解と混同しがちに注意してください。,「中古評価で35条不要の誤り」の覚え方・確認手順は？,試験論点・条文・数値の対応を比較表に整理し、過去問で正誤の型を分類してください。 過去問で正誤の型を分類し、試験要項で数値・期限を照合してください。 試験では評価≠35条をセットで確認してください。 誤答では評価で35条不要と誤解と混同しがちに注意してください。,「中古評価で35条不要の誤り」の公式情報はどこで確認しますか？,試験論点・条文・数値の対応を比較表に整理し、過去問で正誤の型を分類してください。 過去問で正誤の型を分類し、試験要項で数値・期限を照合してください。 試験では評価≠35条をセットで確認してください。 誤答では評価で35条不要と誤解と混同しがちに注意してください。,2026-05-27
shikikin-tesuryo-kon,敷金を手数料とする誤り,権利関係,敷金;手数料,敷金を媒介手数料と混同する誤り。,預り金＝報酬と短絡。,"[{""topic"": ""敷金"", ""wrong"": ""手数料"", ""correct"": ""預り金"", ""trap"": ""性質誤""}, {""topic"": ""返還"", ""wrong"": ""不要"", ""correct"": ""契約終了後返還"", ""trap"": ""返還誤""}, {""topic"": ""上限"", ""wrong"": ""なし"", ""correct"": ""2倍等"", ""trap"": ""上限誤""}, {""topic"": ""報酬"", ""wrong"": ""敷金から"", ""correct"": ""依頼者から別途"", ""trap"": ""報酬誤""}]",敷金と手数料の混同｜借地借家法,敷金は賃借人から預かる金銭、媒介手数料は依頼者からの報酬です。性質・返還・上限がすべて異なります。数値・手続の最新は公益財団法人 全日本不動産協会・公益財団法人 不動産流通推進センターの試験要項・法令改正情報で必ずご確認ください。,敷金＝預り;手数料＝報酬;返還ルール別;2倍上限,同一;敷金＝手数料と混同しがち,「敷金≠手数料」を確認。,敷金・礼金;報酬の計算（売買）;借地借家法,「敷金を手数料とする誤り」の試験での位置づけは？,敷金は賃借人から預かる金銭、媒介手数料は依頼者からの報酬です。性質・返還・上限がすべて異なります。数値・手続の最新は公益財団法人 全日本不動産協会・公益財団法人 不動産流通推進センターの試験要項・法令改正情報で必ずご確認ください。 試験では敷金＝預りを軸に、関連条文・数値・主体の取り違えを照合してください。,「敷金を手数料とする誤り」でよくある誤答パターンは？,試験論点・条文・数値の対応を比較表に整理し、過去問で正誤の型を分類してください。 過去問で正誤の型を分類し、試験要項で数値・期限を照合してください。 試験では敷金＝預りをセットで確認してください。 誤答では同一に注意してください。,「敷金を手数料とする誤り」の覚え方・確認手順は？,試験論点・条文・数値の対応を比較表に整理し、過去問で正誤の型を分類してください。 過去問で正誤の型を分類し、試験要項で数値・期限を照合してください。 試験では敷金＝預りをセットで確認してください。 誤答では同一に注意してください。,「敷金を手数料とする誤り」の公式情報はどこで確認しますか？,試験論点・条文・数値の対応を比較表に整理し、過去問で正誤の型を分類してください。 過去問で正誤の型を分類し、試験要項で数値・期限を照合してください。 試験では敷金＝預りをセットで確認してください。 誤答では同一に注意してください。,2026-05-27
baibai-chintai-37jo-kon,売買37条と賃貸37条の混同,宅建業法,37条;売買;賃貸借,売買と賃貸借の37条書面記載事項を同一視する誤り。,記載事項の差異を見落とす。,"[{""topic"": ""記載"", ""wrong"": ""同一"", ""correct"": ""売買・賃貸で異なる"", ""trap"": ""記載誤""}, {""topic"": ""代金"", ""wrong"": ""賃料記載不要"", ""correct"": ""賃料・期間等"", ""trap"": ""賃貸誤""}, {""topic"": ""35条"", ""wrong"": ""37条で説明済"", ""correct"": ""35条と37条別"", ""trap"": ""35条誤""}, {""topic"": ""交付"", ""wrong"": ""売主のみ"", ""correct"": ""当事者全員"", ""trap"": ""交付誤""}]",売買・賃貸37条の混同｜宅建業法,37条書面は売買・賃貸借で記載事項が異なります。35条説明済みでも37条交付は必要です。数値・手続の最新は公益財団法人 全日本不動産協会・公益財団法人 不動産流通推進センターの試験要項・法令改正情報で必ずご確認ください。,記載事項別;35条37条別;全当事者交付;売買賃貸区別,同一記載;35条で足りると誤解,「売買」「賃貸」で記載を分ける。,37条書面;重要事項説明（35条書面）;契約書の作成・交付（37条）,「売買37条と賃貸37条の混同」の試験での位置づけは？,37条書面は売買・賃貸借で記載事項が異なります。35条説明済みでも37条交付は必要です。数値・手続の最新は公益財団法人 全日本不動産協会・公益財団法人 不動産流通推進センターの試験要項・法令改正情報で必ずご確認ください。 試験では記載事項別を軸に、関連条文・数値・主体の取り違えを照合してください。,「売買37条と賃貸37条の混同」でよくある誤答パターンは？,試験論点・条文・数値の対応を比較表に整理し、過去問で正誤の型を分類してください。 過去問で正誤の型を分類し、試験要項で数値・期限を照合してください。 試験では記載事項別をセットで確認してください。 誤答では同一記載に注意してください。,「売買37条と賃貸37条の混同」の覚え方・確認手順は？,試験論点・条文・数値の対応を比較表に整理し、過去問で正誤の型を分類してください。 過去問で正誤の型を分類し、試験要項で数値・期限を照合してください。 試験では記載事項別をセットで確認してください。 誤答では同一記載に注意してください。,「売買37条と賃貸37条の混同」の公式情報はどこで確認しますか？,試験論点・条文・数値の対応を比較表に整理し、過去問で正誤の型を分類してください。 過去問で正誤の型を分類し、試験要項で数値・期限を照合してください。 試験では記載事項別をセットで確認してください。 誤答では同一記載に注意してください。,2026-05-27
takkenshi-kaiin-kon,宅建士と宅建業者の混同,宅建業法,宅建士;宅建業者,宅地建物取引士（個人資格）と宅建業者（免許業者）を混同する誤り。,資格＝免許と短絡。,"[{""topic"": ""宅建士"", ""wrong"": ""免許"", ""correct"": ""個人資格・登録"", ""trap"": ""資格誤""}, {""topic"": ""業者"", ""wrong"": ""取引士で可"", ""correct"": ""免許業者"", ""trap"": ""業者誤""}, {""topic"": ""35条"", ""wrong"": ""業者が説明"", ""correct"": ""取引士が説明"", ""trap"": ""説明誤""}, {""topic"": ""5年"", ""wrong"": ""免許5年"", ""correct"": ""資格更新5年"", ""trap"": ""更新誤""}]",宅建士と業者の混同｜宅建業法,宅建士は個人資格、宅建業免許は事業者免許です。35条説明は取引士、37条記名も取引士が行います。数値・手続の最新は公益財団法人 全日本不動産協会・公益財団法人 不動産流通推進センターの試験要項・法令改正情報で必ずご確認ください。,取引士＝個人;業者＝免許;35条＝取引士説明;5年更新,業者が説明;資格＝免許と混同しがち,「取引士」「業者」を分離。,宅建士;宅建業の免許;重要事項説明（35条書面）,「宅建士と宅建業者の混同」の試験での位置づけは？,宅建士は個人資格、宅建業免許は事業者免許です。35条説明は取引士、37条記名も取引士が行います。数値・手続の最新は公益財団法人 全日本不動産協会・公益財団法人 不動産流通推進センターの試験要項・法令改正情報で必ずご確認ください。 試験では取引士＝個人を軸に、関連条文・数値・主体の取り違えを照合してください。,「宅建士と宅建業者の混同」でよくある誤答パターンは？,試験論点・条文・数値の対応を比較表に整理し、過去問で正誤の型を分類してください。 過去問で正誤の型を分類し、試験要項で数値・期限を照合してください。 試験では取引士＝個人をセットで確認してください。 誤答では業者が説明に注意してください。,「宅建士と宅建業者の混同」の覚え方・確認手順は？,試験論点・条文・数値の対応を比較表に整理し、過去問で正誤の型を分類してください。 過去問で正誤の型を分類し、試験要項で数値・期限を照合してください。 試験では取引士＝個人をセットで確認してください。 誤答では業者が説明に注意してください。,「宅建士と宅建業者の混同」の公式情報はどこで確認しますか？,試験論点・条文・数値の対応を比較表に整理し、過去問で正誤の型を分類してください。 過去問で正誤の型を分類し、試験要項で数値・期限を照合してください。 試験では取引士＝個人をセットで確認してください。 誤答では業者が説明に注意してください。,2026-05-27
s32-kon-tesuki-shurui,手付3種の混同,権利関係,手付,手付3種を同一視する誤り。,種類の効果の入替。,"[{""topic"": ""解約"", ""wrong"": ""証約"", ""correct"": ""倍返し区別"", ""trap"": ""種類誤""}, {""topic"": ""CO"", ""wrong"": ""手付解除"", ""correct"": ""別制度"", ""trap"": ""制度誤""}]",手付3種の混同｜宅建,手付3種を同一視する誤り。試験では条件文の主語と制度の区別が得点の分かれ目になります。数値・手続の最新は公益財団法人 全日本不動産協会・公益財団法人 不動産流通推進センターの試験要項・法令改正情報で必ずご確認ください。,型を分類;比較表と往復;主語を固定,名称だけ判断;類型混同;旧情報,「型→比較表→過去問」。,手付の種類;手付解除;クーリングオフ,「手付3種の混同」の試験での位置づけは？,手付3種を同一視する誤り。試験では条件文の主語と制度の区別が得点の分かれ目になります。数値・手続の最新は公益財団法人 全日本不動産協会・公益財団法人 不動産流通推進センターの試験要項・法令改正情報で必ずご確認ください。 試験では型を分類を軸に、関連条文・数値・主体の取り違えを照合してください。,「手付3種の混同」でよくある誤答パターンは？,試験論点・条文・数値の対応を比較表に整理し、過去問で正誤の型を分類してください。 過去問で正誤の型を分類し、試験要項で数値・期限を照合してください。 誤答では名称だけ判断に注意してください。 覚え方：「型→比較表→過去問」。,「手付3種の混同」の覚え方・確認手順は？,試験論点・条文・数値の対応を比較表に整理し、過去問で正誤の型を分類してください。 過去問で正誤の型を分類し、試験要項で数値・期限を照合してください。 誤答では名称だけ判断に注意してください。 覚え方：「型→比較表→過去問」。,「手付3種の混同」の公式情報はどこで確認しますか？,試験論点・条文・数値の対応を比較表に整理し、過去問で正誤の型を分類してください。 過去問で正誤の型を分類し、試験要項で数値・期限を照合してください。 誤答では名称だけ判断に注意してください。 覚え方：「型→比較表→過去問」。,2026-05-27
s32-kon-kashi-hoshou,瑕疵と35条の混同,宅建業法,瑕疵;35条,35条で瑕疵免責と誤解。,説明＝免責。,"[{""topic"": ""35条"", ""wrong"": ""免責"", ""correct"": ""説明義務"", ""trap"": ""35条誤""}, {""topic"": ""履行法"", ""wrong"": ""不要"", ""correct"": ""中古適用"", ""trap"": ""履行法誤""}]",瑕疵と35条の混同｜宅建,35条で瑕疵免責と誤解。試験では条件文の主語と制度の区別が得点の分かれ目になります。数値・手続の最新は公益財団法人 全日本不動産協会・公益財団法人 不動産流通推進センターの試験要項・法令改正情報で必ずご確認ください。,型を分類;比較表と往復;主語を固定,名称だけ判断;類型混同;旧情報,「型→比較表→過去問」。,住宅瑕疵担保履行法;重要事項説明（35条書面）;37条書面,「瑕疵と35条の混同」の試験での位置づけは？,35条で瑕疵免責と誤解。試験では条件文の主語と制度の区別が得点の分かれ目になります。数値・手続の最新は公益財団法人 全日本不動産協会・公益財団法人 不動産流通推進センターの試験要項・法令改正情報で必ずご確認ください。 試験では型を分類を軸に、関連条文・数値・主体の取り違えを照合してください。,「瑕疵と35条の混同」でよくある誤答パターンは？,試験論点・条文・数値の対応を比較表に整理し、過去問で正誤の型を分類してください。 過去問で正誤の型を分類し、試験要項で数値・期限を照合してください。 誤答では名称だけ判断に注意してください。 覚え方：「型→比較表→過去問」。,「瑕疵と35条の混同」の覚え方・確認手順は？,試験論点・条文・数値の対応を比較表に整理し、過去問で正誤の型を分類してください。 過去問で正誤の型を分類し、試験要項で数値・期限を照合してください。 誤答では名称だけ判断に注意してください。 覚え方：「型→比較表→過去問」。,「瑕疵と35条の混同」の公式情報はどこで確認しますか？,試験論点・条文・数値の対応を比較表に整理し、過去問で正誤の型を分類してください。 過去問で正誤の型を分類し、試験要項で数値・期限を照合してください。 誤答では名称だけ判断に注意してください。 覚え方：「型→比較表→過去問」。,2026-05-27
s32-kon-juyou-tsuika,追加記載の見落とし,宅建業法,35条,追加記載不要と誤解。,一般と同一視。,"[{""topic"": ""記載"", ""wrong"": ""同一"", ""correct"": ""類型別"", ""trap"": ""記載誤""}, {""topic"": ""37条"", ""wrong"": ""代替"", ""correct"": ""35条必要"", ""trap"": ""37条誤""}]",追加記載の見落とし｜宅建,追加記載不要と誤解。試験では条件文の主語と制度の区別が得点の分かれ目になります。数値・手続の最新は公益財団法人 全日本不動産協会・公益財団法人 不動産流通推進センターの試験要項・法令改正情報で必ずご確認ください。,型を分類;比較表と往復;主語を固定,名称だけ判断;類型混同;旧情報,「型→比較表→過去問」。,重要事項説明（35条書面）;37条書面;住宅瑕疵担保履行法,「追加記載の見落とし」の試験での位置づけは？,追加記載不要と誤解。試験では条件文の主語と制度の区別が得点の分かれ目になります。数値・手続の最新は公益財団法人 全日本不動産協会・公益財団法人 不動産流通推進センターの試験要項・法令改正情報で必ずご確認ください。 試験では型を分類を軸に、関連条文・数値・主体の取り違えを照合してください。,「追加記載の見落とし」でよくある誤答パターンは？,試験論点・条文・数値の対応を比較表に整理し、過去問で正誤の型を分類してください。 過去問で正誤の型を分類し、試験要項で数値・期限を照合してください。 誤答では名称だけ判断に注意してください。 覚え方：「型→比較表→過去問」。,「追加記載の見落とし」の覚え方・確認手順は？,試験論点・条文・数値の対応を比較表に整理し、過去問で正誤の型を分類してください。 過去問で正誤の型を分類し、試験要項で数値・期限を照合してください。 誤答では名称だけ判断に注意してください。 覚え方：「型→比較表→過去問」。,「追加記載の見落とし」の公式情報はどこで確認しますか？,試験論点・条文・数値の対応を比較表に整理し、過去問で正誤の型を分類してください。 過去問で正誤の型を分類し、試験要項で数値・期限を照合してください。 誤答では名称だけ判断に注意してください。 覚え方：「型→比較表→過去問」。,2026-05-27
s32-kon-menkyo-shugyou,主業・従業の混同,宅建業法,免許,主業・従業を取り違え。,要件の混同。,"[{""topic"": ""主業"", ""wrong"": ""従業"", ""correct"": ""要件別"", ""trap"": ""種別誤""}, {""topic"": ""士"", ""wrong"": ""免許"", ""correct"": ""別概念"", ""trap"": ""主体誤""}]",主業・従業の混同｜宅建,主業・従業を取り違え。試験では条件文の主語と制度の区別が得点の分かれ目になります。数値・手続の最新は公益財団法人 全日本不動産協会・公益財団法人 不動産流通推進センターの試験要項・法令改正情報で必ずご確認ください。,型を分類;比較表と往復;主語を固定,名称だけ判断;類型混同;旧情報,「型→比較表→過去問」。,宅建業の免許;宅建士;免許の取消,「主業・従業の混同」の試験での位置づけは？,主業・従業を取り違え。試験では条件文の主語と制度の区別が得点の分かれ目になります。数値・手続の最新は公益財団法人 全日本不動産協会・公益財団法人 不動産流通推進センターの試験要項・法令改正情報で必ずご確認ください。 試験では型を分類を軸に、関連条文・数値・主体の取り違えを照合してください。,「主業・従業の混同」でよくある誤答パターンは？,試験論点・条文・数値の対応を比較表に整理し、過去問で正誤の型を分類してください。 過去問で正誤の型を分類し、試験要項で数値・期限を照合してください。 誤答では名称だけ判断に注意してください。 覚え方：「型→比較表→過去問」。,「主業・従業の混同」の覚え方・確認手順は？,試験論点・条文・数値の対応を比較表に整理し、過去問で正誤の型を分類してください。 過去問で正誤の型を分類し、試験要項で数値・期限を照合してください。 誤答では名称だけ判断に注意してください。 覚え方：「型→比較表→過去問」。,「主業・従業の混同」の公式情報はどこで確認しますか？,試験論点・条文・数値の対応を比較表に整理し、過去問で正誤の型を分類してください。 過去問で正誤の型を分類し、試験要項で数値・期限を照合してください。 誤答では名称だけ判断に注意してください。 覚え方：「型→比較表→過去問」。,2026-05-27
s32-kon-daikin-hogo,保全制度の混同,宅建業法,保全,代金・手付保全を同一視。,対象の混同。,"[{""topic"": ""代金"", ""wrong"": ""手付"", ""correct"": ""対象別"", ""trap"": ""対象誤""}, {""topic"": ""35条"", ""wrong"": ""不要"", ""correct"": ""説明必要"", ""trap"": ""35条誤""}]",保全制度の混同｜宅建,代金・手付保全を同一視。試験では条件文の主語と制度の区別が得点の分かれ目になります。数値・手続の最新は公益財団法人 全日本不動産協会・公益財団法人 不動産流通推進センターの試験要項・法令改正情報で必ずご確認ください。,型を分類;比較表と往復;主語を固定,名称だけ判断;類型混同;旧情報,「型→比較表→過去問」。,手付金等の保全措置;重要事項説明（35条書面）;37条書面,「保全制度の混同」の試験での位置づけは？,代金・手付保全を同一視。試験では条件文の主語と制度の区別が得点の分かれ目になります。数値・手続の最新は公益財団法人 全日本不動産協会・公益財団法人 不動産流通推進センターの試験要項・法令改正情報で必ずご確認ください。 試験では型を分類を軸に、関連条文・数値・主体の取り違えを照合してください。,「保全制度の混同」でよくある誤答パターンは？,試験論点・条文・数値の対応を比較表に整理し、過去問で正誤の型を分類してください。 過去問で正誤の型を分類し、試験要項で数値・期限を照合してください。 誤答では名称だけ判断に注意してください。 覚え方：「型→比較表→過去問」。,「保全制度の混同」の覚え方・確認手順は？,試験論点・条文・数値の対応を比較表に整理し、過去問で正誤の型を分類してください。 過去問で正誤の型を分類し、試験要項で数値・期限を照合してください。 誤答では名称だけ判断に注意してください。 覚え方：「型→比較表→過去問」。,「保全制度の混同」の公式情報はどこで確認しますか？,試験論点・条文・数値の対応を比較表に整理し、過去問で正誤の型を分類してください。 過去問で正誤の型を分類し、試験要項で数値・期限を照合してください。 誤答では名称だけ判断に注意してください。 覚え方：「型→比較表→過去問」。,2026-05-27
s32-kon-hoshoukin,保証金と保証会社,権利関係,保証金,保証金＝保証会社と誤解。,性質の混同。,"[{""topic"": ""保証金"", ""wrong"": ""保証会社"", ""correct"": ""別物"", ""trap"": ""性質誤""}, {""topic"": ""敷金"", ""wrong"": ""同一"", ""correct"": ""別規制"", ""trap"": ""敷金誤""}]",保証金と保証会社｜宅建,保証金＝保証会社と誤解。試験では条件文の主語と制度の区別が得点の分かれ目になります。数値・手続の最新は公益財団法人 全日本不動産協会・公益財団法人 不動産流通推進センターの試験要項・法令改正情報で必ずご確認ください。,型を分類;比較表と往復;主語を固定,名称だけ判断;類型混同;旧情報,「型→比較表→過去問」。,借地借家法;敷金・礼金;37条書面,「保証金と保証会社」の試験での位置づけは？,保証金＝保証会社と誤解。試験では条件文の主語と制度の区別が得点の分かれ目になります。数値・手続の最新は公益財団法人 全日本不動産協会・公益財団法人 不動産流通推進センターの試験要項・法令改正情報で必ずご確認ください。 試験では型を分類を軸に、関連条文・数値・主体の取り違えを照合してください。,「保証金と保証会社」でよくある誤答パターンは？,試験論点・条文・数値の対応を比較表に整理し、過去問で正誤の型を分類してください。 過去問で正誤の型を分類し、試験要項で数値・期限を照合してください。 誤答では名称だけ判断に注意してください。 覚え方：「型→比較表→過去問」。,「保証金と保証会社」の覚え方・確認手順は？,試験論点・条文・数値の対応を比較表に整理し、過去問で正誤の型を分類してください。 過去問で正誤の型を分類し、試験要項で数値・期限を照合してください。 誤答では名称だけ判断に注意してください。 覚え方：「型→比較表→過去問」。,「保証金と保証会社」の公式情報はどこで確認しますか？,試験論点・条文・数値の対応を比較表に整理し、過去問で正誤の型を分類してください。 過去問で正誤の型を分類し、試験要項で数値・期限を照合してください。 誤答では名称だけ判断に注意してください。 覚え方：「型→比較表→過去問」。,2026-05-27
s32-kon-dairinin,代理人契約の混同,宅建業法,代理,民法と宅建代理を同一視。,層の混同。,"[{""topic"": ""民法"", ""wrong"": ""宅建"", ""correct"": ""別層"", ""trap"": ""層誤""}, {""topic"": ""媒介"", ""wrong"": ""同一"", ""correct"": ""別"", ""trap"": ""媒介誤""}]",代理人契約の混同｜宅建,民法と宅建代理を同一視。試験では条件文の主語と制度の区別が得点の分かれ目になります。数値・手続の最新は公益財団法人 全日本不動産協会・公益財団法人 不動産流通推進センターの試験要項・法令改正情報で必ずご確認ください。,型を分類;比較表と往復;主語を固定,名称だけ判断;類型混同;旧情報,「型→比較表→過去問」。,代理;媒介契約の種類;自己契約・双方代理,「代理人契約の混同」の試験での位置づけは？,民法と宅建代理を同一視。試験では条件文の主語と制度の区別が得点の分かれ目になります。数値・手続の最新は公益財団法人 全日本不動産協会・公益財団法人 不動産流通推進センターの試験要項・法令改正情報で必ずご確認ください。 試験では型を分類を軸に、関連条文・数値・主体の取り違えを照合してください。,「代理人契約の混同」でよくある誤答パターンは？,試験論点・条文・数値の対応を比較表に整理し、過去問で正誤の型を分類してください。 過去問で正誤の型を分類し、試験要項で数値・期限を照合してください。 誤答では名称だけ判断に注意してください。 覚え方：「型→比較表→過去問」。,「代理人契約の混同」の覚え方・確認手順は？,試験論点・条文・数値の対応を比較表に整理し、過去問で正誤の型を分類してください。 過去問で正誤の型を分類し、試験要項で数値・期限を照合してください。 誤答では名称だけ判断に注意してください。 覚え方：「型→比較表→過去問」。,「代理人契約の混同」の公式情報はどこで確認しますか？,試験論点・条文・数値の対応を比較表に整理し、過去問で正誤の型を分類してください。 過去問で正誤の型を分類し、試験要項で数値・期限を照合してください。 誤答では名称だけ判断に注意してください。 覚え方：「型→比較表→過去問」。,2026-05-27
s32-kon-kyoiku-kaiin,教育と会員の混同,宅建業法,教育,教育＝会員と誤解。,制度の混同。,"[{""topic"": ""教育"", ""wrong"": ""会員"", ""correct"": ""別義務"", ""trap"": ""制度誤""}, {""topic"": ""免許"", ""wrong"": ""不要"", ""correct"": ""必要"", ""trap"": ""免許誤""}]",教育と会員の混同｜宅建,教育＝会員と誤解。試験では条件文の主語と制度の区別が得点の分かれ目になります。数値・手続の最新は公益財団法人 全日本不動産協会・公益財団法人 不動産流通推進センターの試験要項・法令改正情報で必ずご確認ください。,型を分類;比較表と往復;主語を固定,名称だけ判断;類型混同;旧情報,「型→比較表→過去問」。,宅建業の免許;宅建士;重要事項説明（35条書面）,「教育と会員の混同」の試験での位置づけは？,教育＝会員と誤解。試験では条件文の主語と制度の区別が得点の分かれ目になります。数値・手続の最新は公益財団法人 全日本不動産協会・公益財団法人 不動産流通推進センターの試験要項・法令改正情報で必ずご確認ください。 試験では型を分類を軸に、関連条文・数値・主体の取り違えを照合してください。,「教育と会員の混同」でよくある誤答パターンは？,試験論点・条文・数値の対応を比較表に整理し、過去問で正誤の型を分類してください。 過去問で正誤の型を分類し、試験要項で数値・期限を照合してください。 誤答では名称だけ判断に注意してください。 覚え方：「型→比較表→過去問」。,「教育と会員の混同」の覚え方・確認手順は？,試験論点・条文・数値の対応を比較表に整理し、過去問で正誤の型を分類してください。 過去問で正誤の型を分類し、試験要項で数値・期限を照合してください。 誤答では名称だけ判断に注意してください。 覚え方：「型→比較表→過去問」。,「教育と会員の混同」の公式情報はどこで確認しますか？,試験論点・条文・数値の対応を比較表に整理し、過去問で正誤の型を分類してください。 過去問で正誤の型を分類し、試験要項で数値・期限を照合してください。 誤答では名称だけ判断に注意してください。 覚え方：「型→比較表→過去問」。,2026-05-27
s32-kon-soteichi,底地売買の混同,宅建業法,底地,一般売買と同一視。,権利軽視。,"[{""topic"": ""権利"", ""wrong"": ""不要"", ""correct"": ""借地権確認"", ""trap"": ""権利誤""}, {""topic"": ""35条"", ""wrong"": ""不要"", ""correct"": ""必要"", ""trap"": ""35条誤""}]",底地売買の混同｜宅建,一般売買と同一視。試験では条件文の主語と制度の区別が得点の分かれ目になります。数値・手続の最新は公益財団法人 全日本不動産協会・公益財団法人 不動産流通推進センターの試験要項・法令改正情報で必ずご確認ください。,型を分類;比較表と往復;主語を固定,名称だけ判断;類型混同;旧情報,「型→比較表→過去問」。,借地借家法;重要事項説明（35条書面）;37条書面,「底地売買の混同」の試験での位置づけは？,一般売買と同一視。試験では条件文の主語と制度の区別が得点の分かれ目になります。数値・手続の最新は公益財団法人 全日本不動産協会・公益財団法人 不動産流通推進センターの試験要項・法令改正情報で必ずご確認ください。 試験では型を分類を軸に、関連条文・数値・主体の取り違えを照合してください。,「底地売買の混同」でよくある誤答パターンは？,試験論点・条文・数値の対応を比較表に整理し、過去問で正誤の型を分類してください。 過去問で正誤の型を分類し、試験要項で数値・期限を照合してください。 誤答では名称だけ判断に注意してください。 覚え方：「型→比較表→過去問」。,「底地売買の混同」の覚え方・確認手順は？,試験論点・条文・数値の対応を比較表に整理し、過去問で正誤の型を分類してください。 過去問で正誤の型を分類し、試験要項で数値・期限を照合してください。 誤答では名称だけ判断に注意してください。 覚え方：「型→比較表→過去問」。,「底地売買の混同」の公式情報はどこで確認しますか？,試験論点・条文・数値の対応を比較表に整理し、過去問で正誤の型を分類してください。 過去問で正誤の型を分類し、試験要項で数値・期限を照合してください。 誤答では名称だけ判断に注意してください。 覚え方：「型→比較表→過去問」。,2026-05-27
s32-kon-shakuchi-teiki,普通・定期借地の混同,権利関係,借地,定期も更新と誤解。,更新の混同。,"[{""topic"": ""定期"", ""wrong"": ""更新"", ""correct"": ""満了終了"", ""trap"": ""定期誤""}, {""topic"": ""事由"", ""wrong"": ""不要"", ""correct"": ""正当事由"", ""trap"": ""事由誤""}]",普通・定期借地の混同｜宅建,定期も更新と誤解。試験では条件文の主語と制度の区別が得点の分かれ目になります。数値・手続の最新は公益財団法人 全日本不動産協会・公益財団法人 不動産流通推進センターの試験要項・法令改正情報で必ずご確認ください。,型を分類;比較表と往復;主語を固定,名称だけ判断;類型混同;旧情報,「型→比較表→過去問」。,借地借家法;正当事由;定期借地権・定期借家権,「普通・定期借地の混同」の試験での位置づけは？,定期も更新と誤解。試験では条件文の主語と制度の区別が得点の分かれ目になります。数値・手続の最新は公益財団法人 全日本不動産協会・公益財団法人 不動産流通推進センターの試験要項・法令改正情報で必ずご確認ください。 試験では型を分類を軸に、関連条文・数値・主体の取り違えを照合してください。,「普通・定期借地の混同」でよくある誤答パターンは？,試験論点・条文・数値の対応を比較表に整理し、過去問で正誤の型を分類してください。 過去問で正誤の型を分類し、試験要項で数値・期限を照合してください。 誤答では名称だけ判断に注意してください。 覚え方：「型→比較表→過去問」。,「普通・定期借地の混同」の覚え方・確認手順は？,試験論点・条文・数値の対応を比較表に整理し、過去問で正誤の型を分類してください。 過去問で正誤の型を分類し、試験要項で数値・期限を照合してください。 誤答では名称だけ判断に注意してください。 覚え方：「型→比較表→過去問」。,「普通・定期借地の混同」の公式情報はどこで確認しますか？,試験論点・条文・数値の対応を比較表に整理し、過去問で正誤の型を分類してください。 過去問で正誤の型を分類し、試験要項で数値・期限を照合してください。 誤答では名称だけ判断に注意してください。 覚え方：「型→比較表→過去問」。,2026-05-27
s33-kon-ju37-kisai,37条記載事項の混同,宅建業法,37条,売買と賃貸の37条記載を同一視する誤り。,記載事項の差異を見落とす。,"[{""topic"": ""記載"", ""wrong"": ""同一制度と誤解しがち"", ""correct"": ""売買・賃貸で異なる"", ""trap"": ""記載誤""}, {""topic"": ""35条"", ""wrong"": ""37条で説明済"", ""correct"": ""35条37条別"", ""trap"": ""35条誤""}]",37条記載混同｜宅建,売買・賃貸の37条記載事項は異なります。35条説明済みでも37条交付は必要です。数値・手続の最新は公益財団法人 全日本不動産協会・公益財団法人 不動産流通推進センターの試験要項・法令改正情報で必ずご確認ください。,記載事項別;35条37条別,同一記載;35条で足りる（試験では条件文の主語確認が得点の分かれ目）,「売買」「賃貸」で分ける。,37条書面;重要事項説明（35条書面）;契約書の作成・交付（37条）,「37条記載事項の混同」の試験での位置づけは？,売買・賃貸の37条記載事項は異なります。35条説明済みでも37条交付は必要です。数値・手続の最新は公益財団法人 全日本不動産協会・公益財団法人 不動産流通推進センターの試験要項・法令改正情報で必ずご確認ください。 試験では記載事項別を軸に、関連条文・数値・主体の取り違えを照合してください。,「37条記載事項の混同」でよくある誤答パターンは？,同一記載;35条で足りる（試験では条件文の主語確認が得点の分かれ目） 誤答肢では35条37条別の主語や条件が入れ替わることが多いので、比較表で整理してください。 過去問で正誤の型を分類し、試験要項で数値・期限を照合してください。,「37条記載事項の混同」の覚え方・確認手順は？,試験論点・条文・数値の対応を比較表に整理し、過去問で正誤の型を分類してください。 過去問で正誤の型を分類し、試験要項で数値・期限を照合してください。 試験では記載事項別をセットで確認してください。 誤答では同一記載に注意してください。,「37条記載事項の混同」の公式情報はどこで確認しますか？,試験論点・条文・数値の対応を比較表に整理し、過去問で正誤の型を分類してください。 過去問で正誤の型を分類し、試験要項で数値・期限を照合してください。 試験では記載事項別をセットで確認してください。 誤答では同一記載に注意してください。,2026-05-27
s33-kon-ju35-ju37,35条と37条の混同,宅建業法,35条;37条,35条説明で37条不要とする誤り。,説明＝交付と短絡。,"[{""topic"": ""35条"", ""wrong"": ""37条不要"", ""correct"": ""両方必要"", ""trap"": ""37条誤""}, {""topic"": ""時点"", ""wrong"": ""同一制度と誤解しがち"", ""correct"": ""35条前・37条後"", ""trap"": ""時点誤""}]",35条37条混同｜宅建,35条は契約前説明、37条は成立後交付です。混同しないでください。数値・手続の最新は公益財団法人 全日本不動産協会・公益財団法人 不動産流通推進センターの試験要項・法令改正情報で必ずご確認ください。,35条前;37条後;両方必要,35条説明で足りると誤解（試験では条件文の主語確認が得点の分かれ目）,「35条→契約→37条」。,重要事項説明（35条書面）;37条書面;35条書面,「35条と37条の混同」の試験での位置づけは？,35条は契約前説明、37条は成立後交付です。混同しないでください。数値・手続の最新は公益財団法人 全日本不動産協会・公益財団法人 不動産流通推進センターの試験要項・法令改正情報で必ずご確認ください。 試験では35条前を軸に、関連条文・数値・主体の取り違えを照合してください。,「35条と37条の混同」でよくある誤答パターンは？,35条説明で足りると誤解（試験では条件文の主語確認が得点の分かれ目） 誤答肢では37条後の主語や条件が入れ替わることが多いので、比較表で整理してください。 過去問で正誤の型を分類し、試験要項で数値・期限を照合してください。,「35条と37条の混同」の覚え方・確認手順は？,試験論点・条文・数値の対応を比較表に整理し、過去問で正誤の型を分類してください。 過去問で正誤の型を分類し、試験要項で数値・期限を照合してください。 試験では35条前をセットで確認してください。 誤答では35条説明で足りると誤解（試験では条件文の主語確認が得点の分かれ目）に注意してください。,「35条と37条の混同」の公式情報はどこで確認しますか？,試験論点・条文・数値の対応を比較表に整理し、過去問で正誤の型を分類してください。 過去問で正誤の型を分類し、試験要項で数値・期限を照合してください。 試験では35条前をセットで確認してください。 誤答では35条説明で足りると誤解（試験では条件文の主語確認が得点の分かれ目）に注意してください。,2026-05-27
s33-kon-hoshou,保証協会の混同,宅建業法,保証協会,保証協会を報酬規制と混同する誤り。,保証＝報酬と短絡。,"[{""topic"": ""保証"", ""wrong"": ""報酬"", ""correct"": ""供託・救済"", ""trap"": ""保証誤""}, {""topic"": ""35条"", ""wrong"": ""不要"", ""correct"": ""別義務"", ""trap"": ""35条誤""}]",保証協会と報酬の混同｜宅建業法,保証協会は供託・被害者救済、報酬は46条上限規制です。数値・手続の最新は公益財団法人 全日本不動産協会・公益財団法人 不動産流通推進センターの試験要項・法令改正情報で必ずご確認ください。,保証＝供託救済;報酬＝46条,同一;35条不要（試験では条件文の主語確認が得点の分かれ目）,「保証≠報酬」。・条文で確認,保証協会;営業保証金と弁済業務保証金;報酬の計算（売買）,「保証協会の混同」の試験での位置づけは？,保証協会は供託・被害者救済、報酬は46条上限規制です。数値・手続の最新は公益財団法人 全日本不動産協会・公益財団法人 不動産流通推進センターの試験要項・法令改正情報で必ずご確認ください。 試験では保証＝供託救済を軸に、関連条文・数値・主体の取り違えを照合してください。,「保証協会の混同」でよくある誤答パターンは？,同一;35条不要（試験では条件文の主語確認が得点の分かれ目） 誤答肢では報酬＝46条の主語や条件が入れ替わることが多いので、比較表で整理してください。 過去問で正誤の型を分類し、試験要項で数値・期限を照合してください。,「保証協会の混同」の覚え方・確認手順は？,覚え方：「保証≠報酬」。・条文で確認 早見の要点：・要項確認 用語集→本ページ→過去問の順で往復し、正誤理由をメモに残してください。 過去問で正誤の型を分類し、試験要項で数値・期限を照合してください。,「保証協会の混同」の公式情報はどこで確認しますか？,試験論点・条文・数値の対応を比較表に整理し、過去問で正誤の型を分類してください。 過去問で正誤の型を分類し、試験要項で数値・期限を照合してください。 試験では保証＝供託救済をセットで確認してください。,2026-05-27
s33-kon-reins,レインズ登録省略,宅建業法,レインズ,レインズ登録を不要とする誤り。,広告で足りると誤解。,"[{""topic"": ""登録"", ""wrong"": ""不要"", ""correct"": ""媒介物件登録義務"", ""trap"": ""登録誤""}, {""topic"": ""14日"", ""wrong"": ""自由"", ""correct"": ""専任14日"", ""trap"": ""期限誤""}]",レインズ登録省略の誤解｜宅建業法,媒介物件はレインズ登録義務があり、専任では14日報告も問題になります。数値・手続の最新は公益財団法人 全日本不動産協会・公益財団法人 不動産流通推進センターの試験要項・法令改正情報で必ずご確認ください。,登録義務;専任14日;広告と別,レインズ登録不要と誤解（試験では条件文の主語確認が得点の分かれ目）,「登録＋報告」。・条文で確認,レインズ;レインズ登録の期限;専任媒介契約,「レインズ登録省略」の試験での位置づけは？,媒介物件はレインズ登録義務があり、専任では14日報告も問題になります。数値・手続の最新は公益財団法人 全日本不動産協会・公益財団法人 不動産流通推進センターの試験要項・法令改正情報で必ずご確認ください。 試験では登録義務を軸に、関連条文・数値・主体の取り違えを照合してください。,「レインズ登録省略」でよくある誤答パターンは？,レインズ登録不要と誤解（試験では条件文の主語確認が得点の分かれ目） 誤答肢では専任14日の主語や条件が入れ替わることが多いので、比較表で整理してください。 過去問で正誤の型を分類し、試験要項で数値・期限を照合してください。,「レインズ登録省略」の覚え方・確認手順は？,覚え方：「登録＋報告」。・条文で確認 早見の要点：・要項確認 用語集→本ページ→過去問の順で往復し、正誤理由をメモに残してください。 過去問で正誤の型を分類し、試験要項で数値・期限を照合してください。,「レインズ登録省略」の公式情報はどこで確認しますか？,試験論点・条文・数値の対応を比較表に整理し、過去問で正誤の型を分類してください。 過去問で正誤の型を分類し、試験要項で数値・期限を照合してください。 試験では登録義務をセットで確認してください。 誤答ではレインズ登録不要と誤解（試験では条件文の主語確認が得点の分かれ目）に注意してください。,2026-05-27
s33-kon-houshuu,報酬算定の混同,宅建業法,報酬,売買と賃貸の報酬算定を混同する誤り。,算定式の入替。,"[{""topic"": ""売買"", ""wrong"": ""1ヶ月"", ""correct"": ""3%+6万"", ""trap"": ""算定誤""}, {""topic"": ""控除"", ""wrong"": ""手付から"", ""correct"": ""別途支払"", ""trap"": ""控除誤""}]",報酬算定混同｜宅建（試験対策）,売買3%+6万、賃貸1ヶ月分等、算定式が異なります。数値・手続の最新は公益財団法人 全日本不動産協会・公益財団法人 不動産流通推進センターの試験要項・法令改正情報で必ずご確認ください。,売買3%+6万;賃貸1ヶ月;手付≠報酬,同一算式;手付控除（試験では条件文の主語確認が得点の分かれ目）,「3%+6万」「1ヶ月」。,報酬の計算（売買）;報酬の明瞭化;媒介契約の種類,「報酬算定の混同」の試験での位置づけは？,売買3%+6万、賃貸1ヶ月分等、算定式が異なります。数値・手続の最新は公益財団法人 全日本不動産協会・公益財団法人 不動産流通推進センターの試験要項・法令改正情報で必ずご確認ください。 試験では売買3%+6万を軸に、関連条文・数値・主体の取り違えを照合してください。,「報酬算定の混同」でよくある誤答パターンは？,同一算式;手付控除（試験では条件文の主語確認が得点の分かれ目） 誤答肢では賃貸1ヶ月の主語や条件が入れ替わることが多いので、比較表で整理してください。 過去問で正誤の型を分類し、試験要項で数値・期限を照合してください。,「報酬算定の混同」の覚え方・確認手順は？,試験論点・条文・数値の対応を比較表に整理し、過去問で正誤の型を分類してください。 過去問で正誤の型を分類し、試験要項で数値・期限を照合してください。 試験では売買3%+6万をセットで確認してください。,「報酬算定の混同」の公式情報はどこで確認しますか？,試験論点・条文・数値の対応を比較表に整理し、過去問で正誤の型を分類してください。 過去問で正誤の型を分類し、試験要項で数値・期限を照合してください。 試験では売買3%+6万をセットで確認してください。,2026-05-27
s33-kon-jiko,自己契約自由の誤り,宅建業法,自己契約,自己契約が自由とする誤り。,禁止の見落とし。,"[{""topic"": ""自己契約"", ""wrong"": ""自由"", ""correct"": ""原則禁止"", ""trap"": ""禁止誤""}, {""topic"": ""双方代理"", ""wrong"": ""自由"", ""correct"": ""原則禁止"", ""trap"": ""代理誤""}]",自己契約自由誤り｜宅建,自己契約・双方代理は原則禁止です。書面同意等の例外があります。数値・手続の最新は公益財団法人 全日本不動産協会・公益財団法人 不動産流通推進センターの試験要項・法令改正情報で必ずご確認ください。,原則禁止;書面例外,自己契約が自由と誤解（試験では条件文の主語確認が得点の分かれ目）,「原則禁止・書面例外」。,自己契約・双方代理;代理;宅建業者の賠償責任,「自己契約自由の誤り」の試験での位置づけは？,自己契約・双方代理は原則禁止です。書面同意等の例外があります。数値・手続の最新は公益財団法人 全日本不動産協会・公益財団法人 不動産流通推進センターの試験要項・法令改正情報で必ずご確認ください。 試験では原則禁止を軸に、関連条文・数値・主体の取り違えを照合してください。,「自己契約自由の誤り」でよくある誤答パターンは？,自己契約が自由と誤解（試験では条件文の主語確認が得点の分かれ目） 誤答肢では書面例外の主語や条件が入れ替わることが多いので、比較表で整理してください。 過去問で正誤の型を分類し、試験要項で数値・期限を照合してください。,「自己契約自由の誤り」の覚え方・確認手順は？,試験論点・条文・数値の対応を比較表に整理し、過去問で正誤の型を分類してください。 過去問で正誤の型を分類し、試験要項で数値・期限を照合してください。 試験では原則禁止をセットで確認してください。 誤答では自己契約が自由と誤解（試験では条件文の主語確認が得点の分かれ目）に注意してください。,「自己契約自由の誤り」の公式情報はどこで確認しますか？,試験論点・条文・数値の対応を比較表に整理し、過去問で正誤の型を分類してください。 過去問で正誤の型を分類し、試験要項で数値・期限を照合してください。 試験では原則禁止をセットで確認してください。 誤答では自己契約が自由と誤解（試験では条件文の主語確認が得点の分かれ目）に注意してください。,2026-05-27
s33-kon-hyouken,表見無権の混同,権利関係,表見代理,表見代理と無権代理を同一視する誤り。,効果の混同。,"[{""topic"": ""表見"", ""wrong"": ""無効"", ""correct"": ""本人帰属"", ""trap"": ""効果誤""}, {""topic"": ""無権"", ""wrong"": ""常に無効"", ""correct"": ""追認で有効"", ""trap"": ""追認誤""}]",表見代理と無権代理の混同｜宅建,表見代理は本人に帰属、無権代理は追認が必要です。数値・手続の最新は公益財団法人 全日本不動産協会・公益財団法人 不動産流通推進センターの試験要項・法令改正情報で必ずご確認ください。,表見＝帰属;無権＝追認,同一;常に無効（試験では条件文の主語確認が得点の分かれ目）,「表見代理と無権代理を分離」。,表見代理;無権代理;代理,「表見無権の混同」の試験での位置づけは？,表見代理は本人に帰属、無権代理は追認が必要です。数値・手続の最新は公益財団法人 全日本不動産協会・公益財団法人 不動産流通推進センターの試験要項・法令改正情報で必ずご確認ください。 試験では表見＝帰属を軸に、関連条文・数値・主体の取り違えを照合してください。,「表見無権の混同」でよくある誤答パターンは？,同一;常に無効（試験では条件文の主語確認が得点の分かれ目） 誤答肢では無権＝追認の主語や条件が入れ替わることが多いので、比較表で整理してください。 過去問で正誤の型を分類し、試験要項で数値・期限を照合してください。,「表見無権の混同」の覚え方・確認手順は？,覚え方：「表見代理と無権代理を分離」。 早見の要点：・要項確認 用語集→本ページ→過去問の順で往復し、正誤理由をメモに残してください。 過去問で正誤の型を分類し、試験要項で数値・期限を照合してください。,「表見無権の混同」の公式情報はどこで確認しますか？,試験論点・条文・数値の対応を比較表に整理し、過去問で正誤の型を分類してください。 過去問で正誤の型を分類し、試験要項で数値・期限を照合してください。 試験では表見＝帰属をセットで確認してください。 誤答では同一に注意してください。,2026-05-27
s33-kon-kashi,瑕疵担保35条混同,宅建業法,瑕疵担保,履行法で35条不要とする誤り。,説明省略と短絡。,"[{""topic"": ""35条"", ""wrong"": ""履行法で不要"", ""correct"": ""別義務"", ""trap"": ""35条誤""}, {""topic"": ""37条"", ""wrong"": ""履行法で可"", ""correct"": ""別交付"", ""trap"": ""37条誤""}]",瑕疵35条混同｜宅建,住宅瑕疵担保履行法があっても35条説明は必要です。数値・手続の最新は公益財団法人 全日本不動産協会・公益財団法人 不動産流通推進センターの試験要項・法令改正情報で必ずご確認ください。,履行法≠35条;両方必要,35条説明が不要と誤解（試験では条件文の主語確認が得点の分かれ目）,「35条説明は別義務」。,住宅瑕疵担保履行法;重要事項説明（35条書面）;契約不適合責任,「瑕疵担保35条混同」の試験での位置づけは？,住宅瑕疵担保履行法があっても35条説明は必要です。数値・手続の最新は公益財団法人 全日本不動産協会・公益財団法人 不動産流通推進センターの試験要項・法令改正情報で必ずご確認ください。 試験では履行法≠35条を軸に、関連条文・数値・主体の取り違えを照合してください。,「瑕疵担保35条混同」でよくある誤答パターンは？,35条説明が不要と誤解（試験では条件文の主語確認が得点の分かれ目） 誤答肢では両方必要の主語や条件が入れ替わることが多いので、比較表で整理してください。 過去問で正誤の型を分類し、試験要項で数値・期限を照合してください。,「瑕疵担保35条混同」の覚え方・確認手順は？,試験論点・条文・数値の対応を比較表に整理し、過去問で正誤の型を分類してください。 過去問で正誤の型を分類し、試験要項で数値・期限を照合してください。 試験では履行法≠35条をセットで確認してください。,「瑕疵担保35条混同」の公式情報はどこで確認しますか？,試験論点・条文・数値の対応を比較表に整理し、過去問で正誤の型を分類してください。 過去問で正誤の型を分類し、試験要項で数値・期限を照合してください。 試験では履行法≠35条をセットで確認してください。,2026-05-27
s33-kon-senzoku,専属専任の混同,宅建業法,専属専任,専属専任と専任を同一視する誤り。,他業者依頼の差を見落とす。,"[{""topic"": ""専属"", ""wrong"": ""他業者可"", ""correct"": ""他業者不可"", ""trap"": ""専属誤""}, {""topic"": ""報告"", ""wrong"": ""7日"", ""correct"": ""14日"", ""trap"": ""報告誤""}]",専属専任と専任媒介の混同｜宅建,専属専任は他業者依頼禁止、専任は告知義務があります。数値・手続の最新は公益財団法人 全日本不動産協会・公益財団法人 不動産流通推進センターの試験要項・法令改正情報で必ずご確認ください。,専属＝他業者不可;専任＝告知;14日,同一;7日報告（試験では条件文の主語確認が得点の分かれ目）,「専属専任と専任を分離」。,専属専任媒介契約;専任媒介契約;一般媒介契約,「専属専任の混同」の試験での位置づけは？,専属専任は他業者依頼禁止、専任は告知義務があります。数値・手続の最新は公益財団法人 全日本不動産協会・公益財団法人 不動産流通推進センターの試験要項・法令改正情報で必ずご確認ください。 試験では専属＝他業者不可を軸に、関連条文・数値・主体の取り違えを照合してください。,「専属専任の混同」でよくある誤答パターンは？,同一;7日報告（試験では条件文の主語確認が得点の分かれ目） 誤答肢では専任＝告知の主語や条件が入れ替わることが多いので、比較表で整理してください。 過去問で正誤の型を分類し、試験要項で数値・期限を照合してください。,「専属専任の混同」の覚え方・確認手順は？,試験論点・条文・数値の対応を比較表に整理し、過去問で正誤の型を分類してください。 過去問で正誤の型を分類し、試験要項で数値・期限を照合してください。 試験では専属＝他業者不可をセットで確認してください。,「専属専任の混同」の公式情報はどこで確認しますか？,試験論点・条文・数値の対応を比較表に整理し、過去問で正誤の型を分類してください。 過去問で正誤の型を分類し、試験要項で数値・期限を照合してください。 試験では専属＝他業者不可をセットで確認してください。,2026-05-27
s33-kon-touki,登記移転の混同,権利関係,登記,登記なしで所有権移転なしとする誤り。,対抗要件と移転の混同。,"[{""topic"": ""移転"", ""wrong"": ""登記なし不可"", ""correct"": ""意思表示で移転"", ""trap"": ""移転誤""}, {""topic"": ""対抗"", ""wrong"": ""不要"", ""correct"": ""登記必要"", ""trap"": ""対抗誤""}]",登記と所有権移転の混同｜宅建,所有権移転と第三者対抗要件（登記）は別問題です。数値・手続の最新は公益財団法人 全日本不動産協会・公益財団法人 不動産流通推進センターの試験要項・法令改正情報で必ずご確認ください。,移転＝意思表示;対抗＝登記;35条で登記説明,登記なし移転なし（試験では条件文の主語確認が得点の分かれ目）,「移転と対抗要件を分離」。,不動産登記;本登記;37条書面,「登記移転の混同」の試験での位置づけは？,所有権移転と第三者対抗要件（登記）は別問題です。数値・手続の最新は公益財団法人 全日本不動産協会・公益財団法人 不動産流通推進センターの試験要項・法令改正情報で必ずご確認ください。 試験では移転＝意思表示を軸に、関連条文・数値・主体の取り違えを照合してください。,「登記移転の混同」でよくある誤答パターンは？,登記なし移転なし（試験では条件文の主語確認が得点の分かれ目） 誤答肢では対抗＝登記の主語や条件が入れ替わることが多いので、比較表で整理してください。 過去問で正誤の型を分類し、試験要項で数値・期限を照合してください。,「登記移転の混同」の覚え方・確認手順は？,試験論点・条文・数値の対応を比較表に整理し、過去問で正誤の型を分類してください。 過去問で正誤の型を分類し、試験要項で数値・期限を照合してください。 試験では移転＝意思表示をセットで確認してください。,「登記移転の混同」の公式情報はどこで確認しますか？,試験論点・条文・数値の対応を比較表に整理し、過去問で正誤の型を分類してください。 過去問で正誤の型を分類し、試験要項で数値・期限を照合してください。 試験では移転＝意思表示をセットで確認してください。,2026-05-27
s34-kon-ju37-baibai,売買賃貸37条混同,宅建業法,37条,売買と賃貸の37条記載を同一視。,記載の入替。,"[{""topic"": ""記載"", ""wrong"": ""同一制度と誤解しがち"", ""correct"": ""売買・賃貸別"", ""trap"": ""記載誤""}, {""topic"": ""35条"", ""wrong"": ""足りる"", ""correct"": ""37条別"", ""trap"": ""35条誤""}]",売買賃貸37条混同｜宅建,37条記載は売買・賃貸で異なります。数値・手続の最新は公益財団法人 全日本不動産協会・公益財団法人 不動産流通推進センターの試験要項・法令改正情報で必ずご確認ください。,記載別;35条37条別,同一制度と誤解しがち（試験では条件文の主語確認が得点の分かれ目）,「売買」「賃貸」で分ける。,37条書面;重要事項説明（35条書面）;敷金・礼金,「売買賃貸37条混同」の試験での位置づけは？,37条記載は売買・賃貸で異なります。数値・手続の最新は公益財団法人 全日本不動産協会・公益財団法人 不動産流通推進センターの試験要項・法令改正情報で必ずご確認ください。 試験では記載別を軸に、関連条文・数値・主体の取り違えを照合してください。,「売買賃貸37条混同」でよくある誤答パターンは？,同一制度と誤解しがち（試験では条件文の主語確認が得点の分かれ目） 誤答肢では35条37条別の主語や条件が入れ替わることが多いので、比較表で整理してください。 過去問で正誤の型を分類し、試験要項で数値・期限を照合してください。,「売買賃貸37条混同」の覚え方・確認手順は？,試験論点・条文・数値の対応を比較表に整理し、過去問で正誤の型を分類してください。 過去問で正誤の型を分類し、試験要項で数値・期限を照合してください。 試験では記載別をセットで確認してください。 誤答では同一制度と誤解しがち（試験では条件文の主語確認が得点の分かれ目）に注意してください。,「売買賃貸37条混同」の公式情報はどこで確認しますか？,試験論点・条文・数値の対応を比較表に整理し、過去問で正誤の型を分類してください。 過去問で正誤の型を分類し、試験要項で数値・期限を照合してください。 試験では記載別をセットで確認してください。 誤答では同一制度と誤解しがち（試験では条件文の主語確認が得点の分かれ目）に注意してください。,2026-05-27
s34-kon-ju35-chuko,中古35条省略,宅建業法,35条,中古評価で35条不要とする誤り。,評価＝35条代替。,"[{""topic"": ""35条"", ""wrong"": ""不要"", ""correct"": ""別義務"", ""trap"": ""35条誤""}, {""topic"": ""評価"", ""wrong"": ""代替"", ""correct"": ""参考情報"", ""trap"": ""評価誤""}]",中古35条省略｜宅建,性能評価があっても35条説明は必要です。数値・手続の最新は公益財団法人 全日本不動産協会・公益財団法人 不動産流通推進センターの試験要項・法令改正情報で必ずご確認ください。,35条省略不可;評価≠35条,性能評価で35条不要と誤解（試験では条件文の主語確認が得点の分かれ目）,「35条説明は別義務」。,重要事項説明（35条書面）;35条書面;住宅瑕疵担保履行法,「中古35条省略」の試験での位置づけは？,性能評価があっても35条説明は必要です。数値・手続の最新は公益財団法人 全日本不動産協会・公益財団法人 不動産流通推進センターの試験要項・法令改正情報で必ずご確認ください。 試験では35条省略不可を軸に、関連条文・数値・主体の取り違えを照合してください。,「中古35条省略」でよくある誤答パターンは？,性能評価で35条不要と誤解（試験では条件文の主語確認が得点の分かれ目） 誤答肢では評価≠35条の主語や条件が入れ替わることが多いので、比較表で整理してください。 過去問で正誤の型を分類し、試験要項で数値・期限を照合してください。,「中古35条省略」の覚え方・確認手順は？,試験論点・条文・数値の対応を比較表に整理し、過去問で正誤の型を分類してください。 過去問で正誤の型を分類し、試験要項で数値・期限を照合してください。 試験では35条省略不可をセットで確認してください。,「中古35条省略」の公式情報はどこで確認しますか？,試験論点・条文・数値の対応を比較表に整理し、過去問で正誤の型を分類してください。 過去問で正誤の型を分類し、試験要項で数値・期限を照合してください。 試験では35条省略不可をセットで確認してください。,2026-05-27
s34-kon-hoshou-kyokai,保証金報酬混同,宅建業法,保証協会,保証金と報酬を混同。,供託＝報酬。,"[{""topic"": ""供託"", ""wrong"": ""報酬"", ""correct"": ""保証協会"", ""trap"": ""供託誤""}, {""topic"": ""救済"", ""wrong"": ""報酬上限"", ""correct"": ""別制度"", ""trap"": ""制度誤""}]",保証金と報酬の混同｜宅建業法,営業保証金は供託・救済、報酬は46条上限です。数値・手続の最新は公益財団法人 全日本不動産協会・公益財団法人 不動産流通推進センターの試験要項・法令改正情報で必ずご確認ください。,供託≠報酬;35条は別途必要,同一制度と誤解しがち（試験では条件文の主語確認が得点の分かれ目）,「供託と報酬は別制度」。,保証協会;営業保証金と弁済業務保証金;報酬の計算（売買）,「保証金報酬混同」の試験での位置づけは？,営業保証金は供託・救済、報酬は46条上限です。数値・手続の最新は公益財団法人 全日本不動産協会・公益財団法人 不動産流通推進センターの試験要項・法令改正情報で必ずご確認ください。 試験では供託≠報酬を軸に、関連条文・数値・主体の取り違えを照合してください。,「保証金報酬混同」でよくある誤答パターンは？,同一制度と誤解しがち（試験では条件文の主語確認が得点の分かれ目） 誤答肢では35条は別途必要の主語や条件が入れ替わることが多いので、比較表で整理してください。 過去問で正誤の型を分類し、試験要項で数値・期限を照合してください。,「保証金報酬混同」の覚え方・確認手順は？,試験論点・条文・数値の対応を比較表に整理し、過去問で正誤の型を分類してください。 過去問で正誤の型を分類し、試験要項で数値・期限を照合してください。 試験では供託≠報酬をセットで確認してください。 誤答では同一制度と誤解しがち（試験では条件文の主語確認が得点の分かれ目）に注意してください。,「保証金報酬混同」の公式情報はどこで確認しますか？,試験論点・条文・数値の対応を比較表に整理し、過去問で正誤の型を分類してください。 過去問で正誤の型を分類し、試験要項で数値・期限を照合してください。 試験では供託≠報酬をセットで確認してください。 誤答では同一制度と誤解しがち（試験では条件文の主語確認が得点の分かれ目）に注意してください。,2026-05-27
s34-kon-reins-hokoku,レインズ報告混同,宅建業法,レインズ,登録と報告を同一視。,登録＝報告。,"[{""topic"": ""登録"", ""wrong"": ""報告"", ""correct"": ""別義務"", ""trap"": ""義務誤""}, {""topic"": ""14日"", ""wrong"": ""7日"", ""correct"": ""媒介別"", ""trap"": ""期限誤""}]",レインズ登録と報告の混同｜宅建,レインズ登録と取引状況報告は別義務です。数値・手続の最新は公益財団法人 全日本不動産協会・公益財団法人 不動産流通推進センターの試験要項・法令改正情報で必ずご確認ください。,登録＋報告;媒介別,同一制度と誤解しがち（試験では条件文の主語確認が得点の分かれ目）,「登録・報告を分離」。,レインズ;レインズ登録の期限;専任媒介契約,「レインズ報告混同」の試験での位置づけは？,レインズ登録と取引状況報告は別義務です。数値・手続の最新は公益財団法人 全日本不動産協会・公益財団法人 不動産流通推進センターの試験要項・法令改正情報で必ずご確認ください。 試験では登録＋報告を軸に、関連条文・数値・主体の取り違えを照合してください。,「レインズ報告混同」でよくある誤答パターンは？,同一制度と誤解しがち（試験では条件文の主語確認が得点の分かれ目） 誤答肢では媒介別の主語や条件が入れ替わることが多いので、比較表で整理してください。 過去問で正誤の型を分類し、試験要項で数値・期限を照合してください。,「レインズ報告混同」の覚え方・確認手順は？,試験論点・条文・数値の対応を比較表に整理し、過去問で正誤の型を分類してください。 過去問で正誤の型を分類し、試験要項で数値・期限を照合してください。 試験では登録＋報告をセットで確認してください。 誤答では同一制度と誤解しがち（試験では条件文の主語確認が得点の分かれ目）に注意してください。,「レインズ報告混同」の公式情報はどこで確認しますか？,試験論点・条文・数値の対応を比較表に整理し、過去問で正誤の型を分類してください。 過去問で正誤の型を分類し、試験要項で数値・期限を照合してください。 試験では登録＋報告をセットで確認してください。 誤答では同一制度と誤解しがち（試験では条件文の主語確認が得点の分かれ目）に注意してください。,2026-05-27
s34-kon-houshuu-chintai,賃貸報酬算定誤り,宅建業法,報酬,賃貸報酬を3%+6万とする誤り。,算定式の混同。,"[{""topic"": ""賃貸"", ""wrong"": ""3%+6万"", ""correct"": ""1ヶ月"", ""trap"": ""算定誤""}, {""topic"": ""売買"", ""wrong"": ""1ヶ月"", ""correct"": ""3%+6万"", ""trap"": ""売買誤""}]",賃貸報酬算定誤り｜宅建,賃貸は1ヶ月分、売買は3%+6万です。数値・手続の最新は公益財団法人 全日本不動産協会・公益財団法人 不動産流通推進センターの試験要項・法令改正情報で必ずご確認ください。,賃貸1ヶ月;売買3%+6万,同一算式（試験では条件文の主語確認が得点の分かれ目）,「賃貸は1ヶ月分上限」。,報酬の計算（売買）;報酬額の掲示;媒介契約の種類,「賃貸報酬算定誤り」の試験での位置づけは？,賃貸は1ヶ月分、売買は3%+6万です。数値・手続の最新は公益財団法人 全日本不動産協会・公益財団法人 不動産流通推進センターの試験要項・法令改正情報で必ずご確認ください。 試験では賃貸1ヶ月を軸に、関連条文・数値・主体の取り違えを照合してください。,「賃貸報酬算定誤り」でよくある誤答パターンは？,同一算式（試験では条件文の主語確認が得点の分かれ目） 誤答肢では売買3%+6万の主語や条件が入れ替わることが多いので、比較表で整理してください。 過去問で正誤の型を分類し、試験要項で数値・期限を照合してください。,「賃貸報酬算定誤り」の覚え方・確認手順は？,試験論点・条文・数値の対応を比較表に整理し、過去問で正誤の型を分類してください。 過去問で正誤の型を分類し、試験要項で数値・期限を照合してください。 試験では賃貸1ヶ月をセットで確認してください。 誤答では同一算式（試験では条件文の主語確認が得点の分かれ目）に注意してください。,「賃貸報酬算定誤り」の公式情報はどこで確認しますか？,試験論点・条文・数値の対応を比較表に整理し、過去問で正誤の型を分類してください。 過去問で正誤の型を分類し、試験要項で数値・期限を照合してください。 試験では賃貸1ヶ月をセットで確認してください。 誤答では同一算式（試験では条件文の主語確認が得点の分かれ目）に注意してください。,2026-05-27
s34-kon-muken-hyouken,無権表見混同,権利関係,無権代理,無権代理と表見代理を同一視。,効果の混同。,"[{""topic"": ""無権"", ""wrong"": ""帰属"", ""correct"": ""追認"", ""trap"": ""効果誤""}, {""topic"": ""表見"", ""wrong"": ""追認"", ""correct"": ""帰属"", ""trap"": ""表見誤""}]",無権代理と表見代理の混同｜宅建,無権代理は追認、表見代理は本人帰属です。数値・手続の最新は公益財団法人 全日本不動産協会・公益財団法人 不動産流通推進センターの試験要項・法令改正情報で必ずご確認ください。,追認≠帰属;条件文の主語を確認,同一制度と誤解しがち（試験では条件文の主語確認が得点の分かれ目）,「追認と帰属を分離」。,無権代理;表見代理;代理,「無権表見混同」の試験での位置づけは？,無権代理は追認、表見代理は本人帰属です。数値・手続の最新は公益財団法人 全日本不動産協会・公益財団法人 不動産流通推進センターの試験要項・法令改正情報で必ずご確認ください。 試験では追認≠帰属を軸に、関連条文・数値・主体の取り違えを照合してください。,「無権表見混同」でよくある誤答パターンは？,同一制度と誤解しがち（試験では条件文の主語確認が得点の分かれ目） 誤答肢では条件文の主語を確認の主語や条件が入れ替わることが多いので、比較表で整理してください。 過去問で正誤の型を分類し、試験要項で数値・期限を照合してください。,「無権表見混同」の覚え方・確認手順は？,試験論点・条文・数値の対応を比較表に整理し、過去問で正誤の型を分類してください。 過去問で正誤の型を分類し、試験要項で数値・期限を照合してください。 試験では追認≠帰属をセットで確認してください。 誤答では同一制度と誤解しがち（試験では条件文の主語確認が得点の分かれ目）に注意してください。,「無権表見混同」の公式情報はどこで確認しますか？,試験論点・条文・数値の対応を比較表に整理し、過去問で正誤の型を分類してください。 過去問で正誤の型を分類し、試験要項で数値・期限を照合してください。 試験では追認≠帰属をセットで確認してください。 誤答では同一制度と誤解しがち（試験では条件文の主語確認が得点の分かれ目）に注意してください。,2026-05-27
s34-kon-teitou,抵当根抵当混同,権利関係,抵当権,抵当権と根抵当を同一視。,極度額の見落とし。,"[{""topic"": ""抵当"", ""wrong"": ""根抵当同一"", ""correct"": ""別制度"", ""trap"": ""制度誤""}, {""topic"": ""3ヶ月"", ""wrong"": ""1年除斥と混同しがち"", ""correct"": ""除斥"", ""trap"": ""数値誤""}]",抵当根抵当混同｜宅建,抵当権と根抵当権は別制度です。3ヶ月除斥と1年占有移転も区別してください。数値・手続の最新は公益財団法人 全日本不動産協会・公益財団法人 不動産流通推進センターの試験要項・法令改正情報で必ずご確認ください。,抵当≠根抵当;3ヶ月≠1年,同一制度と誤解しがち（試験では条件文の主語確認が得点の分かれ目）,「抵当・根抵当・数値」。,抵当権;根抵当権;抵当権の実行,「抵当根抵当混同」の試験での位置づけは？,抵当権と根抵当権は別制度です。3ヶ月除斥と1年占有移転も区別してください。数値・手続の最新は公益財団法人 全日本不動産協会・公益財団法人 不動産流通推進センターの試験要項・法令改正情報で必ずご確認ください。 試験では抵当≠根抵当を軸に、関連条文・数値・主体の取り違えを照合してください。,「抵当根抵当混同」でよくある誤答パターンは？,同一制度と誤解しがち（試験では条件文の主語確認が得点の分かれ目） 誤答肢では3ヶ月≠1年の主語や条件が入れ替わることが多いので、比較表で整理してください。 過去問で正誤の型を分類し、試験要項で数値・期限を照合してください。,「抵当根抵当混同」の覚え方・確認手順は？,試験論点・条文・数値の対応を比較表に整理し、過去問で正誤の型を分類してください。 過去問で正誤の型を分類し、試験要項で数値・期限を照合してください。 試験では抵当≠根抵当をセットで確認してください。 誤答では同一制度と誤解しがち（試験では条件文の主語確認が得点の分かれ目）に注意してください。,「抵当根抵当混同」の公式情報はどこで確認しますか？,試験論点・条文・数値の対応を比較表に整理し、過去問で正誤の型を分類してください。 過去問で正誤の型を分類し、試験要項で数値・期限を照合してください。 試験では抵当≠根抵当をセットで確認してください。 誤答では同一制度と誤解しがち（試験では条件文の主語確認が得点の分かれ目）に注意してください。,2026-05-27
s34-kon-kashi-35,瑕疵35条混同,宅建業法,瑕疵,瑕疵で35条不要とする誤り。,説明省略。,"[{""topic"": ""35条"", ""wrong"": ""不要"", ""correct"": ""別義務"", ""trap"": ""35条誤""}, {""topic"": ""不適合"", ""wrong"": ""35条代替"", ""correct"": ""民法救済"", ""trap"": ""不適合誤""}]",瑕疵35条混同｜宅建,契約不適合責任があっても35条説明は必要です。数値・手続の最新は公益財団法人 全日本不動産協会・公益財団法人 不動産流通推進センターの試験要項・法令改正情報で必ずご確認ください。,不適合≠35条;37条交付も別,35条説明が不要と誤解（試験では条件文の主語確認が得点の分かれ目）,「35条説明は別義務」。,契約不適合責任;重要事項説明（35条書面）;37条書面,「瑕疵35条混同」の試験での位置づけは？,契約不適合責任があっても35条説明は必要です。数値・手続の最新は公益財団法人 全日本不動産協会・公益財団法人 不動産流通推進センターの試験要項・法令改正情報で必ずご確認ください。 試験では不適合≠35条を軸に、関連条文・数値・主体の取り違えを照合してください。,「瑕疵35条混同」でよくある誤答パターンは？,35条説明が不要と誤解（試験では条件文の主語確認が得点の分かれ目） 誤答肢では37条交付も別の主語や条件が入れ替わることが多いので、比較表で整理してください。 過去問で正誤の型を分類し、試験要項で数値・期限を照合してください。,「瑕疵35条混同」の覚え方・確認手順は？,試験論点・条文・数値の対応を比較表に整理し、過去問で正誤の型を分類してください。 過去問で正誤の型を分類し、試験要項で数値・期限を照合してください。 試験では不適合≠35条をセットで確認してください。,「瑕疵35条混同」の公式情報はどこで確認しますか？,試験論点・条文・数値の対応を比較表に整理し、過去問で正誤の型を分類してください。 過去問で正誤の型を分類し、試験要項で数値・期限を照合してください。 試験では不適合≠35条をセットで確認してください。,2026-05-27
s34-kon-baikai-37,媒介37条混同,宅建業法,媒介,媒介契約書＝37条とする誤り。,書面の混同。,"[{""topic"": ""媒介"", ""wrong"": ""37条"", ""correct"": ""業務委託"", ""trap"": ""媒介誤""}, {""topic"": ""37条"", ""wrong"": ""媒介"", ""correct"": ""本契約"", ""trap"": ""37条誤""}]",媒介37条混同｜宅建,媒介契約書と37条書面は目的・時点が異なります。数値・手続の最新は公益財団法人 全日本不動産協会・公益財団法人 不動産流通推進センターの試験要項・法令改正情報で必ずご確認ください。,媒介≠37条;時点別,同一制度と誤解しがち（試験では条件文の主語確認が得点の分かれ目）,「媒介契約は業務委託」。,媒介契約書;37条書面;重要事項説明（35条書面）,「媒介37条混同」の試験での位置づけは？,媒介契約書と37条書面は目的・時点が異なります。数値・手続の最新は公益財団法人 全日本不動産協会・公益財団法人 不動産流通推進センターの試験要項・法令改正情報で必ずご確認ください。 試験では媒介≠37条を軸に、関連条文・数値・主体の取り違えを照合してください。,「媒介37条混同」でよくある誤答パターンは？,同一制度と誤解しがち（試験では条件文の主語確認が得点の分かれ目） 誤答肢では時点別の主語や条件が入れ替わることが多いので、比較表で整理してください。 過去問で正誤の型を分類し、試験要項で数値・期限を照合してください。,「媒介37条混同」の覚え方・確認手順は？,試験論点・条文・数値の対応を比較表に整理し、過去問で正誤の型を分類してください。 過去問で正誤の型を分類し、試験要項で数値・期限を照合してください。 試験では媒介≠37条をセットで確認してください。 誤答では同一制度と誤解しがち（試験では条件文の主語確認が得点の分かれ目）に注意してください。,「媒介37条混同」の公式情報はどこで確認しますか？,試験論点・条文・数値の対応を比較表に整理し、過去問で正誤の型を分類してください。 過去問で正誤の型を分類し、試験要項で数値・期限を照合してください。 試験では媒介≠37条をセットで確認してください。 誤答では同一制度と誤解しがち（試験では条件文の主語確認が得点の分かれ目）に注意してください。,2026-05-27
s34-kon-menkyo-kaiin,免許会員混同,宅建業法,免許,免許取消と会員を同一視。,処分＝会員。,"[{""topic"": ""取消"", ""wrong"": ""会員"", ""correct"": ""行政処分"", ""trap"": ""処分誤""}, {""topic"": ""士"", ""wrong"": ""免許"", ""correct"": ""別概念"", ""trap"": ""主体誤""}]",免許取消と会員の混同｜宅建業法,免許取消は行政処分、保証協会会員は別制度です。数値・手続の最新は公益財団法人 全日本不動産協会・公益財団法人 不動産流通推進センターの試験要項・法令改正情報で必ずご確認ください。,取消≠会員;士≠免許,同一制度と誤解しがち（試験では条件文の主語確認が得点の分かれ目）,「免許・会員・士」。,宅建業の免許;免許の取消;保証協会,「免許会員混同」の試験での位置づけは？,免許取消は行政処分、保証協会会員は別制度です。数値・手続の最新は公益財団法人 全日本不動産協会・公益財団法人 不動産流通推進センターの試験要項・法令改正情報で必ずご確認ください。 試験では取消≠会員を軸に、関連条文・数値・主体の取り違えを照合してください。,「免許会員混同」でよくある誤答パターンは？,同一制度と誤解しがち（試験では条件文の主語確認が得点の分かれ目） 誤答肢では士≠免許の主語や条件が入れ替わることが多いので、比較表で整理してください。 過去問で正誤の型を分類し、試験要項で数値・期限を照合してください。,「免許会員混同」の覚え方・確認手順は？,試験論点・条文・数値の対応を比較表に整理し、過去問で正誤の型を分類してください。 過去問で正誤の型を分類し、試験要項で数値・期限を照合してください。 試験では取消≠会員をセットで確認してください。 誤答では同一制度と誤解しがち（試験では条件文の主語確認が得点の分かれ目）に注意してください。,「免許会員混同」の公式情報はどこで確認しますか？,試験論点・条文・数値の対応を比較表に整理し、過去問で正誤の型を分類してください。 過去問で正誤の型を分類し、試験要項で数値・期限を照合してください。 試験では取消≠会員をセットで確認してください。 誤答では同一制度と誤解しがち（試験では条件文の主語確認が得点の分かれ目）に注意してください。,2026-05-27
s35-kon-takken-kaisei,宅建業法改正の典型誤答（S35）,宅建業法,宅建業法改正;S35;誤答,宅建業法改正で頻出する誤答パターンを整理します。,宅建業法改正の主語・手続の混同。,"[{""topic"": ""用語"", ""wrong"": ""名称だけで判断"", ""correct"": ""主語を固定"", ""trap"": ""同義語入替""}, {""topic"": ""手順"", ""wrong"": ""順序逆転"", ""correct"": ""確認順固定"", ""trap"": ""類似混同""}, {""topic"": ""数値"", ""wrong"": ""単位未確認"", ""correct"": ""数値条件同時"", ""trap"": ""近似誤誘導""}, {""topic"": ""法令"", ""wrong"": ""旧条文流用"", ""correct"": ""最新照合"", ""trap"": ""手続混同""}]",宅建業法改正誤答対策｜S35,宅建業法改正の誤答は35条37条・報酬・登記の読み落としが中心です。誤答型を記録し比較表へ戻ってください。数値・手続の最新は公益財団法人 全日本不動産協会・公益財団法人 不動産流通推進センターの試験要項・法令改正情報で必ずご確認ください。,宅建業法改正;誤答型分類;S35,主語不明;手順省略（試験では条件文の主語確認が得点の分かれ目）,「宅建業法改正→主語→条文」。,宅建業の免許;重要事項説明（35条書面）;37条書面,「宅建業法改正の典型誤答（S35）」の試験での位置づけは？,宅建業法改正の誤答は35条37条・報酬・登記の読み落としが中心です。誤答型を記録し比較表へ戻ってください。数値・手続の最新は公益財団法人 全日本不動産協会・公益財団法人 不動産流通推進センターの試験要項・法令改正情報で必ずご確認ください。 試験では宅建業法改正を軸に、関連条文・数値・主体の取り違えを照合してください。,「宅建業法改正の典型誤答（S35）」でよくある誤答パターンは？,主語不明;手順省略（試験では条件文の主語確認が得点の分かれ目） 誤答肢では誤答型分類の主語や条件が入れ替わることが多いので、比較表で整理してください。 過去問で正誤の型を分類し、試験要項で数値・期限を照合してください。,「宅建業法改正の典型誤答（S35）」の覚え方・確認手順は？,覚え方：「宅建業法改正→主語→条文」。 早見の要点：・要項確認 用語集→本ページ→過去問の順で往復し、正誤理由をメモに残してください。 過去問で正誤の型を分類し、試験要項で数値・期限を照合してください。,「宅建業法改正の典型誤答（S35）」の公式情報はどこで確認しますか？,試験論点・条文・数値の対応を比較表に整理し、過去問で正誤の型を分類してください。 過去問で正誤の型を分類し、試験要項で数値・期限を照合してください。 試験では宅建業法改正をセットで確認してください。 誤答では主語不明に注意してください。,2026-05-27
s35-kon-ju35-ju37,35条37条深掘りの典型誤答（S35）,宅建業法,35条37条深掘り;S35;誤答,35条37条深掘りで頻出する誤答パターンを整理します。,35条37条深掘りの主語・手続の混同。,"[{""topic"": ""用語"", ""wrong"": ""名称だけで判断"", ""correct"": ""主語を固定"", ""trap"": ""同義語入替""}, {""topic"": ""手順"", ""wrong"": ""順序逆転"", ""correct"": ""確認順固定"", ""trap"": ""類似混同""}, {""topic"": ""数値"", ""wrong"": ""単位未確認"", ""correct"": ""数値条件同時"", ""trap"": ""近似誤誘導""}, {""topic"": ""法令"", ""wrong"": ""旧条文流用"", ""correct"": ""最新照合"", ""trap"": ""手続混同""}]",35条37条深掘り誤答対策｜S35,35条37条深掘りの誤答は35条37条・報酬・登記の読み落としが中心です。誤答型を記録し比較表へ戻ってください。数値・手続の最新は公益財団法人 全日本不動産協会・公益財団法人 不動産流通推進センターの試験要項・法令改正情報で必ずご確認ください。,35条37条深掘り;誤答型分類;S35,主語不明;手順省略（試験では条件文の主語確認が得点の分かれ目）,「35条37条深掘り→主語→条文」。,重要事項説明（35条書面）;37条書面;35条書面,「35条37条深掘りの典型誤答（S35）」の試験での位置づけは？,35条37条深掘りの誤答は35条37条・報酬・登記の読み落としが中心です。誤答型を記録し比較表へ戻ってください。数値・手続の最新は公益財団法人 全日本不動産協会・公益財団法人 不動産流通推進センターの試験要項・法令改正情報で必ずご確認くだ… 試験では35条37条深掘りを軸に、関連条文・数値・主体の取り違えを照合してください。,「35条37条深掘りの典型誤答（S35）」でよくある誤答パターンは？,主語不明;手順省略（試験では条件文の主語確認が得点の分かれ目） 誤答肢では誤答型分類の主語や条件が入れ替わることが多いので、比較表で整理してください。 過去問で正誤の型を分類し、試験要項で数値・期限を照合してください。,「35条37条深掘りの典型誤答（S35）」の覚え方・確認手順は？,覚え方：「35条37条深掘り→主語→条文」。 早見の要点：・要項確認 用語集→本ページ→過去問の順で往復し、正誤理由をメモに残してください。 過去問で正誤の型を分類し、試験要項で数値・期限を照合してください。,「35条37条深掘りの典型誤答（S35）」の公式情報はどこで確認しますか？,試験論点・条文・数値の対応を比較表に整理し、過去問で正誤の型を分類してください。 過去問で正誤の型を分類し、試験要項で数値・期限を照合してください。 試験では35条37条深掘りをセットで確認してください。,2026-05-27
s35-kon-baikai-houshuu,媒介報酬の典型誤答（S35）,宅建業法,媒介報酬;S35;誤答,媒介報酬で頻出する誤答パターンを整理します。,媒介報酬の主語・手続の混同。,"[{""topic"": ""用語"", ""wrong"": ""名称だけで判断"", ""correct"": ""主語を固定"", ""trap"": ""同義語入替""}, {""topic"": ""手順"", ""wrong"": ""順序逆転"", ""correct"": ""確認順固定"", ""trap"": ""類似混同""}, {""topic"": ""数値"", ""wrong"": ""単位未確認"", ""correct"": ""数値条件同時"", ""trap"": ""近似誤誘導""}, {""topic"": ""法令"", ""wrong"": ""旧条文流用"", ""correct"": ""最新照合"", ""trap"": ""手続混同""}]",媒介報酬誤答対策｜S35,媒介報酬の誤答は35条37条・報酬・登記の読み落としが中心です。誤答型を記録し比較表へ戻ってください。数値・手続の最新は公益財団法人 全日本不動産協会・公益財団法人 不動産流通推進センターの試験要項・法令改正情報で必ずご確認ください。,媒介報酬;誤答型分類;S35,主語不明;手順省略（試験では条件文の主語確認が得点の分かれ目）,「媒介報酬→主語→条文」。,報酬の計算（売買）;媒介契約の種類;報酬額の掲示,「媒介報酬の典型誤答（S35）」の試験での位置づけは？,媒介報酬の誤答は35条37条・報酬・登記の読み落としが中心です。誤答型を記録し比較表へ戻ってください。数値・手続の最新は公益財団法人 全日本不動産協会・公益財団法人 不動産流通推進センターの試験要項・法令改正情報で必ずご確認ください。 試験では媒介報酬を軸に、関連条文・数値・主体の取り違えを照合してください。,「媒介報酬の典型誤答（S35）」でよくある誤答パターンは？,主語不明;手順省略（試験では条件文の主語確認が得点の分かれ目） 誤答肢では誤答型分類の主語や条件が入れ替わることが多いので、比較表で整理してください。 過去問で正誤の型を分類し、試験要項で数値・期限を照合してください。,「媒介報酬の典型誤答（S35）」の覚え方・確認手順は？,試験論点・条文・数値の対応を比較表に整理し、過去問で正誤の型を分類してください。 過去問で正誤の型を分類し、試験要項で数値・期限を照合してください。 試験では媒介報酬をセットで確認してください。 誤答では主語不明に注意してください。,「媒介報酬の典型誤答（S35）」の公式情報はどこで確認しますか？,試験論点・条文・数値の対応を比較表に整理し、過去問で正誤の型を分類してください。 過去問で正誤の型を分類し、試験要項で数値・期限を照合してください。 試験では媒介報酬をセットで確認してください。 誤答では主語不明に注意してください。,2026-05-27
s35-kon-shakuchi-shakuya,借地借家の典型誤答（S35）,権利関係,借地借家;S35;誤答,借地借家で頻出する誤答パターンを整理します。,借地借家の主語・手続の混同。,"[{""topic"": ""用語"", ""wrong"": ""名称だけで判断"", ""correct"": ""主語を固定"", ""trap"": ""同義語入替""}, {""topic"": ""手順"", ""wrong"": ""順序逆転"", ""correct"": ""確認順固定"", ""trap"": ""類似混同""}, {""topic"": ""数値"", ""wrong"": ""単位未確認"", ""correct"": ""数値条件同時"", ""trap"": ""近似誤誘導""}, {""topic"": ""法令"", ""wrong"": ""旧条文流用"", ""correct"": ""最新照合"", ""trap"": ""手続混同""}]",借地借家誤答対策｜S35,借地借家の誤答は35条37条・報酬・登記の読み落としが中心です。誤答型を記録し比較表へ戻ってください。数値・手続の最新は公益財団法人 全日本不動産協会・公益財団法人 不動産流通推進センターの試験要項・法令改正情報で必ずご確認ください。,借地借家;誤答型分類;S35,主語不明;手順省略（試験では条件文の主語確認が得点の分かれ目）,「借地借家→主語→条文」。,借地借家法;法定更新（借地借家法）;更新拒絶の正当な事由,「借地借家の典型誤答（S35）」の試験での位置づけは？,借地借家の誤答は35条37条・報酬・登記の読み落としが中心です。誤答型を記録し比較表へ戻ってください。数値・手続の最新は公益財団法人 全日本不動産協会・公益財団法人 不動産流通推進センターの試験要項・法令改正情報で必ずご確認ください。 試験では借地借家を軸に、関連条文・数値・主体の取り違えを照合してください。,「借地借家の典型誤答（S35）」でよくある誤答パターンは？,主語不明;手順省略（試験では条件文の主語確認が得点の分かれ目） 誤答肢では誤答型分類の主語や条件が入れ替わることが多いので、比較表で整理してください。 過去問で正誤の型を分類し、試験要項で数値・期限を照合してください。,「借地借家の典型誤答（S35）」の覚え方・確認手順は？,試験論点・条文・数値の対応を比較表に整理し、過去問で正誤の型を分類してください。 過去問で正誤の型を分類し、試験要項で数値・期限を照合してください。 試験では借地借家をセットで確認してください。 誤答では主語不明に注意してください。,「借地借家の典型誤答（S35）」の公式情報はどこで確認しますか？,試験論点・条文・数値の対応を比較表に整理し、過去問で正誤の型を分類してください。 過去問で正誤の型を分類し、試験要項で数値・期限を照合してください。 試験では借地借家をセットで確認してください。 誤答では主語不明に注意してください。,2026-05-27
s35-kon-kubun-shoyu,区分所有の典型誤答（S35）,権利関係,区分所有;S35;誤答,区分所有で頻出する誤答パターンを整理します。,区分所有の主語・手続の混同。,"[{""topic"": ""用語"", ""wrong"": ""名称だけで判断"", ""correct"": ""主語を固定"", ""trap"": ""同義語入替""}, {""topic"": ""手順"", ""wrong"": ""順序逆転"", ""correct"": ""確認順固定"", ""trap"": ""類似混同""}, {""topic"": ""数値"", ""wrong"": ""単位未確認"", ""correct"": ""数値条件同時"", ""trap"": ""近似誤誘導""}, {""topic"": ""法令"", ""wrong"": ""旧条文流用"", ""correct"": ""最新照合"", ""trap"": ""手続混同""}]",区分所有誤答対策｜S35,区分所有の誤答は35条37条・報酬・登記の読み落としが中心です。誤答型を記録し比較表へ戻ってください。数値・手続の最新は公益財団法人 全日本不動産協会・公益財団法人 不動産流通推進センターの試験要項・法令改正情報で必ずご確認ください。,区分所有;誤答型分類;S35,主語不明;手順省略（試験では条件文の主語確認が得点の分かれ目）,「区分所有→主語→条文」。,区分所有権;区分所有者;共用部分,「区分所有の典型誤答（S35）」の試験での位置づけは？,区分所有の誤答は35条37条・報酬・登記の読み落としが中心です。誤答型を記録し比較表へ戻ってください。数値・手続の最新は公益財団法人 全日本不動産協会・公益財団法人 不動産流通推進センターの試験要項・法令改正情報で必ずご確認ください。 試験では区分所有を軸に、関連条文・数値・主体の取り違えを照合してください。,「区分所有の典型誤答（S35）」でよくある誤答パターンは？,主語不明;手順省略（試験では条件文の主語確認が得点の分かれ目） 誤答肢では誤答型分類の主語や条件が入れ替わることが多いので、比較表で整理してください。 過去問で正誤の型を分類し、試験要項で数値・期限を照合してください。,「区分所有の典型誤答（S35）」の覚え方・確認手順は？,試験論点・条文・数値の対応を比較表に整理し、過去問で正誤の型を分類してください。 過去問で正誤の型を分類し、試験要項で数値・期限を照合してください。 試験では区分所有をセットで確認してください。 誤答では主語不明に注意してください。,「区分所有の典型誤答（S35）」の公式情報はどこで確認しますか？,試験論点・条文・数値の対応を比較表に整理し、過去問で正誤の型を分類してください。 過去問で正誤の型を分類し、試験要項で数値・期限を照合してください。 試験では区分所有をセットで確認してください。 誤答では主語不明に注意してください。,2026-05-27
s35-kon-toshikeikaku,都市計画の典型誤答（S35）,権利関係,都市計画;S35;誤答,都市計画で頻出する誤答パターンを整理します。,都市計画の主語・手続の混同。,"[{""topic"": ""用語"", ""wrong"": ""名称だけで判断"", ""correct"": ""主語を固定"", ""trap"": ""同義語入替""}, {""topic"": ""手順"", ""wrong"": ""順序逆転"", ""correct"": ""確認順固定"", ""trap"": ""類似混同""}, {""topic"": ""数値"", ""wrong"": ""単位未確認"", ""correct"": ""数値条件同時"", ""trap"": ""近似誤誘導""}, {""topic"": ""法令"", ""wrong"": ""旧条文流用"", ""correct"": ""最新照合"", ""trap"": ""手続混同""}]",都市計画誤答対策｜S35,都市計画の誤答は35条37条・報酬・登記の読み落としが中心です。誤答型を記録し比較表へ戻ってください。数値・手続の最新は公益財団法人 全日本不動産協会・公益財団法人 不動産流通推進センターの試験要項・法令改正情報で必ずご確認ください。,都市計画;誤答型分類;S35,主語不明;手順省略（試験では条件文の主語確認が得点の分かれ目）,「都市計画→主語→条文」。,都市計画法;用途地域の種類;建ぺい率・容積率,「都市計画の典型誤答（S35）」の試験での位置づけは？,都市計画の誤答は35条37条・報酬・登記の読み落としが中心です。誤答型を記録し比較表へ戻ってください。数値・手続の最新は公益財団法人 全日本不動産協会・公益財団法人 不動産流通推進センターの試験要項・法令改正情報で必ずご確認ください。 試験では都市計画を軸に、関連条文・数値・主体の取り違えを照合してください。,「都市計画の典型誤答（S35）」でよくある誤答パターンは？,主語不明;手順省略（試験では条件文の主語確認が得点の分かれ目） 誤答肢では誤答型分類の主語や条件が入れ替わることが多いので、比較表で整理してください。 過去問で正誤の型を分類し、試験要項で数値・期限を照合してください。,「都市計画の典型誤答（S35）」の覚え方・確認手順は？,試験論点・条文・数値の対応を比較表に整理し、過去問で正誤の型を分類してください。 過去問で正誤の型を分類し、試験要項で数値・期限を照合してください。 試験では都市計画をセットで確認してください。 誤答では主語不明に注意してください。,「都市計画の典型誤答（S35）」の公式情報はどこで確認しますか？,試験論点・条文・数値の対応を比較表に整理し、過去問で正誤の型を分類してください。 過去問で正誤の型を分類し、試験要項で数値・期限を照合してください。 試験では都市計画をセットで確認してください。 誤答では主語不明に注意してください。,2026-05-27
s35-kon-touki,登記の典型誤答（S35）,権利関係,登記;S35;誤答,登記で頻出する誤答パターンを整理します。,登記の主語・手続の混同。,"[{""topic"": ""用語"", ""wrong"": ""名称だけで判断"", ""correct"": ""主語を固定"", ""trap"": ""同義語入替""}, {""topic"": ""手順"", ""wrong"": ""順序逆転"", ""correct"": ""確認順固定"", ""trap"": ""類似混同""}, {""topic"": ""数値"", ""wrong"": ""単位未確認"", ""correct"": ""数値条件同時"", ""trap"": ""近似誤誘導""}, {""topic"": ""法令"", ""wrong"": ""旧条文流用"", ""correct"": ""最新照合"", ""trap"": ""手続混同""}]",登記誤答対策｜S35,登記の誤答は35条37条・報酬・登記の読み落としが中心です。誤答型を記録し比較表へ戻ってください。数値・手続の最新は公益財団法人 全日本不動産協会・公益財団法人 不動産流通推進センターの試験要項・法令改正情報で必ずご確認ください。,登記;誤答型分類;S35,主語不明;手順省略（試験では条件文の主語確認が得点の分かれ目）,「登記→主語→条文」。,抵当権;所有権;不動産登記,「登記の典型誤答（S35）」の試験での位置づけは？,登記の誤答は35条37条・報酬・登記の読み落としが中心です。誤答型を記録し比較表へ戻ってください。数値・手続の最新は公益財団法人 全日本不動産協会・公益財団法人 不動産流通推進センターの試験要項・法令改正情報で必ずご確認ください。 試験では登記を軸に、関連条文・数値・主体の取り違えを照合してください。,「登記の典型誤答（S35）」でよくある誤答パターンは？,主語不明;手順省略（試験では条件文の主語確認が得点の分かれ目） 誤答肢では誤答型分類の主語や条件が入れ替わることが多いので、比較表で整理してください。 過去問で正誤の型を分類し、試験要項で数値・期限を照合してください。,「登記の典型誤答（S35）」の覚え方・確認手順は？,試験論点・条文・数値の対応を比較表に整理し、過去問で正誤の型を分類してください。 過去問で正誤の型を分類し、試験要項で数値・期限を照合してください。 試験では登記をセットで確認してください。 誤答では主語不明に注意してください。,「登記の典型誤答（S35）」の公式情報はどこで確認しますか？,試験論点・条文・数値の対応を比較表に整理し、過去問で正誤の型を分類してください。 過去問で正誤の型を分類し、試験要項で数値・期限を照合してください。 試験では登記をセットで確認してください。 誤答では主語不明に注意してください。,2026-05-27
s35-kon-keiyaku-futekigou,契約不適合の典型誤答（S35）,宅建業法,契約不適合;S35;誤答,契約不適合で頻出する誤答パターンを整理します。,契約不適合の主語・手続の混同。,"[{""topic"": ""用語"", ""wrong"": ""名称だけで判断"", ""correct"": ""主語を固定"", ""trap"": ""同義語入替""}, {""topic"": ""手順"", ""wrong"": ""順序逆転"", ""correct"": ""確認順固定"", ""trap"": ""類似混同""}, {""topic"": ""数値"", ""wrong"": ""単位未確認"", ""correct"": ""数値条件同時"", ""trap"": ""近似誤誘導""}, {""topic"": ""法令"", ""wrong"": ""旧条文流用"", ""correct"": ""最新照合"", ""trap"": ""手続混同""}]",契約不適合誤答対策｜S35,契約不適合の誤答は35条37条・報酬・登記の読み落としが中心です。誤答型を記録し比較表へ戻ってください。数値・手続の最新は公益財団法人 全日本不動産協会・公益財団法人 不動産流通推進センターの試験要項・法令改正情報で必ずご確認ください。,契約不適合;誤答型分類;S35,主語不明;手順省略（試験では条件文の主語確認が得点の分かれ目）,「契約不適合→主語→条文」。,契約不適合責任;重要事項説明（35条書面）;37条書面,「契約不適合の典型誤答（S35）」の試験での位置づけは？,契約不適合の誤答は35条37条・報酬・登記の読み落としが中心です。誤答型を記録し比較表へ戻ってください。数値・手続の最新は公益財団法人 全日本不動産協会・公益財団法人 不動産流通推進センターの試験要項・法令改正情報で必ずご確認ください。 試験では契約不適合を軸に、関連条文・数値・主体の取り違えを照合してください。,「契約不適合の典型誤答（S35）」でよくある誤答パターンは？,主語不明;手順省略（試験では条件文の主語確認が得点の分かれ目） 誤答肢では誤答型分類の主語や条件が入れ替わることが多いので、比較表で整理してください。 過去問で正誤の型を分類し、試験要項で数値・期限を照合してください。,「契約不適合の典型誤答（S35）」の覚え方・確認手順は？,覚え方：「契約不適合→主語→条文」。 早見の要点：・要項確認 用語集→本ページ→過去問の順で往復し、正誤理由をメモに残してください。 過去問で正誤の型を分類し、試験要項で数値・期限を照合してください。,「契約不適合の典型誤答（S35）」の公式情報はどこで確認しますか？,試験論点・条文・数値の対応を比較表に整理し、過去問で正誤の型を分類してください。 過去問で正誤の型を分類し、試験要項で数値・期限を照合してください。 試験では契約不適合をセットで確認してください。 誤答では主語不明に注意してください。,2026-05-27
s35-kon-tetsuki,手付金の典型誤答（S35）,権利関係,手付金;S35;誤答,手付金で頻出する誤答パターンを整理します。,手付金の主語・手続の混同。,"[{""topic"": ""用語"", ""wrong"": ""名称だけで判断"", ""correct"": ""主語を固定"", ""trap"": ""同義語入替""}, {""topic"": ""手順"", ""wrong"": ""順序逆転"", ""correct"": ""確認順固定"", ""trap"": ""類似混同""}, {""topic"": ""数値"", ""wrong"": ""単位未確認"", ""correct"": ""数値条件同時"", ""trap"": ""近似誤誘導""}, {""topic"": ""法令"", ""wrong"": ""旧条文流用"", ""correct"": ""最新照合"", ""trap"": ""手続混同""}]",手付金誤答対策｜S35,手付金の誤答は35条37条・報酬・登記の読み落としが中心です。誤答型を記録し比較表へ戻ってください。数値・手続の最新は公益財団法人 全日本不動産協会・公益財団法人 不動産流通推進センターの試験要項・法令改正情報で必ずご確認ください。,手付金;誤答型分類;S35,主語不明;手順省略（試験では条件文の主語確認が得点の分かれ目）,「手付金→主語→条文」。,手付の種類;手付解除;手付金等の保全措置,「手付金の典型誤答（S35）」の試験での位置づけは？,手付金の誤答は35条37条・報酬・登記の読み落としが中心です。誤答型を記録し比較表へ戻ってください。数値・手続の最新は公益財団法人 全日本不動産協会・公益財団法人 不動産流通推進センターの試験要項・法令改正情報で必ずご確認ください。 試験では手付金を軸に、関連条文・数値・主体の取り違えを照合してください。,「手付金の典型誤答（S35）」でよくある誤答パターンは？,主語不明;手順省略（試験では条件文の主語確認が得点の分かれ目） 誤答肢では誤答型分類の主語や条件が入れ替わることが多いので、比較表で整理してください。 過去問で正誤の型を分類し、試験要項で数値・期限を照合してください。,「手付金の典型誤答（S35）」の覚え方・確認手順は？,試験論点・条文・数値の対応を比較表に整理し、過去問で正誤の型を分類してください。 過去問で正誤の型を分類し、試験要項で数値・期限を照合してください。 試験では手付金をセットで確認してください。 誤答では主語不明に注意してください。,「手付金の典型誤答（S35）」の公式情報はどこで確認しますか？,試験論点・条文・数値の対応を比較表に整理し、過去問で正誤の型を分類してください。 過去問で正誤の型を分類し、試験要項で数値・期限を照合してください。 試験では手付金をセットで確認してください。 誤答では主語不明に注意してください。,2026-05-27
s35-kon-shiken-taisaku,試験対策の典型誤答（S35）,試験対策,試験対策;S35;誤答,試験対策で頻出する誤答パターンを整理します。,試験対策の主語・手続の混同。,"[{""topic"": ""用語"", ""wrong"": ""名称だけで判断"", ""correct"": ""主語を固定"", ""trap"": ""同義語入替""}, {""topic"": ""手順"", ""wrong"": ""順序逆転"", ""correct"": ""確認順固定"", ""trap"": ""類似混同""}, {""topic"": ""数値"", ""wrong"": ""単位未確認"", ""correct"": ""数値条件同時"", ""trap"": ""近似誤誘導""}, {""topic"": ""法令"", ""wrong"": ""旧条文流用"", ""correct"": ""最新照合"", ""trap"": ""手続混同""}]",試験対策誤答対策｜S35,試験対策の誤答は35条37条・報酬・登記の読み落としが中心です。誤答型を記録し比較表へ戻ってください。数値・手続の最新は公益財団法人 全日本不動産協会・公益財団法人 不動産流通推進センターの試験要項・法令改正情報で必ずご確認ください。,試験対策;誤答型分類;S35,主語不明;手順省略（試験では条件文の主語確認が得点の分かれ目）,「試験対策→主語→条文」。,宅建の合格点・合格率;宅建の出題傾向分析;宅建士,「試験対策の典型誤答（S35）」の試験での位置づけは？,試験対策の誤答は35条37条・報酬・登記の読み落としが中心です。誤答型を記録し比較表へ戻ってください。数値・手続の最新は公益財団法人 全日本不動産協会・公益財団法人 不動産流通推進センターの試験要項・法令改正情報で必ずご確認ください。 試験では試験対策を軸に、関連条文・数値・主体の取り違えを照合してください。,「試験対策の典型誤答（S35）」でよくある誤答パターンは？,主語不明;手順省略（試験では条件文の主語確認が得点の分かれ目） 誤答肢では誤答型分類の主語や条件が入れ替わることが多いので、比較表で整理してください。 過去問で正誤の型を分類し、試験要項で数値・期限を照合してください。,「試験対策の典型誤答（S35）」の覚え方・確認手順は？,試験論点・条文・数値の対応を比較表に整理し、過去問で正誤の型を分類してください。 過去問で正誤の型を分類し、試験要項で数値・期限を照合してください。 試験では試験対策をセットで確認してください。 誤答では主語不明に注意してください。,「試験対策の典型誤答（S35）」の公式情報はどこで確認しますか？,試験論点・条文・数値の対応を比較表に整理し、過去問で正誤の型を分類してください。 過去問で正誤の型を分類し、試験要項で数値・期限を照合してください。 試験では試験対策をセットで確認してください。 誤答では主語不明に注意してください。,2026-05-27
s36-kon-takken-kaisei,宅建業法改正の典型誤答（S36）,宅建業法,宅建業法改正;S36;誤答,宅建業法改正で頻出する誤答パターンを整理します。,宅建業法改正の主語・手続の混同。,"[{""topic"": ""用語"", ""wrong"": ""名称だけで判断"", ""correct"": ""主語を固定"", ""trap"": ""同義語入替""}, {""topic"": ""手順"", ""wrong"": ""順序逆転"", ""correct"": ""確認順固定"", ""trap"": ""類似混同""}, {""topic"": ""数値"", ""wrong"": ""単位未確認"", ""correct"": ""数値条件同時"", ""trap"": ""近似誤誘導""}, {""topic"": ""法令"", ""wrong"": ""旧条文流用"", ""correct"": ""最新照合"", ""trap"": ""手続混同""}]",宅建業法改正誤答対策｜S36,宅建業法改正の誤答は35条37条・報酬・登記の読み落としが中心です。誤答型を記録し比較表へ戻ってください。数値・手続の最新は公益財団法人 全日本不動産協会・公益財団法人 不動産流通推進センターの試験要項・法令改正情報で必ずご確認ください。,宅建業法改正;誤答型分類;S36,主語不明;手順省略（試験では条件文の主語確認が得点の分かれ目）,「宅建業法改正→主語→条文」。,宅建業の免許;重要事項説明（35条書面）;37条書面,「宅建業法改正の典型誤答（S36）」の試験での位置づけは？,宅建業法改正の誤答は35条37条・報酬・登記の読み落としが中心です。誤答型を記録し比較表へ戻ってください。数値・手続の最新は公益財団法人 全日本不動産協会・公益財団法人 不動産流通推進センターの試験要項・法令改正情報で必ずご確認ください。 試験では宅建業法改正を軸に、関連条文・数値・主体の取り違えを照合してください。,「宅建業法改正の典型誤答（S36）」でよくある誤答パターンは？,主語不明;手順省略（試験では条件文の主語確認が得点の分かれ目） 誤答肢では誤答型分類の主語や条件が入れ替わることが多いので、比較表で整理してください。 過去問で正誤の型を分類し、試験要項で数値・期限を照合してください。,「宅建業法改正の典型誤答（S36）」の覚え方・確認手順は？,覚え方：「宅建業法改正→主語→条文」。 早見の要点：・要項確認 用語集→本ページ→過去問の順で往復し、正誤理由をメモに残してください。 過去問で正誤の型を分類し、試験要項で数値・期限を照合してください。,「宅建業法改正の典型誤答（S36）」の公式情報はどこで確認しますか？,試験論点・条文・数値の対応を比較表に整理し、過去問で正誤の型を分類してください。 過去問で正誤の型を分類し、試験要項で数値・期限を照合してください。 試験では宅建業法改正をセットで確認してください。 誤答では主語不明に注意してください。,2026-05-27
s36-kon-ju35-ju37,35条37条深掘りの典型誤答（S36）,宅建業法,35条37条深掘り;S36;誤答,35条37条深掘りで頻出する誤答パターンを整理します。,35条37条深掘りの主語・手続の混同。,"[{""topic"": ""用語"", ""wrong"": ""名称だけで判断"", ""correct"": ""主語を固定"", ""trap"": ""同義語入替""}, {""topic"": ""手順"", ""wrong"": ""順序逆転"", ""correct"": ""確認順固定"", ""trap"": ""類似混同""}, {""topic"": ""数値"", ""wrong"": ""単位未確認"", ""correct"": ""数値条件同時"", ""trap"": ""近似誤誘導""}, {""topic"": ""法令"", ""wrong"": ""旧条文流用"", ""correct"": ""最新照合"", ""trap"": ""手続混同""}]",35条37条深掘り誤答対策｜S36,35条37条深掘りの誤答は35条37条・報酬・登記の読み落としが中心です。誤答型を記録し比較表へ戻ってください。数値・手続の最新は公益財団法人 全日本不動産協会・公益財団法人 不動産流通推進センターの試験要項・法令改正情報で必ずご確認ください。,35条37条深掘り;誤答型分類;S36,主語不明;手順省略（試験では条件文の主語確認が得点の分かれ目）,「35条37条深掘り→主語→条文」。,重要事項説明（35条書面）;37条書面;35条書面,「35条37条深掘りの典型誤答（S36）」の試験での位置づけは？,35条37条深掘りの誤答は35条37条・報酬・登記の読み落としが中心です。誤答型を記録し比較表へ戻ってください。数値・手続の最新は公益財団法人 全日本不動産協会・公益財団法人 不動産流通推進センターの試験要項・法令改正情報で必ずご確認くだ… 試験では35条37条深掘りを軸に、関連条文・数値・主体の取り違えを照合してください。,「35条37条深掘りの典型誤答（S36）」でよくある誤答パターンは？,主語不明;手順省略（試験では条件文の主語確認が得点の分かれ目） 誤答肢では誤答型分類の主語や条件が入れ替わることが多いので、比較表で整理してください。 過去問で正誤の型を分類し、試験要項で数値・期限を照合してください。,「35条37条深掘りの典型誤答（S36）」の覚え方・確認手順は？,覚え方：「35条37条深掘り→主語→条文」。 早見の要点：・要項確認 用語集→本ページ→過去問の順で往復し、正誤理由をメモに残してください。 過去問で正誤の型を分類し、試験要項で数値・期限を照合してください。,「35条37条深掘りの典型誤答（S36）」の公式情報はどこで確認しますか？,試験論点・条文・数値の対応を比較表に整理し、過去問で正誤の型を分類してください。 過去問で正誤の型を分類し、試験要項で数値・期限を照合してください。 試験では35条37条深掘りをセットで確認してください。,2026-05-27
s36-kon-baikai-houshuu,媒介報酬の典型誤答（S36）,宅建業法,媒介報酬;S36;誤答,媒介報酬で頻出する誤答パターンを整理します。,媒介報酬の主語・手続の混同。,"[{""topic"": ""用語"", ""wrong"": ""名称だけで判断"", ""correct"": ""主語を固定"", ""trap"": ""同義語入替""}, {""topic"": ""手順"", ""wrong"": ""順序逆転"", ""correct"": ""確認順固定"", ""trap"": ""類似混同""}, {""topic"": ""数値"", ""wrong"": ""単位未確認"", ""correct"": ""数値条件同時"", ""trap"": ""近似誤誘導""}, {""topic"": ""法令"", ""wrong"": ""旧条文流用"", ""correct"": ""最新照合"", ""trap"": ""手続混同""}]",媒介報酬誤答対策｜S36,媒介報酬の誤答は35条37条・報酬・登記の読み落としが中心です。誤答型を記録し比較表へ戻ってください。数値・手続の最新は公益財団法人 全日本不動産協会・公益財団法人 不動産流通推進センターの試験要項・法令改正情報で必ずご確認ください。,媒介報酬;誤答型分類;S36,主語不明;手順省略（試験では条件文の主語確認が得点の分かれ目）,「媒介報酬→主語→条文」。,報酬の計算（売買）;媒介契約の種類;報酬額の掲示,「媒介報酬の典型誤答（S36）」の試験での位置づけは？,媒介報酬の誤答は35条37条・報酬・登記の読み落としが中心です。誤答型を記録し比較表へ戻ってください。数値・手続の最新は公益財団法人 全日本不動産協会・公益財団法人 不動産流通推進センターの試験要項・法令改正情報で必ずご確認ください。 試験では媒介報酬を軸に、関連条文・数値・主体の取り違えを照合してください。,「媒介報酬の典型誤答（S36）」でよくある誤答パターンは？,主語不明;手順省略（試験では条件文の主語確認が得点の分かれ目） 誤答肢では誤答型分類の主語や条件が入れ替わることが多いので、比較表で整理してください。 過去問で正誤の型を分類し、試験要項で数値・期限を照合してください。,「媒介報酬の典型誤答（S36）」の覚え方・確認手順は？,試験論点・条文・数値の対応を比較表に整理し、過去問で正誤の型を分類してください。 過去問で正誤の型を分類し、試験要項で数値・期限を照合してください。 試験では媒介報酬をセットで確認してください。 誤答では主語不明に注意してください。,「媒介報酬の典型誤答（S36）」の公式情報はどこで確認しますか？,試験論点・条文・数値の対応を比較表に整理し、過去問で正誤の型を分類してください。 過去問で正誤の型を分類し、試験要項で数値・期限を照合してください。 試験では媒介報酬をセットで確認してください。 誤答では主語不明に注意してください。,2026-05-27
s36-kon-shakuchi-shakuya,借地借家の典型誤答（S36）,権利関係,借地借家;S36;誤答,借地借家で頻出する誤答パターンを整理します。,借地借家の主語・手続の混同。,"[{""topic"": ""用語"", ""wrong"": ""名称だけで判断"", ""correct"": ""主語を固定"", ""trap"": ""同義語入替""}, {""topic"": ""手順"", ""wrong"": ""順序逆転"", ""correct"": ""確認順固定"", ""trap"": ""類似混同""}, {""topic"": ""数値"", ""wrong"": ""単位未確認"", ""correct"": ""数値条件同時"", ""trap"": ""近似誤誘導""}, {""topic"": ""法令"", ""wrong"": ""旧条文流用"", ""correct"": ""最新照合"", ""trap"": ""手続混同""}]",借地借家誤答対策｜S36,借地借家の誤答は35条37条・報酬・登記の読み落としが中心です。誤答型を記録し比較表へ戻ってください。数値・手続の最新は公益財団法人 全日本不動産協会・公益財団法人 不動産流通推進センターの試験要項・法令改正情報で必ずご確認ください。,借地借家;誤答型分類;S36,主語不明;手順省略（試験では条件文の主語確認が得点の分かれ目）,「借地借家→主語→条文」。,借地借家法;法定更新（借地借家法）;更新拒絶の正当な事由,「借地借家の典型誤答（S36）」の試験での位置づけは？,借地借家の誤答は35条37条・報酬・登記の読み落としが中心です。誤答型を記録し比較表へ戻ってください。数値・手続の最新は公益財団法人 全日本不動産協会・公益財団法人 不動産流通推進センターの試験要項・法令改正情報で必ずご確認ください。 試験では借地借家を軸に、関連条文・数値・主体の取り違えを照合してください。,「借地借家の典型誤答（S36）」でよくある誤答パターンは？,主語不明;手順省略（試験では条件文の主語確認が得点の分かれ目） 誤答肢では誤答型分類の主語や条件が入れ替わることが多いので、比較表で整理してください。 過去問で正誤の型を分類し、試験要項で数値・期限を照合してください。,「借地借家の典型誤答（S36）」の覚え方・確認手順は？,試験論点・条文・数値の対応を比較表に整理し、過去問で正誤の型を分類してください。 過去問で正誤の型を分類し、試験要項で数値・期限を照合してください。 試験では借地借家をセットで確認してください。 誤答では主語不明に注意してください。,「借地借家の典型誤答（S36）」の公式情報はどこで確認しますか？,試験論点・条文・数値の対応を比較表に整理し、過去問で正誤の型を分類してください。 過去問で正誤の型を分類し、試験要項で数値・期限を照合してください。 試験では借地借家をセットで確認してください。 誤答では主語不明に注意してください。,2026-05-27
s36-kon-kubun-shoyu,区分所有の典型誤答（S36）,権利関係,区分所有;S36;誤答,区分所有で頻出する誤答パターンを整理します。,区分所有の主語・手続の混同。,"[{""topic"": ""用語"", ""wrong"": ""名称だけで判断"", ""correct"": ""主語を固定"", ""trap"": ""同義語入替""}, {""topic"": ""手順"", ""wrong"": ""順序逆転"", ""correct"": ""確認順固定"", ""trap"": ""類似混同""}, {""topic"": ""数値"", ""wrong"": ""単位未確認"", ""correct"": ""数値条件同時"", ""trap"": ""近似誤誘導""}, {""topic"": ""法令"", ""wrong"": ""旧条文流用"", ""correct"": ""最新照合"", ""trap"": ""手続混同""}]",区分所有誤答対策｜S36,区分所有の誤答は35条37条・報酬・登記の読み落としが中心です。誤答型を記録し比較表へ戻ってください。数値・手続の最新は公益財団法人 全日本不動産協会・公益財団法人 不動産流通推進センターの試験要項・法令改正情報で必ずご確認ください。,区分所有;誤答型分類;S36,主語不明;手順省略（試験では条件文の主語確認が得点の分かれ目）,「区分所有→主語→条文」。,区分所有権;区分所有者;共用部分,「区分所有の典型誤答（S36）」の試験での位置づけは？,区分所有の誤答は35条37条・報酬・登記の読み落としが中心です。誤答型を記録し比較表へ戻ってください。数値・手続の最新は公益財団法人 全日本不動産協会・公益財団法人 不動産流通推進センターの試験要項・法令改正情報で必ずご確認ください。 試験では区分所有を軸に、関連条文・数値・主体の取り違えを照合してください。,「区分所有の典型誤答（S36）」でよくある誤答パターンは？,主語不明;手順省略（試験では条件文の主語確認が得点の分かれ目） 誤答肢では誤答型分類の主語や条件が入れ替わることが多いので、比較表で整理してください。 過去問で正誤の型を分類し、試験要項で数値・期限を照合してください。,「区分所有の典型誤答（S36）」の覚え方・確認手順は？,試験論点・条文・数値の対応を比較表に整理し、過去問で正誤の型を分類してください。 過去問で正誤の型を分類し、試験要項で数値・期限を照合してください。 試験では区分所有をセットで確認してください。 誤答では主語不明に注意してください。,「区分所有の典型誤答（S36）」の公式情報はどこで確認しますか？,試験論点・条文・数値の対応を比較表に整理し、過去問で正誤の型を分類してください。 過去問で正誤の型を分類し、試験要項で数値・期限を照合してください。 試験では区分所有をセットで確認してください。 誤答では主語不明に注意してください。,2026-05-27
s36-kon-toshikeikaku,都市計画の典型誤答（S36）,権利関係,都市計画;S36;誤答,都市計画で頻出する誤答パターンを整理します。,都市計画の主語・手続の混同。,"[{""topic"": ""用語"", ""wrong"": ""名称だけで判断"", ""correct"": ""主語を固定"", ""trap"": ""同義語入替""}, {""topic"": ""手順"", ""wrong"": ""順序逆転"", ""correct"": ""確認順固定"", ""trap"": ""類似混同""}, {""topic"": ""数値"", ""wrong"": ""単位未確認"", ""correct"": ""数値条件同時"", ""trap"": ""近似誤誘導""}, {""topic"": ""法令"", ""wrong"": ""旧条文流用"", ""correct"": ""最新照合"", ""trap"": ""手続混同""}]",都市計画誤答対策｜S36,都市計画の誤答は35条37条・報酬・登記の読み落としが中心です。誤答型を記録し比較表へ戻ってください。数値・手続の最新は公益財団法人 全日本不動産協会・公益財団法人 不動産流通推進センターの試験要項・法令改正情報で必ずご確認ください。,都市計画;誤答型分類;S36,主語不明;手順省略（試験では条件文の主語確認が得点の分かれ目）,「都市計画→主語→条文」。,都市計画法;用途地域の種類;建ぺい率・容積率,「都市計画の典型誤答（S36）」の試験での位置づけは？,都市計画の誤答は35条37条・報酬・登記の読み落としが中心です。誤答型を記録し比較表へ戻ってください。数値・手続の最新は公益財団法人 全日本不動産協会・公益財団法人 不動産流通推進センターの試験要項・法令改正情報で必ずご確認ください。 試験では都市計画を軸に、関連条文・数値・主体の取り違えを照合してください。,「都市計画の典型誤答（S36）」でよくある誤答パターンは？,主語不明;手順省略（試験では条件文の主語確認が得点の分かれ目） 誤答肢では誤答型分類の主語や条件が入れ替わることが多いので、比較表で整理してください。 過去問で正誤の型を分類し、試験要項で数値・期限を照合してください。,「都市計画の典型誤答（S36）」の覚え方・確認手順は？,試験論点・条文・数値の対応を比較表に整理し、過去問で正誤の型を分類してください。 過去問で正誤の型を分類し、試験要項で数値・期限を照合してください。 試験では都市計画をセットで確認してください。 誤答では主語不明に注意してください。,「都市計画の典型誤答（S36）」の公式情報はどこで確認しますか？,試験論点・条文・数値の対応を比較表に整理し、過去問で正誤の型を分類してください。 過去問で正誤の型を分類し、試験要項で数値・期限を照合してください。 試験では都市計画をセットで確認してください。 誤答では主語不明に注意してください。,2026-05-27
s36-kon-touki,登記の典型誤答（S36）,権利関係,登記;S36;誤答,登記で頻出する誤答パターンを整理します。,登記の主語・手続の混同。,"[{""topic"": ""用語"", ""wrong"": ""名称だけで判断"", ""correct"": ""主語を固定"", ""trap"": ""同義語入替""}, {""topic"": ""手順"", ""wrong"": ""順序逆転"", ""correct"": ""確認順固定"", ""trap"": ""類似混同""}, {""topic"": ""数値"", ""wrong"": ""単位未確認"", ""correct"": ""数値条件同時"", ""trap"": ""近似誤誘導""}, {""topic"": ""法令"", ""wrong"": ""旧条文流用"", ""correct"": ""最新照合"", ""trap"": ""手続混同""}]",登記誤答対策｜S36,登記の誤答は35条37条・報酬・登記の読み落としが中心です。誤答型を記録し比較表へ戻ってください。数値・手続の最新は公益財団法人 全日本不動産協会・公益財団法人 不動産流通推進センターの試験要項・法令改正情報で必ずご確認ください。,登記;誤答型分類;S36,主語不明;手順省略（試験では条件文の主語確認が得点の分かれ目）,「登記→主語→条文」。,抵当権;所有権;不動産登記,「登記の典型誤答（S36）」の試験での位置づけは？,登記の誤答は35条37条・報酬・登記の読み落としが中心です。誤答型を記録し比較表へ戻ってください。数値・手続の最新は公益財団法人 全日本不動産協会・公益財団法人 不動産流通推進センターの試験要項・法令改正情報で必ずご確認ください。 試験では登記を軸に、関連条文・数値・主体の取り違えを照合してください。,「登記の典型誤答（S36）」でよくある誤答パターンは？,主語不明;手順省略（試験では条件文の主語確認が得点の分かれ目） 誤答肢では誤答型分類の主語や条件が入れ替わることが多いので、比較表で整理してください。 過去問で正誤の型を分類し、試験要項で数値・期限を照合してください。,「登記の典型誤答（S36）」の覚え方・確認手順は？,試験論点・条文・数値の対応を比較表に整理し、過去問で正誤の型を分類してください。 過去問で正誤の型を分類し、試験要項で数値・期限を照合してください。 試験では登記をセットで確認してください。 誤答では主語不明に注意してください。,「登記の典型誤答（S36）」の公式情報はどこで確認しますか？,試験論点・条文・数値の対応を比較表に整理し、過去問で正誤の型を分類してください。 過去問で正誤の型を分類し、試験要項で数値・期限を照合してください。 試験では登記をセットで確認してください。 誤答では主語不明に注意してください。,2026-05-27
s36-kon-keiyaku-futekigou,契約不適合の典型誤答（S36）,宅建業法,契約不適合;S36;誤答,契約不適合で頻出する誤答パターンを整理します。,契約不適合の主語・手続の混同。,"[{""topic"": ""用語"", ""wrong"": ""名称だけで判断"", ""correct"": ""主語を固定"", ""trap"": ""同義語入替""}, {""topic"": ""手順"", ""wrong"": ""順序逆転"", ""correct"": ""確認順固定"", ""trap"": ""類似混同""}, {""topic"": ""数値"", ""wrong"": ""単位未確認"", ""correct"": ""数値条件同時"", ""trap"": ""近似誤誘導""}, {""topic"": ""法令"", ""wrong"": ""旧条文流用"", ""correct"": ""最新照合"", ""trap"": ""手続混同""}]",契約不適合誤答対策｜S36,契約不適合の誤答は35条37条・報酬・登記の読み落としが中心です。誤答型を記録し比較表へ戻ってください。数値・手続の最新は公益財団法人 全日本不動産協会・公益財団法人 不動産流通推進センターの試験要項・法令改正情報で必ずご確認ください。,契約不適合;誤答型分類;S36,主語不明;手順省略（試験では条件文の主語確認が得点の分かれ目）,「契約不適合→主語→条文」。,契約不適合責任;重要事項説明（35条書面）;37条書面,「契約不適合の典型誤答（S36）」の試験での位置づけは？,契約不適合の誤答は35条37条・報酬・登記の読み落としが中心です。誤答型を記録し比較表へ戻ってください。数値・手続の最新は公益財団法人 全日本不動産協会・公益財団法人 不動産流通推進センターの試験要項・法令改正情報で必ずご確認ください。 試験では契約不適合を軸に、関連条文・数値・主体の取り違えを照合してください。,「契約不適合の典型誤答（S36）」でよくある誤答パターンは？,主語不明;手順省略（試験では条件文の主語確認が得点の分かれ目） 誤答肢では誤答型分類の主語や条件が入れ替わることが多いので、比較表で整理してください。 過去問で正誤の型を分類し、試験要項で数値・期限を照合してください。,「契約不適合の典型誤答（S36）」の覚え方・確認手順は？,覚え方：「契約不適合→主語→条文」。 早見の要点：・要項確認 用語集→本ページ→過去問の順で往復し、正誤理由をメモに残してください。 過去問で正誤の型を分類し、試験要項で数値・期限を照合してください。,「契約不適合の典型誤答（S36）」の公式情報はどこで確認しますか？,試験論点・条文・数値の対応を比較表に整理し、過去問で正誤の型を分類してください。 過去問で正誤の型を分類し、試験要項で数値・期限を照合してください。 試験では契約不適合をセットで確認してください。 誤答では主語不明に注意してください。,2026-05-27
s36-kon-tetsuki,手付金の典型誤答（S36）,権利関係,手付金;S36;誤答,手付金で頻出する誤答パターンを整理します。,手付金の主語・手続の混同。,"[{""topic"": ""用語"", ""wrong"": ""名称だけで判断"", ""correct"": ""主語を固定"", ""trap"": ""同義語入替""}, {""topic"": ""手順"", ""wrong"": ""順序逆転"", ""correct"": ""確認順固定"", ""trap"": ""類似混同""}, {""topic"": ""数値"", ""wrong"": ""単位未確認"", ""correct"": ""数値条件同時"", ""trap"": ""近似誤誘導""}, {""topic"": ""法令"", ""wrong"": ""旧条文流用"", ""correct"": ""最新照合"", ""trap"": ""手続混同""}]",手付金誤答対策｜S36,手付金の誤答は35条37条・報酬・登記の読み落としが中心です。誤答型を記録し比較表へ戻ってください。数値・手続の最新は公益財団法人 全日本不動産協会・公益財団法人 不動産流通推進センターの試験要項・法令改正情報で必ずご確認ください。,手付金;誤答型分類;S36,主語不明;手順省略（試験では条件文の主語確認が得点の分かれ目）,「手付金→主語→条文」。,手付の種類;手付解除;手付金等の保全措置,「手付金の典型誤答（S36）」の試験での位置づけは？,手付金の誤答は35条37条・報酬・登記の読み落としが中心です。誤答型を記録し比較表へ戻ってください。数値・手続の最新は公益財団法人 全日本不動産協会・公益財団法人 不動産流通推進センターの試験要項・法令改正情報で必ずご確認ください。 試験では手付金を軸に、関連条文・数値・主体の取り違えを照合してください。,「手付金の典型誤答（S36）」でよくある誤答パターンは？,主語不明;手順省略（試験では条件文の主語確認が得点の分かれ目） 誤答肢では誤答型分類の主語や条件が入れ替わることが多いので、比較表で整理してください。 過去問で正誤の型を分類し、試験要項で数値・期限を照合してください。,「手付金の典型誤答（S36）」の覚え方・確認手順は？,試験論点・条文・数値の対応を比較表に整理し、過去問で正誤の型を分類してください。 過去問で正誤の型を分類し、試験要項で数値・期限を照合してください。 試験では手付金をセットで確認してください。 誤答では主語不明に注意してください。,「手付金の典型誤答（S36）」の公式情報はどこで確認しますか？,試験論点・条文・数値の対応を比較表に整理し、過去問で正誤の型を分類してください。 過去問で正誤の型を分類し、試験要項で数値・期限を照合してください。 試験では手付金をセットで確認してください。 誤答では主語不明に注意してください。,2026-05-27
s36-kon-shiken-taisaku,試験対策の典型誤答（S36）,試験対策,試験対策;S36;誤答,試験対策で頻出する誤答パターンを整理します。,試験対策の主語・手続の混同。,"[{""topic"": ""用語"", ""wrong"": ""名称だけで判断"", ""correct"": ""主語を固定"", ""trap"": ""同義語入替""}, {""topic"": ""手順"", ""wrong"": ""順序逆転"", ""correct"": ""確認順固定"", ""trap"": ""類似混同""}, {""topic"": ""数値"", ""wrong"": ""単位未確認"", ""correct"": ""数値条件同時"", ""trap"": ""近似誤誘導""}, {""topic"": ""法令"", ""wrong"": ""旧条文流用"", ""correct"": ""最新照合"", ""trap"": ""手続混同""}]",試験対策誤答対策｜S36,試験対策の誤答は35条37条・報酬・登記の読み落としが中心です。誤答型を記録し比較表へ戻ってください。数値・手続の最新は公益財団法人 全日本不動産協会・公益財団法人 不動産流通推進センターの試験要項・法令改正情報で必ずご確認ください。,試験対策;誤答型分類;S36,主語不明;手順省略（試験では条件文の主語確認が得点の分かれ目）,「試験対策→主語→条文」。,宅建の合格点・合格率;宅建の出題傾向分析;宅建士,「試験対策の典型誤答（S36）」の試験での位置づけは？,試験対策の誤答は35条37条・報酬・登記の読み落としが中心です。誤答型を記録し比較表へ戻ってください。数値・手続の最新は公益財団法人 全日本不動産協会・公益財団法人 不動産流通推進センターの試験要項・法令改正情報で必ずご確認ください。 試験では試験対策を軸に、関連条文・数値・主体の取り違えを照合してください。,「試験対策の典型誤答（S36）」でよくある誤答パターンは？,主語不明;手順省略（試験では条件文の主語確認が得点の分かれ目） 誤答肢では誤答型分類の主語や条件が入れ替わることが多いので、比較表で整理してください。 過去問で正誤の型を分類し、試験要項で数値・期限を照合してください。,「試験対策の典型誤答（S36）」の覚え方・確認手順は？,試験論点・条文・数値の対応を比較表に整理し、過去問で正誤の型を分類してください。 過去問で正誤の型を分類し、試験要項で数値・期限を照合してください。 試験では試験対策をセットで確認してください。 誤答では主語不明に注意してください。,「試験対策の典型誤答（S36）」の公式情報はどこで確認しますか？,試験論点・条文・数値の対応を比較表に整理し、過去問で正誤の型を分類してください。 過去問で正誤の型を分類し、試験要項で数値・期限を照合してください。 試験では試験対策をセットで確認してください。 誤答では主語不明に注意してください。,2026-05-27
s37-kon-takken-kaisei,宅建業法改正の典型誤答（S37）,宅建業法,宅建業法改正;S37;誤答,宅建業法改正で頻出する誤答パターンを整理します。,宅建業法改正の主語・手続の混同。,"[{""topic"": ""用語"", ""wrong"": ""名称だけで判断"", ""correct"": ""主語を固定"", ""trap"": ""同義語入替""}, {""topic"": ""手順"", ""wrong"": ""順序逆転"", ""correct"": ""確認順固定"", ""trap"": ""類似混同""}, {""topic"": ""数値"", ""wrong"": ""単位未確認"", ""correct"": ""数値条件同時"", ""trap"": ""近似誤誘導""}, {""topic"": ""法令"", ""wrong"": ""旧条文流用"", ""correct"": ""最新照合"", ""trap"": ""手続混同""}]",宅建業法改正誤答対策｜S37,宅建業法改正の誤答は35条37条・報酬・登記の読み落としが中心です。誤答型を記録し比較表へ戻ってください。数値・手続の最新は公益財団法人 全日本不動産協会・公益財団法人 不動産流通推進センターの試験要項・法令改正情報で必ずご確認ください。,宅建業法改正;誤答型分類;S37,主語不明;手順省略（試験では条件文の主語確認が得点の分かれ目）,「宅建業法改正→主語→条文」。,宅建業の免許;重要事項説明（35条書面）;37条書面,「宅建業法改正の典型誤答（S37）」の試験での位置づけは？,宅建業法改正の誤答は35条37条・報酬・登記の読み落としが中心です。誤答型を記録し比較表へ戻ってください。数値・手続の最新は公益財団法人 全日本不動産協会・公益財団法人 不動産流通推進センターの試験要項・法令改正情報で必ずご確認ください。 試験では宅建業法改正を軸に、関連条文・数値・主体の取り違えを照合してください。,「宅建業法改正の典型誤答（S37）」でよくある誤答パターンは？,主語不明;手順省略（試験では条件文の主語確認が得点の分かれ目） 誤答肢では誤答型分類の主語や条件が入れ替わることが多いので、比較表で整理してください。 過去問で正誤の型を分類し、試験要項で数値・期限を照合してください。,「宅建業法改正の典型誤答（S37）」の覚え方・確認手順は？,覚え方：「宅建業法改正→主語→条文」。 早見の要点：・要項確認 用語集→本ページ→過去問の順で往復し、正誤理由をメモに残してください。 過去問で正誤の型を分類し、試験要項で数値・期限を照合してください。,「宅建業法改正の典型誤答（S37）」の公式情報はどこで確認しますか？,試験論点・条文・数値の対応を比較表に整理し、過去問で正誤の型を分類してください。 過去問で正誤の型を分類し、試験要項で数値・期限を照合してください。 試験では宅建業法改正をセットで確認してください。 誤答では主語不明に注意してください。,2026-05-27
s37-kon-ju35-ju37,35条37条深掘りの典型誤答（S37）,宅建業法,35条37条深掘り;S37;誤答,35条37条深掘りで頻出する誤答パターンを整理します。,35条37条深掘りの主語・手続の混同。,"[{""topic"": ""用語"", ""wrong"": ""名称だけで判断"", ""correct"": ""主語を固定"", ""trap"": ""同義語入替""}, {""topic"": ""手順"", ""wrong"": ""順序逆転"", ""correct"": ""確認順固定"", ""trap"": ""類似混同""}, {""topic"": ""数値"", ""wrong"": ""単位未確認"", ""correct"": ""数値条件同時"", ""trap"": ""近似誤誘導""}, {""topic"": ""法令"", ""wrong"": ""旧条文流用"", ""correct"": ""最新照合"", ""trap"": ""手続混同""}]",35条37条深掘り誤答対策｜S37,35条37条深掘りの誤答は35条37条・報酬・登記の読み落としが中心です。誤答型を記録し比較表へ戻ってください。数値・手続の最新は公益財団法人 全日本不動産協会・公益財団法人 不動産流通推進センターの試験要項・法令改正情報で必ずご確認ください。,35条37条深掘り;誤答型分類;S37,主語不明;手順省略（試験では条件文の主語確認が得点の分かれ目）,「35条37条深掘り→主語→条文」。,重要事項説明（35条書面）;37条書面;35条書面,「35条37条深掘りの典型誤答（S37）」の試験での位置づけは？,35条37条深掘りの誤答は35条37条・報酬・登記の読み落としが中心です。誤答型を記録し比較表へ戻ってください。数値・手続の最新は公益財団法人 全日本不動産協会・公益財団法人 不動産流通推進センターの試験要項・法令改正情報で必ずご確認くだ… 試験では35条37条深掘りを軸に、関連条文・数値・主体の取り違えを照合してください。,「35条37条深掘りの典型誤答（S37）」でよくある誤答パターンは？,主語不明;手順省略（試験では条件文の主語確認が得点の分かれ目） 誤答肢では誤答型分類の主語や条件が入れ替わることが多いので、比較表で整理してください。 過去問で正誤の型を分類し、試験要項で数値・期限を照合してください。,「35条37条深掘りの典型誤答（S37）」の覚え方・確認手順は？,覚え方：「35条37条深掘り→主語→条文」。 早見の要点：・要項確認 用語集→本ページ→過去問の順で往復し、正誤理由をメモに残してください。 過去問で正誤の型を分類し、試験要項で数値・期限を照合してください。,「35条37条深掘りの典型誤答（S37）」の公式情報はどこで確認しますか？,試験論点・条文・数値の対応を比較表に整理し、過去問で正誤の型を分類してください。 過去問で正誤の型を分類し、試験要項で数値・期限を照合してください。 試験では35条37条深掘りをセットで確認してください。,2026-05-27
s37-kon-baikai-houshuu,媒介報酬の典型誤答（S37）,宅建業法,媒介報酬;S37;誤答,媒介報酬で頻出する誤答パターンを整理します。,媒介報酬の主語・手続の混同。,"[{""topic"": ""用語"", ""wrong"": ""名称だけで判断"", ""correct"": ""主語を固定"", ""trap"": ""同義語入替""}, {""topic"": ""手順"", ""wrong"": ""順序逆転"", ""correct"": ""確認順固定"", ""trap"": ""類似混同""}, {""topic"": ""数値"", ""wrong"": ""単位未確認"", ""correct"": ""数値条件同時"", ""trap"": ""近似誤誘導""}, {""topic"": ""法令"", ""wrong"": ""旧条文流用"", ""correct"": ""最新照合"", ""trap"": ""手続混同""}]",媒介報酬誤答対策｜S37,媒介報酬の誤答は35条37条・報酬・登記の読み落としが中心です。誤答型を記録し比較表へ戻ってください。数値・手続の最新は公益財団法人 全日本不動産協会・公益財団法人 不動産流通推進センターの試験要項・法令改正情報で必ずご確認ください。,媒介報酬;誤答型分類;S37,主語不明;手順省略（試験では条件文の主語確認が得点の分かれ目）,「媒介報酬→主語→条文」。,報酬の計算（売買）;媒介契約の種類;報酬額の掲示,「媒介報酬の典型誤答（S37）」の試験での位置づけは？,媒介報酬の誤答は35条37条・報酬・登記の読み落としが中心です。誤答型を記録し比較表へ戻ってください。数値・手続の最新は公益財団法人 全日本不動産協会・公益財団法人 不動産流通推進センターの試験要項・法令改正情報で必ずご確認ください。 試験では媒介報酬を軸に、関連条文・数値・主体の取り違えを照合してください。,「媒介報酬の典型誤答（S37）」でよくある誤答パターンは？,主語不明;手順省略（試験では条件文の主語確認が得点の分かれ目） 誤答肢では誤答型分類の主語や条件が入れ替わることが多いので、比較表で整理してください。 過去問で正誤の型を分類し、試験要項で数値・期限を照合してください。,「媒介報酬の典型誤答（S37）」の覚え方・確認手順は？,試験論点・条文・数値の対応を比較表に整理し、過去問で正誤の型を分類してください。 過去問で正誤の型を分類し、試験要項で数値・期限を照合してください。 試験では媒介報酬をセットで確認してください。 誤答では主語不明に注意してください。,「媒介報酬の典型誤答（S37）」の公式情報はどこで確認しますか？,試験論点・条文・数値の対応を比較表に整理し、過去問で正誤の型を分類してください。 過去問で正誤の型を分類し、試験要項で数値・期限を照合してください。 試験では媒介報酬をセットで確認してください。 誤答では主語不明に注意してください。,2026-05-27
s37-kon-shakuchi-shakuya,借地借家の典型誤答（S37）,権利関係,借地借家;S37;誤答,借地借家で頻出する誤答パターンを整理します。,借地借家の主語・手続の混同。,"[{""topic"": ""用語"", ""wrong"": ""名称だけで判断"", ""correct"": ""主語を固定"", ""trap"": ""同義語入替""}, {""topic"": ""手順"", ""wrong"": ""順序逆転"", ""correct"": ""確認順固定"", ""trap"": ""類似混同""}, {""topic"": ""数値"", ""wrong"": ""単位未確認"", ""correct"": ""数値条件同時"", ""trap"": ""近似誤誘導""}, {""topic"": ""法令"", ""wrong"": ""旧条文流用"", ""correct"": ""最新照合"", ""trap"": ""手続混同""}]",借地借家誤答対策｜S37,借地借家の誤答は35条37条・報酬・登記の読み落としが中心です。誤答型を記録し比較表へ戻ってください。数値・手続の最新は公益財団法人 全日本不動産協会・公益財団法人 不動産流通推進センターの試験要項・法令改正情報で必ずご確認ください。,借地借家;誤答型分類;S37,主語不明;手順省略（試験では条件文の主語確認が得点の分かれ目）,「借地借家→主語→条文」。,借地借家法;法定更新（借地借家法）;更新拒絶の正当な事由,「借地借家の典型誤答（S37）」の試験での位置づけは？,借地借家の誤答は35条37条・報酬・登記の読み落としが中心です。誤答型を記録し比較表へ戻ってください。数値・手続の最新は公益財団法人 全日本不動産協会・公益財団法人 不動産流通推進センターの試験要項・法令改正情報で必ずご確認ください。 試験では借地借家を軸に、関連条文・数値・主体の取り違えを照合してください。,「借地借家の典型誤答（S37）」でよくある誤答パターンは？,主語不明;手順省略（試験では条件文の主語確認が得点の分かれ目） 誤答肢では誤答型分類の主語や条件が入れ替わることが多いので、比較表で整理してください。 過去問で正誤の型を分類し、試験要項で数値・期限を照合してください。,「借地借家の典型誤答（S37）」の覚え方・確認手順は？,試験論点・条文・数値の対応を比較表に整理し、過去問で正誤の型を分類してください。 過去問で正誤の型を分類し、試験要項で数値・期限を照合してください。 試験では借地借家をセットで確認してください。 誤答では主語不明に注意してください。,「借地借家の典型誤答（S37）」の公式情報はどこで確認しますか？,試験論点・条文・数値の対応を比較表に整理し、過去問で正誤の型を分類してください。 過去問で正誤の型を分類し、試験要項で数値・期限を照合してください。 試験では借地借家をセットで確認してください。 誤答では主語不明に注意してください。,2026-05-27
s37-kon-kubun-shoyu,区分所有の典型誤答（S37）,権利関係,区分所有;S37;誤答,区分所有で頻出する誤答パターンを整理します。,区分所有の主語・手続の混同。,"[{""topic"": ""用語"", ""wrong"": ""名称だけで判断"", ""correct"": ""主語を固定"", ""trap"": ""同義語入替""}, {""topic"": ""手順"", ""wrong"": ""順序逆転"", ""correct"": ""確認順固定"", ""trap"": ""類似混同""}, {""topic"": ""数値"", ""wrong"": ""単位未確認"", ""correct"": ""数値条件同時"", ""trap"": ""近似誤誘導""}, {""topic"": ""法令"", ""wrong"": ""旧条文流用"", ""correct"": ""最新照合"", ""trap"": ""手続混同""}]",区分所有誤答対策｜S37,区分所有の誤答は35条37条・報酬・登記の読み落としが中心です。誤答型を記録し比較表へ戻ってください。数値・手続の最新は公益財団法人 全日本不動産協会・公益財団法人 不動産流通推進センターの試験要項・法令改正情報で必ずご確認ください。,区分所有;誤答型分類;S37,主語不明;手順省略（試験では条件文の主語確認が得点の分かれ目）,「区分所有→主語→条文」。,区分所有権;区分所有者;共用部分,「区分所有の典型誤答（S37）」の試験での位置づけは？,区分所有の誤答は35条37条・報酬・登記の読み落としが中心です。誤答型を記録し比較表へ戻ってください。数値・手続の最新は公益財団法人 全日本不動産協会・公益財団法人 不動産流通推進センターの試験要項・法令改正情報で必ずご確認ください。 試験では区分所有を軸に、関連条文・数値・主体の取り違えを照合してください。,「区分所有の典型誤答（S37）」でよくある誤答パターンは？,主語不明;手順省略（試験では条件文の主語確認が得点の分かれ目） 誤答肢では誤答型分類の主語や条件が入れ替わることが多いので、比較表で整理してください。 過去問で正誤の型を分類し、試験要項で数値・期限を照合してください。,「区分所有の典型誤答（S37）」の覚え方・確認手順は？,試験論点・条文・数値の対応を比較表に整理し、過去問で正誤の型を分類してください。 過去問で正誤の型を分類し、試験要項で数値・期限を照合してください。 試験では区分所有をセットで確認してください。 誤答では主語不明に注意してください。,「区分所有の典型誤答（S37）」の公式情報はどこで確認しますか？,試験論点・条文・数値の対応を比較表に整理し、過去問で正誤の型を分類してください。 過去問で正誤の型を分類し、試験要項で数値・期限を照合してください。 試験では区分所有をセットで確認してください。 誤答では主語不明に注意してください。,2026-05-27
s37-kon-toshikeikaku,都市計画の典型誤答（S37）,権利関係,都市計画;S37;誤答,都市計画で頻出する誤答パターンを整理します。,都市計画の主語・手続の混同。,"[{""topic"": ""用語"", ""wrong"": ""名称だけで判断"", ""correct"": ""主語を固定"", ""trap"": ""同義語入替""}, {""topic"": ""手順"", ""wrong"": ""順序逆転"", ""correct"": ""確認順固定"", ""trap"": ""類似混同""}, {""topic"": ""数値"", ""wrong"": ""単位未確認"", ""correct"": ""数値条件同時"", ""trap"": ""近似誤誘導""}, {""topic"": ""法令"", ""wrong"": ""旧条文流用"", ""correct"": ""最新照合"", ""trap"": ""手続混同""}]",都市計画誤答対策｜S37,都市計画の誤答は35条37条・報酬・登記の読み落としが中心です。誤答型を記録し比較表へ戻ってください。数値・手続の最新は公益財団法人 全日本不動産協会・公益財団法人 不動産流通推進センターの試験要項・法令改正情報で必ずご確認ください。,都市計画;誤答型分類;S37,主語不明;手順省略（試験では条件文の主語確認が得点の分かれ目）,「都市計画→主語→条文」。,都市計画法;用途地域の種類;建ぺい率・容積率,「都市計画の典型誤答（S37）」の試験での位置づけは？,都市計画の誤答は35条37条・報酬・登記の読み落としが中心です。誤答型を記録し比較表へ戻ってください。数値・手続の最新は公益財団法人 全日本不動産協会・公益財団法人 不動産流通推進センターの試験要項・法令改正情報で必ずご確認ください。 試験では都市計画を軸に、関連条文・数値・主体の取り違えを照合してください。,「都市計画の典型誤答（S37）」でよくある誤答パターンは？,主語不明;手順省略（試験では条件文の主語確認が得点の分かれ目） 誤答肢では誤答型分類の主語や条件が入れ替わることが多いので、比較表で整理してください。 過去問で正誤の型を分類し、試験要項で数値・期限を照合してください。,「都市計画の典型誤答（S37）」の覚え方・確認手順は？,試験論点・条文・数値の対応を比較表に整理し、過去問で正誤の型を分類してください。 過去問で正誤の型を分類し、試験要項で数値・期限を照合してください。 試験では都市計画をセットで確認してください。 誤答では主語不明に注意してください。,「都市計画の典型誤答（S37）」の公式情報はどこで確認しますか？,試験論点・条文・数値の対応を比較表に整理し、過去問で正誤の型を分類してください。 過去問で正誤の型を分類し、試験要項で数値・期限を照合してください。 試験では都市計画をセットで確認してください。 誤答では主語不明に注意してください。,2026-05-27
s37-kon-touki,登記の典型誤答（S37）,権利関係,登記;S37;誤答,登記で頻出する誤答パターンを整理します。,登記の主語・手続の混同。,"[{""topic"": ""用語"", ""wrong"": ""名称だけで判断"", ""correct"": ""主語を固定"", ""trap"": ""同義語入替""}, {""topic"": ""手順"", ""wrong"": ""順序逆転"", ""correct"": ""確認順固定"", ""trap"": ""類似混同""}, {""topic"": ""数値"", ""wrong"": ""単位未確認"", ""correct"": ""数値条件同時"", ""trap"": ""近似誤誘導""}, {""topic"": ""法令"", ""wrong"": ""旧条文流用"", ""correct"": ""最新照合"", ""trap"": ""手続混同""}]",登記誤答対策｜S37,登記の誤答は35条37条・報酬・登記の読み落としが中心です。誤答型を記録し比較表へ戻ってください。数値・手続の最新は公益財団法人 全日本不動産協会・公益財団法人 不動産流通推進センターの試験要項・法令改正情報で必ずご確認ください。,登記;誤答型分類;S37,主語不明;手順省略（試験では条件文の主語確認が得点の分かれ目）,「登記→主語→条文」。,抵当権;所有権;不動産登記,「登記の典型誤答（S37）」の試験での位置づけは？,登記の誤答は35条37条・報酬・登記の読み落としが中心です。誤答型を記録し比較表へ戻ってください。数値・手続の最新は公益財団法人 全日本不動産協会・公益財団法人 不動産流通推進センターの試験要項・法令改正情報で必ずご確認ください。 試験では登記を軸に、関連条文・数値・主体の取り違えを照合してください。,「登記の典型誤答（S37）」でよくある誤答パターンは？,主語不明;手順省略（試験では条件文の主語確認が得点の分かれ目） 誤答肢では誤答型分類の主語や条件が入れ替わることが多いので、比較表で整理してください。 過去問で正誤の型を分類し、試験要項で数値・期限を照合してください。,「登記の典型誤答（S37）」の覚え方・確認手順は？,試験論点・条文・数値の対応を比較表に整理し、過去問で正誤の型を分類してください。 過去問で正誤の型を分類し、試験要項で数値・期限を照合してください。 試験では登記をセットで確認してください。 誤答では主語不明に注意してください。,「登記の典型誤答（S37）」の公式情報はどこで確認しますか？,試験論点・条文・数値の対応を比較表に整理し、過去問で正誤の型を分類してください。 過去問で正誤の型を分類し、試験要項で数値・期限を照合してください。 試験では登記をセットで確認してください。 誤答では主語不明に注意してください。,2026-05-27
s37-kon-keiyaku-futekigou,契約不適合の典型誤答（S37）,宅建業法,契約不適合;S37;誤答,契約不適合で頻出する誤答パターンを整理します。,契約不適合の主語・手続の混同。,"[{""topic"": ""用語"", ""wrong"": ""名称だけで判断"", ""correct"": ""主語を固定"", ""trap"": ""同義語入替""}, {""topic"": ""手順"", ""wrong"": ""順序逆転"", ""correct"": ""確認順固定"", ""trap"": ""類似混同""}, {""topic"": ""数値"", ""wrong"": ""単位未確認"", ""correct"": ""数値条件同時"", ""trap"": ""近似誤誘導""}, {""topic"": ""法令"", ""wrong"": ""旧条文流用"", ""correct"": ""最新照合"", ""trap"": ""手続混同""}]",契約不適合誤答対策｜S37,契約不適合の誤答は35条37条・報酬・登記の読み落としが中心です。誤答型を記録し比較表へ戻ってください。数値・手続の最新は公益財団法人 全日本不動産協会・公益財団法人 不動産流通推進センターの試験要項・法令改正情報で必ずご確認ください。,契約不適合;誤答型分類;S37,主語不明;手順省略（試験では条件文の主語確認が得点の分かれ目）,「契約不適合→主語→条文」。,契約不適合責任;重要事項説明（35条書面）;37条書面,「契約不適合の典型誤答（S37）」の試験での位置づけは？,契約不適合の誤答は35条37条・報酬・登記の読み落としが中心です。誤答型を記録し比較表へ戻ってください。数値・手続の最新は公益財団法人 全日本不動産協会・公益財団法人 不動産流通推進センターの試験要項・法令改正情報で必ずご確認ください。 試験では契約不適合を軸に、関連条文・数値・主体の取り違えを照合してください。,「契約不適合の典型誤答（S37）」でよくある誤答パターンは？,主語不明;手順省略（試験では条件文の主語確認が得点の分かれ目） 誤答肢では誤答型分類の主語や条件が入れ替わることが多いので、比較表で整理してください。 過去問で正誤の型を分類し、試験要項で数値・期限を照合してください。,「契約不適合の典型誤答（S37）」の覚え方・確認手順は？,覚え方：「契約不適合→主語→条文」。 早見の要点：・要項確認 用語集→本ページ→過去問の順で往復し、正誤理由をメモに残してください。 過去問で正誤の型を分類し、試験要項で数値・期限を照合してください。,「契約不適合の典型誤答（S37）」の公式情報はどこで確認しますか？,試験論点・条文・数値の対応を比較表に整理し、過去問で正誤の型を分類してください。 過去問で正誤の型を分類し、試験要項で数値・期限を照合してください。 試験では契約不適合をセットで確認してください。 誤答では主語不明に注意してください。,2026-05-27
s37-kon-tetsuki,手付金の典型誤答（S37）,権利関係,手付金;S37;誤答,手付金で頻出する誤答パターンを整理します。,手付金の主語・手続の混同。,"[{""topic"": ""用語"", ""wrong"": ""名称だけで判断"", ""correct"": ""主語を固定"", ""trap"": ""同義語入替""}, {""topic"": ""手順"", ""wrong"": ""順序逆転"", ""correct"": ""確認順固定"", ""trap"": ""類似混同""}, {""topic"": ""数値"", ""wrong"": ""単位未確認"", ""correct"": ""数値条件同時"", ""trap"": ""近似誤誘導""}, {""topic"": ""法令"", ""wrong"": ""旧条文流用"", ""correct"": ""最新照合"", ""trap"": ""手続混同""}]",手付金誤答対策｜S37,手付金の誤答は35条37条・報酬・登記の読み落としが中心です。誤答型を記録し比較表へ戻ってください。数値・手続の最新は公益財団法人 全日本不動産協会・公益財団法人 不動産流通推進センターの試験要項・法令改正情報で必ずご確認ください。,手付金;誤答型分類;S37,主語不明;手順省略（試験では条件文の主語確認が得点の分かれ目）,「手付金→主語→条文」。,手付の種類;手付解除;手付金等の保全措置,「手付金の典型誤答（S37）」の試験での位置づけは？,手付金の誤答は35条37条・報酬・登記の読み落としが中心です。誤答型を記録し比較表へ戻ってください。数値・手続の最新は公益財団法人 全日本不動産協会・公益財団法人 不動産流通推進センターの試験要項・法令改正情報で必ずご確認ください。 試験では手付金を軸に、関連条文・数値・主体の取り違えを照合してください。,「手付金の典型誤答（S37）」でよくある誤答パターンは？,主語不明;手順省略（試験では条件文の主語確認が得点の分かれ目） 誤答肢では誤答型分類の主語や条件が入れ替わることが多いので、比較表で整理してください。 過去問で正誤の型を分類し、試験要項で数値・期限を照合してください。,「手付金の典型誤答（S37）」の覚え方・確認手順は？,試験論点・条文・数値の対応を比較表に整理し、過去問で正誤の型を分類してください。 過去問で正誤の型を分類し、試験要項で数値・期限を照合してください。 試験では手付金をセットで確認してください。 誤答では主語不明に注意してください。,「手付金の典型誤答（S37）」の公式情報はどこで確認しますか？,試験論点・条文・数値の対応を比較表に整理し、過去問で正誤の型を分類してください。 過去問で正誤の型を分類し、試験要項で数値・期限を照合してください。 試験では手付金をセットで確認してください。 誤答では主語不明に注意してください。,2026-05-27
s37-kon-shiken-taisaku,試験対策の典型誤答（S37）,試験対策,試験対策;S37;誤答,試験対策で頻出する誤答パターンを整理します。,試験対策の主語・手続の混同。,"[{""topic"": ""用語"", ""wrong"": ""名称だけで判断"", ""correct"": ""主語を固定"", ""trap"": ""同義語入替""}, {""topic"": ""手順"", ""wrong"": ""順序逆転"", ""correct"": ""確認順固定"", ""trap"": ""類似混同""}, {""topic"": ""数値"", ""wrong"": ""単位未確認"", ""correct"": ""数値条件同時"", ""trap"": ""近似誤誘導""}, {""topic"": ""法令"", ""wrong"": ""旧条文流用"", ""correct"": ""最新照合"", ""trap"": ""手続混同""}]",試験対策誤答対策｜S37,試験対策の誤答は35条37条・報酬・登記の読み落としが中心です。誤答型を記録し比較表へ戻ってください。数値・手続の最新は公益財団法人 全日本不動産協会・公益財団法人 不動産流通推進センターの試験要項・法令改正情報で必ずご確認ください。,試験対策;誤答型分類;S37,主語不明;手順省略（試験では条件文の主語確認が得点の分かれ目）,「試験対策→主語→条文」。,宅建の合格点・合格率;宅建の出題傾向分析;宅建士,「試験対策の典型誤答（S37）」の試験での位置づけは？,試験対策の誤答は35条37条・報酬・登記の読み落としが中心です。誤答型を記録し比較表へ戻ってください。数値・手続の最新は公益財団法人 全日本不動産協会・公益財団法人 不動産流通推進センターの試験要項・法令改正情報で必ずご確認ください。 試験では試験対策を軸に、関連条文・数値・主体の取り違えを照合してください。,「試験対策の典型誤答（S37）」でよくある誤答パターンは？,主語不明;手順省略（試験では条件文の主語確認が得点の分かれ目） 誤答肢では誤答型分類の主語や条件が入れ替わることが多いので、比較表で整理してください。 過去問で正誤の型を分類し、試験要項で数値・期限を照合してください。,「試験対策の典型誤答（S37）」の覚え方・確認手順は？,試験論点・条文・数値の対応を比較表に整理し、過去問で正誤の型を分類してください。 過去問で正誤の型を分類し、試験要項で数値・期限を照合してください。 試験では試験対策をセットで確認してください。 誤答では主語不明に注意してください。,「試験対策の典型誤答（S37）」の公式情報はどこで確認しますか？,試験論点・条文・数値の対応を比較表に整理し、過去問で正誤の型を分類してください。 過去問で正誤の型を分類し、試験要項で数値・期限を照合してください。 試験では試験対策をセットで確認してください。 誤答では主語不明に注意してください。,2026-05-27
s38-kon-takken-kaisei,宅建業法改正の典型誤答（S38）,宅建業法,宅建業法改正;S38;誤答,宅建業法改正で頻出する誤答パターンを整理します。,宅建業法改正の主語・手続の混同。,"[{""topic"": ""用語"", ""wrong"": ""名称だけで判断"", ""correct"": ""主語を固定"", ""trap"": ""同義語入替""}, {""topic"": ""手順"", ""wrong"": ""順序逆転"", ""correct"": ""確認順固定"", ""trap"": ""類似混同""}, {""topic"": ""数値"", ""wrong"": ""単位未確認"", ""correct"": ""数値条件同時"", ""trap"": ""近似誤誘導""}, {""topic"": ""法令"", ""wrong"": ""旧条文流用"", ""correct"": ""最新照合"", ""trap"": ""手続混同""}]",宅建業法改正誤答対策｜S38,宅建業法改正の誤答は35条37条・報酬・登記の読み落としが中心です。誤答型を記録し比較表へ戻ってください。数値・手続の最新は公益財団法人 全日本不動産協会・公益財団法人 不動産流通推進センターの試験要項・法令改正情報で必ずご確認ください。,宅建業法改正;誤答型分類;S38,主語不明;手順省略（試験では条件文の主語確認が得点の分かれ目）,「宅建業法改正→主語→条文」。,宅建業の免許;重要事項説明（35条書面）;37条書面,「宅建業法改正の典型誤答（S38）」の試験での位置づけは？,宅建業法改正の誤答は35条37条・報酬・登記の読み落としが中心です。誤答型を記録し比較表へ戻ってください。数値・手続の最新は公益財団法人 全日本不動産協会・公益財団法人 不動産流通推進センターの試験要項・法令改正情報で必ずご確認ください。 試験では宅建業法改正を軸に、関連条文・数値・主体の取り違えを照合してください。,「宅建業法改正の典型誤答（S38）」でよくある誤答パターンは？,主語不明;手順省略（試験では条件文の主語確認が得点の分かれ目） 誤答肢では誤答型分類の主語や条件が入れ替わることが多いので、比較表で整理してください。 過去問で正誤の型を分類し、試験要項で数値・期限を照合してください。,「宅建業法改正の典型誤答（S38）」の覚え方・確認手順は？,覚え方：「宅建業法改正→主語→条文」。 早見の要点：・要項確認 用語集→本ページ→過去問の順で往復し、正誤理由をメモに残してください。 過去問で正誤の型を分類し、試験要項で数値・期限を照合してください。,「宅建業法改正の典型誤答（S38）」の公式情報はどこで確認しますか？,試験論点・条文・数値の対応を比較表に整理し、過去問で正誤の型を分類してください。 過去問で正誤の型を分類し、試験要項で数値・期限を照合してください。 試験では宅建業法改正をセットで確認してください。 誤答では主語不明に注意してください。,2026-05-27
s38-kon-ju35-ju37,35条37条深掘りの典型誤答（S38）,宅建業法,35条37条深掘り;S38;誤答,35条37条深掘りで頻出する誤答パターンを整理します。,35条37条深掘りの主語・手続の混同。,"[{""topic"": ""用語"", ""wrong"": ""名称だけで判断"", ""correct"": ""主語を固定"", ""trap"": ""同義語入替""}, {""topic"": ""手順"", ""wrong"": ""順序逆転"", ""correct"": ""確認順固定"", ""trap"": ""類似混同""}, {""topic"": ""数値"", ""wrong"": ""単位未確認"", ""correct"": ""数値条件同時"", ""trap"": ""近似誤誘導""}, {""topic"": ""法令"", ""wrong"": ""旧条文流用"", ""correct"": ""最新照合"", ""trap"": ""手続混同""}]",35条37条深掘り誤答対策｜S38,35条37条深掘りの誤答は35条37条・報酬・登記の読み落としが中心です。誤答型を記録し比較表へ戻ってください。数値・手続の最新は公益財団法人 全日本不動産協会・公益財団法人 不動産流通推進センターの試験要項・法令改正情報で必ずご確認ください。,35条37条深掘り;誤答型分類;S38,主語不明;手順省略（試験では条件文の主語確認が得点の分かれ目）,「35条37条深掘り→主語→条文」。,重要事項説明（35条書面）;37条書面;35条書面,「35条37条深掘りの典型誤答（S38）」の試験での位置づけは？,35条37条深掘りの誤答は35条37条・報酬・登記の読み落としが中心です。誤答型を記録し比較表へ戻ってください。数値・手続の最新は公益財団法人 全日本不動産協会・公益財団法人 不動産流通推進センターの試験要項・法令改正情報で必ずご確認くだ… 試験では35条37条深掘りを軸に、関連条文・数値・主体の取り違えを照合してください。,「35条37条深掘りの典型誤答（S38）」でよくある誤答パターンは？,主語不明;手順省略（試験では条件文の主語確認が得点の分かれ目） 誤答肢では誤答型分類の主語や条件が入れ替わることが多いので、比較表で整理してください。 過去問で正誤の型を分類し、試験要項で数値・期限を照合してください。,「35条37条深掘りの典型誤答（S38）」の覚え方・確認手順は？,覚え方：「35条37条深掘り→主語→条文」。 早見の要点：・要項確認 用語集→本ページ→過去問の順で往復し、正誤理由をメモに残してください。 過去問で正誤の型を分類し、試験要項で数値・期限を照合してください。,「35条37条深掘りの典型誤答（S38）」の公式情報はどこで確認しますか？,試験論点・条文・数値の対応を比較表に整理し、過去問で正誤の型を分類してください。 過去問で正誤の型を分類し、試験要項で数値・期限を照合してください。 試験では35条37条深掘りをセットで確認してください。,2026-05-27
s38-kon-baikai-houshuu,媒介報酬の典型誤答（S38）,宅建業法,媒介報酬;S38;誤答,媒介報酬で頻出する誤答パターンを整理します。,媒介報酬の主語・手続の混同。,"[{""topic"": ""用語"", ""wrong"": ""名称だけで判断"", ""correct"": ""主語を固定"", ""trap"": ""同義語入替""}, {""topic"": ""手順"", ""wrong"": ""順序逆転"", ""correct"": ""確認順固定"", ""trap"": ""類似混同""}, {""topic"": ""数値"", ""wrong"": ""単位未確認"", ""correct"": ""数値条件同時"", ""trap"": ""近似誤誘導""}, {""topic"": ""法令"", ""wrong"": ""旧条文流用"", ""correct"": ""最新照合"", ""trap"": ""手続混同""}]",媒介報酬誤答対策｜S38,媒介報酬の誤答は35条37条・報酬・登記の読み落としが中心です。誤答型を記録し比較表へ戻ってください。数値・手続の最新は公益財団法人 全日本不動産協会・公益財団法人 不動産流通推進センターの試験要項・法令改正情報で必ずご確認ください。,媒介報酬;誤答型分類;S38,主語不明;手順省略（試験では条件文の主語確認が得点の分かれ目）,「媒介報酬→主語→条文」。,報酬の計算（売買）;媒介契約の種類;報酬額の掲示,「媒介報酬の典型誤答（S38）」の試験での位置づけは？,媒介報酬の誤答は35条37条・報酬・登記の読み落としが中心です。誤答型を記録し比較表へ戻ってください。数値・手続の最新は公益財団法人 全日本不動産協会・公益財団法人 不動産流通推進センターの試験要項・法令改正情報で必ずご確認ください。 試験では媒介報酬を軸に、関連条文・数値・主体の取り違えを照合してください。,「媒介報酬の典型誤答（S38）」でよくある誤答パターンは？,主語不明;手順省略（試験では条件文の主語確認が得点の分かれ目） 誤答肢では誤答型分類の主語や条件が入れ替わることが多いので、比較表で整理してください。 過去問で正誤の型を分類し、試験要項で数値・期限を照合してください。,「媒介報酬の典型誤答（S38）」の覚え方・確認手順は？,試験論点・条文・数値の対応を比較表に整理し、過去問で正誤の型を分類してください。 過去問で正誤の型を分類し、試験要項で数値・期限を照合してください。 試験では媒介報酬をセットで確認してください。 誤答では主語不明に注意してください。,「媒介報酬の典型誤答（S38）」の公式情報はどこで確認しますか？,試験論点・条文・数値の対応を比較表に整理し、過去問で正誤の型を分類してください。 過去問で正誤の型を分類し、試験要項で数値・期限を照合してください。 試験では媒介報酬をセットで確認してください。 誤答では主語不明に注意してください。,2026-05-27
s38-kon-shakuchi-shakuya,借地借家の典型誤答（S38）,権利関係,借地借家;S38;誤答,借地借家で頻出する誤答パターンを整理します。,借地借家の主語・手続の混同。,"[{""topic"": ""用語"", ""wrong"": ""名称だけで判断"", ""correct"": ""主語を固定"", ""trap"": ""同義語入替""}, {""topic"": ""手順"", ""wrong"": ""順序逆転"", ""correct"": ""確認順固定"", ""trap"": ""類似混同""}, {""topic"": ""数値"", ""wrong"": ""単位未確認"", ""correct"": ""数値条件同時"", ""trap"": ""近似誤誘導""}, {""topic"": ""法令"", ""wrong"": ""旧条文流用"", ""correct"": ""最新照合"", ""trap"": ""手続混同""}]",借地借家誤答対策｜S38,借地借家の誤答は35条37条・報酬・登記の読み落としが中心です。誤答型を記録し比較表へ戻ってください。数値・手続の最新は公益財団法人 全日本不動産協会・公益財団法人 不動産流通推進センターの試験要項・法令改正情報で必ずご確認ください。,借地借家;誤答型分類;S38,主語不明;手順省略（試験では条件文の主語確認が得点の分かれ目）,「借地借家→主語→条文」。,借地借家法;法定更新（借地借家法）;更新拒絶の正当な事由,「借地借家の典型誤答（S38）」の試験での位置づけは？,借地借家の誤答は35条37条・報酬・登記の読み落としが中心です。誤答型を記録し比較表へ戻ってください。数値・手続の最新は公益財団法人 全日本不動産協会・公益財団法人 不動産流通推進センターの試験要項・法令改正情報で必ずご確認ください。 試験では借地借家を軸に、関連条文・数値・主体の取り違えを照合してください。,「借地借家の典型誤答（S38）」でよくある誤答パターンは？,主語不明;手順省略（試験では条件文の主語確認が得点の分かれ目） 誤答肢では誤答型分類の主語や条件が入れ替わることが多いので、比較表で整理してください。 過去問で正誤の型を分類し、試験要項で数値・期限を照合してください。,「借地借家の典型誤答（S38）」の覚え方・確認手順は？,試験論点・条文・数値の対応を比較表に整理し、過去問で正誤の型を分類してください。 過去問で正誤の型を分類し、試験要項で数値・期限を照合してください。 試験では借地借家をセットで確認してください。 誤答では主語不明に注意してください。,「借地借家の典型誤答（S38）」の公式情報はどこで確認しますか？,試験論点・条文・数値の対応を比較表に整理し、過去問で正誤の型を分類してください。 過去問で正誤の型を分類し、試験要項で数値・期限を照合してください。 試験では借地借家をセットで確認してください。 誤答では主語不明に注意してください。,2026-05-27
s38-kon-kubun-shoyu,区分所有の典型誤答（S38）,権利関係,区分所有;S38;誤答,区分所有で頻出する誤答パターンを整理します。,区分所有の主語・手続の混同。,"[{""topic"": ""用語"", ""wrong"": ""名称だけで判断"", ""correct"": ""主語を固定"", ""trap"": ""同義語入替""}, {""topic"": ""手順"", ""wrong"": ""順序逆転"", ""correct"": ""確認順固定"", ""trap"": ""類似混同""}, {""topic"": ""数値"", ""wrong"": ""単位未確認"", ""correct"": ""数値条件同時"", ""trap"": ""近似誤誘導""}, {""topic"": ""法令"", ""wrong"": ""旧条文流用"", ""correct"": ""最新照合"", ""trap"": ""手続混同""}]",区分所有誤答対策｜S38,区分所有の誤答は35条37条・報酬・登記の読み落としが中心です。誤答型を記録し比較表へ戻ってください。数値・手続の最新は公益財団法人 全日本不動産協会・公益財団法人 不動産流通推進センターの試験要項・法令改正情報で必ずご確認ください。,区分所有;誤答型分類;S38,主語不明;手順省略（試験では条件文の主語確認が得点の分かれ目）,「区分所有→主語→条文」。,区分所有権;区分所有者;共用部分,「区分所有の典型誤答（S38）」の試験での位置づけは？,区分所有の誤答は35条37条・報酬・登記の読み落としが中心です。誤答型を記録し比較表へ戻ってください。数値・手続の最新は公益財団法人 全日本不動産協会・公益財団法人 不動産流通推進センターの試験要項・法令改正情報で必ずご確認ください。 試験では区分所有を軸に、関連条文・数値・主体の取り違えを照合してください。,「区分所有の典型誤答（S38）」でよくある誤答パターンは？,主語不明;手順省略（試験では条件文の主語確認が得点の分かれ目） 誤答肢では誤答型分類の主語や条件が入れ替わることが多いので、比較表で整理してください。 過去問で正誤の型を分類し、試験要項で数値・期限を照合してください。,「区分所有の典型誤答（S38）」の覚え方・確認手順は？,試験論点・条文・数値の対応を比較表に整理し、過去問で正誤の型を分類してください。 過去問で正誤の型を分類し、試験要項で数値・期限を照合してください。 試験では区分所有をセットで確認してください。 誤答では主語不明に注意してください。,「区分所有の典型誤答（S38）」の公式情報はどこで確認しますか？,試験論点・条文・数値の対応を比較表に整理し、過去問で正誤の型を分類してください。 過去問で正誤の型を分類し、試験要項で数値・期限を照合してください。 試験では区分所有をセットで確認してください。 誤答では主語不明に注意してください。,2026-05-27
s38-kon-toshikeikaku,都市計画の典型誤答（S38）,権利関係,都市計画;S38;誤答,都市計画で頻出する誤答パターンを整理します。,都市計画の主語・手続の混同。,"[{""topic"": ""用語"", ""wrong"": ""名称だけで判断"", ""correct"": ""主語を固定"", ""trap"": ""同義語入替""}, {""topic"": ""手順"", ""wrong"": ""順序逆転"", ""correct"": ""確認順固定"", ""trap"": ""類似混同""}, {""topic"": ""数値"", ""wrong"": ""単位未確認"", ""correct"": ""数値条件同時"", ""trap"": ""近似誤誘導""}, {""topic"": ""法令"", ""wrong"": ""旧条文流用"", ""correct"": ""最新照合"", ""trap"": ""手続混同""}]",都市計画誤答対策｜S38,都市計画の誤答は35条37条・報酬・登記の読み落としが中心です。誤答型を記録し比較表へ戻ってください。数値・手続の最新は公益財団法人 全日本不動産協会・公益財団法人 不動産流通推進センターの試験要項・法令改正情報で必ずご確認ください。,都市計画;誤答型分類;S38,主語不明;手順省略（試験では条件文の主語確認が得点の分かれ目）,「都市計画→主語→条文」。,都市計画法;用途地域の種類;建ぺい率・容積率,「都市計画の典型誤答（S38）」の試験での位置づけは？,都市計画の誤答は35条37条・報酬・登記の読み落としが中心です。誤答型を記録し比較表へ戻ってください。数値・手続の最新は公益財団法人 全日本不動産協会・公益財団法人 不動産流通推進センターの試験要項・法令改正情報で必ずご確認ください。 試験では都市計画を軸に、関連条文・数値・主体の取り違えを照合してください。,「都市計画の典型誤答（S38）」でよくある誤答パターンは？,主語不明;手順省略（試験では条件文の主語確認が得点の分かれ目） 誤答肢では誤答型分類の主語や条件が入れ替わることが多いので、比較表で整理してください。 過去問で正誤の型を分類し、試験要項で数値・期限を照合してください。,「都市計画の典型誤答（S38）」の覚え方・確認手順は？,試験論点・条文・数値の対応を比較表に整理し、過去問で正誤の型を分類してください。 過去問で正誤の型を分類し、試験要項で数値・期限を照合してください。 試験では都市計画をセットで確認してください。 誤答では主語不明に注意してください。,「都市計画の典型誤答（S38）」の公式情報はどこで確認しますか？,試験論点・条文・数値の対応を比較表に整理し、過去問で正誤の型を分類してください。 過去問で正誤の型を分類し、試験要項で数値・期限を照合してください。 試験では都市計画をセットで確認してください。 誤答では主語不明に注意してください。,2026-05-27
s38-kon-touki,登記の典型誤答（S38）,権利関係,登記;S38;誤答,登記で頻出する誤答パターンを整理します。,登記の主語・手続の混同。,"[{""topic"": ""用語"", ""wrong"": ""名称だけで判断"", ""correct"": ""主語を固定"", ""trap"": ""同義語入替""}, {""topic"": ""手順"", ""wrong"": ""順序逆転"", ""correct"": ""確認順固定"", ""trap"": ""類似混同""}, {""topic"": ""数値"", ""wrong"": ""単位未確認"", ""correct"": ""数値条件同時"", ""trap"": ""近似誤誘導""}, {""topic"": ""法令"", ""wrong"": ""旧条文流用"", ""correct"": ""最新照合"", ""trap"": ""手続混同""}]",登記誤答対策｜S38,登記の誤答は35条37条・報酬・登記の読み落としが中心です。誤答型を記録し比較表へ戻ってください。数値・手続の最新は公益財団法人 全日本不動産協会・公益財団法人 不動産流通推進センターの試験要項・法令改正情報で必ずご確認ください。,登記;誤答型分類;S38,主語不明;手順省略（試験では条件文の主語確認が得点の分かれ目）,「登記→主語→条文」。,抵当権;所有権;不動産登記,「登記の典型誤答（S38）」の試験での位置づけは？,登記の誤答は35条37条・報酬・登記の読み落としが中心です。誤答型を記録し比較表へ戻ってください。数値・手続の最新は公益財団法人 全日本不動産協会・公益財団法人 不動産流通推進センターの試験要項・法令改正情報で必ずご確認ください。 試験では登記を軸に、関連条文・数値・主体の取り違えを照合してください。,「登記の典型誤答（S38）」でよくある誤答パターンは？,主語不明;手順省略（試験では条件文の主語確認が得点の分かれ目） 誤答肢では誤答型分類の主語や条件が入れ替わることが多いので、比較表で整理してください。 過去問で正誤の型を分類し、試験要項で数値・期限を照合してください。,「登記の典型誤答（S38）」の覚え方・確認手順は？,試験論点・条文・数値の対応を比較表に整理し、過去問で正誤の型を分類してください。 過去問で正誤の型を分類し、試験要項で数値・期限を照合してください。 試験では登記をセットで確認してください。 誤答では主語不明に注意してください。,「登記の典型誤答（S38）」の公式情報はどこで確認しますか？,試験論点・条文・数値の対応を比較表に整理し、過去問で正誤の型を分類してください。 過去問で正誤の型を分類し、試験要項で数値・期限を照合してください。 試験では登記をセットで確認してください。 誤答では主語不明に注意してください。,2026-05-27
s38-kon-keiyaku-futekigou,契約不適合の典型誤答（S38）,宅建業法,契約不適合;S38;誤答,契約不適合で頻出する誤答パターンを整理します。,契約不適合の主語・手続の混同。,"[{""topic"": ""用語"", ""wrong"": ""名称だけで判断"", ""correct"": ""主語を固定"", ""trap"": ""同義語入替""}, {""topic"": ""手順"", ""wrong"": ""順序逆転"", ""correct"": ""確認順固定"", ""trap"": ""類似混同""}, {""topic"": ""数値"", ""wrong"": ""単位未確認"", ""correct"": ""数値条件同時"", ""trap"": ""近似誤誘導""}, {""topic"": ""法令"", ""wrong"": ""旧条文流用"", ""correct"": ""最新照合"", ""trap"": ""手続混同""}]",契約不適合誤答対策｜S38,契約不適合の誤答は35条37条・報酬・登記の読み落としが中心です。誤答型を記録し比較表へ戻ってください。数値・手続の最新は公益財団法人 全日本不動産協会・公益財団法人 不動産流通推進センターの試験要項・法令改正情報で必ずご確認ください。,契約不適合;誤答型分類;S38,主語不明;手順省略（試験では条件文の主語確認が得点の分かれ目）,「契約不適合→主語→条文」。,契約不適合責任;重要事項説明（35条書面）;37条書面,「契約不適合の典型誤答（S38）」の試験での位置づけは？,契約不適合の誤答は35条37条・報酬・登記の読み落としが中心です。誤答型を記録し比較表へ戻ってください。数値・手続の最新は公益財団法人 全日本不動産協会・公益財団法人 不動産流通推進センターの試験要項・法令改正情報で必ずご確認ください。 試験では契約不適合を軸に、関連条文・数値・主体の取り違えを照合してください。,「契約不適合の典型誤答（S38）」でよくある誤答パターンは？,主語不明;手順省略（試験では条件文の主語確認が得点の分かれ目） 誤答肢では誤答型分類の主語や条件が入れ替わることが多いので、比較表で整理してください。 過去問で正誤の型を分類し、試験要項で数値・期限を照合してください。,「契約不適合の典型誤答（S38）」の覚え方・確認手順は？,覚え方：「契約不適合→主語→条文」。 早見の要点：・要項確認 用語集→本ページ→過去問の順で往復し、正誤理由をメモに残してください。 過去問で正誤の型を分類し、試験要項で数値・期限を照合してください。,「契約不適合の典型誤答（S38）」の公式情報はどこで確認しますか？,試験論点・条文・数値の対応を比較表に整理し、過去問で正誤の型を分類してください。 過去問で正誤の型を分類し、試験要項で数値・期限を照合してください。 試験では契約不適合をセットで確認してください。 誤答では主語不明に注意してください。,2026-05-27
s38-kon-tetsuki,手付金の典型誤答（S38）,権利関係,手付金;S38;誤答,手付金で頻出する誤答パターンを整理します。,手付金の主語・手続の混同。,"[{""topic"": ""用語"", ""wrong"": ""名称だけで判断"", ""correct"": ""主語を固定"", ""trap"": ""同義語入替""}, {""topic"": ""手順"", ""wrong"": ""順序逆転"", ""correct"": ""確認順固定"", ""trap"": ""類似混同""}, {""topic"": ""数値"", ""wrong"": ""単位未確認"", ""correct"": ""数値条件同時"", ""trap"": ""近似誤誘導""}, {""topic"": ""法令"", ""wrong"": ""旧条文流用"", ""correct"": ""最新照合"", ""trap"": ""手続混同""}]",手付金誤答対策｜S38,手付金の誤答は35条37条・報酬・登記の読み落としが中心です。誤答型を記録し比較表へ戻ってください。数値・手続の最新は公益財団法人 全日本不動産協会・公益財団法人 不動産流通推進センターの試験要項・法令改正情報で必ずご確認ください。,手付金;誤答型分類;S38,主語不明;手順省略（試験では条件文の主語確認が得点の分かれ目）,「手付金→主語→条文」。,手付の種類;手付解除;手付金等の保全措置,「手付金の典型誤答（S38）」の試験での位置づけは？,手付金の誤答は35条37条・報酬・登記の読み落としが中心です。誤答型を記録し比較表へ戻ってください。数値・手続の最新は公益財団法人 全日本不動産協会・公益財団法人 不動産流通推進センターの試験要項・法令改正情報で必ずご確認ください。 試験では手付金を軸に、関連条文・数値・主体の取り違えを照合してください。,「手付金の典型誤答（S38）」でよくある誤答パターンは？,主語不明;手順省略（試験では条件文の主語確認が得点の分かれ目） 誤答肢では誤答型分類の主語や条件が入れ替わることが多いので、比較表で整理してください。 過去問で正誤の型を分類し、試験要項で数値・期限を照合してください。,「手付金の典型誤答（S38）」の覚え方・確認手順は？,試験論点・条文・数値の対応を比較表に整理し、過去問で正誤の型を分類してください。 過去問で正誤の型を分類し、試験要項で数値・期限を照合してください。 試験では手付金をセットで確認してください。 誤答では主語不明に注意してください。,「手付金の典型誤答（S38）」の公式情報はどこで確認しますか？,試験論点・条文・数値の対応を比較表に整理し、過去問で正誤の型を分類してください。 過去問で正誤の型を分類し、試験要項で数値・期限を照合してください。 試験では手付金をセットで確認してください。 誤答では主語不明に注意してください。,2026-05-27
s38-kon-shiken-taisaku,試験対策の典型誤答（S38）,試験対策,試験対策;S38;誤答,試験対策で頻出する誤答パターンを整理します。,試験対策の主語・手続の混同。,"[{""topic"": ""用語"", ""wrong"": ""名称だけで判断"", ""correct"": ""主語を固定"", ""trap"": ""同義語入替""}, {""topic"": ""手順"", ""wrong"": ""順序逆転"", ""correct"": ""確認順固定"", ""trap"": ""類似混同""}, {""topic"": ""数値"", ""wrong"": ""単位未確認"", ""correct"": ""数値条件同時"", ""trap"": ""近似誤誘導""}, {""topic"": ""法令"", ""wrong"": ""旧条文流用"", ""correct"": ""最新照合"", ""trap"": ""手続混同""}]",試験対策誤答対策｜S38,試験対策の誤答は35条37条・報酬・登記の読み落としが中心です。誤答型を記録し比較表へ戻ってください。数値・手続の最新は公益財団法人 全日本不動産協会・公益財団法人 不動産流通推進センターの試験要項・法令改正情報で必ずご確認ください。,試験対策;誤答型分類;S38,主語不明;手順省略（試験では条件文の主語確認が得点の分かれ目）,「試験対策→主語→条文」。,宅建の合格点・合格率;宅建の出題傾向分析;宅建士,「試験対策の典型誤答（S38）」の試験での位置づけは？,試験対策の誤答は35条37条・報酬・登記の読み落としが中心です。誤答型を記録し比較表へ戻ってください。数値・手続の最新は公益財団法人 全日本不動産協会・公益財団法人 不動産流通推進センターの試験要項・法令改正情報で必ずご確認ください。 試験では試験対策を軸に、関連条文・数値・主体の取り違えを照合してください。,「試験対策の典型誤答（S38）」でよくある誤答パターンは？,主語不明;手順省略（試験では条件文の主語確認が得点の分かれ目） 誤答肢では誤答型分類の主語や条件が入れ替わることが多いので、比較表で整理してください。 過去問で正誤の型を分類し、試験要項で数値・期限を照合してください。,「試験対策の典型誤答（S38）」の覚え方・確認手順は？,試験論点・条文・数値の対応を比較表に整理し、過去問で正誤の型を分類してください。 過去問で正誤の型を分類し、試験要項で数値・期限を照合してください。 試験では試験対策をセットで確認してください。 誤答では主語不明に注意してください。,「試験対策の典型誤答（S38）」の公式情報はどこで確認しますか？,試験論点・条文・数値の対応を比較表に整理し、過去問で正誤の型を分類してください。 過去問で正誤の型を分類し、試験要項で数値・期限を照合してください。 試験では試験対策をセットで確認してください。 誤答では主語不明に注意してください。,2026-05-27
s39-kon-takken-kaisei,宅建業法改正の典型誤答（S39）,宅建業法,宅建業法改正;S39;誤答,宅建業法改正で頻出する誤答パターンを整理します。,宅建業法改正の主語・手続の混同。,"[{""topic"": ""用語"", ""wrong"": ""名称だけで判断"", ""correct"": ""主語を固定"", ""trap"": ""同義語入替""}, {""topic"": ""手順"", ""wrong"": ""順序逆転"", ""correct"": ""確認順固定"", ""trap"": ""類似混同""}, {""topic"": ""数値"", ""wrong"": ""単位未確認"", ""correct"": ""数値条件同時"", ""trap"": ""近似誤誘導""}, {""topic"": ""法令"", ""wrong"": ""旧条文流用"", ""correct"": ""最新照合"", ""trap"": ""手続混同""}]",宅建業法改正誤答対策｜S39,宅建業法改正の誤答は35条37条・報酬・登記の読み落としが中心です。誤答型を記録し比較表へ戻ってください。数値・手続の最新は公益財団法人 全日本不動産協会・公益財団法人 不動産流通推進センターの試験要項・法令改正情報で必ずご確認ください。,宅建業法改正;誤答型分類;S39,主語不明;手順省略（試験では条件文の主語確認が得点の分かれ目）,「宅建業法改正→主語→条文」。,宅建業の免許;重要事項説明（35条書面）;37条書面,「宅建業法改正の典型誤答（S39）」の試験での位置づけは？,宅建業法改正の誤答は35条37条・報酬・登記の読み落としが中心です。誤答型を記録し比較表へ戻ってください。数値・手続の最新は公益財団法人 全日本不動産協会・公益財団法人 不動産流通推進センターの試験要項・法令改正情報で必ずご確認ください。 試験では宅建業法改正を軸に、関連条文・数値・主体の取り違えを照合してください。,「宅建業法改正の典型誤答（S39）」でよくある誤答パターンは？,主語不明;手順省略（試験では条件文の主語確認が得点の分かれ目） 誤答肢では誤答型分類の主語や条件が入れ替わることが多いので、比較表で整理してください。 過去問で正誤の型を分類し、試験要項で数値・期限を照合してください。,「宅建業法改正の典型誤答（S39）」の覚え方・確認手順は？,覚え方：「宅建業法改正→主語→条文」。 早見の要点：・要項確認 用語集→本ページ→過去問の順で往復し、正誤理由をメモに残してください。 過去問で正誤の型を分類し、試験要項で数値・期限を照合してください。,「宅建業法改正の典型誤答（S39）」の公式情報はどこで確認しますか？,試験論点・条文・数値の対応を比較表に整理し、過去問で正誤の型を分類してください。 過去問で正誤の型を分類し、試験要項で数値・期限を照合してください。 試験では宅建業法改正をセットで確認してください。 誤答では主語不明に注意してください。,2026-05-27
s39-kon-ju35-ju37,35条37条深掘りの典型誤答（S39）,宅建業法,35条37条深掘り;S39;誤答,35条37条深掘りで頻出する誤答パターンを整理します。,35条37条深掘りの主語・手続の混同。,"[{""topic"": ""用語"", ""wrong"": ""名称だけで判断"", ""correct"": ""主語を固定"", ""trap"": ""同義語入替""}, {""topic"": ""手順"", ""wrong"": ""順序逆転"", ""correct"": ""確認順固定"", ""trap"": ""類似混同""}, {""topic"": ""数値"", ""wrong"": ""単位未確認"", ""correct"": ""数値条件同時"", ""trap"": ""近似誤誘導""}, {""topic"": ""法令"", ""wrong"": ""旧条文流用"", ""correct"": ""最新照合"", ""trap"": ""手続混同""}]",35条37条深掘り誤答対策｜S39,35条37条深掘りの誤答は35条37条・報酬・登記の読み落としが中心です。誤答型を記録し比較表へ戻ってください。数値・手続の最新は公益財団法人 全日本不動産協会・公益財団法人 不動産流通推進センターの試験要項・法令改正情報で必ずご確認ください。,35条37条深掘り;誤答型分類;S39,主語不明;手順省略（試験では条件文の主語確認が得点の分かれ目）,「35条37条深掘り→主語→条文」。,重要事項説明（35条書面）;37条書面;35条書面,「35条37条深掘りの典型誤答（S39）」の試験での位置づけは？,35条37条深掘りの誤答は35条37条・報酬・登記の読み落としが中心です。誤答型を記録し比較表へ戻ってください。数値・手続の最新は公益財団法人 全日本不動産協会・公益財団法人 不動産流通推進センターの試験要項・法令改正情報で必ずご確認くだ… 試験では35条37条深掘りを軸に、関連条文・数値・主体の取り違えを照合してください。,「35条37条深掘りの典型誤答（S39）」でよくある誤答パターンは？,主語不明;手順省略（試験では条件文の主語確認が得点の分かれ目） 誤答肢では誤答型分類の主語や条件が入れ替わることが多いので、比較表で整理してください。 過去問で正誤の型を分類し、試験要項で数値・期限を照合してください。,「35条37条深掘りの典型誤答（S39）」の覚え方・確認手順は？,覚え方：「35条37条深掘り→主語→条文」。 早見の要点：・要項確認 用語集→本ページ→過去問の順で往復し、正誤理由をメモに残してください。 過去問で正誤の型を分類し、試験要項で数値・期限を照合してください。,「35条37条深掘りの典型誤答（S39）」の公式情報はどこで確認しますか？,試験論点・条文・数値の対応を比較表に整理し、過去問で正誤の型を分類してください。 過去問で正誤の型を分類し、試験要項で数値・期限を照合してください。 試験では35条37条深掘りをセットで確認してください。,2026-05-27
s39-kon-baikai-houshuu,媒介報酬の典型誤答（S39）,宅建業法,媒介報酬;S39;誤答,媒介報酬で頻出する誤答パターンを整理します。,媒介報酬の主語・手続の混同。,"[{""topic"": ""用語"", ""wrong"": ""名称だけで判断"", ""correct"": ""主語を固定"", ""trap"": ""同義語入替""}, {""topic"": ""手順"", ""wrong"": ""順序逆転"", ""correct"": ""確認順固定"", ""trap"": ""類似混同""}, {""topic"": ""数値"", ""wrong"": ""単位未確認"", ""correct"": ""数値条件同時"", ""trap"": ""近似誤誘導""}, {""topic"": ""法令"", ""wrong"": ""旧条文流用"", ""correct"": ""最新照合"", ""trap"": ""手続混同""}]",媒介報酬誤答対策｜S39,媒介報酬の誤答は35条37条・報酬・登記の読み落としが中心です。誤答型を記録し比較表へ戻ってください。数値・手続の最新は公益財団法人 全日本不動産協会・公益財団法人 不動産流通推進センターの試験要項・法令改正情報で必ずご確認ください。,媒介報酬;誤答型分類;S39,主語不明;手順省略（試験では条件文の主語確認が得点の分かれ目）,「媒介報酬→主語→条文」。,報酬の計算（売買）;媒介契約の種類;報酬額の掲示,「媒介報酬の典型誤答（S39）」の試験での位置づけは？,媒介報酬の誤答は35条37条・報酬・登記の読み落としが中心です。誤答型を記録し比較表へ戻ってください。数値・手続の最新は公益財団法人 全日本不動産協会・公益財団法人 不動産流通推進センターの試験要項・法令改正情報で必ずご確認ください。 試験では媒介報酬を軸に、関連条文・数値・主体の取り違えを照合してください。,「媒介報酬の典型誤答（S39）」でよくある誤答パターンは？,主語不明;手順省略（試験では条件文の主語確認が得点の分かれ目） 誤答肢では誤答型分類の主語や条件が入れ替わることが多いので、比較表で整理してください。 過去問で正誤の型を分類し、試験要項で数値・期限を照合してください。,「媒介報酬の典型誤答（S39）」の覚え方・確認手順は？,試験論点・条文・数値の対応を比較表に整理し、過去問で正誤の型を分類してください。 過去問で正誤の型を分類し、試験要項で数値・期限を照合してください。 試験では媒介報酬をセットで確認してください。 誤答では主語不明に注意してください。,「媒介報酬の典型誤答（S39）」の公式情報はどこで確認しますか？,試験論点・条文・数値の対応を比較表に整理し、過去問で正誤の型を分類してください。 過去問で正誤の型を分類し、試験要項で数値・期限を照合してください。 試験では媒介報酬をセットで確認してください。 誤答では主語不明に注意してください。,2026-05-27
s39-kon-shakuchi-shakuya,借地借家の典型誤答（S39）,権利関係,借地借家;S39;誤答,借地借家で頻出する誤答パターンを整理します。,借地借家の主語・手続の混同。,"[{""topic"": ""用語"", ""wrong"": ""名称だけで判断"", ""correct"": ""主語を固定"", ""trap"": ""同義語入替""}, {""topic"": ""手順"", ""wrong"": ""順序逆転"", ""correct"": ""確認順固定"", ""trap"": ""類似混同""}, {""topic"": ""数値"", ""wrong"": ""単位未確認"", ""correct"": ""数値条件同時"", ""trap"": ""近似誤誘導""}, {""topic"": ""法令"", ""wrong"": ""旧条文流用"", ""correct"": ""最新照合"", ""trap"": ""手続混同""}]",借地借家誤答対策｜S39,借地借家の誤答は35条37条・報酬・登記の読み落としが中心です。誤答型を記録し比較表へ戻ってください。数値・手続の最新は公益財団法人 全日本不動産協会・公益財団法人 不動産流通推進センターの試験要項・法令改正情報で必ずご確認ください。,借地借家;誤答型分類;S39,主語不明;手順省略（試験では条件文の主語確認が得点の分かれ目）,「借地借家→主語→条文」。,借地借家法;法定更新（借地借家法）;更新拒絶の正当な事由,「借地借家の典型誤答（S39）」の試験での位置づけは？,借地借家の誤答は35条37条・報酬・登記の読み落としが中心です。誤答型を記録し比較表へ戻ってください。数値・手続の最新は公益財団法人 全日本不動産協会・公益財団法人 不動産流通推進センターの試験要項・法令改正情報で必ずご確認ください。 試験では借地借家を軸に、関連条文・数値・主体の取り違えを照合してください。,「借地借家の典型誤答（S39）」でよくある誤答パターンは？,主語不明;手順省略（試験では条件文の主語確認が得点の分かれ目） 誤答肢では誤答型分類の主語や条件が入れ替わることが多いので、比較表で整理してください。 過去問で正誤の型を分類し、試験要項で数値・期限を照合してください。,「借地借家の典型誤答（S39）」の覚え方・確認手順は？,試験論点・条文・数値の対応を比較表に整理し、過去問で正誤の型を分類してください。 過去問で正誤の型を分類し、試験要項で数値・期限を照合してください。 試験では借地借家をセットで確認してください。 誤答では主語不明に注意してください。,「借地借家の典型誤答（S39）」の公式情報はどこで確認しますか？,試験論点・条文・数値の対応を比較表に整理し、過去問で正誤の型を分類してください。 過去問で正誤の型を分類し、試験要項で数値・期限を照合してください。 試験では借地借家をセットで確認してください。 誤答では主語不明に注意してください。,2026-05-27
s39-kon-kubun-shoyu,区分所有の典型誤答（S39）,権利関係,区分所有;S39;誤答,区分所有で頻出する誤答パターンを整理します。,区分所有の主語・手続の混同。,"[{""topic"": ""用語"", ""wrong"": ""名称だけで判断"", ""correct"": ""主語を固定"", ""trap"": ""同義語入替""}, {""topic"": ""手順"", ""wrong"": ""順序逆転"", ""correct"": ""確認順固定"", ""trap"": ""類似混同""}, {""topic"": ""数値"", ""wrong"": ""単位未確認"", ""correct"": ""数値条件同時"", ""trap"": ""近似誤誘導""}, {""topic"": ""法令"", ""wrong"": ""旧条文流用"", ""correct"": ""最新照合"", ""trap"": ""手続混同""}]",区分所有誤答対策｜S39,区分所有の誤答は35条37条・報酬・登記の読み落としが中心です。誤答型を記録し比較表へ戻ってください。数値・手続の最新は公益財団法人 全日本不動産協会・公益財団法人 不動産流通推進センターの試験要項・法令改正情報で必ずご確認ください。,区分所有;誤答型分類;S39,主語不明;手順省略（試験では条件文の主語確認が得点の分かれ目）,「区分所有→主語→条文」。,区分所有権;区分所有者;共用部分,「区分所有の典型誤答（S39）」の試験での位置づけは？,区分所有の誤答は35条37条・報酬・登記の読み落としが中心です。誤答型を記録し比較表へ戻ってください。数値・手続の最新は公益財団法人 全日本不動産協会・公益財団法人 不動産流通推進センターの試験要項・法令改正情報で必ずご確認ください。 試験では区分所有を軸に、関連条文・数値・主体の取り違えを照合してください。,「区分所有の典型誤答（S39）」でよくある誤答パターンは？,主語不明;手順省略（試験では条件文の主語確認が得点の分かれ目） 誤答肢では誤答型分類の主語や条件が入れ替わることが多いので、比較表で整理してください。 過去問で正誤の型を分類し、試験要項で数値・期限を照合してください。,「区分所有の典型誤答（S39）」の覚え方・確認手順は？,試験論点・条文・数値の対応を比較表に整理し、過去問で正誤の型を分類してください。 過去問で正誤の型を分類し、試験要項で数値・期限を照合してください。 試験では区分所有をセットで確認してください。 誤答では主語不明に注意してください。,「区分所有の典型誤答（S39）」の公式情報はどこで確認しますか？,試験論点・条文・数値の対応を比較表に整理し、過去問で正誤の型を分類してください。 過去問で正誤の型を分類し、試験要項で数値・期限を照合してください。 試験では区分所有をセットで確認してください。 誤答では主語不明に注意してください。,2026-05-27
s39-kon-toshikeikaku,都市計画の典型誤答（S39）,権利関係,都市計画;S39;誤答,都市計画で頻出する誤答パターンを整理します。,都市計画の主語・手続の混同。,"[{""topic"": ""用語"", ""wrong"": ""名称だけで判断"", ""correct"": ""主語を固定"", ""trap"": ""同義語入替""}, {""topic"": ""手順"", ""wrong"": ""順序逆転"", ""correct"": ""確認順固定"", ""trap"": ""類似混同""}, {""topic"": ""数値"", ""wrong"": ""単位未確認"", ""correct"": ""数値条件同時"", ""trap"": ""近似誤誘導""}, {""topic"": ""法令"", ""wrong"": ""旧条文流用"", ""correct"": ""最新照合"", ""trap"": ""手続混同""}]",都市計画誤答対策｜S39,都市計画の誤答は35条37条・報酬・登記の読み落としが中心です。誤答型を記録し比較表へ戻ってください。数値・手続の最新は公益財団法人 全日本不動産協会・公益財団法人 不動産流通推進センターの試験要項・法令改正情報で必ずご確認ください。,都市計画;誤答型分類;S39,主語不明;手順省略（試験では条件文の主語確認が得点の分かれ目）,「都市計画→主語→条文」。,都市計画法;用途地域の種類;建ぺい率・容積率,「都市計画の典型誤答（S39）」の試験での位置づけは？,都市計画の誤答は35条37条・報酬・登記の読み落としが中心です。誤答型を記録し比較表へ戻ってください。数値・手続の最新は公益財団法人 全日本不動産協会・公益財団法人 不動産流通推進センターの試験要項・法令改正情報で必ずご確認ください。 試験では都市計画を軸に、関連条文・数値・主体の取り違えを照合してください。,「都市計画の典型誤答（S39）」でよくある誤答パターンは？,主語不明;手順省略（試験では条件文の主語確認が得点の分かれ目） 誤答肢では誤答型分類の主語や条件が入れ替わることが多いので、比較表で整理してください。 過去問で正誤の型を分類し、試験要項で数値・期限を照合してください。,「都市計画の典型誤答（S39）」の覚え方・確認手順は？,試験論点・条文・数値の対応を比較表に整理し、過去問で正誤の型を分類してください。 過去問で正誤の型を分類し、試験要項で数値・期限を照合してください。 試験では都市計画をセットで確認してください。 誤答では主語不明に注意してください。,「都市計画の典型誤答（S39）」の公式情報はどこで確認しますか？,試験論点・条文・数値の対応を比較表に整理し、過去問で正誤の型を分類してください。 過去問で正誤の型を分類し、試験要項で数値・期限を照合してください。 試験では都市計画をセットで確認してください。 誤答では主語不明に注意してください。,2026-05-27
s39-kon-touki,登記の典型誤答（S39）,権利関係,登記;S39;誤答,登記で頻出する誤答パターンを整理します。,登記の主語・手続の混同。,"[{""topic"": ""用語"", ""wrong"": ""名称だけで判断"", ""correct"": ""主語を固定"", ""trap"": ""同義語入替""}, {""topic"": ""手順"", ""wrong"": ""順序逆転"", ""correct"": ""確認順固定"", ""trap"": ""類似混同""}, {""topic"": ""数値"", ""wrong"": ""単位未確認"", ""correct"": ""数値条件同時"", ""trap"": ""近似誤誘導""}, {""topic"": ""法令"", ""wrong"": ""旧条文流用"", ""correct"": ""最新照合"", ""trap"": ""手続混同""}]",登記誤答対策｜S39,登記の誤答は35条37条・報酬・登記の読み落としが中心です。誤答型を記録し比較表へ戻ってください。数値・手続の最新は公益財団法人 全日本不動産協会・公益財団法人 不動産流通推進センターの試験要項・法令改正情報で必ずご確認ください。,登記;誤答型分類;S39,主語不明;手順省略（試験では条件文の主語確認が得点の分かれ目）,「登記→主語→条文」。,抵当権;所有権;不動産登記,「登記の典型誤答（S39）」の試験での位置づけは？,登記の誤答は35条37条・報酬・登記の読み落としが中心です。誤答型を記録し比較表へ戻ってください。数値・手続の最新は公益財団法人 全日本不動産協会・公益財団法人 不動産流通推進センターの試験要項・法令改正情報で必ずご確認ください。 試験では登記を軸に、関連条文・数値・主体の取り違えを照合してください。,「登記の典型誤答（S39）」でよくある誤答パターンは？,主語不明;手順省略（試験では条件文の主語確認が得点の分かれ目） 誤答肢では誤答型分類の主語や条件が入れ替わることが多いので、比較表で整理してください。 過去問で正誤の型を分類し、試験要項で数値・期限を照合してください。,「登記の典型誤答（S39）」の覚え方・確認手順は？,試験論点・条文・数値の対応を比較表に整理し、過去問で正誤の型を分類してください。 過去問で正誤の型を分類し、試験要項で数値・期限を照合してください。 試験では登記をセットで確認してください。 誤答では主語不明に注意してください。,「登記の典型誤答（S39）」の公式情報はどこで確認しますか？,試験論点・条文・数値の対応を比較表に整理し、過去問で正誤の型を分類してください。 過去問で正誤の型を分類し、試験要項で数値・期限を照合してください。 試験では登記をセットで確認してください。 誤答では主語不明に注意してください。,2026-05-27
s39-kon-keiyaku-futekigou,契約不適合の典型誤答（S39）,宅建業法,契約不適合;S39;誤答,契約不適合で頻出する誤答パターンを整理します。,契約不適合の主語・手続の混同。,"[{""topic"": ""用語"", ""wrong"": ""名称だけで判断"", ""correct"": ""主語を固定"", ""trap"": ""同義語入替""}, {""topic"": ""手順"", ""wrong"": ""順序逆転"", ""correct"": ""確認順固定"", ""trap"": ""類似混同""}, {""topic"": ""数値"", ""wrong"": ""単位未確認"", ""correct"": ""数値条件同時"", ""trap"": ""近似誤誘導""}, {""topic"": ""法令"", ""wrong"": ""旧条文流用"", ""correct"": ""最新照合"", ""trap"": ""手続混同""}]",契約不適合誤答対策｜S39,契約不適合の誤答は35条37条・報酬・登記の読み落としが中心です。誤答型を記録し比較表へ戻ってください。数値・手続の最新は公益財団法人 全日本不動産協会・公益財団法人 不動産流通推進センターの試験要項・法令改正情報で必ずご確認ください。,契約不適合;誤答型分類;S39,主語不明;手順省略（試験では条件文の主語確認が得点の分かれ目）,「契約不適合→主語→条文」。,契約不適合責任;重要事項説明（35条書面）;37条書面,「契約不適合の典型誤答（S39）」の試験での位置づけは？,契約不適合の誤答は35条37条・報酬・登記の読み落としが中心です。誤答型を記録し比較表へ戻ってください。数値・手続の最新は公益財団法人 全日本不動産協会・公益財団法人 不動産流通推進センターの試験要項・法令改正情報で必ずご確認ください。 試験では契約不適合を軸に、関連条文・数値・主体の取り違えを照合してください。,「契約不適合の典型誤答（S39）」でよくある誤答パターンは？,主語不明;手順省略（試験では条件文の主語確認が得点の分かれ目） 誤答肢では誤答型分類の主語や条件が入れ替わることが多いので、比較表で整理してください。 過去問で正誤の型を分類し、試験要項で数値・期限を照合してください。,「契約不適合の典型誤答（S39）」の覚え方・確認手順は？,覚え方：「契約不適合→主語→条文」。 早見の要点：・要項確認 用語集→本ページ→過去問の順で往復し、正誤理由をメモに残してください。 過去問で正誤の型を分類し、試験要項で数値・期限を照合してください。,「契約不適合の典型誤答（S39）」の公式情報はどこで確認しますか？,試験論点・条文・数値の対応を比較表に整理し、過去問で正誤の型を分類してください。 過去問で正誤の型を分類し、試験要項で数値・期限を照合してください。 試験では契約不適合をセットで確認してください。 誤答では主語不明に注意してください。,2026-05-27
s39-kon-tetsuki,手付金の典型誤答（S39）,権利関係,手付金;S39;誤答,手付金で頻出する誤答パターンを整理します。,手付金の主語・手続の混同。,"[{""topic"": ""用語"", ""wrong"": ""名称だけで判断"", ""correct"": ""主語を固定"", ""trap"": ""同義語入替""}, {""topic"": ""手順"", ""wrong"": ""順序逆転"", ""correct"": ""確認順固定"", ""trap"": ""類似混同""}, {""topic"": ""数値"", ""wrong"": ""単位未確認"", ""correct"": ""数値条件同時"", ""trap"": ""近似誤誘導""}, {""topic"": ""法令"", ""wrong"": ""旧条文流用"", ""correct"": ""最新照合"", ""trap"": ""手続混同""}]",手付金誤答対策｜S39,手付金の誤答は35条37条・報酬・登記の読み落としが中心です。誤答型を記録し比較表へ戻ってください。数値・手続の最新は公益財団法人 全日本不動産協会・公益財団法人 不動産流通推進センターの試験要項・法令改正情報で必ずご確認ください。,手付金;誤答型分類;S39,主語不明;手順省略（試験では条件文の主語確認が得点の分かれ目）,「手付金→主語→条文」。,手付の種類;手付解除;手付金等の保全措置,「手付金の典型誤答（S39）」の試験での位置づけは？,手付金の誤答は35条37条・報酬・登記の読み落としが中心です。誤答型を記録し比較表へ戻ってください。数値・手続の最新は公益財団法人 全日本不動産協会・公益財団法人 不動産流通推進センターの試験要項・法令改正情報で必ずご確認ください。 試験では手付金を軸に、関連条文・数値・主体の取り違えを照合してください。,「手付金の典型誤答（S39）」でよくある誤答パターンは？,主語不明;手順省略（試験では条件文の主語確認が得点の分かれ目） 誤答肢では誤答型分類の主語や条件が入れ替わることが多いので、比較表で整理してください。 過去問で正誤の型を分類し、試験要項で数値・期限を照合してください。,「手付金の典型誤答（S39）」の覚え方・確認手順は？,試験論点・条文・数値の対応を比較表に整理し、過去問で正誤の型を分類してください。 過去問で正誤の型を分類し、試験要項で数値・期限を照合してください。 試験では手付金をセットで確認してください。 誤答では主語不明に注意してください。,「手付金の典型誤答（S39）」の公式情報はどこで確認しますか？,試験論点・条文・数値の対応を比較表に整理し、過去問で正誤の型を分類してください。 過去問で正誤の型を分類し、試験要項で数値・期限を照合してください。 試験では手付金をセットで確認してください。 誤答では主語不明に注意してください。,2026-05-27
s39-kon-shiken-taisaku,試験対策の典型誤答（S39）,試験対策,試験対策;S39;誤答,試験対策で頻出する誤答パターンを整理します。,試験対策の主語・手続の混同。,"[{""topic"": ""用語"", ""wrong"": ""名称だけで判断"", ""correct"": ""主語を固定"", ""trap"": ""同義語入替""}, {""topic"": ""手順"", ""wrong"": ""順序逆転"", ""correct"": ""確認順固定"", ""trap"": ""類似混同""}, {""topic"": ""数値"", ""wrong"": ""単位未確認"", ""correct"": ""数値条件同時"", ""trap"": ""近似誤誘導""}, {""topic"": ""法令"", ""wrong"": ""旧条文流用"", ""correct"": ""最新照合"", ""trap"": ""手続混同""}]",試験対策誤答対策｜S39,試験対策の誤答は35条37条・報酬・登記の読み落としが中心です。誤答型を記録し比較表へ戻ってください。数値・手続の最新は公益財団法人 全日本不動産協会・公益財団法人 不動産流通推進センターの試験要項・法令改正情報で必ずご確認ください。,試験対策;誤答型分類;S39,主語不明;手順省略（試験では条件文の主語確認が得点の分かれ目）,「試験対策→主語→条文」。,宅建の合格点・合格率;宅建の出題傾向分析;宅建士,「試験対策の典型誤答（S39）」の試験での位置づけは？,試験対策の誤答は35条37条・報酬・登記の読み落としが中心です。誤答型を記録し比較表へ戻ってください。数値・手続の最新は公益財団法人 全日本不動産協会・公益財団法人 不動産流通推進センターの試験要項・法令改正情報で必ずご確認ください。 試験では試験対策を軸に、関連条文・数値・主体の取り違えを照合してください。,「試験対策の典型誤答（S39）」でよくある誤答パターンは？,主語不明;手順省略（試験では条件文の主語確認が得点の分かれ目） 誤答肢では誤答型分類の主語や条件が入れ替わることが多いので、比較表で整理してください。 過去問で正誤の型を分類し、試験要項で数値・期限を照合してください。,「試験対策の典型誤答（S39）」の覚え方・確認手順は？,試験論点・条文・数値の対応を比較表に整理し、過去問で正誤の型を分類してください。 過去問で正誤の型を分類し、試験要項で数値・期限を照合してください。 試験では試験対策をセットで確認してください。 誤答では主語不明に注意してください。,「試験対策の典型誤答（S39）」の公式情報はどこで確認しますか？,試験論点・条文・数値の対応を比較表に整理し、過去問で正誤の型を分類してください。 過去問で正誤の型を分類し、試験要項で数値・期限を照合してください。 試験では試験対策をセットで確認してください。 誤答では主語不明に注意してください。,2026-05-27
s40-kon-takken-chokuzen,宅建士試験直前の典型誤答（S40）,試験対策,宅建士試験直前;S40;誤答,宅建士試験直前で頻出する誤答パターンを整理します。,宅建士試験直前の主語・手続の混同。,"[{""topic"": ""用語"", ""wrong"": ""名称だけで判断"", ""correct"": ""主語を固定"", ""trap"": ""同義語入替""}, {""topic"": ""手順"", ""wrong"": ""順序逆転"", ""correct"": ""確認順固定"", ""trap"": ""類似混同""}, {""topic"": ""数値"", ""wrong"": ""単位未確認"", ""correct"": ""数値条件同時"", ""trap"": ""近似誤誘導""}, {""topic"": ""法令"", ""wrong"": ""旧条文流用"", ""correct"": ""最新照合"", ""trap"": ""手続混同""}]",宅建士試験直前誤答対策｜S40,宅建士試験直前の誤答は35条37条・報酬・登記の読み落としが中心です。誤答型を記録し比較表へ戻ってください。数値・手続の最新は公益財団法人 全日本不動産協会・公益財団法人 不動産流通推進センターの試験要項・法令改正情報で必ずご確認ください。,宅建士試験直前;誤答型分類;S40,主語不明;手続省略（試験では条件文の主語確認が得点の分かれ目）,「宅建士試験直前→主語→条文」。,宅建の合格点・合格率;宅建の出題傾向分析;宅建士,「宅建士試験直前の典型誤答（S40）」の試験での位置づけは？,宅建士試験直前の誤答は35条37条・報酬・登記の読み落としが中心です。誤答型を記録し比較表へ戻ってください。数値・手続の最新は公益財団法人 全日本不動産協会・公益財団法人 不動産流通推進センターの試験要項・法令改正情報で必ずご確認ください。 試験では宅建士試験直前を軸に、関連条文・数値・主体の取り違えを照合してください。,「宅建士試験直前の典型誤答（S40）」でよくある誤答パターンは？,主語不明;手続省略（試験では条件文の主語確認が得点の分かれ目） 誤答肢では誤答型分類の主語や条件が入れ替わることが多いので、比較表で整理してください。 過去問で正誤の型を分類し、試験要項で数値・期限を照合してください。,「宅建士試験直前の典型誤答（S40）」の覚え方・確認手順は？,覚え方：「宅建士試験直前→主語→条文」。 早見の要点：・要項確認 用語集→本ページ→過去問の順で往復し、正誤理由をメモに残してください。 過去問で正誤の型を分類し、試験要項で数値・期限を照合してください。,「宅建士試験直前の典型誤答（S40）」の公式情報はどこで確認しますか？,試験論点・条文・数値の対応を比較表に整理し、過去問で正誤の型を分類してください。 過去問で正誤の型を分類し、試験要項で数値・期限を照合してください。 試験では宅建士試験直前をセットで確認してください。,2026-05-27
s40-kon-ju3537-shiage,35条37条総仕上げの典型誤答（S40）,宅建業法,35条37条総仕上げ;S40;誤答,35条37条総仕上げで頻出する誤答パターンを整理します。,35条37条総仕上げの主語・手続の混同。,"[{""topic"": ""用語"", ""wrong"": ""名称だけで判断"", ""correct"": ""主語を固定"", ""trap"": ""同義語入替""}, {""topic"": ""手順"", ""wrong"": ""順序逆転"", ""correct"": ""確認順固定"", ""trap"": ""類似混同""}, {""topic"": ""数値"", ""wrong"": ""単位未確認"", ""correct"": ""数値条件同時"", ""trap"": ""近似誤誘導""}, {""topic"": ""法令"", ""wrong"": ""旧条文流用"", ""correct"": ""最新照合"", ""trap"": ""手続混同""}]",35条37条総仕上げ誤答対策｜S40,35条37条総仕上げの誤答は35条37条・報酬・登記の読み落としが中心です。誤答型を記録し比較表へ戻ってください。数値・手続の最新は公益財団法人 全日本不動産協会・公益財団法人 不動産流通推進センターの試験要項・法令改正情報で必ずご確認ください。,35条37条総仕上げ;誤答型分類;S40,主語不明;手続省略（試験では条件文の主語確認が得点の分かれ目）,「35条37条総仕上げ→主語→条文」。,重要事項説明（35条書面）;37条書面;35条書面,「35条37条総仕上げの典型誤答（S40）」の試験での位置づけは？,35条37条総仕上げの誤答は35条37条・報酬・登記の読み落としが中心です。誤答型を記録し比較表へ戻ってください。数値・手続の最新は公益財団法人 全日本不動産協会・公益財団法人 不動産流通推進センターの試験要項・法令改正情報で必ずご確認く… 試験では35条37条総仕上げを軸に、関連条文・数値・主体の取り違えを照合してください。,「35条37条総仕上げの典型誤答（S40）」でよくある誤答パターンは？,主語不明;手続省略（試験では条件文の主語確認が得点の分かれ目） 誤答肢では誤答型分類の主語や条件が入れ替わることが多いので、比較表で整理してください。 過去問で正誤の型を分類し、試験要項で数値・期限を照合してください。,「35条37条総仕上げの典型誤答（S40）」の覚え方・確認手順は？,覚え方：「35条37条総仕上げ→主語→条文」。 早見の要点：・要項確認 用語集→本ページ→過去問の順で往復し、正誤理由をメモに残してください。 過去問で正誤の型を分類し、試験要項で数値・期限を照合してください。,「35条37条総仕上げの典型誤答（S40）」の公式情報はどこで確認しますか？,試験論点・条文・数値の対応を比較表に整理し、過去問で正誤の型を分類してください。 過去問で正誤の型を分類し、試験要項で数値・期限を照合してください。 試験では35条37条総仕上げをセットで確認してください。,2026-05-27
s40-kon-houshu-jogen,報酬上限計算の典型誤答（S40）,宅建業法,報酬上限計算;S40;誤答,報酬上限計算で頻出する誤答パターンを整理します。,報酬上限計算の主語・手続の混同。,"[{""topic"": ""用語"", ""wrong"": ""名称だけで判断"", ""correct"": ""主語を固定"", ""trap"": ""同義語入替""}, {""topic"": ""手順"", ""wrong"": ""順序逆転"", ""correct"": ""確認順固定"", ""trap"": ""類似混同""}, {""topic"": ""数値"", ""wrong"": ""単位未確認"", ""correct"": ""数値条件同時"", ""trap"": ""近似誤誘導""}, {""topic"": ""法令"", ""wrong"": ""旧条文流用"", ""correct"": ""最新照合"", ""trap"": ""手続混同""}]",報酬上限計算誤答対策｜S40,報酬上限計算の誤答は35条37条・報酬・登記の読み落としが中心です。誤答型を記録し比較表へ戻ってください。数値・手続の最新は公益財団法人 全日本不動産協会・公益財団法人 不動産流通推進センターの試験要項・法令改正情報で必ずご確認ください。,報酬上限計算;誤答型分類;S40,主語不明;手続省略（試験では条件文の主語確認が得点の分かれ目）,「報酬上限計算→主語→条文」。,報酬の計算（売買）;報酬額の掲示;報酬の明瞭化,「報酬上限計算の典型誤答（S40）」の試験での位置づけは？,報酬上限計算の誤答は35条37条・報酬・登記の読み落としが中心です。誤答型を記録し比較表へ戻ってください。数値・手続の最新は公益財団法人 全日本不動産協会・公益財団法人 不動産流通推進センターの試験要項・法令改正情報で必ずご確認ください。 試験では報酬上限計算を軸に、関連条文・数値・主体の取り違えを照合してください。,「報酬上限計算の典型誤答（S40）」でよくある誤答パターンは？,主語不明;手続省略（試験では条件文の主語確認が得点の分かれ目） 誤答肢では誤答型分類の主語や条件が入れ替わることが多いので、比較表で整理してください。 過去問で正誤の型を分類し、試験要項で数値・期限を照合してください。,「報酬上限計算の典型誤答（S40）」の覚え方・確認手順は？,覚え方：「報酬上限計算→主語→条文」。 早見の要点：・要項確認 用語集→本ページ→過去問の順で往復し、正誤理由をメモに残してください。 過去問で正誤の型を分類し、試験要項で数値・期限を照合してください。,「報酬上限計算の典型誤答（S40）」の公式情報はどこで確認しますか？,試験論点・条文・数値の対応を比較表に整理し、過去問で正誤の型を分類してください。 過去問で正誤の型を分類し、試験要項で数値・期限を照合してください。 試験では報酬上限計算をセットで確認してください。 誤答では主語不明に注意してください。,2026-05-27
s40-kon-shakuchi-sogo,借地借家総合の典型誤答（S40）,権利関係,借地借家総合;S40;誤答,借地借家総合で頻出する誤答パターンを整理します。,借地借家総合の主語・手続の混同。,"[{""topic"": ""用語"", ""wrong"": ""名称だけで判断"", ""correct"": ""主語を固定"", ""trap"": ""同義語入替""}, {""topic"": ""手順"", ""wrong"": ""順序逆転"", ""correct"": ""確認順固定"", ""trap"": ""類似混同""}, {""topic"": ""数値"", ""wrong"": ""単位未確認"", ""correct"": ""数値条件同時"", ""trap"": ""近似誤誘導""}, {""topic"": ""法令"", ""wrong"": ""旧条文流用"", ""correct"": ""最新照合"", ""trap"": ""手続混同""}]",借地借家総合誤答対策｜S40,借地借家総合の誤答は35条37条・報酬・登記の読み落としが中心です。誤答型を記録し比較表へ戻ってください。数値・手続の最新は公益財団法人 全日本不動産協会・公益財団法人 不動産流通推進センターの試験要項・法令改正情報で必ずご確認ください。,借地借家総合;誤答型分類;S40,主語不明;手続省略（試験では条件文の主語確認が得点の分かれ目）,「借地借家総合→主語→条文」。,借地借家法;法定更新;敷金・礼金,「借地借家総合の典型誤答（S40）」の試験での位置づけは？,借地借家総合の誤答は35条37条・報酬・登記の読み落としが中心です。誤答型を記録し比較表へ戻ってください。数値・手続の最新は公益財団法人 全日本不動産協会・公益財団法人 不動産流通推進センターの試験要項・法令改正情報で必ずご確認ください。 試験では借地借家総合を軸に、関連条文・数値・主体の取り違えを照合してください。,「借地借家総合の典型誤答（S40）」でよくある誤答パターンは？,主語不明;手続省略（試験では条件文の主語確認が得点の分かれ目） 誤答肢では誤答型分類の主語や条件が入れ替わることが多いので、比較表で整理してください。 過去問で正誤の型を分類し、試験要項で数値・期限を照合してください。,「借地借家総合の典型誤答（S40）」の覚え方・確認手順は？,覚え方：「借地借家総合→主語→条文」。 早見の要点：・要項確認 用語集→本ページ→過去問の順で往復し、正誤理由をメモに残してください。 過去問で正誤の型を分類し、試験要項で数値・期限を照合してください。,「借地借家総合の典型誤答（S40）」の公式情報はどこで確認しますか？,試験論点・条文・数値の対応を比較表に整理し、過去問で正誤の型を分類してください。 過去問で正誤の型を分類し、試験要項で数値・期限を照合してください。 試験では借地借家総合をセットで確認してください。 誤答では主語不明に注意してください。,2026-05-27
s40-kon-kubun-kanri,区分所有管理の典型誤答（S40）,権利関係,区分所有管理;S40;誤答,区分所有管理で頻出する誤答パターンを整理します。,区分所有管理の主語・手続の混同。,"[{""topic"": ""用語"", ""wrong"": ""名称だけで判断"", ""correct"": ""主語を固定"", ""trap"": ""同義語入替""}, {""topic"": ""手順"", ""wrong"": ""順序逆転"", ""correct"": ""確認順固定"", ""trap"": ""類似混同""}, {""topic"": ""数値"", ""wrong"": ""単位未確認"", ""correct"": ""数値条件同時"", ""trap"": ""近似誤誘導""}, {""topic"": ""法令"", ""wrong"": ""旧条文流用"", ""correct"": ""最新照合"", ""trap"": ""手続混同""}]",区分所有管理誤答対策｜S40,区分所有管理の誤答は35条37条・報酬・登記の読み落としが中心です。誤答型を記録し比較表へ戻ってください。数値・手続の最新は公益財団法人 全日本不動産協会・公益財団法人 不動産流通推進センターの試験要項・法令改正情報で必ずご確認ください。,区分所有管理;誤答型分類;S40,主語不明;手続省略（試験では条件文の主語確認が得点の分かれ目）,「区分所有管理→主語→条文」。,区分所有権;37条書面;賃貸借,「区分所有管理の典型誤答（S40）」の試験での位置づけは？,区分所有管理の誤答は35条37条・報酬・登記の読み落としが中心です。誤答型を記録し比較表へ戻ってください。数値・手続の最新は公益財団法人 全日本不動産協会・公益財団法人 不動産流通推進センターの試験要項・法令改正情報で必ずご確認ください。 試験では区分所有管理を軸に、関連条文・数値・主体の取り違えを照合してください。,「区分所有管理の典型誤答（S40）」でよくある誤答パターンは？,主語不明;手続省略（試験では条件文の主語確認が得点の分かれ目） 誤答肢では誤答型分類の主語や条件が入れ替わることが多いので、比較表で整理してください。 過去問で正誤の型を分類し、試験要項で数値・期限を照合してください。,「区分所有管理の典型誤答（S40）」の覚え方・確認手順は？,覚え方：「区分所有管理→主語→条文」。 早見の要点：・要項確認 用語集→本ページ→過去問の順で往復し、正誤理由をメモに残してください。 過去問で正誤の型を分類し、試験要項で数値・期限を照合してください。,「区分所有管理の典型誤答（S40）」の公式情報はどこで確認しますか？,試験論点・条文・数値の対応を比較表に整理し、過去問で正誤の型を分類してください。 過去問で正誤の型を分類し、試験要項で数値・期限を照合してください。 試験では区分所有管理をセットで確認してください。 誤答では主語不明に注意してください。,2026-05-27
s40-kon-toshi-hou,都市計画法の典型誤答（S40）,権利関係,都市計画法;S40;誤答,都市計画法で頻出する誤答パターンを整理します。,都市計画法の主語・手続の混同。,"[{""topic"": ""用語"", ""wrong"": ""名称だけで判断"", ""correct"": ""主語を固定"", ""trap"": ""同義語入替""}, {""topic"": ""手順"", ""wrong"": ""順序逆転"", ""correct"": ""確認順固定"", ""trap"": ""類似混同""}, {""topic"": ""数値"", ""wrong"": ""単位未確認"", ""correct"": ""数値条件同時"", ""trap"": ""近似誤誘導""}, {""topic"": ""法令"", ""wrong"": ""旧条文流用"", ""correct"": ""最新照合"", ""trap"": ""手続混同""}]",都市計画法誤答対策｜S40,都市計画法の誤答は35条37条・報酬・登記の読み落としが中心です。誤答型を記録し比較表へ戻ってください。数値・手続の最新は公益財団法人 全日本不動産協会・公益財団法人 不動産流通推進センターの試験要項・法令改正情報で必ずご確認ください。,都市計画法;誤答型分類;S40,主語不明;手続省略（試験では条件文の主語確認が得点の分かれ目）,「都市計画法→主語→条文」。,都市計画法;用途地域13種類;都市計画決定,「都市計画法の典型誤答（S40）」の試験での位置づけは？,都市計画法の誤答は35条37条・報酬・登記の読み落としが中心です。誤答型を記録し比較表へ戻ってください。数値・手続の最新は公益財団法人 全日本不動産協会・公益財団法人 不動産流通推進センターの試験要項・法令改正情報で必ずご確認ください。 試験では都市計画法を軸に、関連条文・数値・主体の取り違えを照合してください。,「都市計画法の典型誤答（S40）」でよくある誤答パターンは？,主語不明;手続省略（試験では条件文の主語確認が得点の分かれ目） 誤答肢では誤答型分類の主語や条件が入れ替わることが多いので、比較表で整理してください。 過去問で正誤の型を分類し、試験要項で数値・期限を照合してください。,「都市計画法の典型誤答（S40）」の覚え方・確認手順は？,覚え方：「都市計画法→主語→条文」。 早見の要点：・要項確認 用語集→本ページ→過去問の順で往復し、正誤理由をメモに残してください。 過去問で正誤の型を分類し、試験要項で数値・期限を照合してください。,「都市計画法の典型誤答（S40）」の公式情報はどこで確認しますか？,試験論点・条文・数値の対応を比較表に整理し、過去問で正誤の型を分類してください。 過去問で正誤の型を分類し、試験要項で数値・期限を照合してください。 試験では都市計画法をセットで確認してください。 誤答では主語不明に注意してください。,2026-05-27
s40-kon-touki-kenri,登記・権利の典型誤答（S40）,権利関係,登記・権利;S40;誤答,登記・権利で頻出する誤答パターンを整理します。,登記・権利の主語・手続の混同。,"[{""topic"": ""用語"", ""wrong"": ""名称だけで判断"", ""correct"": ""主語を固定"", ""trap"": ""同義語入替""}, {""topic"": ""手順"", ""wrong"": ""順序逆転"", ""correct"": ""確認順固定"", ""trap"": ""類似混同""}, {""topic"": ""数値"", ""wrong"": ""単位未確認"", ""correct"": ""数値条件同時"", ""trap"": ""近似誤誘導""}, {""topic"": ""法令"", ""wrong"": ""旧条文流用"", ""correct"": ""最新照合"", ""trap"": ""手続混同""}]",登記・権利誤答対策｜S40,登記・権利の誤答は35条37条・報酬・登記の読み落としが中心です。誤答型を記録し比較表へ戻ってください。数値・手続の最新は公益財団法人 全日本不動産協会・公益財団法人 不動産流通推進センターの試験要項・法令改正情報で必ずご確認ください。,登記・権利;誤答型分類;S40,主語不明;手続省略（試験では条件文の主語確認が得点の分かれ目）,「登記・権利→主語→条文」。,物権変動;登記関係の国税のまとめ;抵当権,「登記・権利の典型誤答（S40）」の試験での位置づけは？,登記・権利の誤答は35条37条・報酬・登記の読み落としが中心です。誤答型を記録し比較表へ戻ってください。数値・手続の最新は公益財団法人 全日本不動産協会・公益財団法人 不動産流通推進センターの試験要項・法令改正情報で必ずご確認ください。 試験では登記・権利を軸に、関連条文・数値・主体の取り違えを照合してください。,「登記・権利の典型誤答（S40）」でよくある誤答パターンは？,主語不明;手続省略（試験では条件文の主語確認が得点の分かれ目） 誤答肢では誤答型分類の主語や条件が入れ替わることが多いので、比較表で整理してください。 過去問で正誤の型を分類し、試験要項で数値・期限を照合してください。,「登記・権利の典型誤答（S40）」の覚え方・確認手順は？,覚え方：「登記・権利→主語→条文」。 早見の要点：・要項確認 用語集→本ページ→過去問の順で往復し、正誤理由をメモに残してください。 過去問で正誤の型を分類し、試験要項で数値・期限を照合してください。,「登記・権利の典型誤答（S40）」の公式情報はどこで確認しますか？,試験論点・条文・数値の対応を比較表に整理し、過去問で正誤の型を分類してください。 過去問で正誤の型を分類し、試験要項で数値・期限を照合してください。 試験では登記・権利をセットで確認してください。 誤答では主語不明に注意してください。,2026-05-27
s40-kon-keiyaku-sekinin,契約不適合責任の典型誤答（S40）,権利関係,契約不適合責任;S40;誤答,契約不適合責任で頻出する誤答パターンを整理します。,契約不適合責任の主語・手続の混同。,"[{""topic"": ""用語"", ""wrong"": ""名称だけで判断"", ""correct"": ""主語を固定"", ""trap"": ""同義語入替""}, {""topic"": ""手順"", ""wrong"": ""順序逆転"", ""correct"": ""確認順固定"", ""trap"": ""類似混同""}, {""topic"": ""数値"", ""wrong"": ""単位未確認"", ""correct"": ""数値条件同時"", ""trap"": ""近似誤誘導""}, {""topic"": ""法令"", ""wrong"": ""旧条文流用"", ""correct"": ""最新照合"", ""trap"": ""手続混同""}]",契約不適合責任誤答対策｜S40,契約不適合責任の誤答は35条37条・報酬・登記の読み落としが中心です。誤答型を記録し比較表へ戻ってください。数値・手続の最新は公益財団法人 全日本不動産協会・公益財団法人 不動産流通推進センターの試験要項・法令改正情報で必ずご確認ください。,契約不適合責任;誤答型分類;S40,主語不明;手続省略（試験では条件文の主語確認が得点の分かれ目）,「契約不適合責任→主語→条文」。,契約不適合責任;契約不適合責任の特約制限;37条書面,「契約不適合責任の典型誤答（S40）」の試験での位置づけは？,契約不適合責任の誤答は35条37条・報酬・登記の読み落としが中心です。誤答型を記録し比較表へ戻ってください。数値・手続の最新は公益財団法人 全日本不動産協会・公益財団法人 不動産流通推進センターの試験要項・法令改正情報で必ずご確認ください。 試験では契約不適合責任を軸に、関連条文・数値・主体の取り違えを照合してください。,「契約不適合責任の典型誤答（S40）」でよくある誤答パターンは？,主語不明;手続省略（試験では条件文の主語確認が得点の分かれ目） 誤答肢では誤答型分類の主語や条件が入れ替わることが多いので、比較表で整理してください。 過去問で正誤の型を分類し、試験要項で数値・期限を照合してください。,「契約不適合責任の典型誤答（S40）」の覚え方・確認手順は？,覚え方：「契約不適合責任→主語→条文」。 早見の要点：・要項確認 用語集→本ページ→過去問の順で往復し、正誤理由をメモに残してください。 過去問で正誤の型を分類し、試験要項で数値・期限を照合してください。,「契約不適合責任の典型誤答（S40）」の公式情報はどこで確認しますか？,試験論点・条文・数値の対応を比較表に整理し、過去問で正誤の型を分類してください。 過去問で正誤の型を分類し、試験要項で数値・期限を照合してください。 試験では契約不適合責任をセットで確認してください。,2026-05-27
s40-kon-cooling-off,クーリングオフの典型誤答（S40）,宅建業法,クーリングオフ;S40;誤答,クーリングオフで頻出する誤答パターンを整理します。,クーリングオフの主語・手続の混同。,"[{""topic"": ""用語"", ""wrong"": ""名称だけで判断"", ""correct"": ""主語を固定"", ""trap"": ""同義語入替""}, {""topic"": ""手順"", ""wrong"": ""順序逆転"", ""correct"": ""確認順固定"", ""trap"": ""類似混同""}, {""topic"": ""数値"", ""wrong"": ""単位未確認"", ""correct"": ""数値条件同時"", ""trap"": ""近似誤誘導""}, {""topic"": ""法令"", ""wrong"": ""旧条文流用"", ""correct"": ""最新照合"", ""trap"": ""手続混同""}]",クーリングオフ誤答対策｜S40,クーリングオフの誤答は35条37条・報酬・登記の読み落としが中心です。誤答型を記録し比較表へ戻ってください。数値・手続の最新は公益財団法人 全日本不動産協会・公益財団法人 不動産流通推進センターの試験要項・法令改正情報で必ずご確認ください。,クーリングオフ;誤答型分類;S40,主語不明;手続省略（試験では条件文の主語確認が得点の分かれ目）,「クーリングオフ→主語→条文」。,クーリングオフ;手付解除;手付金等の保全措置,「クーリングオフの典型誤答（S40）」の試験での位置づけは？,クーリングオフの誤答は35条37条・報酬・登記の読み落としが中心です。誤答型を記録し比較表へ戻ってください。数値・手続の最新は公益財団法人 全日本不動産協会・公益財団法人 不動産流通推進センターの試験要項・法令改正情報で必ずご確認ください。 試験ではクーリングオフを軸に、関連条文・数値・主体の取り違えを照合してください。,「クーリングオフの典型誤答（S40）」でよくある誤答パターンは？,主語不明;手続省略（試験では条件文の主語確認が得点の分かれ目） 誤答肢では誤答型分類の主語や条件が入れ替わることが多いので、比較表で整理してください。 過去問で正誤の型を分類し、試験要項で数値・期限を照合してください。,「クーリングオフの典型誤答（S40）」の覚え方・確認手順は？,覚え方：「クーリングオフ→主語→条文」。 早見の要点：・要項確認 用語集→本ページ→過去問の順で往復し、正誤理由をメモに残してください。 過去問で正誤の型を分類し、試験要項で数値・期限を照合してください。,「クーリングオフの典型誤答（S40）」の公式情報はどこで確認しますか？,試験論点・条文・数値の対応を比較表に整理し、過去問で正誤の型を分類してください。 過去問で正誤の型を分類し、試験要項で数値・期限を照合してください。 試験ではクーリングオフをセットで確認してください。,2026-05-27
s40-kon-jusetsu-tsuika,重要事項追加の典型誤答（S40）,宅建業法,重要事項追加;S40;誤答,重要事項追加で頻出する誤答パターンを整理します。,重要事項追加の主語・手続の混同。,"[{""topic"": ""用語"", ""wrong"": ""名称だけで判断"", ""correct"": ""主語を固定"", ""trap"": ""同義語入替""}, {""topic"": ""手順"", ""wrong"": ""順序逆転"", ""correct"": ""確認順固定"", ""trap"": ""類似混同""}, {""topic"": ""数値"", ""wrong"": ""単位未確認"", ""correct"": ""数値条件同時"", ""trap"": ""近似誤誘導""}, {""topic"": ""法令"", ""wrong"": ""旧条文流用"", ""correct"": ""最新照合"", ""trap"": ""手続混同""}]",重要事項追加誤答対策｜S40,重要事項追加の誤答は35条37条・報酬・登記の読み落としが中心です。誤答型を記録し比較表へ戻ってください。数値・手続の最新は公益財団法人 全日本不動産協会・公益財団法人 不動産流通推進センターの試験要項・法令改正情報で必ずご確認ください。,重要事項追加;誤答型分類;S40,主語不明;手続省略（試験では条件文の主語確認が得点の分かれ目）,「重要事項追加→主語→条文」。,重要事項説明（35条書面）;37条書面;35条書面,「重要事項追加の典型誤答（S40）」の試験での位置づけは？,重要事項追加の誤答は35条37条・報酬・登記の読み落としが中心です。誤答型を記録し比較表へ戻ってください。数値・手続の最新は公益財団法人 全日本不動産協会・公益財団法人 不動産流通推進センターの試験要項・法令改正情報で必ずご確認ください。 試験では重要事項追加を軸に、関連条文・数値・主体の取り違えを照合してください。,「重要事項追加の典型誤答（S40）」でよくある誤答パターンは？,主語不明;手続省略（試験では条件文の主語確認が得点の分かれ目） 誤答肢では誤答型分類の主語や条件が入れ替わることが多いので、比較表で整理してください。 過去問で正誤の型を分類し、試験要項で数値・期限を照合してください。,「重要事項追加の典型誤答（S40）」の覚え方・確認手順は？,覚え方：「重要事項追加→主語→条文」。 早見の要点：・要項確認 用語集→本ページ→過去問の順で往復し、正誤理由をメモに残してください。 過去問で正誤の型を分類し、試験要項で数値・期限を照合してください。,「重要事項追加の典型誤答（S40）」の公式情報はどこで確認しますか？,試験論点・条文・数値の対応を比較表に整理し、過去問で正誤の型を分類してください。 過去問で正誤の型を分類し、試験要項で数値・期限を照合してください。 試験では重要事項追加をセットで確認してください。 誤答では主語不明に注意してください。,2026-05-27
s41-kon-takken-chokuzen,宅建士試験直前の典型誤答（S41）,試験対策,宅建士試験直前;S41;誤答,宅建士試験直前で頻出する誤答パターンを整理します。,宅建士試験直前の主語・手続の混同。,"[{""topic"": ""用語"", ""wrong"": ""名称だけで判断"", ""correct"": ""主語を固定"", ""trap"": ""同義語入替""}, {""topic"": ""手順"", ""wrong"": ""順序逆転"", ""correct"": ""確認順固定"", ""trap"": ""類似混同""}, {""topic"": ""数値"", ""wrong"": ""単位未確認"", ""correct"": ""数値条件同時"", ""trap"": ""近似誤誘導""}, {""topic"": ""法令"", ""wrong"": ""旧条文流用"", ""correct"": ""最新照合"", ""trap"": ""手続混同""}]",宅建士試験直前誤答対策｜S41,宅建士試験直前の誤答は35条37条・報酬・登記の読み落としが中心です。誤答型を記録し比較表へ戻ってください。数値・手続の最新は公益財団法人 全日本不動産協会・公益財団法人 不動産流通推進センターの試験要項・法令改正情報で必ずご確認ください。,宅建士試験直前;誤答型分類;S41,主語不明;手続省略（試験では条件文の主語確認が得点の分かれ目）,「宅建士試験直前→主語→条文」。,宅建の合格点・合格率;宅建の出題傾向分析;宅建士,「宅建士試験直前の典型誤答（S41）」の試験での位置づけは？,宅建士試験直前の誤答は35条37条・報酬・登記の読み落としが中心です。誤答型を記録し比較表へ戻ってください。数値・手続の最新は公益財団法人 全日本不動産協会・公益財団法人 不動産流通推進センターの試験要項・法令改正情報で必ずご確認ください。 試験では宅建士試験直前を軸に、関連条文・数値・主体の取り違えを照合してください。,「宅建士試験直前の典型誤答（S41）」でよくある誤答パターンは？,主語不明;手続省略（試験では条件文の主語確認が得点の分かれ目） 誤答肢では誤答型分類の主語や条件が入れ替わることが多いので、比較表で整理してください。 過去問で正誤の型を分類し、試験要項で数値・期限を照合してください。,「宅建士試験直前の典型誤答（S41）」の覚え方・確認手順は？,覚え方：「宅建士試験直前→主語→条文」。 早見の要点：・要項確認 用語集→本ページ→過去問の順で往復し、正誤理由をメモに残してください。 過去問で正誤の型を分類し、試験要項で数値・期限を照合してください。,「宅建士試験直前の典型誤答（S41）」の公式情報はどこで確認しますか？,試験論点・条文・数値の対応を比較表に整理し、過去問で正誤の型を分類してください。 過去問で正誤の型を分類し、試験要項で数値・期限を照合してください。 試験では宅建士試験直前をセットで確認してください。,2026-05-27
s41-kon-ju3537-shiage,35条37条総仕上げの典型誤答（S41）,宅建業法,35条37条総仕上げ;S41;誤答,35条37条総仕上げで頻出する誤答パターンを整理します。,35条37条総仕上げの主語・手続の混同。,"[{""topic"": ""用語"", ""wrong"": ""名称だけで判断"", ""correct"": ""主語を固定"", ""trap"": ""同義語入替""}, {""topic"": ""手順"", ""wrong"": ""順序逆転"", ""correct"": ""確認順固定"", ""trap"": ""類似混同""}, {""topic"": ""数値"", ""wrong"": ""単位未確認"", ""correct"": ""数値条件同時"", ""trap"": ""近似誤誘導""}, {""topic"": ""法令"", ""wrong"": ""旧条文流用"", ""correct"": ""最新照合"", ""trap"": ""手続混同""}]",35条37条総仕上げ誤答対策｜S41,35条37条総仕上げの誤答は35条37条・報酬・登記の読み落としが中心です。誤答型を記録し比較表へ戻ってください。数値・手続の最新は公益財団法人 全日本不動産協会・公益財団法人 不動産流通推進センターの試験要項・法令改正情報で必ずご確認ください。,35条37条総仕上げ;誤答型分類;S41,主語不明;手続省略（試験では条件文の主語確認が得点の分かれ目）,「35条37条総仕上げ→主語→条文」。,重要事項説明（35条書面）;37条書面;35条書面,「35条37条総仕上げの典型誤答（S41）」の試験での位置づけは？,35条37条総仕上げの誤答は35条37条・報酬・登記の読み落としが中心です。誤答型を記録し比較表へ戻ってください。数値・手続の最新は公益財団法人 全日本不動産協会・公益財団法人 不動産流通推進センターの試験要項・法令改正情報で必ずご確認く… 試験では35条37条総仕上げを軸に、関連条文・数値・主体の取り違えを照合してください。,「35条37条総仕上げの典型誤答（S41）」でよくある誤答パターンは？,主語不明;手続省略（試験では条件文の主語確認が得点の分かれ目） 誤答肢では誤答型分類の主語や条件が入れ替わることが多いので、比較表で整理してください。 過去問で正誤の型を分類し、試験要項で数値・期限を照合してください。,「35条37条総仕上げの典型誤答（S41）」の覚え方・確認手順は？,覚え方：「35条37条総仕上げ→主語→条文」。 早見の要点：・要項確認 用語集→本ページ→過去問の順で往復し、正誤理由をメモに残してください。 過去問で正誤の型を分類し、試験要項で数値・期限を照合してください。,「35条37条総仕上げの典型誤答（S41）」の公式情報はどこで確認しますか？,試験論点・条文・数値の対応を比較表に整理し、過去問で正誤の型を分類してください。 過去問で正誤の型を分類し、試験要項で数値・期限を照合してください。 試験では35条37条総仕上げをセットで確認してください。,2026-05-27
s41-kon-houshu-jogen,報酬上限計算の典型誤答（S41）,宅建業法,報酬上限計算;S41;誤答,報酬上限計算で頻出する誤答パターンを整理します。,報酬上限計算の主語・手続の混同。,"[{""topic"": ""用語"", ""wrong"": ""名称だけで判断"", ""correct"": ""主語を固定"", ""trap"": ""同義語入替""}, {""topic"": ""手順"", ""wrong"": ""順序逆転"", ""correct"": ""確認順固定"", ""trap"": ""類似混同""}, {""topic"": ""数値"", ""wrong"": ""単位未確認"", ""correct"": ""数値条件同時"", ""trap"": ""近似誤誘導""}, {""topic"": ""法令"", ""wrong"": ""旧条文流用"", ""correct"": ""最新照合"", ""trap"": ""手続混同""}]",報酬上限計算誤答対策｜S41,報酬上限計算の誤答は35条37条・報酬・登記の読み落としが中心です。誤答型を記録し比較表へ戻ってください。数値・手続の最新は公益財団法人 全日本不動産協会・公益財団法人 不動産流通推進センターの試験要項・法令改正情報で必ずご確認ください。,報酬上限計算;誤答型分類;S41,主語不明;手続省略（試験では条件文の主語確認が得点の分かれ目）,「報酬上限計算→主語→条文」。,報酬の計算（売買）;報酬額の掲示;報酬の明瞭化,「報酬上限計算の典型誤答（S41）」の試験での位置づけは？,報酬上限計算の誤答は35条37条・報酬・登記の読み落としが中心です。誤答型を記録し比較表へ戻ってください。数値・手続の最新は公益財団法人 全日本不動産協会・公益財団法人 不動産流通推進センターの試験要項・法令改正情報で必ずご確認ください。 試験では報酬上限計算を軸に、関連条文・数値・主体の取り違えを照合してください。,「報酬上限計算の典型誤答（S41）」でよくある誤答パターンは？,主語不明;手続省略（試験では条件文の主語確認が得点の分かれ目） 誤答肢では誤答型分類の主語や条件が入れ替わることが多いので、比較表で整理してください。 過去問で正誤の型を分類し、試験要項で数値・期限を照合してください。,「報酬上限計算の典型誤答（S41）」の覚え方・確認手順は？,覚え方：「報酬上限計算→主語→条文」。 早見の要点：・要項確認 用語集→本ページ→過去問の順で往復し、正誤理由をメモに残してください。 過去問で正誤の型を分類し、試験要項で数値・期限を照合してください。,「報酬上限計算の典型誤答（S41）」の公式情報はどこで確認しますか？,試験論点・条文・数値の対応を比較表に整理し、過去問で正誤の型を分類してください。 過去問で正誤の型を分類し、試験要項で数値・期限を照合してください。 試験では報酬上限計算をセットで確認してください。 誤答では主語不明に注意してください。,2026-05-27
s41-kon-shakuchi-sogo,借地借家総合の典型誤答（S41）,権利関係,借地借家総合;S41;誤答,借地借家総合で頻出する誤答パターンを整理します。,借地借家総合の主語・手続の混同。,"[{""topic"": ""用語"", ""wrong"": ""名称だけで判断"", ""correct"": ""主語を固定"", ""trap"": ""同義語入替""}, {""topic"": ""手順"", ""wrong"": ""順序逆転"", ""correct"": ""確認順固定"", ""trap"": ""類似混同""}, {""topic"": ""数値"", ""wrong"": ""単位未確認"", ""correct"": ""数値条件同時"", ""trap"": ""近似誤誘導""}, {""topic"": ""法令"", ""wrong"": ""旧条文流用"", ""correct"": ""最新照合"", ""trap"": ""手続混同""}]",借地借家総合誤答対策｜S41,借地借家総合の誤答は35条37条・報酬・登記の読み落としが中心です。誤答型を記録し比較表へ戻ってください。数値・手続の最新は公益財団法人 全日本不動産協会・公益財団法人 不動産流通推進センターの試験要項・法令改正情報で必ずご確認ください。,借地借家総合;誤答型分類;S41,主語不明;手続省略（試験では条件文の主語確認が得点の分かれ目）,「借地借家総合→主語→条文」。,借地借家法;法定更新;敷金・礼金,「借地借家総合の典型誤答（S41）」の試験での位置づけは？,借地借家総合の誤答は35条37条・報酬・登記の読み落としが中心です。誤答型を記録し比較表へ戻ってください。数値・手続の最新は公益財団法人 全日本不動産協会・公益財団法人 不動産流通推進センターの試験要項・法令改正情報で必ずご確認ください。 試験では借地借家総合を軸に、関連条文・数値・主体の取り違えを照合してください。,「借地借家総合の典型誤答（S41）」でよくある誤答パターンは？,主語不明;手続省略（試験では条件文の主語確認が得点の分かれ目） 誤答肢では誤答型分類の主語や条件が入れ替わることが多いので、比較表で整理してください。 過去問で正誤の型を分類し、試験要項で数値・期限を照合してください。,「借地借家総合の典型誤答（S41）」の覚え方・確認手順は？,覚え方：「借地借家総合→主語→条文」。 早見の要点：・要項確認 用語集→本ページ→過去問の順で往復し、正誤理由をメモに残してください。 過去問で正誤の型を分類し、試験要項で数値・期限を照合してください。,「借地借家総合の典型誤答（S41）」の公式情報はどこで確認しますか？,試験論点・条文・数値の対応を比較表に整理し、過去問で正誤の型を分類してください。 過去問で正誤の型を分類し、試験要項で数値・期限を照合してください。 試験では借地借家総合をセットで確認してください。 誤答では主語不明に注意してください。,2026-05-27
s41-kon-kubun-kanri,区分所有管理の典型誤答（S41）,権利関係,区分所有管理;S41;誤答,区分所有管理で頻出する誤答パターンを整理します。,区分所有管理の主語・手続の混同。,"[{""topic"": ""用語"", ""wrong"": ""名称だけで判断"", ""correct"": ""主語を固定"", ""trap"": ""同義語入替""}, {""topic"": ""手順"", ""wrong"": ""順序逆転"", ""correct"": ""確認順固定"", ""trap"": ""類似混同""}, {""topic"": ""数値"", ""wrong"": ""単位未確認"", ""correct"": ""数値条件同時"", ""trap"": ""近似誤誘導""}, {""topic"": ""法令"", ""wrong"": ""旧条文流用"", ""correct"": ""最新照合"", ""trap"": ""手続混同""}]",区分所有管理誤答対策｜S41,区分所有管理の誤答は35条37条・報酬・登記の読み落としが中心です。誤答型を記録し比較表へ戻ってください。数値・手続の最新は公益財団法人 全日本不動産協会・公益財団法人 不動産流通推進センターの試験要項・法令改正情報で必ずご確認ください。,区分所有管理;誤答型分類;S41,主語不明;手続省略（試験では条件文の主語確認が得点の分かれ目）,「区分所有管理→主語→条文」。,区分所有権;37条書面;賃貸借,「区分所有管理の典型誤答（S41）」の試験での位置づけは？,区分所有管理の誤答は35条37条・報酬・登記の読み落としが中心です。誤答型を記録し比較表へ戻ってください。数値・手続の最新は公益財団法人 全日本不動産協会・公益財団法人 不動産流通推進センターの試験要項・法令改正情報で必ずご確認ください。 試験では区分所有管理を軸に、関連条文・数値・主体の取り違えを照合してください。,「区分所有管理の典型誤答（S41）」でよくある誤答パターンは？,主語不明;手続省略（試験では条件文の主語確認が得点の分かれ目） 誤答肢では誤答型分類の主語や条件が入れ替わることが多いので、比較表で整理してください。 過去問で正誤の型を分類し、試験要項で数値・期限を照合してください。,「区分所有管理の典型誤答（S41）」の覚え方・確認手順は？,覚え方：「区分所有管理→主語→条文」。 早見の要点：・要項確認 用語集→本ページ→過去問の順で往復し、正誤理由をメモに残してください。 過去問で正誤の型を分類し、試験要項で数値・期限を照合してください。,「区分所有管理の典型誤答（S41）」の公式情報はどこで確認しますか？,試験論点・条文・数値の対応を比較表に整理し、過去問で正誤の型を分類してください。 過去問で正誤の型を分類し、試験要項で数値・期限を照合してください。 試験では区分所有管理をセットで確認してください。 誤答では主語不明に注意してください。,2026-05-27
s41-kon-toshi-hou,都市計画法の典型誤答（S41）,権利関係,都市計画法;S41;誤答,都市計画法で頻出する誤答パターンを整理します。,都市計画法の主語・手続の混同。,"[{""topic"": ""用語"", ""wrong"": ""名称だけで判断"", ""correct"": ""主語を固定"", ""trap"": ""同義語入替""}, {""topic"": ""手順"", ""wrong"": ""順序逆転"", ""correct"": ""確認順固定"", ""trap"": ""類似混同""}, {""topic"": ""数値"", ""wrong"": ""単位未確認"", ""correct"": ""数値条件同時"", ""trap"": ""近似誤誘導""}, {""topic"": ""法令"", ""wrong"": ""旧条文流用"", ""correct"": ""最新照合"", ""trap"": ""手続混同""}]",都市計画法誤答対策｜S41,都市計画法の誤答は35条37条・報酬・登記の読み落としが中心です。誤答型を記録し比較表へ戻ってください。数値・手続の最新は公益財団法人 全日本不動産協会・公益財団法人 不動産流通推進センターの試験要項・法令改正情報で必ずご確認ください。,都市計画法;誤答型分類;S41,主語不明;手続省略（試験では条件文の主語確認が得点の分かれ目）,「都市計画法→主語→条文」。,都市計画法;用途地域13種類;都市計画決定,「都市計画法の典型誤答（S41）」の試験での位置づけは？,都市計画法の誤答は35条37条・報酬・登記の読み落としが中心です。誤答型を記録し比較表へ戻ってください。数値・手続の最新は公益財団法人 全日本不動産協会・公益財団法人 不動産流通推進センターの試験要項・法令改正情報で必ずご確認ください。 試験では都市計画法を軸に、関連条文・数値・主体の取り違えを照合してください。,「都市計画法の典型誤答（S41）」でよくある誤答パターンは？,主語不明;手続省略（試験では条件文の主語確認が得点の分かれ目） 誤答肢では誤答型分類の主語や条件が入れ替わることが多いので、比較表で整理してください。 過去問で正誤の型を分類し、試験要項で数値・期限を照合してください。,「都市計画法の典型誤答（S41）」の覚え方・確認手順は？,覚え方：「都市計画法→主語→条文」。 早見の要点：・要項確認 用語集→本ページ→過去問の順で往復し、正誤理由をメモに残してください。 過去問で正誤の型を分類し、試験要項で数値・期限を照合してください。,「都市計画法の典型誤答（S41）」の公式情報はどこで確認しますか？,試験論点・条文・数値の対応を比較表に整理し、過去問で正誤の型を分類してください。 過去問で正誤の型を分類し、試験要項で数値・期限を照合してください。 試験では都市計画法をセットで確認してください。 誤答では主語不明に注意してください。,2026-05-27
s41-kon-touki-kenri,登記・権利の典型誤答（S41）,権利関係,登記・権利;S41;誤答,登記・権利で頻出する誤答パターンを整理します。,登記・権利の主語・手続の混同。,"[{""topic"": ""用語"", ""wrong"": ""名称だけで判断"", ""correct"": ""主語を固定"", ""trap"": ""同義語入替""}, {""topic"": ""手順"", ""wrong"": ""順序逆転"", ""correct"": ""確認順固定"", ""trap"": ""類似混同""}, {""topic"": ""数値"", ""wrong"": ""単位未確認"", ""correct"": ""数値条件同時"", ""trap"": ""近似誤誘導""}, {""topic"": ""法令"", ""wrong"": ""旧条文流用"", ""correct"": ""最新照合"", ""trap"": ""手続混同""}]",登記・権利誤答対策｜S41,登記・権利の誤答は35条37条・報酬・登記の読み落としが中心です。誤答型を記録し比較表へ戻ってください。数値・手続の最新は公益財団法人 全日本不動産協会・公益財団法人 不動産流通推進センターの試験要項・法令改正情報で必ずご確認ください。,登記・権利;誤答型分類;S41,主語不明;手続省略（試験では条件文の主語確認が得点の分かれ目）,「登記・権利→主語→条文」。,物権変動;登記関係の国税のまとめ;抵当権,「登記・権利の典型誤答（S41）」の試験での位置づけは？,登記・権利の誤答は35条37条・報酬・登記の読み落としが中心です。誤答型を記録し比較表へ戻ってください。数値・手続の最新は公益財団法人 全日本不動産協会・公益財団法人 不動産流通推進センターの試験要項・法令改正情報で必ずご確認ください。 試験では登記・権利を軸に、関連条文・数値・主体の取り違えを照合してください。,「登記・権利の典型誤答（S41）」でよくある誤答パターンは？,主語不明;手続省略（試験では条件文の主語確認が得点の分かれ目） 誤答肢では誤答型分類の主語や条件が入れ替わることが多いので、比較表で整理してください。 過去問で正誤の型を分類し、試験要項で数値・期限を照合してください。,「登記・権利の典型誤答（S41）」の覚え方・確認手順は？,覚え方：「登記・権利→主語→条文」。 早見の要点：・要項確認 用語集→本ページ→過去問の順で往復し、正誤理由をメモに残してください。 過去問で正誤の型を分類し、試験要項で数値・期限を照合してください。,「登記・権利の典型誤答（S41）」の公式情報はどこで確認しますか？,試験論点・条文・数値の対応を比較表に整理し、過去問で正誤の型を分類してください。 過去問で正誤の型を分類し、試験要項で数値・期限を照合してください。 試験では登記・権利をセットで確認してください。 誤答では主語不明に注意してください。,2026-05-27
s41-kon-keiyaku-sekinin,契約不適合責任の典型誤答（S41）,権利関係,契約不適合責任;S41;誤答,契約不適合責任で頻出する誤答パターンを整理します。,契約不適合責任の主語・手続の混同。,"[{""topic"": ""用語"", ""wrong"": ""名称だけで判断"", ""correct"": ""主語を固定"", ""trap"": ""同義語入替""}, {""topic"": ""手順"", ""wrong"": ""順序逆転"", ""correct"": ""確認順固定"", ""trap"": ""類似混同""}, {""topic"": ""数値"", ""wrong"": ""単位未確認"", ""correct"": ""数値条件同時"", ""trap"": ""近似誤誘導""}, {""topic"": ""法令"", ""wrong"": ""旧条文流用"", ""correct"": ""最新照合"", ""trap"": ""手続混同""}]",契約不適合責任誤答対策｜S41,契約不適合責任の誤答は35条37条・報酬・登記の読み落としが中心です。誤答型を記録し比較表へ戻ってください。数値・手続の最新は公益財団法人 全日本不動産協会・公益財団法人 不動産流通推進センターの試験要項・法令改正情報で必ずご確認ください。,契約不適合責任;誤答型分類;S41,主語不明;手続省略（試験では条件文の主語確認が得点の分かれ目）,「契約不適合責任→主語→条文」。,契約不適合責任;契約不適合責任の特約制限;37条書面,「契約不適合責任の典型誤答（S41）」の試験での位置づけは？,契約不適合責任の誤答は35条37条・報酬・登記の読み落としが中心です。誤答型を記録し比較表へ戻ってください。数値・手続の最新は公益財団法人 全日本不動産協会・公益財団法人 不動産流通推進センターの試験要項・法令改正情報で必ずご確認ください。 試験では契約不適合責任を軸に、関連条文・数値・主体の取り違えを照合してください。,「契約不適合責任の典型誤答（S41）」でよくある誤答パターンは？,主語不明;手続省略（試験では条件文の主語確認が得点の分かれ目） 誤答肢では誤答型分類の主語や条件が入れ替わることが多いので、比較表で整理してください。 過去問で正誤の型を分類し、試験要項で数値・期限を照合してください。,「契約不適合責任の典型誤答（S41）」の覚え方・確認手順は？,覚え方：「契約不適合責任→主語→条文」。 早見の要点：・要項確認 用語集→本ページ→過去問の順で往復し、正誤理由をメモに残してください。 過去問で正誤の型を分類し、試験要項で数値・期限を照合してください。,「契約不適合責任の典型誤答（S41）」の公式情報はどこで確認しますか？,試験論点・条文・数値の対応を比較表に整理し、過去問で正誤の型を分類してください。 過去問で正誤の型を分類し、試験要項で数値・期限を照合してください。 試験では契約不適合責任をセットで確認してください。,2026-05-27
s41-kon-cooling-off,クーリングオフの典型誤答（S41）,宅建業法,クーリングオフ;S41;誤答,クーリングオフで頻出する誤答パターンを整理します。,クーリングオフの主語・手続の混同。,"[{""topic"": ""用語"", ""wrong"": ""名称だけで判断"", ""correct"": ""主語を固定"", ""trap"": ""同義語入替""}, {""topic"": ""手順"", ""wrong"": ""順序逆転"", ""correct"": ""確認順固定"", ""trap"": ""類似混同""}, {""topic"": ""数値"", ""wrong"": ""単位未確認"", ""correct"": ""数値条件同時"", ""trap"": ""近似誤誘導""}, {""topic"": ""法令"", ""wrong"": ""旧条文流用"", ""correct"": ""最新照合"", ""trap"": ""手続混同""}]",クーリングオフ誤答対策｜S41,クーリングオフの誤答は35条37条・報酬・登記の読み落としが中心です。誤答型を記録し比較表へ戻ってください。数値・手続の最新は公益財団法人 全日本不動産協会・公益財団法人 不動産流通推進センターの試験要項・法令改正情報で必ずご確認ください。,クーリングオフ;誤答型分類;S41,主語不明;手続省略（試験では条件文の主語確認が得点の分かれ目）,「クーリングオフ→主語→条文」。,クーリングオフ;手付解除;手付金等の保全措置,「クーリングオフの典型誤答（S41）」の試験での位置づけは？,クーリングオフの誤答は35条37条・報酬・登記の読み落としが中心です。誤答型を記録し比較表へ戻ってください。数値・手続の最新は公益財団法人 全日本不動産協会・公益財団法人 不動産流通推進センターの試験要項・法令改正情報で必ずご確認ください。 試験ではクーリングオフを軸に、関連条文・数値・主体の取り違えを照合してください。,「クーリングオフの典型誤答（S41）」でよくある誤答パターンは？,主語不明;手続省略（試験では条件文の主語確認が得点の分かれ目） 誤答肢では誤答型分類の主語や条件が入れ替わることが多いので、比較表で整理してください。 過去問で正誤の型を分類し、試験要項で数値・期限を照合してください。,「クーリングオフの典型誤答（S41）」の覚え方・確認手順は？,覚え方：「クーリングオフ→主語→条文」。 早見の要点：・要項確認 用語集→本ページ→過去問の順で往復し、正誤理由をメモに残してください。 過去問で正誤の型を分類し、試験要項で数値・期限を照合してください。,「クーリングオフの典型誤答（S41）」の公式情報はどこで確認しますか？,試験論点・条文・数値の対応を比較表に整理し、過去問で正誤の型を分類してください。 過去問で正誤の型を分類し、試験要項で数値・期限を照合してください。 試験ではクーリングオフをセットで確認してください。,2026-05-27
s41-kon-jusetsu-tsuika,重要事項追加の典型誤答（S41）,宅建業法,重要事項追加;S41;誤答,重要事項追加で頻出する誤答パターンを整理します。,重要事項追加の主語・手続の混同。,"[{""topic"": ""用語"", ""wrong"": ""名称だけで判断"", ""correct"": ""主語を固定"", ""trap"": ""同義語入替""}, {""topic"": ""手順"", ""wrong"": ""順序逆転"", ""correct"": ""確認順固定"", ""trap"": ""類似混同""}, {""topic"": ""数値"", ""wrong"": ""単位未確認"", ""correct"": ""数値条件同時"", ""trap"": ""近似誤誘導""}, {""topic"": ""法令"", ""wrong"": ""旧条文流用"", ""correct"": ""最新照合"", ""trap"": ""手続混同""}]",重要事項追加誤答対策｜S41,重要事項追加の誤答は35条37条・報酬・登記の読み落としが中心です。誤答型を記録し比較表へ戻ってください。数値・手続の最新は公益財団法人 全日本不動産協会・公益財団法人 不動産流通推進センターの試験要項・法令改正情報で必ずご確認ください。,重要事項追加;誤答型分類;S41,主語不明;手続省略（試験では条件文の主語確認が得点の分かれ目）,「重要事項追加→主語→条文」。,重要事項説明（35条書面）;37条書面;35条書面,「重要事項追加の典型誤答（S41）」の試験での位置づけは？,重要事項追加の誤答は35条37条・報酬・登記の読み落としが中心です。誤答型を記録し比較表へ戻ってください。数値・手続の最新は公益財団法人 全日本不動産協会・公益財団法人 不動産流通推進センターの試験要項・法令改正情報で必ずご確認ください。 試験では重要事項追加を軸に、関連条文・数値・主体の取り違えを照合してください。,「重要事項追加の典型誤答（S41）」でよくある誤答パターンは？,主語不明;手続省略（試験では条件文の主語確認が得点の分かれ目） 誤答肢では誤答型分類の主語や条件が入れ替わることが多いので、比較表で整理してください。 過去問で正誤の型を分類し、試験要項で数値・期限を照合してください。,「重要事項追加の典型誤答（S41）」の覚え方・確認手順は？,覚え方：「重要事項追加→主語→条文」。 早見の要点：・要項確認 用語集→本ページ→過去問の順で往復し、正誤理由をメモに残してください。 過去問で正誤の型を分類し、試験要項で数値・期限を照合してください。,「重要事項追加の典型誤答（S41）」の公式情報はどこで確認しますか？,試験論点・条文・数値の対応を比較表に整理し、過去問で正誤の型を分類してください。 過去問で正誤の型を分類し、試験要項で数値・期限を照合してください。 試験では重要事項追加をセットで確認してください。 誤答では主語不明に注意してください。,2026-05-27
s42-kon-takken-chokuzen,宅建士試験直前の典型誤答（S42）,試験対策,宅建士試験直前;S42;誤答,宅建士試験直前で頻出する誤答パターンを整理します。,宅建士試験直前の主語・手続の混同。,"[{""topic"": ""用語"", ""wrong"": ""名称だけで判断"", ""correct"": ""主語を固定"", ""trap"": ""同義語入替""}, {""topic"": ""手順"", ""wrong"": ""順序逆転"", ""correct"": ""確認順固定"", ""trap"": ""類似混同""}, {""topic"": ""数値"", ""wrong"": ""単位未確認"", ""correct"": ""数値条件同時"", ""trap"": ""近似誤誘導""}, {""topic"": ""法令"", ""wrong"": ""旧条文流用"", ""correct"": ""最新照合"", ""trap"": ""手続混同""}]",宅建士試験直前誤答対策｜S42,宅建士試験直前の誤答は35条37条・報酬・登記の読み落としが中心です。誤答型を記録し比較表へ戻ってください。数値・手続の最新は公益財団法人 全日本不動産協会・公益財団法人 不動産流通推進センターの試験要項・法令改正情報で必ずご確認ください。,宅建士試験直前;誤答型分類;S42,主語不明;手続省略（試験では条件文の主語確認が得点の分かれ目）,「宅建士試験直前→主語→条文」。,宅建の合格点・合格率;宅建の出題傾向分析;宅建士,「宅建士試験直前の典型誤答（S42）」の試験での位置づけは？,宅建士試験直前の誤答は35条37条・報酬・登記の読み落としが中心です。誤答型を記録し比較表へ戻ってください。数値・手続の最新は公益財団法人 全日本不動産協会・公益財団法人 不動産流通推進センターの試験要項・法令改正情報で必ずご確認ください。 試験では宅建士試験直前を軸に、関連条文・数値・主体の取り違えを照合してください。,「宅建士試験直前の典型誤答（S42）」でよくある誤答パターンは？,主語不明;手続省略（試験では条件文の主語確認が得点の分かれ目） 誤答肢では誤答型分類の主語や条件が入れ替わることが多いので、比較表で整理してください。 過去問で正誤の型を分類し、試験要項で数値・期限を照合してください。,「宅建士試験直前の典型誤答（S42）」の覚え方・確認手順は？,覚え方：「宅建士試験直前→主語→条文」。 早見の要点：・要項確認 用語集→本ページ→過去問の順で往復し、正誤理由をメモに残してください。 過去問で正誤の型を分類し、試験要項で数値・期限を照合してください。,「宅建士試験直前の典型誤答（S42）」の公式情報はどこで確認しますか？,試験論点・条文・数値の対応を比較表に整理し、過去問で正誤の型を分類してください。 過去問で正誤の型を分類し、試験要項で数値・期限を照合してください。 試験では宅建士試験直前をセットで確認してください。,2026-05-27
s42-kon-ju3537-shiage,35条37条総仕上げの典型誤答（S42）,宅建業法,35条37条総仕上げ;S42;誤答,35条37条総仕上げで頻出する誤答パターンを整理します。,35条37条総仕上げの主語・手続の混同。,"[{""topic"": ""用語"", ""wrong"": ""名称だけで判断"", ""correct"": ""主語を固定"", ""trap"": ""同義語入替""}, {""topic"": ""手順"", ""wrong"": ""順序逆転"", ""correct"": ""確認順固定"", ""trap"": ""類似混同""}, {""topic"": ""数値"", ""wrong"": ""単位未確認"", ""correct"": ""数値条件同時"", ""trap"": ""近似誤誘導""}, {""topic"": ""法令"", ""wrong"": ""旧条文流用"", ""correct"": ""最新照合"", ""trap"": ""手続混同""}]",35条37条総仕上げ誤答対策｜S42,35条37条総仕上げの誤答は35条37条・報酬・登記の読み落としが中心です。誤答型を記録し比較表へ戻ってください。数値・手続の最新は公益財団法人 全日本不動産協会・公益財団法人 不動産流通推進センターの試験要項・法令改正情報で必ずご確認ください。,35条37条総仕上げ;誤答型分類;S42,主語不明;手続省略（試験では条件文の主語確認が得点の分かれ目）,「35条37条総仕上げ→主語→条文」。,重要事項説明（35条書面）;37条書面;35条書面,「35条37条総仕上げの典型誤答（S42）」の試験での位置づけは？,35条37条総仕上げの誤答は35条37条・報酬・登記の読み落としが中心です。誤答型を記録し比較表へ戻ってください。数値・手続の最新は公益財団法人 全日本不動産協会・公益財団法人 不動産流通推進センターの試験要項・法令改正情報で必ずご確認く… 試験では35条37条総仕上げを軸に、関連条文・数値・主体の取り違えを照合してください。,「35条37条総仕上げの典型誤答（S42）」でよくある誤答パターンは？,主語不明;手続省略（試験では条件文の主語確認が得点の分かれ目） 誤答肢では誤答型分類の主語や条件が入れ替わることが多いので、比較表で整理してください。 過去問で正誤の型を分類し、試験要項で数値・期限を照合してください。,「35条37条総仕上げの典型誤答（S42）」の覚え方・確認手順は？,覚え方：「35条37条総仕上げ→主語→条文」。 早見の要点：・要項確認 用語集→本ページ→過去問の順で往復し、正誤理由をメモに残してください。 過去問で正誤の型を分類し、試験要項で数値・期限を照合してください。,「35条37条総仕上げの典型誤答（S42）」の公式情報はどこで確認しますか？,試験論点・条文・数値の対応を比較表に整理し、過去問で正誤の型を分類してください。 過去問で正誤の型を分類し、試験要項で数値・期限を照合してください。 試験では35条37条総仕上げをセットで確認してください。,2026-05-27
s42-kon-houshu-jogen,報酬上限計算の典型誤答（S42）,宅建業法,報酬上限計算;S42;誤答,報酬上限計算で頻出する誤答パターンを整理します。,報酬上限計算の主語・手続の混同。,"[{""topic"": ""用語"", ""wrong"": ""名称だけで判断"", ""correct"": ""主語を固定"", ""trap"": ""同義語入替""}, {""topic"": ""手順"", ""wrong"": ""順序逆転"", ""correct"": ""確認順固定"", ""trap"": ""類似混同""}, {""topic"": ""数値"", ""wrong"": ""単位未確認"", ""correct"": ""数値条件同時"", ""trap"": ""近似誤誘導""}, {""topic"": ""法令"", ""wrong"": ""旧条文流用"", ""correct"": ""最新照合"", ""trap"": ""手続混同""}]",報酬上限計算誤答対策｜S42,報酬上限計算の誤答は35条37条・報酬・登記の読み落としが中心です。誤答型を記録し比較表へ戻ってください。数値・手続の最新は公益財団法人 全日本不動産協会・公益財団法人 不動産流通推進センターの試験要項・法令改正情報で必ずご確認ください。,報酬上限計算;誤答型分類;S42,主語不明;手続省略（試験では条件文の主語確認が得点の分かれ目）,「報酬上限計算→主語→条文」。,報酬の計算（売買）;報酬額の掲示;報酬の明瞭化,「報酬上限計算の典型誤答（S42）」の試験での位置づけは？,報酬上限計算の誤答は35条37条・報酬・登記の読み落としが中心です。誤答型を記録し比較表へ戻ってください。数値・手続の最新は公益財団法人 全日本不動産協会・公益財団法人 不動産流通推進センターの試験要項・法令改正情報で必ずご確認ください。 試験では報酬上限計算を軸に、関連条文・数値・主体の取り違えを照合してください。,「報酬上限計算の典型誤答（S42）」でよくある誤答パターンは？,主語不明;手続省略（試験では条件文の主語確認が得点の分かれ目） 誤答肢では誤答型分類の主語や条件が入れ替わることが多いので、比較表で整理してください。 過去問で正誤の型を分類し、試験要項で数値・期限を照合してください。,「報酬上限計算の典型誤答（S42）」の覚え方・確認手順は？,覚え方：「報酬上限計算→主語→条文」。 早見の要点：・要項確認 用語集→本ページ→過去問の順で往復し、正誤理由をメモに残してください。 過去問で正誤の型を分類し、試験要項で数値・期限を照合してください。,「報酬上限計算の典型誤答（S42）」の公式情報はどこで確認しますか？,試験論点・条文・数値の対応を比較表に整理し、過去問で正誤の型を分類してください。 過去問で正誤の型を分類し、試験要項で数値・期限を照合してください。 試験では報酬上限計算をセットで確認してください。 誤答では主語不明に注意してください。,2026-05-27
s42-kon-shakuchi-sogo,借地借家総合の典型誤答（S42）,権利関係,借地借家総合;S42;誤答,借地借家総合で頻出する誤答パターンを整理します。,借地借家総合の主語・手続の混同。,"[{""topic"": ""用語"", ""wrong"": ""名称だけで判断"", ""correct"": ""主語を固定"", ""trap"": ""同義語入替""}, {""topic"": ""手順"", ""wrong"": ""順序逆転"", ""correct"": ""確認順固定"", ""trap"": ""類似混同""}, {""topic"": ""数値"", ""wrong"": ""単位未確認"", ""correct"": ""数値条件同時"", ""trap"": ""近似誤誘導""}, {""topic"": ""法令"", ""wrong"": ""旧条文流用"", ""correct"": ""最新照合"", ""trap"": ""手続混同""}]",借地借家総合誤答対策｜S42,借地借家総合の誤答は35条37条・報酬・登記の読み落としが中心です。誤答型を記録し比較表へ戻ってください。数値・手続の最新は公益財団法人 全日本不動産協会・公益財団法人 不動産流通推進センターの試験要項・法令改正情報で必ずご確認ください。,借地借家総合;誤答型分類;S42,主語不明;手続省略（試験では条件文の主語確認が得点の分かれ目）,「借地借家総合→主語→条文」。,借地借家法;法定更新;敷金・礼金,「借地借家総合の典型誤答（S42）」の試験での位置づけは？,借地借家総合の誤答は35条37条・報酬・登記の読み落としが中心です。誤答型を記録し比較表へ戻ってください。数値・手続の最新は公益財団法人 全日本不動産協会・公益財団法人 不動産流通推進センターの試験要項・法令改正情報で必ずご確認ください。 試験では借地借家総合を軸に、関連条文・数値・主体の取り違えを照合してください。,「借地借家総合の典型誤答（S42）」でよくある誤答パターンは？,主語不明;手続省略（試験では条件文の主語確認が得点の分かれ目） 誤答肢では誤答型分類の主語や条件が入れ替わることが多いので、比較表で整理してください。 過去問で正誤の型を分類し、試験要項で数値・期限を照合してください。,「借地借家総合の典型誤答（S42）」の覚え方・確認手順は？,覚え方：「借地借家総合→主語→条文」。 早見の要点：・要項確認 用語集→本ページ→過去問の順で往復し、正誤理由をメモに残してください。 過去問で正誤の型を分類し、試験要項で数値・期限を照合してください。,「借地借家総合の典型誤答（S42）」の公式情報はどこで確認しますか？,試験論点・条文・数値の対応を比較表に整理し、過去問で正誤の型を分類してください。 過去問で正誤の型を分類し、試験要項で数値・期限を照合してください。 試験では借地借家総合をセットで確認してください。 誤答では主語不明に注意してください。,2026-05-27
s42-kon-kubun-kanri,区分所有管理の典型誤答（S42）,権利関係,区分所有管理;S42;誤答,区分所有管理で頻出する誤答パターンを整理します。,区分所有管理の主語・手続の混同。,"[{""topic"": ""用語"", ""wrong"": ""名称だけで判断"", ""correct"": ""主語を固定"", ""trap"": ""同義語入替""}, {""topic"": ""手順"", ""wrong"": ""順序逆転"", ""correct"": ""確認順固定"", ""trap"": ""類似混同""}, {""topic"": ""数値"", ""wrong"": ""単位未確認"", ""correct"": ""数値条件同時"", ""trap"": ""近似誤誘導""}, {""topic"": ""法令"", ""wrong"": ""旧条文流用"", ""correct"": ""最新照合"", ""trap"": ""手続混同""}]",区分所有管理誤答対策｜S42,区分所有管理の誤答は35条37条・報酬・登記の読み落としが中心です。誤答型を記録し比較表へ戻ってください。数値・手続の最新は公益財団法人 全日本不動産協会・公益財団法人 不動産流通推進センターの試験要項・法令改正情報で必ずご確認ください。,区分所有管理;誤答型分類;S42,主語不明;手続省略（試験では条件文の主語確認が得点の分かれ目）,「区分所有管理→主語→条文」。,区分所有権;37条書面;賃貸借,「区分所有管理の典型誤答（S42）」の試験での位置づけは？,区分所有管理の誤答は35条37条・報酬・登記の読み落としが中心です。誤答型を記録し比較表へ戻ってください。数値・手続の最新は公益財団法人 全日本不動産協会・公益財団法人 不動産流通推進センターの試験要項・法令改正情報で必ずご確認ください。 試験では区分所有管理を軸に、関連条文・数値・主体の取り違えを照合してください。,「区分所有管理の典型誤答（S42）」でよくある誤答パターンは？,主語不明;手続省略（試験では条件文の主語確認が得点の分かれ目） 誤答肢では誤答型分類の主語や条件が入れ替わることが多いので、比較表で整理してください。 過去問で正誤の型を分類し、試験要項で数値・期限を照合してください。,「区分所有管理の典型誤答（S42）」の覚え方・確認手順は？,覚え方：「区分所有管理→主語→条文」。 早見の要点：・要項確認 用語集→本ページ→過去問の順で往復し、正誤理由をメモに残してください。 過去問で正誤の型を分類し、試験要項で数値・期限を照合してください。,「区分所有管理の典型誤答（S42）」の公式情報はどこで確認しますか？,試験論点・条文・数値の対応を比較表に整理し、過去問で正誤の型を分類してください。 過去問で正誤の型を分類し、試験要項で数値・期限を照合してください。 試験では区分所有管理をセットで確認してください。 誤答では主語不明に注意してください。,2026-05-27
s42-kon-toshi-hou,都市計画法の典型誤答（S42）,権利関係,都市計画法;S42;誤答,都市計画法で頻出する誤答パターンを整理します。,都市計画法の主語・手続の混同。,"[{""topic"": ""用語"", ""wrong"": ""名称だけで判断"", ""correct"": ""主語を固定"", ""trap"": ""同義語入替""}, {""topic"": ""手順"", ""wrong"": ""順序逆転"", ""correct"": ""確認順固定"", ""trap"": ""類似混同""}, {""topic"": ""数値"", ""wrong"": ""単位未確認"", ""correct"": ""数値条件同時"", ""trap"": ""近似誤誘導""}, {""topic"": ""法令"", ""wrong"": ""旧条文流用"", ""correct"": ""最新照合"", ""trap"": ""手続混同""}]",都市計画法誤答対策｜S42,都市計画法の誤答は35条37条・報酬・登記の読み落としが中心です。誤答型を記録し比較表へ戻ってください。数値・手続の最新は公益財団法人 全日本不動産協会・公益財団法人 不動産流通推進センターの試験要項・法令改正情報で必ずご確認ください。,都市計画法;誤答型分類;S42,主語不明;手続省略（試験では条件文の主語確認が得点の分かれ目）,「都市計画法→主語→条文」。,都市計画法;用途地域13種類;都市計画決定,「都市計画法の典型誤答（S42）」の試験での位置づけは？,都市計画法の誤答は35条37条・報酬・登記の読み落としが中心です。誤答型を記録し比較表へ戻ってください。数値・手続の最新は公益財団法人 全日本不動産協会・公益財団法人 不動産流通推進センターの試験要項・法令改正情報で必ずご確認ください。 試験では都市計画法を軸に、関連条文・数値・主体の取り違えを照合してください。,「都市計画法の典型誤答（S42）」でよくある誤答パターンは？,主語不明;手続省略（試験では条件文の主語確認が得点の分かれ目） 誤答肢では誤答型分類の主語や条件が入れ替わることが多いので、比較表で整理してください。 過去問で正誤の型を分類し、試験要項で数値・期限を照合してください。,「都市計画法の典型誤答（S42）」の覚え方・確認手順は？,覚え方：「都市計画法→主語→条文」。 早見の要点：・要項確認 用語集→本ページ→過去問の順で往復し、正誤理由をメモに残してください。 過去問で正誤の型を分類し、試験要項で数値・期限を照合してください。,「都市計画法の典型誤答（S42）」の公式情報はどこで確認しますか？,試験論点・条文・数値の対応を比較表に整理し、過去問で正誤の型を分類してください。 過去問で正誤の型を分類し、試験要項で数値・期限を照合してください。 試験では都市計画法をセットで確認してください。 誤答では主語不明に注意してください。,2026-05-27
s42-kon-touki-kenri,登記・権利の典型誤答（S42）,権利関係,登記・権利;S42;誤答,登記・権利で頻出する誤答パターンを整理します。,登記・権利の主語・手続の混同。,"[{""topic"": ""用語"", ""wrong"": ""名称だけで判断"", ""correct"": ""主語を固定"", ""trap"": ""同義語入替""}, {""topic"": ""手順"", ""wrong"": ""順序逆転"", ""correct"": ""確認順固定"", ""trap"": ""類似混同""}, {""topic"": ""数値"", ""wrong"": ""単位未確認"", ""correct"": ""数値条件同時"", ""trap"": ""近似誤誘導""}, {""topic"": ""法令"", ""wrong"": ""旧条文流用"", ""correct"": ""最新照合"", ""trap"": ""手続混同""}]",登記・権利誤答対策｜S42,登記・権利の誤答は35条37条・報酬・登記の読み落としが中心です。誤答型を記録し比較表へ戻ってください。数値・手続の最新は公益財団法人 全日本不動産協会・公益財団法人 不動産流通推進センターの試験要項・法令改正情報で必ずご確認ください。,登記・権利;誤答型分類;S42,主語不明;手続省略（試験では条件文の主語確認が得点の分かれ目）,「登記・権利→主語→条文」。,物権変動;登記関係の国税のまとめ;抵当権,「登記・権利の典型誤答（S42）」の試験での位置づけは？,登記・権利の誤答は35条37条・報酬・登記の読み落としが中心です。誤答型を記録し比較表へ戻ってください。数値・手続の最新は公益財団法人 全日本不動産協会・公益財団法人 不動産流通推進センターの試験要項・法令改正情報で必ずご確認ください。 試験では登記・権利を軸に、関連条文・数値・主体の取り違えを照合してください。,「登記・権利の典型誤答（S42）」でよくある誤答パターンは？,主語不明;手続省略（試験では条件文の主語確認が得点の分かれ目） 誤答肢では誤答型分類の主語や条件が入れ替わることが多いので、比較表で整理してください。 過去問で正誤の型を分類し、試験要項で数値・期限を照合してください。,「登記・権利の典型誤答（S42）」の覚え方・確認手順は？,覚え方：「登記・権利→主語→条文」。 早見の要点：・要項確認 用語集→本ページ→過去問の順で往復し、正誤理由をメモに残してください。 過去問で正誤の型を分類し、試験要項で数値・期限を照合してください。,「登記・権利の典型誤答（S42）」の公式情報はどこで確認しますか？,試験論点・条文・数値の対応を比較表に整理し、過去問で正誤の型を分類してください。 過去問で正誤の型を分類し、試験要項で数値・期限を照合してください。 試験では登記・権利をセットで確認してください。 誤答では主語不明に注意してください。,2026-05-27
s42-kon-keiyaku-sekinin,契約不適合責任の典型誤答（S42）,権利関係,契約不適合責任;S42;誤答,契約不適合責任で頻出する誤答パターンを整理します。,契約不適合責任の主語・手続の混同。,"[{""topic"": ""用語"", ""wrong"": ""名称だけで判断"", ""correct"": ""主語を固定"", ""trap"": ""同義語入替""}, {""topic"": ""手順"", ""wrong"": ""順序逆転"", ""correct"": ""確認順固定"", ""trap"": ""類似混同""}, {""topic"": ""数値"", ""wrong"": ""単位未確認"", ""correct"": ""数値条件同時"", ""trap"": ""近似誤誘導""}, {""topic"": ""法令"", ""wrong"": ""旧条文流用"", ""correct"": ""最新照合"", ""trap"": ""手続混同""}]",契約不適合責任誤答対策｜S42,契約不適合責任の誤答は35条37条・報酬・登記の読み落としが中心です。誤答型を記録し比較表へ戻ってください。数値・手続の最新は公益財団法人 全日本不動産協会・公益財団法人 不動産流通推進センターの試験要項・法令改正情報で必ずご確認ください。,契約不適合責任;誤答型分類;S42,主語不明;手続省略（試験では条件文の主語確認が得点の分かれ目）,「契約不適合責任→主語→条文」。,契約不適合責任;契約不適合責任の特約制限;37条書面,「契約不適合責任の典型誤答（S42）」の試験での位置づけは？,契約不適合責任の誤答は35条37条・報酬・登記の読み落としが中心です。誤答型を記録し比較表へ戻ってください。数値・手続の最新は公益財団法人 全日本不動産協会・公益財団法人 不動産流通推進センターの試験要項・法令改正情報で必ずご確認ください。 試験では契約不適合責任を軸に、関連条文・数値・主体の取り違えを照合してください。,「契約不適合責任の典型誤答（S42）」でよくある誤答パターンは？,主語不明;手続省略（試験では条件文の主語確認が得点の分かれ目） 誤答肢では誤答型分類の主語や条件が入れ替わることが多いので、比較表で整理してください。 過去問で正誤の型を分類し、試験要項で数値・期限を照合してください。,「契約不適合責任の典型誤答（S42）」の覚え方・確認手順は？,覚え方：「契約不適合責任→主語→条文」。 早見の要点：・要項確認 用語集→本ページ→過去問の順で往復し、正誤理由をメモに残してください。 過去問で正誤の型を分類し、試験要項で数値・期限を照合してください。,「契約不適合責任の典型誤答（S42）」の公式情報はどこで確認しますか？,試験論点・条文・数値の対応を比較表に整理し、過去問で正誤の型を分類してください。 過去問で正誤の型を分類し、試験要項で数値・期限を照合してください。 試験では契約不適合責任をセットで確認してください。,2026-05-27
s42-kon-cooling-off,クーリングオフの典型誤答（S42）,宅建業法,クーリングオフ;S42;誤答,クーリングオフで頻出する誤答パターンを整理します。,クーリングオフの主語・手続の混同。,"[{""topic"": ""用語"", ""wrong"": ""名称だけで判断"", ""correct"": ""主語を固定"", ""trap"": ""同義語入替""}, {""topic"": ""手順"", ""wrong"": ""順序逆転"", ""correct"": ""確認順固定"", ""trap"": ""類似混同""}, {""topic"": ""数値"", ""wrong"": ""単位未確認"", ""correct"": ""数値条件同時"", ""trap"": ""近似誤誘導""}, {""topic"": ""法令"", ""wrong"": ""旧条文流用"", ""correct"": ""最新照合"", ""trap"": ""手続混同""}]",クーリングオフ誤答対策｜S42,クーリングオフの誤答は35条37条・報酬・登記の読み落としが中心です。誤答型を記録し比較表へ戻ってください。数値・手続の最新は公益財団法人 全日本不動産協会・公益財団法人 不動産流通推進センターの試験要項・法令改正情報で必ずご確認ください。,クーリングオフ;誤答型分類;S42,主語不明;手続省略（試験では条件文の主語確認が得点の分かれ目）,「クーリングオフ→主語→条文」。,クーリングオフ;手付解除;手付金等の保全措置,「クーリングオフの典型誤答（S42）」の試験での位置づけは？,クーリングオフの誤答は35条37条・報酬・登記の読み落としが中心です。誤答型を記録し比較表へ戻ってください。数値・手続の最新は公益財団法人 全日本不動産協会・公益財団法人 不動産流通推進センターの試験要項・法令改正情報で必ずご確認ください。 試験ではクーリングオフを軸に、関連条文・数値・主体の取り違えを照合してください。,「クーリングオフの典型誤答（S42）」でよくある誤答パターンは？,主語不明;手続省略（試験では条件文の主語確認が得点の分かれ目） 誤答肢では誤答型分類の主語や条件が入れ替わることが多いので、比較表で整理してください。 過去問で正誤の型を分類し、試験要項で数値・期限を照合してください。,「クーリングオフの典型誤答（S42）」の覚え方・確認手順は？,覚え方：「クーリングオフ→主語→条文」。 早見の要点：・要項確認 用語集→本ページ→過去問の順で往復し、正誤理由をメモに残してください。 過去問で正誤の型を分類し、試験要項で数値・期限を照合してください。,「クーリングオフの典型誤答（S42）」の公式情報はどこで確認しますか？,試験論点・条文・数値の対応を比較表に整理し、過去問で正誤の型を分類してください。 過去問で正誤の型を分類し、試験要項で数値・期限を照合してください。 試験ではクーリングオフをセットで確認してください。,2026-05-27
s42-kon-jusetsu-tsuika,重要事項追加の典型誤答（S42）,宅建業法,重要事項追加;S42;誤答,重要事項追加で頻出する誤答パターンを整理します。,重要事項追加の主語・手続の混同。,"[{""topic"": ""用語"", ""wrong"": ""名称だけで判断"", ""correct"": ""主語を固定"", ""trap"": ""同義語入替""}, {""topic"": ""手順"", ""wrong"": ""順序逆転"", ""correct"": ""確認順固定"", ""trap"": ""類似混同""}, {""topic"": ""数値"", ""wrong"": ""単位未確認"", ""correct"": ""数値条件同時"", ""trap"": ""近似誤誘導""}, {""topic"": ""法令"", ""wrong"": ""旧条文流用"", ""correct"": ""最新照合"", ""trap"": ""手続混同""}]",重要事項追加誤答対策｜S42,重要事項追加の誤答は35条37条・報酬・登記の読み落としが中心です。誤答型を記録し比較表へ戻ってください。数値・手続の最新は公益財団法人 全日本不動産協会・公益財団法人 不動産流通推進センターの試験要項・法令改正情報で必ずご確認ください。,重要事項追加;誤答型分類;S42,主語不明;手続省略（試験では条件文の主語確認が得点の分かれ目）,「重要事項追加→主語→条文」。,重要事項説明（35条書面）;37条書面;35条書面,「重要事項追加の典型誤答（S42）」の試験での位置づけは？,重要事項追加の誤答は35条37条・報酬・登記の読み落としが中心です。誤答型を記録し比較表へ戻ってください。数値・手続の最新は公益財団法人 全日本不動産協会・公益財団法人 不動産流通推進センターの試験要項・法令改正情報で必ずご確認ください。 試験では重要事項追加を軸に、関連条文・数値・主体の取り違えを照合してください。,「重要事項追加の典型誤答（S42）」でよくある誤答パターンは？,主語不明;手続省略（試験では条件文の主語確認が得点の分かれ目） 誤答肢では誤答型分類の主語や条件が入れ替わることが多いので、比較表で整理してください。 過去問で正誤の型を分類し、試験要項で数値・期限を照合してください。,「重要事項追加の典型誤答（S42）」の覚え方・確認手順は？,覚え方：「重要事項追加→主語→条文」。 早見の要点：・要項確認 用語集→本ページ→過去問の順で往復し、正誤理由をメモに残してください。 過去問で正誤の型を分類し、試験要項で数値・期限を照合してください。,「重要事項追加の典型誤答（S42）」の公式情報はどこで確認しますか？,試験論点・条文・数値の対応を比較表に整理し、過去問で正誤の型を分類してください。 過去問で正誤の型を分類し、試験要項で数値・期限を照合してください。 試験では重要事項追加をセットで確認してください。 誤答では主語不明に注意してください。,2026-05-27
s43-kon-takken-chokuzen,宅建士試験直前の典型誤答（S43）,試験対策,宅建士試験直前;S43;誤答,宅建士試験直前で頻出する誤答パターンを整理します。,宅建士試験直前の主語・手続の混同。,"[{""topic"": ""用語"", ""wrong"": ""名称だけで判断"", ""correct"": ""主語を固定"", ""trap"": ""同義語入替""}, {""topic"": ""手順"", ""wrong"": ""順序逆転"", ""correct"": ""確認順固定"", ""trap"": ""類似混同""}, {""topic"": ""数値"", ""wrong"": ""単位未確認"", ""correct"": ""数値条件同時"", ""trap"": ""近似誤誘導""}, {""topic"": ""法令"", ""wrong"": ""旧条文流用"", ""correct"": ""最新照合"", ""trap"": ""手続混同""}]",宅建士試験直前誤答対策｜S43,宅建士試験直前の誤答は35条37条・報酬・登記の読み落としが中心です。誤答型を記録し比較表へ戻ってください。数値・手続の最新は公益財団法人 全日本不動産協会・公益財団法人 不動産流通推進センターの試験要項・法令改正情報で必ずご確認ください。,宅建士試験直前;誤答型分類;S43,主語不明;手続省略（試験では条件文の主語確認が得点の分かれ目）,「宅建士試験直前→主語→条文」。,宅建の合格点・合格率;宅建の出題傾向分析;宅建士,「宅建士試験直前の典型誤答（S43）」の試験での位置づけは？,宅建士試験直前の誤答は35条37条・報酬・登記の読み落としが中心です。誤答型を記録し比較表へ戻ってください。数値・手続の最新は公益財団法人 全日本不動産協会・公益財団法人 不動産流通推進センターの試験要項・法令改正情報で必ずご確認ください。 試験では宅建士試験直前を軸に、関連条文・数値・主体の取り違えを照合してください。,「宅建士試験直前の典型誤答（S43）」でよくある誤答パターンは？,主語不明;手続省略（試験では条件文の主語確認が得点の分かれ目） 誤答肢では誤答型分類の主語や条件が入れ替わることが多いので、比較表で整理してください。 過去問で正誤の型を分類し、試験要項で数値・期限を照合してください。,「宅建士試験直前の典型誤答（S43）」の覚え方・確認手順は？,覚え方：「宅建士試験直前→主語→条文」。 早見の要点：・要項確認 用語集→本ページ→過去問の順で往復し、正誤理由をメモに残してください。 過去問で正誤の型を分類し、試験要項で数値・期限を照合してください。,「宅建士試験直前の典型誤答（S43）」の公式情報はどこで確認しますか？,試験論点・条文・数値の対応を比較表に整理し、過去問で正誤の型を分類してください。 過去問で正誤の型を分類し、試験要項で数値・期限を照合してください。 試験では宅建士試験直前をセットで確認してください。,2026-05-27
s43-kon-ju3537-shiage,35条37条総仕上げの典型誤答（S43）,宅建業法,35条37条総仕上げ;S43;誤答,35条37条総仕上げで頻出する誤答パターンを整理します。,35条37条総仕上げの主語・手続の混同。,"[{""topic"": ""用語"", ""wrong"": ""名称だけで判断"", ""correct"": ""主語を固定"", ""trap"": ""同義語入替""}, {""topic"": ""手順"", ""wrong"": ""順序逆転"", ""correct"": ""確認順固定"", ""trap"": ""類似混同""}, {""topic"": ""数値"", ""wrong"": ""単位未確認"", ""correct"": ""数値条件同時"", ""trap"": ""近似誤誘導""}, {""topic"": ""法令"", ""wrong"": ""旧条文流用"", ""correct"": ""最新照合"", ""trap"": ""手続混同""}]",35条37条総仕上げ誤答対策｜S43,35条37条総仕上げの誤答は35条37条・報酬・登記の読み落としが中心です。誤答型を記録し比較表へ戻ってください。数値・手続の最新は公益財団法人 全日本不動産協会・公益財団法人 不動産流通推進センターの試験要項・法令改正情報で必ずご確認ください。,35条37条総仕上げ;誤答型分類;S43,主語不明;手続省略（試験では条件文の主語確認が得点の分かれ目）,「35条37条総仕上げ→主語→条文」。,重要事項説明（35条書面）;37条書面;35条書面,「35条37条総仕上げの典型誤答（S43）」の試験での位置づけは？,35条37条総仕上げの誤答は35条37条・報酬・登記の読み落としが中心です。誤答型を記録し比較表へ戻ってください。数値・手続の最新は公益財団法人 全日本不動産協会・公益財団法人 不動産流通推進センターの試験要項・法令改正情報で必ずご確認く… 試験では35条37条総仕上げを軸に、関連条文・数値・主体の取り違えを照合してください。,「35条37条総仕上げの典型誤答（S43）」でよくある誤答パターンは？,主語不明;手続省略（試験では条件文の主語確認が得点の分かれ目） 誤答肢では誤答型分類の主語や条件が入れ替わることが多いので、比較表で整理してください。 過去問で正誤の型を分類し、試験要項で数値・期限を照合してください。,「35条37条総仕上げの典型誤答（S43）」の覚え方・確認手順は？,覚え方：「35条37条総仕上げ→主語→条文」。 早見の要点：・要項確認 用語集→本ページ→過去問の順で往復し、正誤理由をメモに残してください。 過去問で正誤の型を分類し、試験要項で数値・期限を照合してください。,「35条37条総仕上げの典型誤答（S43）」の公式情報はどこで確認しますか？,試験論点・条文・数値の対応を比較表に整理し、過去問で正誤の型を分類してください。 過去問で正誤の型を分類し、試験要項で数値・期限を照合してください。 試験では35条37条総仕上げをセットで確認してください。,2026-05-27
s43-kon-houshu-jogen,報酬上限計算の典型誤答（S43）,宅建業法,報酬上限計算;S43;誤答,報酬上限計算で頻出する誤答パターンを整理します。,報酬上限計算の主語・手続の混同。,"[{""topic"": ""用語"", ""wrong"": ""名称だけで判断"", ""correct"": ""主語を固定"", ""trap"": ""同義語入替""}, {""topic"": ""手順"", ""wrong"": ""順序逆転"", ""correct"": ""確認順固定"", ""trap"": ""類似混同""}, {""topic"": ""数値"", ""wrong"": ""単位未確認"", ""correct"": ""数値条件同時"", ""trap"": ""近似誤誘導""}, {""topic"": ""法令"", ""wrong"": ""旧条文流用"", ""correct"": ""最新照合"", ""trap"": ""手続混同""}]",報酬上限計算誤答対策｜S43,報酬上限計算の誤答は35条37条・報酬・登記の読み落としが中心です。誤答型を記録し比較表へ戻ってください。数値・手続の最新は公益財団法人 全日本不動産協会・公益財団法人 不動産流通推進センターの試験要項・法令改正情報で必ずご確認ください。,報酬上限計算;誤答型分類;S43,主語不明;手続省略（試験では条件文の主語確認が得点の分かれ目）,「報酬上限計算→主語→条文」。,報酬の計算（売買）;報酬額の掲示;報酬の明瞭化,「報酬上限計算の典型誤答（S43）」の試験での位置づけは？,報酬上限計算の誤答は35条37条・報酬・登記の読み落としが中心です。誤答型を記録し比較表へ戻ってください。数値・手続の最新は公益財団法人 全日本不動産協会・公益財団法人 不動産流通推進センターの試験要項・法令改正情報で必ずご確認ください。 試験では報酬上限計算を軸に、関連条文・数値・主体の取り違えを照合してください。,「報酬上限計算の典型誤答（S43）」でよくある誤答パターンは？,主語不明;手続省略（試験では条件文の主語確認が得点の分かれ目） 誤答肢では誤答型分類の主語や条件が入れ替わることが多いので、比較表で整理してください。 過去問で正誤の型を分類し、試験要項で数値・期限を照合してください。,「報酬上限計算の典型誤答（S43）」の覚え方・確認手順は？,覚え方：「報酬上限計算→主語→条文」。 早見の要点：・要項確認 用語集→本ページ→過去問の順で往復し、正誤理由をメモに残してください。 過去問で正誤の型を分類し、試験要項で数値・期限を照合してください。,「報酬上限計算の典型誤答（S43）」の公式情報はどこで確認しますか？,試験論点・条文・数値の対応を比較表に整理し、過去問で正誤の型を分類してください。 過去問で正誤の型を分類し、試験要項で数値・期限を照合してください。 試験では報酬上限計算をセットで確認してください。 誤答では主語不明に注意してください。,2026-05-27
s43-kon-shakuchi-sogo,借地借家総合の典型誤答（S43）,権利関係,借地借家総合;S43;誤答,借地借家総合で頻出する誤答パターンを整理します。,借地借家総合の主語・手続の混同。,"[{""topic"": ""用語"", ""wrong"": ""名称だけで判断"", ""correct"": ""主語を固定"", ""trap"": ""同義語入替""}, {""topic"": ""手順"", ""wrong"": ""順序逆転"", ""correct"": ""確認順固定"", ""trap"": ""類似混同""}, {""topic"": ""数値"", ""wrong"": ""単位未確認"", ""correct"": ""数値条件同時"", ""trap"": ""近似誤誘導""}, {""topic"": ""法令"", ""wrong"": ""旧条文流用"", ""correct"": ""最新照合"", ""trap"": ""手続混同""}]",借地借家総合誤答対策｜S43,借地借家総合の誤答は35条37条・報酬・登記の読み落としが中心です。誤答型を記録し比較表へ戻ってください。数値・手続の最新は公益財団法人 全日本不動産協会・公益財団法人 不動産流通推進センターの試験要項・法令改正情報で必ずご確認ください。,借地借家総合;誤答型分類;S43,主語不明;手続省略（試験では条件文の主語確認が得点の分かれ目）,「借地借家総合→主語→条文」。,借地借家法;法定更新;敷金・礼金,「借地借家総合の典型誤答（S43）」の試験での位置づけは？,借地借家総合の誤答は35条37条・報酬・登記の読み落としが中心です。誤答型を記録し比較表へ戻ってください。数値・手続の最新は公益財団法人 全日本不動産協会・公益財団法人 不動産流通推進センターの試験要項・法令改正情報で必ずご確認ください。 試験では借地借家総合を軸に、関連条文・数値・主体の取り違えを照合してください。,「借地借家総合の典型誤答（S43）」でよくある誤答パターンは？,主語不明;手続省略（試験では条件文の主語確認が得点の分かれ目） 誤答肢では誤答型分類の主語や条件が入れ替わることが多いので、比較表で整理してください。 過去問で正誤の型を分類し、試験要項で数値・期限を照合してください。,「借地借家総合の典型誤答（S43）」の覚え方・確認手順は？,覚え方：「借地借家総合→主語→条文」。 早見の要点：・要項確認 用語集→本ページ→過去問の順で往復し、正誤理由をメモに残してください。 過去問で正誤の型を分類し、試験要項で数値・期限を照合してください。,「借地借家総合の典型誤答（S43）」の公式情報はどこで確認しますか？,試験論点・条文・数値の対応を比較表に整理し、過去問で正誤の型を分類してください。 過去問で正誤の型を分類し、試験要項で数値・期限を照合してください。 試験では借地借家総合をセットで確認してください。 誤答では主語不明に注意してください。,2026-05-27
s43-kon-kubun-kanri,区分所有管理の典型誤答（S43）,権利関係,区分所有管理;S43;誤答,区分所有管理で頻出する誤答パターンを整理します。,区分所有管理の主語・手続の混同。,"[{""topic"": ""用語"", ""wrong"": ""名称だけで判断"", ""correct"": ""主語を固定"", ""trap"": ""同義語入替""}, {""topic"": ""手順"", ""wrong"": ""順序逆転"", ""correct"": ""確認順固定"", ""trap"": ""類似混同""}, {""topic"": ""数値"", ""wrong"": ""単位未確認"", ""correct"": ""数値条件同時"", ""trap"": ""近似誤誘導""}, {""topic"": ""法令"", ""wrong"": ""旧条文流用"", ""correct"": ""最新照合"", ""trap"": ""手続混同""}]",区分所有管理誤答対策｜S43,区分所有管理の誤答は35条37条・報酬・登記の読み落としが中心です。誤答型を記録し比較表へ戻ってください。数値・手続の最新は公益財団法人 全日本不動産協会・公益財団法人 不動産流通推進センターの試験要項・法令改正情報で必ずご確認ください。,区分所有管理;誤答型分類;S43,主語不明;手続省略（試験では条件文の主語確認が得点の分かれ目）,「区分所有管理→主語→条文」。,区分所有権;37条書面;賃貸借,「区分所有管理の典型誤答（S43）」の試験での位置づけは？,区分所有管理の誤答は35条37条・報酬・登記の読み落としが中心です。誤答型を記録し比較表へ戻ってください。数値・手続の最新は公益財団法人 全日本不動産協会・公益財団法人 不動産流通推進センターの試験要項・法令改正情報で必ずご確認ください。 試験では区分所有管理を軸に、関連条文・数値・主体の取り違えを照合してください。,「区分所有管理の典型誤答（S43）」でよくある誤答パターンは？,主語不明;手続省略（試験では条件文の主語確認が得点の分かれ目） 誤答肢では誤答型分類の主語や条件が入れ替わることが多いので、比較表で整理してください。 過去問で正誤の型を分類し、試験要項で数値・期限を照合してください。,「区分所有管理の典型誤答（S43）」の覚え方・確認手順は？,覚え方：「区分所有管理→主語→条文」。 早見の要点：・要項確認 用語集→本ページ→過去問の順で往復し、正誤理由をメモに残してください。 過去問で正誤の型を分類し、試験要項で数値・期限を照合してください。,「区分所有管理の典型誤答（S43）」の公式情報はどこで確認しますか？,試験論点・条文・数値の対応を比較表に整理し、過去問で正誤の型を分類してください。 過去問で正誤の型を分類し、試験要項で数値・期限を照合してください。 試験では区分所有管理をセットで確認してください。 誤答では主語不明に注意してください。,2026-05-27
s43-kon-toshi-hou,都市計画法の典型誤答（S43）,権利関係,都市計画法;S43;誤答,都市計画法で頻出する誤答パターンを整理します。,都市計画法の主語・手続の混同。,"[{""topic"": ""用語"", ""wrong"": ""名称だけで判断"", ""correct"": ""主語を固定"", ""trap"": ""同義語入替""}, {""topic"": ""手順"", ""wrong"": ""順序逆転"", ""correct"": ""確認順固定"", ""trap"": ""類似混同""}, {""topic"": ""数値"", ""wrong"": ""単位未確認"", ""correct"": ""数値条件同時"", ""trap"": ""近似誤誘導""}, {""topic"": ""法令"", ""wrong"": ""旧条文流用"", ""correct"": ""最新照合"", ""trap"": ""手続混同""}]",都市計画法誤答対策｜S43,都市計画法の誤答は35条37条・報酬・登記の読み落としが中心です。誤答型を記録し比較表へ戻ってください。数値・手続の最新は公益財団法人 全日本不動産協会・公益財団法人 不動産流通推進センターの試験要項・法令改正情報で必ずご確認ください。,都市計画法;誤答型分類;S43,主語不明;手続省略（試験では条件文の主語確認が得点の分かれ目）,「都市計画法→主語→条文」。,都市計画法;用途地域13種類;都市計画決定,「都市計画法の典型誤答（S43）」の試験での位置づけは？,都市計画法の誤答は35条37条・報酬・登記の読み落としが中心です。誤答型を記録し比較表へ戻ってください。数値・手続の最新は公益財団法人 全日本不動産協会・公益財団法人 不動産流通推進センターの試験要項・法令改正情報で必ずご確認ください。 試験では都市計画法を軸に、関連条文・数値・主体の取り違えを照合してください。,「都市計画法の典型誤答（S43）」でよくある誤答パターンは？,主語不明;手続省略（試験では条件文の主語確認が得点の分かれ目） 誤答肢では誤答型分類の主語や条件が入れ替わることが多いので、比較表で整理してください。 過去問で正誤の型を分類し、試験要項で数値・期限を照合してください。,「都市計画法の典型誤答（S43）」の覚え方・確認手順は？,覚え方：「都市計画法→主語→条文」。 早見の要点：・要項確認 用語集→本ページ→過去問の順で往復し、正誤理由をメモに残してください。 過去問で正誤の型を分類し、試験要項で数値・期限を照合してください。,「都市計画法の典型誤答（S43）」の公式情報はどこで確認しますか？,試験論点・条文・数値の対応を比較表に整理し、過去問で正誤の型を分類してください。 過去問で正誤の型を分類し、試験要項で数値・期限を照合してください。 試験では都市計画法をセットで確認してください。 誤答では主語不明に注意してください。,2026-05-27
s43-kon-touki-kenri,登記・権利の典型誤答（S43）,権利関係,登記・権利;S43;誤答,登記・権利で頻出する誤答パターンを整理します。,登記・権利の主語・手続の混同。,"[{""topic"": ""用語"", ""wrong"": ""名称だけで判断"", ""correct"": ""主語を固定"", ""trap"": ""同義語入替""}, {""topic"": ""手順"", ""wrong"": ""順序逆転"", ""correct"": ""確認順固定"", ""trap"": ""類似混同""}, {""topic"": ""数値"", ""wrong"": ""単位未確認"", ""correct"": ""数値条件同時"", ""trap"": ""近似誤誘導""}, {""topic"": ""法令"", ""wrong"": ""旧条文流用"", ""correct"": ""最新照合"", ""trap"": ""手続混同""}]",登記・権利誤答対策｜S43,登記・権利の誤答は35条37条・報酬・登記の読み落としが中心です。誤答型を記録し比較表へ戻ってください。数値・手続の最新は公益財団法人 全日本不動産協会・公益財団法人 不動産流通推進センターの試験要項・法令改正情報で必ずご確認ください。,登記・権利;誤答型分類;S43,主語不明;手続省略（試験では条件文の主語確認が得点の分かれ目）,「登記・権利→主語→条文」。,物権変動;登記関係の国税のまとめ;抵当権,「登記・権利の典型誤答（S43）」の試験での位置づけは？,登記・権利の誤答は35条37条・報酬・登記の読み落としが中心です。誤答型を記録し比較表へ戻ってください。数値・手続の最新は公益財団法人 全日本不動産協会・公益財団法人 不動産流通推進センターの試験要項・法令改正情報で必ずご確認ください。 試験では登記・権利を軸に、関連条文・数値・主体の取り違えを照合してください。,「登記・権利の典型誤答（S43）」でよくある誤答パターンは？,主語不明;手続省略（試験では条件文の主語確認が得点の分かれ目） 誤答肢では誤答型分類の主語や条件が入れ替わることが多いので、比較表で整理してください。 過去問で正誤の型を分類し、試験要項で数値・期限を照合してください。,「登記・権利の典型誤答（S43）」の覚え方・確認手順は？,覚え方：「登記・権利→主語→条文」。 早見の要点：・要項確認 用語集→本ページ→過去問の順で往復し、正誤理由をメモに残してください。 過去問で正誤の型を分類し、試験要項で数値・期限を照合してください。,「登記・権利の典型誤答（S43）」の公式情報はどこで確認しますか？,試験論点・条文・数値の対応を比較表に整理し、過去問で正誤の型を分類してください。 過去問で正誤の型を分類し、試験要項で数値・期限を照合してください。 試験では登記・権利をセットで確認してください。 誤答では主語不明に注意してください。,2026-05-27
s43-kon-keiyaku-sekinin,契約不適合責任の典型誤答（S43）,権利関係,契約不適合責任;S43;誤答,契約不適合責任で頻出する誤答パターンを整理します。,契約不適合責任の主語・手続の混同。,"[{""topic"": ""用語"", ""wrong"": ""名称だけで判断"", ""correct"": ""主語を固定"", ""trap"": ""同義語入替""}, {""topic"": ""手順"", ""wrong"": ""順序逆転"", ""correct"": ""確認順固定"", ""trap"": ""類似混同""}, {""topic"": ""数値"", ""wrong"": ""単位未確認"", ""correct"": ""数値条件同時"", ""trap"": ""近似誤誘導""}, {""topic"": ""法令"", ""wrong"": ""旧条文流用"", ""correct"": ""最新照合"", ""trap"": ""手続混同""}]",契約不適合責任誤答対策｜S43,契約不適合責任の誤答は35条37条・報酬・登記の読み落としが中心です。誤答型を記録し比較表へ戻ってください。数値・手続の最新は公益財団法人 全日本不動産協会・公益財団法人 不動産流通推進センターの試験要項・法令改正情報で必ずご確認ください。,契約不適合責任;誤答型分類;S43,主語不明;手続省略（試験では条件文の主語確認が得点の分かれ目）,「契約不適合責任→主語→条文」。,契約不適合責任;契約不適合責任の特約制限;37条書面,「契約不適合責任の典型誤答（S43）」の試験での位置づけは？,契約不適合責任の誤答は35条37条・報酬・登記の読み落としが中心です。誤答型を記録し比較表へ戻ってください。数値・手続の最新は公益財団法人 全日本不動産協会・公益財団法人 不動産流通推進センターの試験要項・法令改正情報で必ずご確認ください。 試験では契約不適合責任を軸に、関連条文・数値・主体の取り違えを照合してください。,「契約不適合責任の典型誤答（S43）」でよくある誤答パターンは？,主語不明;手続省略（試験では条件文の主語確認が得点の分かれ目） 誤答肢では誤答型分類の主語や条件が入れ替わることが多いので、比較表で整理してください。 過去問で正誤の型を分類し、試験要項で数値・期限を照合してください。,「契約不適合責任の典型誤答（S43）」の覚え方・確認手順は？,覚え方：「契約不適合責任→主語→条文」。 早見の要点：・要項確認 用語集→本ページ→過去問の順で往復し、正誤理由をメモに残してください。 過去問で正誤の型を分類し、試験要項で数値・期限を照合してください。,「契約不適合責任の典型誤答（S43）」の公式情報はどこで確認しますか？,試験論点・条文・数値の対応を比較表に整理し、過去問で正誤の型を分類してください。 過去問で正誤の型を分類し、試験要項で数値・期限を照合してください。 試験では契約不適合責任をセットで確認してください。,2026-05-27
s43-kon-cooling-off,クーリングオフの典型誤答（S43）,宅建業法,クーリングオフ;S43;誤答,クーリングオフで頻出する誤答パターンを整理します。,クーリングオフの主語・手続の混同。,"[{""topic"": ""用語"", ""wrong"": ""名称だけで判断"", ""correct"": ""主語を固定"", ""trap"": ""同義語入替""}, {""topic"": ""手順"", ""wrong"": ""順序逆転"", ""correct"": ""確認順固定"", ""trap"": ""類似混同""}, {""topic"": ""数値"", ""wrong"": ""単位未確認"", ""correct"": ""数値条件同時"", ""trap"": ""近似誤誘導""}, {""topic"": ""法令"", ""wrong"": ""旧条文流用"", ""correct"": ""最新照合"", ""trap"": ""手続混同""}]",クーリングオフ誤答対策｜S43,クーリングオフの誤答は35条37条・報酬・登記の読み落としが中心です。誤答型を記録し比較表へ戻ってください。数値・手続の最新は公益財団法人 全日本不動産協会・公益財団法人 不動産流通推進センターの試験要項・法令改正情報で必ずご確認ください。,クーリングオフ;誤答型分類;S43,主語不明;手続省略（試験では条件文の主語確認が得点の分かれ目）,「クーリングオフ→主語→条文」。,クーリングオフ;手付解除;手付金等の保全措置,「クーリングオフの典型誤答（S43）」の試験での位置づけは？,クーリングオフの誤答は35条37条・報酬・登記の読み落としが中心です。誤答型を記録し比較表へ戻ってください。数値・手続の最新は公益財団法人 全日本不動産協会・公益財団法人 不動産流通推進センターの試験要項・法令改正情報で必ずご確認ください。 試験ではクーリングオフを軸に、関連条文・数値・主体の取り違えを照合してください。,「クーリングオフの典型誤答（S43）」でよくある誤答パターンは？,主語不明;手続省略（試験では条件文の主語確認が得点の分かれ目） 誤答肢では誤答型分類の主語や条件が入れ替わることが多いので、比較表で整理してください。 過去問で正誤の型を分類し、試験要項で数値・期限を照合してください。,「クーリングオフの典型誤答（S43）」の覚え方・確認手順は？,覚え方：「クーリングオフ→主語→条文」。 早見の要点：・要項確認 用語集→本ページ→過去問の順で往復し、正誤理由をメモに残してください。 過去問で正誤の型を分類し、試験要項で数値・期限を照合してください。,「クーリングオフの典型誤答（S43）」の公式情報はどこで確認しますか？,試験論点・条文・数値の対応を比較表に整理し、過去問で正誤の型を分類してください。 過去問で正誤の型を分類し、試験要項で数値・期限を照合してください。 試験ではクーリングオフをセットで確認してください。,2026-05-27
s43-kon-jusetsu-tsuika,重要事項追加の典型誤答（S43）,宅建業法,重要事項追加;S43;誤答,重要事項追加で頻出する誤答パターンを整理します。,重要事項追加の主語・手続の混同。,"[{""topic"": ""用語"", ""wrong"": ""名称だけで判断"", ""correct"": ""主語を固定"", ""trap"": ""同義語入替""}, {""topic"": ""手順"", ""wrong"": ""順序逆転"", ""correct"": ""確認順固定"", ""trap"": ""類似混同""}, {""topic"": ""数値"", ""wrong"": ""単位未確認"", ""correct"": ""数値条件同時"", ""trap"": ""近似誤誘導""}, {""topic"": ""法令"", ""wrong"": ""旧条文流用"", ""correct"": ""最新照合"", ""trap"": ""手続混同""}]",重要事項追加誤答対策｜S43,重要事項追加の誤答は35条37条・報酬・登記の読み落としが中心です。誤答型を記録し比較表へ戻ってください。数値・手続の最新は公益財団法人 全日本不動産協会・公益財団法人 不動産流通推進センターの試験要項・法令改正情報で必ずご確認ください。,重要事項追加;誤答型分類;S43,主語不明;手続省略（試験では条件文の主語確認が得点の分かれ目）,「重要事項追加→主語→条文」。,重要事項説明（35条書面）;37条書面;35条書面,「重要事項追加の典型誤答（S43）」の試験での位置づけは？,重要事項追加の誤答は35条37条・報酬・登記の読み落としが中心です。誤答型を記録し比較表へ戻ってください。数値・手続の最新は公益財団法人 全日本不動産協会・公益財団法人 不動産流通推進センターの試験要項・法令改正情報で必ずご確認ください。 試験では重要事項追加を軸に、関連条文・数値・主体の取り違えを照合してください。,「重要事項追加の典型誤答（S43）」でよくある誤答パターンは？,主語不明;手続省略（試験では条件文の主語確認が得点の分かれ目） 誤答肢では誤答型分類の主語や条件が入れ替わることが多いので、比較表で整理してください。 過去問で正誤の型を分類し、試験要項で数値・期限を照合してください。,「重要事項追加の典型誤答（S43）」の覚え方・確認手順は？,覚え方：「重要事項追加→主語→条文」。 早見の要点：・要項確認 用語集→本ページ→過去問の順で往復し、正誤理由をメモに残してください。 過去問で正誤の型を分類し、試験要項で数値・期限を照合してください。,「重要事項追加の典型誤答（S43）」の公式情報はどこで確認しますか？,試験論点・条文・数値の対応を比較表に整理し、過去問で正誤の型を分類してください。 過去問で正誤の型を分類し、試験要項で数値・期限を照合してください。 試験では重要事項追加をセットで確認してください。 誤答では主語不明に注意してください。,2026-05-27
s44-kon-takken-chokuzen,宅建士試験直前の典型誤答（S44）,試験対策,宅建士試験直前;S44;誤答,宅建士試験直前で頻出する誤答パターンを整理します。,宅建士試験直前の主語・手続の混同。,"[{""topic"": ""用語"", ""wrong"": ""名称だけで判断"", ""correct"": ""主語を固定"", ""trap"": ""同義語入替""}, {""topic"": ""手順"", ""wrong"": ""順序逆転"", ""correct"": ""確認順固定"", ""trap"": ""類似混同""}, {""topic"": ""数値"", ""wrong"": ""単位未確認"", ""correct"": ""数値条件同時"", ""trap"": ""近似誤誘導""}, {""topic"": ""法令"", ""wrong"": ""旧条文流用"", ""correct"": ""最新照合"", ""trap"": ""手続混同""}]",宅建士試験直前誤答対策｜S44,宅建士試験直前の誤答は35条37条・報酬・登記の読み落としが中心です。誤答型を記録し比較表へ戻ってください。数値・手続の最新は公益財団法人 全日本不動産協会・公益財団法人 不動産流通推進センターの試験要項・法令改正情報で必ずご確認ください。,宅建士試験直前;誤答型分類;S44,主語不明;手続省略（試験では条件文の主語確認が得点の分かれ目）,「宅建士試験直前→主語→条文」。,宅建の合格点・合格率;宅建の出題傾向分析;宅建士,「宅建士試験直前の典型誤答（S44）」の試験での位置づけは？,宅建士試験直前の誤答は35条37条・報酬・登記の読み落としが中心です。誤答型を記録し比較表へ戻ってください。数値・手続の最新は公益財団法人 全日本不動産協会・公益財団法人 不動産流通推進センターの試験要項・法令改正情報で必ずご確認ください。 試験では宅建士試験直前を軸に、関連条文・数値・主体の取り違えを照合してください。,「宅建士試験直前の典型誤答（S44）」でよくある誤答パターンは？,主語不明;手続省略（試験では条件文の主語確認が得点の分かれ目） 誤答肢では誤答型分類の主語や条件が入れ替わることが多いので、比較表で整理してください。 過去問で正誤の型を分類し、試験要項で数値・期限を照合してください。,「宅建士試験直前の典型誤答（S44）」の覚え方・確認手順は？,覚え方：「宅建士試験直前→主語→条文」。 早見の要点：・要項確認 用語集→本ページ→過去問の順で往復し、正誤理由をメモに残してください。 過去問で正誤の型を分類し、試験要項で数値・期限を照合してください。,「宅建士試験直前の典型誤答（S44）」の公式情報はどこで確認しますか？,試験論点・条文・数値の対応を比較表に整理し、過去問で正誤の型を分類してください。 過去問で正誤の型を分類し、試験要項で数値・期限を照合してください。 試験では宅建士試験直前をセットで確認してください。,2026-05-27
s44-kon-ju3537-shiage,35条37条総仕上げの典型誤答（S44）,宅建業法,35条37条総仕上げ;S44;誤答,35条37条総仕上げで頻出する誤答パターンを整理します。,35条37条総仕上げの主語・手続の混同。,"[{""topic"": ""用語"", ""wrong"": ""名称だけで判断"", ""correct"": ""主語を固定"", ""trap"": ""同義語入替""}, {""topic"": ""手順"", ""wrong"": ""順序逆転"", ""correct"": ""確認順固定"", ""trap"": ""類似混同""}, {""topic"": ""数値"", ""wrong"": ""単位未確認"", ""correct"": ""数値条件同時"", ""trap"": ""近似誤誘導""}, {""topic"": ""法令"", ""wrong"": ""旧条文流用"", ""correct"": ""最新照合"", ""trap"": ""手続混同""}]",35条37条総仕上げ誤答対策｜S44,35条37条総仕上げの誤答は35条37条・報酬・登記の読み落としが中心です。誤答型を記録し比較表へ戻ってください。数値・手続の最新は公益財団法人 全日本不動産協会・公益財団法人 不動産流通推進センターの試験要項・法令改正情報で必ずご確認ください。,35条37条総仕上げ;誤答型分類;S44,主語不明;手続省略（試験では条件文の主語確認が得点の分かれ目）,「35条37条総仕上げ→主語→条文」。,重要事項説明（35条書面）;37条書面;35条書面,「35条37条総仕上げの典型誤答（S44）」の試験での位置づけは？,35条37条総仕上げの誤答は35条37条・報酬・登記の読み落としが中心です。誤答型を記録し比較表へ戻ってください。数値・手続の最新は公益財団法人 全日本不動産協会・公益財団法人 不動産流通推進センターの試験要項・法令改正情報で必ずご確認く… 試験では35条37条総仕上げを軸に、関連条文・数値・主体の取り違えを照合してください。,「35条37条総仕上げの典型誤答（S44）」でよくある誤答パターンは？,主語不明;手続省略（試験では条件文の主語確認が得点の分かれ目） 誤答肢では誤答型分類の主語や条件が入れ替わることが多いので、比較表で整理してください。 過去問で正誤の型を分類し、試験要項で数値・期限を照合してください。,「35条37条総仕上げの典型誤答（S44）」の覚え方・確認手順は？,覚え方：「35条37条総仕上げ→主語→条文」。 早見の要点：・要項確認 用語集→本ページ→過去問の順で往復し、正誤理由をメモに残してください。 過去問で正誤の型を分類し、試験要項で数値・期限を照合してください。,「35条37条総仕上げの典型誤答（S44）」の公式情報はどこで確認しますか？,試験論点・条文・数値の対応を比較表に整理し、過去問で正誤の型を分類してください。 過去問で正誤の型を分類し、試験要項で数値・期限を照合してください。 試験では35条37条総仕上げをセットで確認してください。,2026-05-27
s44-kon-houshu-jogen,報酬上限計算の典型誤答（S44）,宅建業法,報酬上限計算;S44;誤答,報酬上限計算で頻出する誤答パターンを整理します。,報酬上限計算の主語・手続の混同。,"[{""topic"": ""用語"", ""wrong"": ""名称だけで判断"", ""correct"": ""主語を固定"", ""trap"": ""同義語入替""}, {""topic"": ""手順"", ""wrong"": ""順序逆転"", ""correct"": ""確認順固定"", ""trap"": ""類似混同""}, {""topic"": ""数値"", ""wrong"": ""単位未確認"", ""correct"": ""数値条件同時"", ""trap"": ""近似誤誘導""}, {""topic"": ""法令"", ""wrong"": ""旧条文流用"", ""correct"": ""最新照合"", ""trap"": ""手続混同""}]",報酬上限計算誤答対策｜S44,報酬上限計算の誤答は35条37条・報酬・登記の読み落としが中心です。誤答型を記録し比較表へ戻ってください。数値・手続の最新は公益財団法人 全日本不動産協会・公益財団法人 不動産流通推進センターの試験要項・法令改正情報で必ずご確認ください。,報酬上限計算;誤答型分類;S44,主語不明;手続省略（試験では条件文の主語確認が得点の分かれ目）,「報酬上限計算→主語→条文」。,報酬の計算（売買）;報酬額の掲示;報酬の明瞭化,「報酬上限計算の典型誤答（S44）」の試験での位置づけは？,報酬上限計算の誤答は35条37条・報酬・登記の読み落としが中心です。誤答型を記録し比較表へ戻ってください。数値・手続の最新は公益財団法人 全日本不動産協会・公益財団法人 不動産流通推進センターの試験要項・法令改正情報で必ずご確認ください。 試験では報酬上限計算を軸に、関連条文・数値・主体の取り違えを照合してください。,「報酬上限計算の典型誤答（S44）」でよくある誤答パターンは？,主語不明;手続省略（試験では条件文の主語確認が得点の分かれ目） 誤答肢では誤答型分類の主語や条件が入れ替わることが多いので、比較表で整理してください。 過去問で正誤の型を分類し、試験要項で数値・期限を照合してください。,「報酬上限計算の典型誤答（S44）」の覚え方・確認手順は？,覚え方：「報酬上限計算→主語→条文」。 早見の要点：・要項確認 用語集→本ページ→過去問の順で往復し、正誤理由をメモに残してください。 過去問で正誤の型を分類し、試験要項で数値・期限を照合してください。,「報酬上限計算の典型誤答（S44）」の公式情報はどこで確認しますか？,試験論点・条文・数値の対応を比較表に整理し、過去問で正誤の型を分類してください。 過去問で正誤の型を分類し、試験要項で数値・期限を照合してください。 試験では報酬上限計算をセットで確認してください。 誤答では主語不明に注意してください。,2026-05-27
s44-kon-shakuchi-sogo,借地借家総合の典型誤答（S44）,権利関係,借地借家総合;S44;誤答,借地借家総合で頻出する誤答パターンを整理します。,借地借家総合の主語・手続の混同。,"[{""topic"": ""用語"", ""wrong"": ""名称だけで判断"", ""correct"": ""主語を固定"", ""trap"": ""同義語入替""}, {""topic"": ""手順"", ""wrong"": ""順序逆転"", ""correct"": ""確認順固定"", ""trap"": ""類似混同""}, {""topic"": ""数値"", ""wrong"": ""単位未確認"", ""correct"": ""数値条件同時"", ""trap"": ""近似誤誘導""}, {""topic"": ""法令"", ""wrong"": ""旧条文流用"", ""correct"": ""最新照合"", ""trap"": ""手続混同""}]",借地借家総合誤答対策｜S44,借地借家総合の誤答は35条37条・報酬・登記の読み落としが中心です。誤答型を記録し比較表へ戻ってください。数値・手続の最新は公益財団法人 全日本不動産協会・公益財団法人 不動産流通推進センターの試験要項・法令改正情報で必ずご確認ください。,借地借家総合;誤答型分類;S44,主語不明;手続省略（試験では条件文の主語確認が得点の分かれ目）,「借地借家総合→主語→条文」。,借地借家法;法定更新;敷金・礼金,「借地借家総合の典型誤答（S44）」の試験での位置づけは？,借地借家総合の誤答は35条37条・報酬・登記の読み落としが中心です。誤答型を記録し比較表へ戻ってください。数値・手続の最新は公益財団法人 全日本不動産協会・公益財団法人 不動産流通推進センターの試験要項・法令改正情報で必ずご確認ください。 試験では借地借家総合を軸に、関連条文・数値・主体の取り違えを照合してください。,「借地借家総合の典型誤答（S44）」でよくある誤答パターンは？,主語不明;手続省略（試験では条件文の主語確認が得点の分かれ目） 誤答肢では誤答型分類の主語や条件が入れ替わることが多いので、比較表で整理してください。 過去問で正誤の型を分類し、試験要項で数値・期限を照合してください。,「借地借家総合の典型誤答（S44）」の覚え方・確認手順は？,覚え方：「借地借家総合→主語→条文」。 早見の要点：・要項確認 用語集→本ページ→過去問の順で往復し、正誤理由をメモに残してください。 過去問で正誤の型を分類し、試験要項で数値・期限を照合してください。,「借地借家総合の典型誤答（S44）」の公式情報はどこで確認しますか？,試験論点・条文・数値の対応を比較表に整理し、過去問で正誤の型を分類してください。 過去問で正誤の型を分類し、試験要項で数値・期限を照合してください。 試験では借地借家総合をセットで確認してください。 誤答では主語不明に注意してください。,2026-05-27
s44-kon-kubun-kanri,区分所有管理の典型誤答（S44）,権利関係,区分所有管理;S44;誤答,区分所有管理で頻出する誤答パターンを整理します。,区分所有管理の主語・手続の混同。,"[{""topic"": ""用語"", ""wrong"": ""名称だけで判断"", ""correct"": ""主語を固定"", ""trap"": ""同義語入替""}, {""topic"": ""手順"", ""wrong"": ""順序逆転"", ""correct"": ""確認順固定"", ""trap"": ""類似混同""}, {""topic"": ""数値"", ""wrong"": ""単位未確認"", ""correct"": ""数値条件同時"", ""trap"": ""近似誤誘導""}, {""topic"": ""法令"", ""wrong"": ""旧条文流用"", ""correct"": ""最新照合"", ""trap"": ""手続混同""}]",区分所有管理誤答対策｜S44,区分所有管理の誤答は35条37条・報酬・登記の読み落としが中心です。誤答型を記録し比較表へ戻ってください。数値・手続の最新は公益財団法人 全日本不動産協会・公益財団法人 不動産流通推進センターの試験要項・法令改正情報で必ずご確認ください。,区分所有管理;誤答型分類;S44,主語不明;手続省略（試験では条件文の主語確認が得点の分かれ目）,「区分所有管理→主語→条文」。,区分所有権;37条書面;賃貸借,「区分所有管理の典型誤答（S44）」の試験での位置づけは？,区分所有管理の誤答は35条37条・報酬・登記の読み落としが中心です。誤答型を記録し比較表へ戻ってください。数値・手続の最新は公益財団法人 全日本不動産協会・公益財団法人 不動産流通推進センターの試験要項・法令改正情報で必ずご確認ください。 試験では区分所有管理を軸に、関連条文・数値・主体の取り違えを照合してください。,「区分所有管理の典型誤答（S44）」でよくある誤答パターンは？,主語不明;手続省略（試験では条件文の主語確認が得点の分かれ目） 誤答肢では誤答型分類の主語や条件が入れ替わることが多いので、比較表で整理してください。 過去問で正誤の型を分類し、試験要項で数値・期限を照合してください。,「区分所有管理の典型誤答（S44）」の覚え方・確認手順は？,覚え方：「区分所有管理→主語→条文」。 早見の要点：・要項確認 用語集→本ページ→過去問の順で往復し、正誤理由をメモに残してください。 過去問で正誤の型を分類し、試験要項で数値・期限を照合してください。,「区分所有管理の典型誤答（S44）」の公式情報はどこで確認しますか？,試験論点・条文・数値の対応を比較表に整理し、過去問で正誤の型を分類してください。 過去問で正誤の型を分類し、試験要項で数値・期限を照合してください。 試験では区分所有管理をセットで確認してください。 誤答では主語不明に注意してください。,2026-05-27
s44-kon-toshi-hou,都市計画法の典型誤答（S44）,権利関係,都市計画法;S44;誤答,都市計画法で頻出する誤答パターンを整理します。,都市計画法の主語・手続の混同。,"[{""topic"": ""用語"", ""wrong"": ""名称だけで判断"", ""correct"": ""主語を固定"", ""trap"": ""同義語入替""}, {""topic"": ""手順"", ""wrong"": ""順序逆転"", ""correct"": ""確認順固定"", ""trap"": ""類似混同""}, {""topic"": ""数値"", ""wrong"": ""単位未確認"", ""correct"": ""数値条件同時"", ""trap"": ""近似誤誘導""}, {""topic"": ""法令"", ""wrong"": ""旧条文流用"", ""correct"": ""最新照合"", ""trap"": ""手続混同""}]",都市計画法誤答対策｜S44,都市計画法の誤答は35条37条・報酬・登記の読み落としが中心です。誤答型を記録し比較表へ戻ってください。数値・手続の最新は公益財団法人 全日本不動産協会・公益財団法人 不動産流通推進センターの試験要項・法令改正情報で必ずご確認ください。,都市計画法;誤答型分類;S44,主語不明;手続省略（試験では条件文の主語確認が得点の分かれ目）,「都市計画法→主語→条文」。,都市計画法;用途地域13種類;都市計画決定,「都市計画法の典型誤答（S44）」の試験での位置づけは？,都市計画法の誤答は35条37条・報酬・登記の読み落としが中心です。誤答型を記録し比較表へ戻ってください。数値・手続の最新は公益財団法人 全日本不動産協会・公益財団法人 不動産流通推進センターの試験要項・法令改正情報で必ずご確認ください。 試験では都市計画法を軸に、関連条文・数値・主体の取り違えを照合してください。,「都市計画法の典型誤答（S44）」でよくある誤答パターンは？,主語不明;手続省略（試験では条件文の主語確認が得点の分かれ目） 誤答肢では誤答型分類の主語や条件が入れ替わることが多いので、比較表で整理してください。 過去問で正誤の型を分類し、試験要項で数値・期限を照合してください。,「都市計画法の典型誤答（S44）」の覚え方・確認手順は？,覚え方：「都市計画法→主語→条文」。 早見の要点：・要項確認 用語集→本ページ→過去問の順で往復し、正誤理由をメモに残してください。 過去問で正誤の型を分類し、試験要項で数値・期限を照合してください。,「都市計画法の典型誤答（S44）」の公式情報はどこで確認しますか？,試験論点・条文・数値の対応を比較表に整理し、過去問で正誤の型を分類してください。 過去問で正誤の型を分類し、試験要項で数値・期限を照合してください。 試験では都市計画法をセットで確認してください。 誤答では主語不明に注意してください。,2026-05-27
s44-kon-touki-kenri,登記・権利の典型誤答（S44）,権利関係,登記・権利;S44;誤答,登記・権利で頻出する誤答パターンを整理します。,登記・権利の主語・手続の混同。,"[{""topic"": ""用語"", ""wrong"": ""名称だけで判断"", ""correct"": ""主語を固定"", ""trap"": ""同義語入替""}, {""topic"": ""手順"", ""wrong"": ""順序逆転"", ""correct"": ""確認順固定"", ""trap"": ""類似混同""}, {""topic"": ""数値"", ""wrong"": ""単位未確認"", ""correct"": ""数値条件同時"", ""trap"": ""近似誤誘導""}, {""topic"": ""法令"", ""wrong"": ""旧条文流用"", ""correct"": ""最新照合"", ""trap"": ""手続混同""}]",登記・権利誤答対策｜S44,登記・権利の誤答は35条37条・報酬・登記の読み落としが中心です。誤答型を記録し比較表へ戻ってください。数値・手続の最新は公益財団法人 全日本不動産協会・公益財団法人 不動産流通推進センターの試験要項・法令改正情報で必ずご確認ください。,登記・権利;誤答型分類;S44,主語不明;手続省略（試験では条件文の主語確認が得点の分かれ目）,「登記・権利→主語→条文」。,物権変動;登記関係の国税のまとめ;抵当権,「登記・権利の典型誤答（S44）」の試験での位置づけは？,登記・権利の誤答は35条37条・報酬・登記の読み落としが中心です。誤答型を記録し比較表へ戻ってください。数値・手続の最新は公益財団法人 全日本不動産協会・公益財団法人 不動産流通推進センターの試験要項・法令改正情報で必ずご確認ください。 試験では登記・権利を軸に、関連条文・数値・主体の取り違えを照合してください。,「登記・権利の典型誤答（S44）」でよくある誤答パターンは？,主語不明;手続省略（試験では条件文の主語確認が得点の分かれ目） 誤答肢では誤答型分類の主語や条件が入れ替わることが多いので、比較表で整理してください。 過去問で正誤の型を分類し、試験要項で数値・期限を照合してください。,「登記・権利の典型誤答（S44）」の覚え方・確認手順は？,覚え方：「登記・権利→主語→条文」。 早見の要点：・要項確認 用語集→本ページ→過去問の順で往復し、正誤理由をメモに残してください。 過去問で正誤の型を分類し、試験要項で数値・期限を照合してください。,「登記・権利の典型誤答（S44）」の公式情報はどこで確認しますか？,試験論点・条文・数値の対応を比較表に整理し、過去問で正誤の型を分類してください。 過去問で正誤の型を分類し、試験要項で数値・期限を照合してください。 試験では登記・権利をセットで確認してください。 誤答では主語不明に注意してください。,2026-05-27
s44-kon-keiyaku-sekinin,契約不適合責任の典型誤答（S44）,権利関係,契約不適合責任;S44;誤答,契約不適合責任で頻出する誤答パターンを整理します。,契約不適合責任の主語・手続の混同。,"[{""topic"": ""用語"", ""wrong"": ""名称だけで判断"", ""correct"": ""主語を固定"", ""trap"": ""同義語入替""}, {""topic"": ""手順"", ""wrong"": ""順序逆転"", ""correct"": ""確認順固定"", ""trap"": ""類似混同""}, {""topic"": ""数値"", ""wrong"": ""単位未確認"", ""correct"": ""数値条件同時"", ""trap"": ""近似誤誘導""}, {""topic"": ""法令"", ""wrong"": ""旧条文流用"", ""correct"": ""最新照合"", ""trap"": ""手続混同""}]",契約不適合責任誤答対策｜S44,契約不適合責任の誤答は35条37条・報酬・登記の読み落としが中心です。誤答型を記録し比較表へ戻ってください。数値・手続の最新は公益財団法人 全日本不動産協会・公益財団法人 不動産流通推進センターの試験要項・法令改正情報で必ずご確認ください。,契約不適合責任;誤答型分類;S44,主語不明;手続省略（試験では条件文の主語確認が得点の分かれ目）,「契約不適合責任→主語→条文」。,契約不適合責任;契約不適合責任の特約制限;37条書面,「契約不適合責任の典型誤答（S44）」の試験での位置づけは？,契約不適合責任の誤答は35条37条・報酬・登記の読み落としが中心です。誤答型を記録し比較表へ戻ってください。数値・手続の最新は公益財団法人 全日本不動産協会・公益財団法人 不動産流通推進センターの試験要項・法令改正情報で必ずご確認ください。 試験では契約不適合責任を軸に、関連条文・数値・主体の取り違えを照合してください。,「契約不適合責任の典型誤答（S44）」でよくある誤答パターンは？,主語不明;手続省略（試験では条件文の主語確認が得点の分かれ目） 誤答肢では誤答型分類の主語や条件が入れ替わることが多いので、比較表で整理してください。 過去問で正誤の型を分類し、試験要項で数値・期限を照合してください。,「契約不適合責任の典型誤答（S44）」の覚え方・確認手順は？,覚え方：「契約不適合責任→主語→条文」。 早見の要点：・要項確認 用語集→本ページ→過去問の順で往復し、正誤理由をメモに残してください。 過去問で正誤の型を分類し、試験要項で数値・期限を照合してください。,「契約不適合責任の典型誤答（S44）」の公式情報はどこで確認しますか？,試験論点・条文・数値の対応を比較表に整理し、過去問で正誤の型を分類してください。 過去問で正誤の型を分類し、試験要項で数値・期限を照合してください。 試験では契約不適合責任をセットで確認してください。,2026-05-27
s44-kon-cooling-off,クーリングオフの典型誤答（S44）,宅建業法,クーリングオフ;S44;誤答,クーリングオフで頻出する誤答パターンを整理します。,クーリングオフの主語・手続の混同。,"[{""topic"": ""用語"", ""wrong"": ""名称だけで判断"", ""correct"": ""主語を固定"", ""trap"": ""同義語入替""}, {""topic"": ""手順"", ""wrong"": ""順序逆転"", ""correct"": ""確認順固定"", ""trap"": ""類似混同""}, {""topic"": ""数値"", ""wrong"": ""単位未確認"", ""correct"": ""数値条件同時"", ""trap"": ""近似誤誘導""}, {""topic"": ""法令"", ""wrong"": ""旧条文流用"", ""correct"": ""最新照合"", ""trap"": ""手続混同""}]",クーリングオフ誤答対策｜S44,クーリングオフの誤答は35条37条・報酬・登記の読み落としが中心です。誤答型を記録し比較表へ戻ってください。数値・手続の最新は公益財団法人 全日本不動産協会・公益財団法人 不動産流通推進センターの試験要項・法令改正情報で必ずご確認ください。,クーリングオフ;誤答型分類;S44,主語不明;手続省略（試験では条件文の主語確認が得点の分かれ目）,「クーリングオフ→主語→条文」。,クーリングオフ;手付解除;手付金等の保全措置,「クーリングオフの典型誤答（S44）」の試験での位置づけは？,クーリングオフの誤答は35条37条・報酬・登記の読み落としが中心です。誤答型を記録し比較表へ戻ってください。数値・手続の最新は公益財団法人 全日本不動産協会・公益財団法人 不動産流通推進センターの試験要項・法令改正情報で必ずご確認ください。 試験ではクーリングオフを軸に、関連条文・数値・主体の取り違えを照合してください。,「クーリングオフの典型誤答（S44）」でよくある誤答パターンは？,主語不明;手続省略（試験では条件文の主語確認が得点の分かれ目） 誤答肢では誤答型分類の主語や条件が入れ替わることが多いので、比較表で整理してください。 過去問で正誤の型を分類し、試験要項で数値・期限を照合してください。,「クーリングオフの典型誤答（S44）」の覚え方・確認手順は？,覚え方：「クーリングオフ→主語→条文」。 早見の要点：・要項確認 用語集→本ページ→過去問の順で往復し、正誤理由をメモに残してください。 過去問で正誤の型を分類し、試験要項で数値・期限を照合してください。,「クーリングオフの典型誤答（S44）」の公式情報はどこで確認しますか？,試験論点・条文・数値の対応を比較表に整理し、過去問で正誤の型を分類してください。 過去問で正誤の型を分類し、試験要項で数値・期限を照合してください。 試験ではクーリングオフをセットで確認してください。,2026-05-27
s44-kon-jusetsu-tsuika,重要事項追加の典型誤答（S44）,宅建業法,重要事項追加;S44;誤答,重要事項追加で頻出する誤答パターンを整理します。,重要事項追加の主語・手続の混同。,"[{""topic"": ""用語"", ""wrong"": ""名称だけで判断"", ""correct"": ""主語を固定"", ""trap"": ""同義語入替""}, {""topic"": ""手順"", ""wrong"": ""順序逆転"", ""correct"": ""確認順固定"", ""trap"": ""類似混同""}, {""topic"": ""数値"", ""wrong"": ""単位未確認"", ""correct"": ""数値条件同時"", ""trap"": ""近似誤誘導""}, {""topic"": ""法令"", ""wrong"": ""旧条文流用"", ""correct"": ""最新照合"", ""trap"": ""手続混同""}]",重要事項追加誤答対策｜S44,重要事項追加の誤答は35条37条・報酬・登記の読み落としが中心です。誤答型を記録し比較表へ戻ってください。数値・手続の最新は公益財団法人 全日本不動産協会・公益財団法人 不動産流通推進センターの試験要項・法令改正情報で必ずご確認ください。,重要事項追加;誤答型分類;S44,主語不明;手続省略（試験では条件文の主語確認が得点の分かれ目）,「重要事項追加→主語→条文」。,重要事項説明（35条書面）;37条書面;35条書面,「重要事項追加の典型誤答（S44）」の試験での位置づけは？,重要事項追加の誤答は35条37条・報酬・登記の読み落としが中心です。誤答型を記録し比較表へ戻ってください。数値・手続の最新は公益財団法人 全日本不動産協会・公益財団法人 不動産流通推進センターの試験要項・法令改正情報で必ずご確認ください。 試験では重要事項追加を軸に、関連条文・数値・主体の取り違えを照合してください。,「重要事項追加の典型誤答（S44）」でよくある誤答パターンは？,主語不明;手続省略（試験では条件文の主語確認が得点の分かれ目） 誤答肢では誤答型分類の主語や条件が入れ替わることが多いので、比較表で整理してください。 過去問で正誤の型を分類し、試験要項で数値・期限を照合してください。,「重要事項追加の典型誤答（S44）」の覚え方・確認手順は？,覚え方：「重要事項追加→主語→条文」。 早見の要点：・要項確認 用語集→本ページ→過去問の順で往復し、正誤理由をメモに残してください。 過去問で正誤の型を分類し、試験要項で数値・期限を照合してください。,「重要事項追加の典型誤答（S44）」の公式情報はどこで確認しますか？,試験論点・条文・数値の対応を比較表に整理し、過去問で正誤の型を分類してください。 過去問で正誤の型を分類し、試験要項で数値・期限を照合してください。 試験では重要事項追加をセットで確認してください。 誤答では主語不明に注意してください。,2026-05-27
