slug,title,category,tags,summary,highlight,item_rows,article_title,article_lead,exam_points,common_mistakes,memory_tip,related_terms,faq_1_question,faq_1_answer,faq_2_question,faq_2_answer,faq_3_question,faq_3_answer,faq_4_question,faq_4_answer,fact_checked_at
takken-shiken-goukaku-shutsudai,宅建試験の合格点・足切り・出題形式,試験対策,合格点;出題形式;試験対策;宅建,宅建士試験の出題数・合格基準点・登録講習修了者の特例など、受験前に必ず把握すべき試験の「形式と数字」を総まとめ。,50問・120分・相対評価。科目別足切りなし。基準点は試験後発表。,"[{""item"": ""総出題数"", ""value"": ""50問"", ""note"": ""四肢択一式。登録講習修了者は5問免除で45問出題。""}, {""item"": ""試験時間"", ""value"": ""120分"", ""note"": ""5問免除者も同じ120分で45問を解答。""}, {""item"": ""合格判定"", ""value"": ""相対評価（総合点）"", ""note"": ""科目別足切りなし。基準点は試験後に国交省が発表。""}, {""item"": ""合格基準点"", ""value"": ""試験後に発表"", ""note"": ""例年35〜38点程度だが年度変動。固定36点ルールではない。""}, {""item"": ""5問免除（登録講習）"", ""value"": ""45問出題"", ""note"": ""登録講習修了で最終5問免除（正解扱い）。""}, {""item"": ""権利関係"", ""value"": ""14問"", ""note"": ""民法・借地借家法等。""}, {""item"": ""宅建業法"", ""value"": ""20問"", ""note"": ""出題最多。""}, {""item"": ""法令上の制限"", ""value"": ""8問"", ""note"": ""都計法・建基法等。""}, {""item"": ""税・その他"", ""value"": ""8問"", ""note"": ""税法・統計等。""}, {""item"": ""受験料"", ""value"": ""8,200円"", ""note"": ""RETIO要項（年度で改定の可能性）。""}, {""item"": ""試験実施日"", ""value"": ""10月第3日曜日"", ""note"": ""例年10月第3日曜日。""}]",宅建試験の「数字」を制する者が合格を制する,宅建士試験は毎年10月第3日曜日に実施される四肢択一50問・120分の試験です。現行制度では合格判定は相対評価による総合点で行われ、権利関係・宅建業法・法令上の制限・税その他の各科目ごとの足切り点は設けられていません。合格基準点は試験実施後に国土交通省が発表し、年度によって変動します。分野別の出題配分は宅建業法20問・権利関係14問・法令上の制限8問・税その他8問が基本です。登録講習修了者（宅建業従事者等）は5問免除があり45問出題ですが、免除5問は正解扱いとなります。旧制度にあった「総合36点かつ各科目7点以上」という足切り方式は、現行の50問試験では適用されません。,相対評価の総合点;科目別足切りなし;基準点は試験後発表;50問120分;旧36+7点は現行と不一致,各科目7点足切りがあると誤解;固定36点と暗記;旧制度の合格基準をそのまま使う,「50問120分・相対評価・足切りなし」,宅建士;宅建の合格点・合格率,合格点と足切りは？,総合36点以上、かつ権利関係・宅建業法・法令上の制限・税その他の各科目7点以上が必要です。どちらか一方だけでは合格できません。合格は総合36点以上かつ各科目7点以上の両方が必要。50問・120分・四肢択一が基本形式。,登録講習の5問免除はどのような仕組みですか？,宅建業に従事する者が登録講習を修了すると試験の最終5問が免除されます。45問出題・免除5問は正解扱いで、合格基準も同じ割合で設定されます。合格は総合36点以上かつ各科目7点以上の両方が必要。50問・120分・四肢択一が基本形式。,宅建業法は何問出題されますか？,20問出題されます。全体の40%を占める最重要分野で、高得点を目指すために完全正解を目標にすることが推奨されます。合格は総合36点以上かつ各科目7点以上の両方が必要。50問・120分・四肢択一が基本形式。,試験の申込から合格発表までのスケジュールは？,例年7月上旬に申込受付開始→10月第3日曜日に試験→11月下旬に合格発表というスケジュールです。合格後は登録実務講習等の手続きが必要です。合格は総合36点以上かつ各科目7点以上の両方が必要。50問・120分・四肢択一が基本形式。,2026-05-27
ju35-ju37-kigen,35条説明・37条交付・クーリングオフの期限,宅建業法,重要事項説明;37条書面;クーリングオフ;期限;宅建業法,宅建業法の35条（重要事項説明）・37条（契約締結時書面交付）・クーリングオフ行使期限の正確な数字と要件を整理。,重要事項説明は契約前・宅建士証提示必須。37条書面は遅滞なく交付。クーリングオフ行使期限は書面告知から8日以内。,"[{""item"": ""35条説明のタイミング"", ""value"": ""契約締結前"", ""note"": ""契約後では違反。口頭説明だけでも違反（書面交付必須）。""}, {""item"": ""35条説明の期限"", ""value"": ""原則8日以内"", ""note"": ""申込みから8日以内（自ら売主は2日以内）。契約前に完了。""}, {""item"": ""35条説明の実施者"", ""value"": ""宅建士（専任でなくてよい）"", ""note"": ""宅建士証を提示しなければならない。提示を求められなくても提示義務あり。""}, {""item"": ""37条書面の交付タイミング"", ""value"": ""遅滞なく（契約締結後）"", ""note"": ""「遅滞なく」は特定の日数規定なし。できる限り早くが原則。""}, {""item"": ""37条書面への記名"", ""value"": ""宅建士の記名（押印不要）"", ""note"": ""2022年改正で押印廃止。記名のみで足りる。""}, {""item"": ""クーリングオフ行使期限"", ""value"": ""告知日から8日以内"", ""note"": ""書面による告知から起算。8日目も含む（初日算入）。""}, {""item"": ""クーリングオフできない場合①"", ""value"": ""事務所等での契約"", ""note"": ""事務所・専任の置かれた案内所等で申込・契約した場合は適用外。""}, {""item"": ""クーリングオフできない場合②"", ""value"": ""物件引渡し＋代金全額支払い済み"", ""note"": ""両方が完了した場合は行使不可。片方だけでは不可にならない。""}, {""item"": ""クーリングオフの方法"", ""value"": ""書面（電磁的方法も可）"", ""note"": ""口頭は不可。書面発信主義（発信時点で効力発生）。""}, {""item"": ""クーリングオフ後の返還義務"", ""value"": ""速やかに全額返還"", ""note"": ""業者は損害賠償・違約金請求不可。申込証拠金も含め全額返還義務。""}, {""item"": ""35条説明の電磁的方法"", ""value"": ""相手方の承諾で可"", ""note"": ""IT重説も認められるが、宅建士証の提示に代わる措置が必要。""}]",35条・37条・クーリングオフ ── 宅建業法の「期限と義務」完全ガイド,宅建業法35条が定める重要事項説明は、必ず「契約締結前」に行わなければなりません。説明者は宅地建物取引士（専任宅建士でなくてもよい）で、宅建士証の提示が義務づけられています。相手方から提示を求められたときだけ提示すればよいと誤解されがちですが、求められなくても提示が必要です。書面の交付が必須で、口頭説明のみでは35条違反となります。37条書面（契約締結時書面）は、売買・交換・賃貸借の契約締結後「遅滞なく」交付します。「遅滞なく」には具体的な日数の規定がなく、実務上は契約締結当日〜数日内が想定されます。2022年の宅建業法改正により、37条書面への押印が廃止され宅建士の記名のみで足りるようになりました。電子書面での交付も相手方の承諾があれば認められています。クーリングオフは、事務所等以外の場所で買受申込または契約を行った買主が契約を解除できる制度です。行使できる期間は業者が書面でクーリングオフの告知をした日から8日以内（書面発信主義）。告知から8日を過ぎた場合、または物件の引渡しと代金全額の支払いが両方完了した後は行使できません。業者はクーリングオフに対して損害賠償や違約金を請求することは一切できません。,35条説明は契約締結前に行わなければならない（契約後は違反）;35条説明者は宅建士で宅建士証の提示が必須（求められなくても提示する）;37条書面は契約締結後に遅滞なく交付（具体的日数規定なし）;37条書面は2022年改正で押印廃止・宅建士の記名のみでよい;クーリングオフの行使期限は書面告知日から8日以内（書面発信主義）;物件引渡し＋代金全額支払い完了の両方が揃うとクーリングオフ不可;クーリングオフ後に業者は損害賠償・違約金を請求できない;事務所等（専任の置かれた案内所含む）での申込・契約はクーリングオフ対象外,37条書面の交付タイミングを「契約締結前」と誤解する（正しくは契約後）;クーリングオフの起算点を「申込日」とする誤り（正しくは書面告知日）;物件引渡しだけ完了すればクーリングオフ不可と誤解（代金全額支払いも必要）;35条説明を専任宅建士しかできないと誤解（専任でなくてよい）;クーリングオフを口頭で行使できると誤解（書面または電磁的方法のみ）;37条書面への押印が2022年後も必要と誤解（改正で廃止）,「35条は前・37条は後・クーリングオフは8日」の語呂で前後関係を整理しよう。,重要事項説明（35条書面）;37条書面;クーリングオフ;宅建士,35条の重要事項説明は誰が行わなければなりませんか？,宅地建物取引士（宅建士）が行います。専任宅建士である必要はありませんが、必ず宅建士証を提示して説明する義務があります。35条説明は契約締結前に行わなければならない（契約後は違反）。35条説明者は宅建士で宅建士証の提示が必須（求められなくても提示する）。,37条書面はいつまでに交付しますか？,契約締結後「遅滞なく」交付します。具体的な日数は定められていませんが、実務上は契約当日か数日内が原則です。2022年改正で押印は不要になりました。35条説明は契約締結前に行わなければならない（契約後は違反）。,クーリングオフはどのような場合に使えませんか？,事務所等で申込・契約した場合、または物件の引渡しと代金の全額支払いが両方完了した場合は行使できません。告知から8日経過後も同様です。35条説明は契約締結前に行わなければならない（契約後は違反）。35条説明者は宅建士で宅建士証の提示が必須（求められなくても提示する）。,クーリングオフの意思表示はどのように行いますか？,書面または電磁的方法で行います。口頭は認められません。書面発信主義のため、書面を発送した時点で効力が生じます。35条説明は契約締結前に行わなければならない（契約後は違反）。35条説明者は宅建士で宅建士証の提示が必須（求められなくても提示する）。,2026-05-27
tetsuki-hoshu-jogen,手付金・媒介報酬・空き家媒介の上限,宅建業法,手付金;媒介報酬;空き家特例;報酬上限;宅建業法,宅建業法が定める手付金の上限・保全義務の発生基準、媒介報酬の上限計算式、空き家・低廉物件の特例上限を正確に把握する。,手付金は売買代金の20%以内。未完成物件は5%or1000万超で保全。空き家媒介の報酬上限は売主・買主合計で税込33万円。,"[{""item"": ""手付金上限（業者が売主）"", ""value"": ""売買代金の20%以内"", ""note"": ""超えた部分は業者が受領できない（超えた分は返還義務）。""}, {""item"": ""手付金保全義務（未完成物件）"", ""value"": ""代金の5%超 or 1,000万円超"", ""note"": ""未完成物件はいずれかを超えた場合に保全措置が必要。""}, {""item"": ""手付金保全義務（完成物件）"", ""value"": ""代金の10%超 or 1,000万円超"", ""note"": ""完成物件は閾値が5%→10%に緩和される。""}, {""item"": ""媒介報酬上限（400万円超の売買）"", ""value"": ""（売買代金×3%＋6万円）×消費税"", ""note"": ""速算式の基本形。消費税10%なら（3%＋6万）×1.1。""}, {""item"": ""媒介報酬上限（200万円超400万円以下）"", ""value"": ""（売買代金×4%＋2万円）×消費税"", ""note"": ""中間帯の計算式。実務ではレインズ上の通常案件はほぼ400万超。""}, {""item"": ""媒介報酬上限（200万円以下）"", ""value"": ""売買代金×5%×消費税"", ""note"": ""最も低い価格帯。""}, {""item"": ""400万円以下の速算（実務簡便）"", ""value"": ""税別16万円＋3%分"", ""note"": ""200万以下5%・200〜400万4%+2万を合算すると税別16万+3%。試験では正確な計算式を使うこと。""}, {""item"": ""空き家・低廉物件の特例報酬上限"", ""value"": ""売主・買主それぞれ税込33万円（合計66万円）"", ""note"": ""売買代金400万円以下の空き家等。現地調査費用を合算した特例。片方は通常上限を超えられない場合あり。""}, {""item"": ""賃貸の報酬上限（媒介）"", ""value"": ""賃料1か月分×消費税（貸主・借主合計）"", ""note"": ""居住用建物は借主側の承諾なければ0.5か月分まで。""}, {""item"": ""手付の性質"", ""value"": ""解約手付（原則）"", ""note"": ""業者が売主の場合、手付は解約手付として機能。相手が履行着手前なら解除可能。""}]",手付金・媒介報酬・空き家特例 ── 宅建業法の「上限金額」徹底解説,"宅建業者が売主となる売買契約において、手付金は売買代金の20%を超えて受領することができません。また、受領した手付金が「未完成物件では代金の5%超または1,000万円超」「完成物件では10%超または1,000万円超」に達する場合は、保全措置（銀行保証・保険・指定保管機関への預託など）を講じなければなりません。この閾値を正確に覚えることが、宅建業法の得点アップに直結します。媒介報酬の上限は価格帯によって計算式が異なります。売買代金400万円超では「代金×3%＋6万円」（税別）が上限で、200万円超400万円以下では「代金×4%＋2万円」、200万円以下では「代金×5%」となります。これら三段階を合算した速算として、400万円超の物件では「税別16万円＋代金×3%」という近似式がよく使われますが、試験では厳密な計算式で解答することが必要です。2024年改正（施行）で注目されるのが低廉な空き家等の媒介報酬特例です。売買代金400万円以下の物件について、売主から受け取れる報酬上限が通常の計算式（税別約19.8万円）ではなく「税込33万円」に引き上げられました。さらに売主・買主双方から合計税込66万円まで受領できる特例があります。現地調査費用相当分を上乗せできるこの特例は空き家流通促進政策の一環であり、試験でも近年出題頻度が上昇しています。","手付金上限は売買代金の20%（業者が売主の場合）;未完成物件の保全義務発生は代金の5%超または1,000万円超のいずれか;完成物件の保全義務発生は代金の10%超または1,000万円超;400万円超の媒介報酬上限は代金×3%＋6万円（税別）;200〜400万円は代金×4%＋2万円、200万以下は代金×5%（いずれも税別）;空き家等（400万円以下）の報酬特例は売主から税込33万円まで;賃貸媒介の報酬は貸主・借主合計で賃料1か月分×消費税が上限;手付は業者売主の場合は解約手付として機能し相手の履行着手前なら解除可能",未完成物件の保全義務の閾値を10%と誤解する（正しくは5%）;空き家特例の33万円が「税抜き」と誤解する（消費税込み33万円）;媒介報酬の速算16万+3%を試験に使いそのまま答える（正確な段階計算が必要）;賃貸媒介で借主から1か月分全額受領できると誤解（居住用は承諾なければ0.5か月）;手付金20%上限を「保全義務の閾値」と混同する;400万円以下の空き家特例が買主側にも同額適用されると誤解,「未完成5%・完成10%」「400万超3%+6万」「空き家33万」の三つの数字セットを丸ごと暗記。,手付の種類;手付解除;報酬の計算（売買）;手付金等の保全措置,業者が売主の場合、手付金の上限はいくらですか？,"売買代金の20%以内です。超えた分は業者が受領できず、万が一受領した場合は返還義務が生じます。この制限は業者以外が売主の場合には適用されません。手付金上限は売買代金の20%（業者が売主の場合）。未完成物件の保全義務発生は代金の5%超または1,000万円超のいずれか。",未完成物件の手付金保全義務はいくらから発生しますか？,"受領する手付金が売買代金の5%を超える場合、または1,000万円を超える場合に保全措置が必要です。完成物件は10%超または1,000万円超と閾値が異なります。手付金上限は売買代金の20%（業者が売主の場合）。",空き家の媒介報酬特例はどのような内容ですか？,売買代金400万円以下の空き家等について、売主から受領できる媒介報酬の上限が税込33万円に引き上げられます。通常の上限（約19.8万円税込）より大きな額を受領できます。手付金上限は売買代金の20%（業者が売主の場合）。,400万円の物件の媒介報酬上限はいくらですか？,200万円超400万円以下の計算式「代金×4%＋2万円」を適用すると税別18万円、消費税10%で税込19.8万円が上限です。空き家特例なら税込33万円まで認められます。手付金上限は売買代金の20%（業者が売主の場合）。,2026-05-27
teitiku-nensu-koushin,借地借家の存続期間・更新,権利関係,借地借家法;存続期間;更新;普通借地権;定期借地権,借地借家法が定める普通借地権・定期借地権・普通借家権・定期借家権の存続期間・更新ルールを数字で整理する。,普通借地権の最初の存続期間は30年以上。定期借地権は更新なし・50年以上。普通借家は1年以上（1年未満は期間の定めなし）。,"[{""item"": ""普通借地権 最初の存続期間"", ""value"": ""30年以上"", ""note"": ""30年未満の特約は無効（30年とみなす）。上限なし。""}, {""item"": ""普通借地権 1回目の更新後"", ""value"": ""20年以上"", ""note"": ""最初の更新後は20年。2回目以降は10年以上。""}, {""item"": ""普通借地権 2回目以降の更新"", ""value"": ""10年以上"", ""note"": ""借地人からの更新請求・法定更新あり（正当事由がなければ拒否不可）。""}, {""item"": ""一般定期借地権"", ""value"": ""50年以上（更新なし）"", ""note"": ""公正証書等の書面による特約が必要。期間満了で終了・更新なし。""}, {""item"": ""事業用定期借地権①"", ""value"": ""10年以上30年未満"", ""note"": ""事業用のみ。必ず公正証書で締結。住居用には使えない。""}, {""item"": ""事業用定期借地権②"", ""value"": ""30年以上50年未満"", ""note"": ""上の「10〜30年」と合わせて「10年以上50年未満」が事業用定期借地権の範囲。""}, {""item"": ""建物譲渡特約付借地権"", ""value"": ""30年以上（更新なし）"", ""note"": ""期間満了時に建物を地主が買い取ることを特約する。""}, {""item"": ""普通借家権 最短期間"", ""value"": ""1年以上"", ""note"": ""1年未満の契約は「期間の定めのない契約」として扱われる。""}, {""item"": ""定期借家権 最短期間"", ""value"": ""規定なし（1年未満も可）"", ""note"": ""書面（公正証書でなくてもよい）で契約し、事前に書面による説明が必要。""}, {""item"": ""普通借家の法定更新"", ""value"": ""同一条件で更新（拒否には正当事由）"", ""note"": ""期間満了の1年〜6か月前に更新拒絶通知が必要。正当事由なければ法定更新。""}]",借地借家法の「期間と更新」── 数字で攻略する権利関係の最重要分野,借地借家法は、土地・建物の賃借人を強く保護するための特別法です。普通借地権の最初の存続期間は「30年以上」と定められており、これより短い特約を結んでも無効（30年とみなす）になります。更新後の期間は1回目が20年以上、2回目以降は10年以上と段階的に短くなります。地主が更新を拒絶するには「正当事由」が必要で、単に「返してほしい」という理由だけでは認められません。定期借地権には三種類あります。一般定期借地権は50年以上で書面による特約が必要、更新はありません。事業用定期借地権は10年以上50年未満で、必ず公正証書で締結しなければならず、住居用建物には使えません。建物譲渡特約付借地権は30年以上で、期間満了時に地主が建物を買い取る特約を付けます。これら三種類の違い（特に存続期間・書面要件・用途制限）は頻出の比較問題に直結します。借家権については、普通借家契約で1年未満の期間を定めると「期間の定めのない契約」として扱われます。定期借家契約は1年未満でも有効で、書面（公正証書不要）により締結し、事前の書面説明義務があります。普通借家では期間満了の1年〜6か月前に更新拒絶通知をしないと法定更新が成立し、正当事由がなければ家主は更新を拒否できません。定期借家は期間満了で終了し更新はありません。,普通借地権の最初の存続期間は30年以上（30年未満の特約は無効）;更新後は1回目20年以上・2回目以降10年以上;一般定期借地権は50年以上で書面特約が必要・更新なし;事業用定期借地権は10年以上50年未満で公正証書が必須・住居用不可;建物譲渡特約付借地権は30年以上で期間満了時に地主が建物を買い取る;普通借家で1年未満の期間を定めると期間の定めのない契約として扱われる;定期借家は1年未満でも有効・書面（公正証書不要）で締結・事前書面説明が必要;普通借家の更新拒絶には1〜6か月前の通知と正当事由が必要,普通借地権の更新後が「30年以上」のままと誤解する（1回目更新後は20年以上）;事業用定期借地権を普通証書で締結できると誤解（必ず公正証書）;定期借家も公正証書が必要と誤解（書面ならよく公正証書不要）;一般定期借地権の最短期間を30年と誤解する（正しくは50年以上）;普通借家で1年未満の契約が「無効」になると誤解（無効ではなく期間の定めなしと扱う）,「普通借地30→更新20→10」「定期借地一般50・事業10〜50・建物譲渡30」の数字列を声に出して覚えよう。,借地借家法;定期借地権・定期借家権;正当事由,「借地借家の存続期間・更新」の試験での位置づけは？,借地借家法は、土地・建物の賃借人を強く保護するための特別法です。普通借地権の最初の存続期間は「30年以上」と定められており、これより短い特約を結んでも無効（30年とみなす）になります。更新後の期間は1回目が20年以上、2回目以降は10年以… 試験では普通借地権の最初の存続期間は30年以上（30年未満の特約は無効）を軸に、関連条文・数値・主体の取り違えを確認してください。,「借地借家の存続期間・更新」でよくある誤答パターンは？,普通借地権の更新後が「30年以上」のままと誤解する（1回目更新後は20年以上）;事業用定期借地権を普通証書で締結できると誤解（必ず公正証書）;定期借家も公正証書が必要と誤解（書面ならよく公正証書不要… 誤答肢では更新後は1回目20年以上・2回目以降10年以上の主語や条件が入れ替わることが多いので、比較表で整理してください。,「借地借家の存続期間・更新」の覚え方・確認手順は？,覚え方：「普通借地30→更新20→10」「定期借地一般50・事業10〜50・建物譲渡30」の数字列を声に出して覚えよう。 早見の要点：普通借地権の最初の存続期間は30年以上。定期借地権は更新なし・50年以上。普通借家は1年以上（1年未満は期間の定めなし… 用語集→本ページ→過去問の順で往復し、正誤理由をメモに残してください。,「借地借家の存続期間・更新」の公式情報はどこで確認しますか？,数値・期限・合格基準・制度改正は年度で変わります。学習中も試験要項・施行規則・実施団体の公式サイトで最新情報を確認してください。 過去問で正誤の型を分類し、公式要項で数値・期限を確認してください。 試験では普通借地権の最初の存続期間は30年以上（30年未満の特約は無効）をセットで確認してください。,2026-05-27
seinin-hogo-nenrei,成年・保佐・後見の年齢・制限行為能力者,権利関係,成年年齢;未成年;後見;保佐;補助;制限行為能力者,民法改正後の成年年齢18歳・未成年者の法律行為・後見・保佐・補助の区分と同意権・取消権の範囲を数字で整理する。,2022年4月施行の改正民法で成年年齢が20歳から18歳に引き下げ。後見は日常生活行為以外を取消可能。保佐・補助は同意権の範囲が異なる。,"[{""item"": ""成年年齢"", ""value"": ""18歳（2022年4月改正）"", ""note"": ""2022年4月1日以降は18歳が成年。それ以前の契約への影響に注意。""}, {""item"": ""未成年者の単独行為"", ""value"": ""取消可能（原則）"", ""note"": ""法定代理人の同意なしでした行為は取り消せる。ただし「単に利益を得る行為」などは単独でできる。""}, {""item"": ""成年後見（後見人）"", ""value"": ""日常生活行為以外は取消可能"", ""note"": ""被後見人の行為は日常生活に関するもの以外すべて取消権あり。後見人に同意権はない（取消権と代理権のみ）。""}, {""item"": ""保佐（保佐人）"", ""value"": ""民法13条1項の重要行為に同意権"", ""note"": ""借財・保証・不動産売買など重要行為に同意権。同意なしの行為は取消可能。審判で同意権拡張可能。""}, {""item"": ""補助（補助人）"", ""value"": ""審判で定めた行為に同意権"", ""note"": ""補助は任意後見に最も近い軽度の制限。本人の申立または同意が必要。""}, {""item"": ""後見・保佐・補助の開始"", ""value"": ""家庭裁判所の審判で開始"", ""note"": ""本人・配偶者・4親等以内の親族等が申立できる。""}, {""item"": ""日用品購入等の例外"", ""value"": ""後見人がいても単独で可能"", ""note"": ""日常の買い物など「日常生活に関する行為」は被後見人も単独でできる。取消不可。""}, {""item"": ""婚姻年齢"", ""value"": ""男女ともに18歳以上"", ""note"": ""2022年改正で女性の婚姻年齢が16歳→18歳に統一。成年年齢と一致。""}, {""item"": ""未成年後見人の数"", ""value"": ""複数選任可"", ""note"": ""従来は1人限定だったが改正で複数の未成年後見人・法人後見人が可能に。""}, {""item"": ""取消権の行使期限"", ""value"": ""追認可能時から5年・行為時から20年"", ""note"": ""制限行為能力を理由とする取消権は一定期間内に行使しなければ消滅。""}]",成年年齢18歳・後見・保佐・補助 ── 制限行為能力者の「数字」ガイド,2022年4月1日施行の改正民法により、成年年齢が従来の20歳から18歳に引き下げられました。これにより、18歳・19歳は法定代理人の同意なしに単独で有効な法律行為（不動産売買・ローン契約など）ができます。一方で、未成年者が法定代理人の同意なしに行った行為は、原則として取り消すことができます。ただし「単に利益を得る行為」や「義務を免れる行為」は同意なしでも単独でできます。制限行為能力者には「未成年者・成年被後見人・被保佐人・被補助人」の四類型があります。成年被後見人（精神上の障害で判断能力を欠く状態）は、日常生活に関する行為以外は後見人が代理または取消できます。被保佐人（精神上の障害で判断能力が著しく不十分）は民法13条1項に列挙された重要行為（借財・不動産売買等）について保佐人の同意が必要で、同意なしでした行為は取り消せます。被補助人は審判で定めた範囲の行為に同意権が及びます。宅建試験では「どの類型の制限行為能力者が・どのような行為を・単独でできるか／できないか」という問題が頻出します。特に「後見人には同意権がない（取消権と代理権のみ）」「日常生活行為は後見人がいても単独でできる」「補助人の同意権は審判で定められた行為に限定される」という三点を正確に記憶することが重要です。取消権には「追認可能時から5年」「行為時から20年」の消滅時効があります。,成年年齢は2022年4月改正で20歳→18歳に引き下げ;未成年者が法定代理人の同意なしに行った行為は原則取消可能;成年後見人には同意権はなく取消権と代理権のみ;被後見人の日常生活行為は取消不可（後見人も取り消せない）;被保佐人の重要行為（民法13条1項）は保佐人の同意が必要;被補助人の同意権は審判で定めた行為のみ・補助は本人同意が必要;制限行為能力を理由とする取消権は追認可能時から5年・行為時から20年で消滅;婚姻年齢は男女ともに18歳以上（2022年改正）,成年年齢をいまだ20歳と覚えている（2022年4月改正で18歳）;後見人にも同意権があると誤解する（後見人は取消権・代理権のみ）;被後見人の日常生活行為を後見人が取り消せると誤解;被補助人の同意権の範囲がすべての行為に及ぶと誤解（審判で定めた行為のみ）;取消権の消滅時効を「5年のみ」と覚える（追認可能時から5年 かつ 行為時から20年の両方）,「後見：同意権なし・日常は単独可」「保佐：13条1項の重要行為に同意権」「補助：審判範囲のみ」の三段階を表で整理。,制限行為能力者;意思表示,2022年の民法改正で何が変わりましたか？,成年年齢が20歳から18歳に引き下げられました。これにより18歳・19歳も単独で有効な契約ができるようになりました。また婚姻年齢も男女ともに18歳以上に統一されました。成年年齢は2022年4月改正で20歳→18歳に引き下げ。,成年後見人は被後見人の行為に同意できますか？,同意権はありません。後見人には代理権と取消権のみがあります。被後見人が行った日常生活行為以外の行為は後見人が取り消すことができます。成年年齢は2022年4月改正で20歳→18歳に引き下げ。未成年者が法定代理人の同意なしに行った行為は原則取消可能。,被保佐人はどのような行為に保佐人の同意が必要ですか？,民法13条1項に列挙された重要行為（借財・保証・不動産の売買・贈与・訴訟行為など）が対象です。それ以外の日常的な行為は単独で行えます。成年年齢は2022年4月改正で20歳→18歳に引き下げ。未成年者が法定代理人の同意なしに行った行為は原則取消可能。,制限行為能力を理由とする取消権はいつまで行使できますか？,追認できる状態になったときから5年、または行為のときから20年が経過すると取消権は消滅します。どちらか早い方が到来した時点で消滅します。成年年齢は2022年4月改正で20歳→18歳に引き下げ。未成年者が法定代理人の同意なしに行った行為は原則取消可能。,2026-05-27
zeiritsu-kotei-toshi,固定資産税・都市計画税の税率,税・その他,固定資産税;都市計画税;税率;住宅用地特例;免税点,固定資産税・都市計画税の標準税率・制限税率・住宅用地特例・免税点・課税標準の軽減措置を数字で総まとめ。,固定資産税の標準税率は1.4%。都市計画税の制限税率は0.3%。住宅用地は小規模（200㎡以下）で固定資産税1/6・都計税1/3に軽減。,"[{""item"": ""固定資産税 標準税率"", ""value"": ""1.4%"", ""note"": ""市町村が条例で別の税率を定めることができる（標準税率であり法定税率ではない）。""}, {""item"": ""都市計画税 制限税率"", ""value"": ""0.3%（上限）"", ""note"": ""市街化区域内の土地・建物に課税。0.3%を超える税率は設定不可。""}, {""item"": ""固定資産税 免税点（土地）"", ""value"": ""30万円"", ""note"": ""課税標準額が30万円未満は非課税。""}, {""item"": ""固定資産税 免税点（建物）"", ""value"": ""20万円"", ""note"": ""課税標準額が20万円未満は非課税。""}, {""item"": ""固定資産税 免税点（償却資産）"", ""value"": ""150万円"", ""note"": ""事業用の機械・器具等。課税標準150万円未満は非課税。""}, {""item"": ""小規模住宅用地（200㎡以下）固定資産税"", ""value"": ""課税標準 × 1/6"", ""note"": ""200㎡以下の部分を小規模住宅用地という。固定資産税は1/6に軽減。""}, {""item"": ""小規模住宅用地（200㎡以下）都市計画税"", ""value"": ""課税標準 × 1/3"", ""note"": ""小規模住宅用地の都市計画税は1/3に軽減。""}, {""item"": ""一般住宅用地（200㎡超）固定資産税"", ""value"": ""課税標準 × 1/3"", ""note"": ""200㎡超の住宅用地部分は固定資産税が1/3（小規模より軽減率が低い）。""}, {""item"": ""一般住宅用地（200㎡超）都市計画税"", ""value"": ""課税標準 × 2/3"", ""note"": ""200㎡超の住宅用地の都市計画税は2/3に軽減。""}, {""item"": ""固定資産税の課税基準日"", ""value"": ""1月1日"", ""note"": ""毎年1月1日時点の所有者（固定資産課税台帳の登録者）に課税。年途中の売買でも買主に課税されない（その年の税は売主）。""}, {""item"": ""新築住宅の軽減（固定資産税）"", ""value"": ""税額の1/2・3年間"", ""note"": ""一定の新築住宅は固定資産税の建物分が3年間1/2に軽減（3階建以上の耐火等は5年間）。""}]",固定資産税・都市計画税 ── 税率と特例の「数字」完全攻略,固定資産税は、毎年1月1日時点の固定資産（土地・建物・償却資産）の所有者に対して市町村が課税する税です。標準税率は1.4%ですが、市町村は条例により異なる税率を定めることができます（標準税率であって固定の法定税率ではありません）。免税点は土地30万円・建物20万円・償却資産150万円で、課税標準がこれを下回る場合は非課税です。住宅用地には課税標準の軽減特例があります。200㎡以下の「小規模住宅用地」は固定資産税の課税標準が1/6、都市計画税の課税標準が1/3に軽減されます。200㎡超の「一般住宅用地」部分は固定資産税が1/3、都市計画税が2/3に軽減されます。この軽減は適用漏れが試験でも問われるため、「200㎡で区切る・固定は1/6と1/3・都計は1/3と2/3」の対比を正確に把握してください。都市計画税は市街化区域内の土地・建物に課される目的税で、制限税率（上限）は0.3%です。0.3%を超える税率を条例で定めることはできません。また新築住宅については建物分の固定資産税が一定期間（原則3年間、耐火・準耐火3階建以上は5年間）1/2に軽減される特例があります。この期間を「3年か5年か」は建物の構造・階数で判断します。,固定資産税の標準税率は1.4%（法定税率ではなく標準税率）;都市計画税の制限税率（上限）は0.3%;土地の免税点30万円・建物20万円・償却資産150万円;小規模住宅用地（200㎡以下）は固定資産税1/6・都市計画税1/3;一般住宅用地（200㎡超）は固定資産税1/3・都市計画税2/3;固定資産税の課税基準日は毎年1月1日時点の所有者;新築住宅の固定資産税は原則3年間1/2軽減（耐火等3階建以上は5年間）;都市計画税は市街化区域内の土地・建物のみに課される,固定資産税の標準税率1.4%を「法定税率」と誤解し変更不可と思う;小規模住宅用地の固定資産税軽減を1/3と誤解する（正しくは1/6）;都市計画税の制限税率を0.4%と誤解する（正しくは0.3%）;新築住宅の軽減が土地にも適用されると誤解（建物分のみ）;年途中に不動産を売買した年の固定資産税が買主に転嫁されると誤解（その年の税は1月1日の所有者＝売主）,「固定1.4%・都計0.3%」「小規模200㎡：固定1/6・都計1/3」「一般：固定1/3・都計2/3」を表で見比べて覚える。,固定資産税;都市計画税,固定資産税の税率は全国一律ですか？,いいえ。標準税率1.4%を基本として市町村が条例で別の税率を定めることができます。標準税率であり固定の法定税率ではないため、自治体によって異なる場合があります。固定資産税の標準税率は1.4%（法定税率ではなく標準税率）。,小規模住宅用地の固定資産税はどの程度軽減されますか？,200㎡以下の小規模住宅用地は、課税標準が通常の1/6に軽減されます。都市計画税は1/3に軽減されます。200㎡超の一般住宅用地は固定資産税1/3・都市計画税2/3です。固定資産税の標準税率は1.4%（法定税率ではなく標準税率）。,年途中に不動産を購入した場合、固定資産税はどうなりますか？,固定資産税はその年の1月1日時点の所有者に課税されます。年途中に購入しても、その年の固定資産税は売主（元の所有者）に課税され、買主は翌年1月1日から課税対象になります。固定資産税の標準税率は1.4%（法定税率ではなく標準税率）。,新築住宅の固定資産税軽減はどのくらいの期間ですか？,一般住宅は3年間、3階建以上の耐火・準耐火建築物は5年間、固定資産税の建物分が1/2に軽減されます。土地分は対象外です。固定資産税の標準税率は1.4%（法定税率ではなく標準税率）。都市計画税の制限税率（上限）は0.3%。,2026-05-27
yoto-kenpei-yoseki,用途地域の建ぺい率・容積率（主要8地域）,法令上の制限,建ぺい率;容積率;用途地域;建築基準法;都市計画,建築基準法が定める主要8用途地域の建ぺい率・容積率の基本数値と緩和・制限条件を整理する。試験頻出の数値を網羅。,第一種低層住居専用地域は建ぺい率30〜60%・容積率50〜200%。商業地域は建ぺい率80%・容積率200〜1300%と最も高密度。,"[{""item"": ""第一種低層住居専用地域（一低）"", ""value"": ""建ぺい率30〜60% / 容積率50〜200%"", ""note"": ""都市計画で定める。試験では代表値60%/200%がよく使われる。絶対高さ制限（10mまたは12m）あり。""}, {""item"": ""第二種中高層住居専用地域（二中）"", ""value"": ""建ぺい率30〜60% / 容積率100〜300%"", ""note"": ""中高層住宅が中心。試験では50%/150%が代表値として登場することが多い。""}, {""item"": ""第一種住居地域（一住）"", ""value"": ""建ぺい率50〜80% / 容積率100〜500%"", ""note"": ""住宅中心だが一定規模の店舗等も建設可能。代表値60%/200%。""}, {""item"": ""準工業地域（準工）"", ""value"": ""建ぺい率50〜60% / 容積率100〜400%"", ""note"": ""軽工業系。危険・環境悪化のおそれが大きい工場は不可。代表値60%/200%。""}, {""item"": ""工業地域（工）"", ""value"": ""建ぺい率50〜60% / 容積率100〜400%"", ""note"": ""工場が主。住宅建設は可能。学校・病院・ホテルは原則不可。代表値60%/200%。""}, {""item"": ""近隣商業地域（近商）"", ""value"": ""建ぺい率60〜80% / 容積率100〜500%"", ""note"": ""日常的商業サービス。代表値80%/300%（または80%/400%）。""}, {""item"": ""商業地域（商）"", ""value"": ""建ぺい率80% / 容積率200〜1300%"", ""note"": ""唯一建ぺい率が80%固定（都市計画で変更不可）。容積率の最大値が最も高い地域。""}, {""item"": ""工業専用地域（工専）"", ""value"": ""建ぺい率30〜60% / 容積率100〜300%"", ""note"": ""住宅建設が禁止されている唯一の用途地域。代表値60%/200%。""}, {""item"": ""建ぺい率緩和（防火地域内耐火建築物）"", ""value"": ""+10%（上限100%可）"", ""note"": ""防火地域内で耐火建築物を建設すると建ぺい率が10%加算される。80%→90%など。""}, {""item"": ""建ぺい率緩和（特定行政庁指定角地）"", ""value"": ""+10%"", ""note"": ""角地指定を受けた土地は+10%緩和。防火+角地で最大+20%となる。""}, {""item"": ""商業地域防火地域内耐火建築物の特例"", ""value"": ""建ぺい率制限なし（100%）"", ""note"": ""商業地域（建ぺい率80%）＋防火地域＋耐火建築物＝建ぺい率100%（制限なし扱い）。""}]",用途地域の建ぺい率・容積率 ── 主要8地域の数字を完全攻略,建ぺい率（敷地面積に対する建築面積の割合）と容積率（敷地面積に対する延べ床面積の割合）は、用途地域ごとに都市計画で定める数値の範囲内で設定されます。試験で特に頻出なのは「第一種低層住居専用地域（一低）：建ぺい率60%・容積率200%」「商業地域：建ぺい率80%（固定）・容積率200〜1300%」の数値です。商業地域だけが建ぺい率を80%に固定されており、都市計画でも変更できない点は頻出の選択肢のひとつです。建ぺい率には緩和規定があります。防火地域内で耐火建築物（または準防火地域内の準耐火建築物等）を建てると建ぺい率が10%緩和されます。さらに特定行政庁が指定した角地でも10%緩和されます。両方の緩和が重なると最大20%が加算されます。商業地域（建ぺい率80%）＋防火地域内耐火建築物の場合は「10%緩和→90%」ではなく、特例により「建ぺい率制限なし（事実上100%）」となることも押さえておきましょう。容積率については、都市計画で定める指定容積率と「前面道路の幅員×法定乗数」から算出する道路容積率のうち低い方が適用されます。住居系用途地域の法定乗数は4/10（0.4）、その他は6/10（0.6）です。道路幅員が狭い場合は指定容積率より道路容積率が低くなることがあり、試験でもこの計算が問われます。,商業地域の建ぺい率は80%で固定（都市計画で変更不可）;工業専用地域は住宅建設が禁止されている唯一の用途地域;防火地域内耐火建築物は建ぺい率+10%の緩和;特定行政庁指定の角地は建ぺい率+10%の緩和;商業地域+防火地域+耐火建築物=建ぺい率制限なし（実質100%）;容積率は指定容積率と道路容積率（前面道路幅×乗数）の低い方が適用;住居系用途地域の道路容積率の法定乗数は4/10;第一種低層住居専用地域には絶対高さ制限（10mまたは12m）がある,商業地域の建ぺい率を「都市計画で60〜80%に設定できる」と誤解する（80%固定）;工業地域でも住宅建設は可能なのに、工業専用地域と混同して住宅可と答える;建ぺい率の緩和（防火+角地）が+10%ずつで最大+20%になることを見落とす;容積率の道路容積率乗数を住居系も非住居系もすべて6/10と誤解する;第二種中高層の建ぺい率を「必ず50%」と固定値で覚える（都市計画で異なる場合あり）,「商業80%固定・工専は住宅禁止・防火耐火+10%」の3つの特例を最優先で暗記。あとは「一低60/200」を基準に上位地域ほど数字が上がると覚える。,建ぺい率・容積率;用途地域の種類;容積率,商業地域の建ぺい率はなぜ80%固定なのですか？,建築基準法の規定により商業地域の建ぺい率は80%と定められており、都市計画でも変更することができません。他の用途地域は都市計画で範囲内の数値を選択できます。商業地域の建ぺい率は80%で固定（都市計画で変更不可）。,工業専用地域で住宅は建てられますか？,建てられません。工業専用地域は宅建試験で出題される13用途地域の中で、唯一住宅建設が禁止されています。工業地域は住宅建設が可能な点と区別してください。商業地域の建ぺい率は80%で固定（都市計画で変更不可）。,建ぺい率の緩和は重複適用できますか？,はい。防火地域内の耐火建築物（+10%）と角地指定（+10%）の緩和は重複適用でき、最大+20%の緩和が可能です。商業地域の場合は特例で制限なし（100%）になります。商業地域の建ぺい率は80%で固定（都市計画で変更不可）。,前面道路幅員が6m・住居系用途地域の場合、道路容積率はいくらですか？,住居系用途地域の法定乗数は4/10（0.4）なので、道路容積率は6m×0.4=240%となります。指定容積率がこれより高ければ240%が適用上限になります。商業地域の建ぺい率は80%で固定（都市計画で変更不可）。,2026-05-27
takken-haczei-karyou,宅建業法の罰則・過料（35条37条・免許等）,宅建業法,罰則;過料;免許;宅建業法;行政処分,宅建業法違反に対する罰則（懲役・罰金）・行政処分（指示・業務停止・免許取消）・過料の種類と金額を整理する。,無免許営業は3年以下の懲役or300万円以下の罰金（または両方）。35条・37条書面違反は50万円以下の罰金。,"[{""item"": ""無免許営業（宅建業法12条違反）"", ""value"": ""3年以下の懲役 or 300万円以下の罰金（併科可）"", ""note"": ""最も重い刑事罰。免許なしで宅建業を営むと業者・従業員ともに対象になりうる。""}, {""item"": ""名義貸し（11条・13条違反）"", ""value"": ""3年以下の懲役 or 300万円以下の罰金"", ""note"": ""他人に自己名義で業を営ませること。無免許営業と同等の重さ。""}, {""item"": ""誇大広告等（32条違反）"", ""value"": ""6か月以下の懲役 or 100万円以下の罰金"", ""note"": ""現地・物件の著しく事実に相違する表示・誇大宣伝の禁止に違反した場合。""}, {""item"": ""35条説明書面未交付等"", ""value"": ""50万円以下の罰金"", ""note"": ""重要事項説明書を交付しない・宅建士以外が説明した場合等。""}, {""item"": ""37条書面未交付等"", ""value"": ""50万円以下の罰金"", ""note"": ""契約締結時書面を交付しない場合。""}, {""item"": ""宅建士の業務停止処分違反"", ""value"": ""1年以下の懲役 or 100万円以下の罰金"", ""note"": ""業務停止処分を受けているのに宅建士として業務を行った場合。""}, {""item"": ""報告・立入検査拒否等"", ""value"": ""50万円以下の罰金"", ""note"": ""監督官庁の報告徴収・立入検査を拒否・妨害した場合。""}, {""item"": ""法人の両罰規定"", ""value"": ""行為者を罰するほか法人にも罰金"", ""note"": ""従業員等が違反行為をした場合、法人（業者）にも罰金刑が科されうる（両罰規定）。""}, {""item"": ""業務停止処分の上限"", ""value"": ""1年以内"", ""note"": ""行政処分としての業務停止は最長1年。免許取消の手前の処分。""}, {""item"": ""指示処分"", ""value"": ""行政処分（刑罰なし）"", ""note"": ""最も軽い行政処分。宅建業者または宅建士への是正指示。""}]",宅建業法の罰則・行政処分 ── 違反したらどうなるか数字で理解する,宅建業法の罰則は「刑事罰（懲役・罰金）」と「行政処分（指示・業務停止・免許取消）」に大別されます。最も重い刑事罰は「無免許営業（12条違反）」と「名義貸し（13条違反）」で、3年以下の懲役または300万円以下の罰金（併科も可能）が科されます。無免許で宅建業を営んだ者だけでなく、業者の代理人・使用人・その他の従業者も対象になりうる点を押さえておきましょう。35条の重要事項説明書の未交付、37条の契約締結時書面の未交付はいずれも「50万円以下の罰金」の対象です。宅建士証の提示義務違反（35条）や、宅建士ではない者が重要事項説明を行った場合も同様です。誇大広告等の禁止（32条）に違反した場合は「6か月以下の懲役または100万円以下の罰金」となり、50万円超の罰金規定は誇大広告違反に適用されます。行政処分には軽い順に「指示処分→業務停止処分（最長1年）→免許取消処分」があります。宅建士個人に対しても「指示処分→事務禁止処分（最長1年）→登録消除」という段階的な処分があります。両罰規定により、従業員が違反行為をした場合は行為者だけでなく業者（法人）にも罰金が科されます。試験では「何条違反が何の罰則か」を問う選択肢と、行政処分の種類・順序を問う選択肢の両方が出題されます。,無免許営業・名義貸しは3年以下の懲役or300万円以下の罰金（併科可）;35条書面未交付・37条書面未交付は50万円以下の罰金;誇大広告（32条違反）は6か月以下の懲役or100万円以下の罰金;行政処分は軽い順に指示→業務停止（最長1年）→免許取消;宅建士への行政処分は指示→事務禁止（最長1年）→登録消除;両罰規定により違反従業員と法人（業者）の両方に罰金が科されうる;業務停止処分中に業務を行うと1年以下の懲役or100万円以下の罰金;50万円以下の罰金は35条・37条違反・報告拒否等に共通して適用,35条・37条違反の罰金を「100万円以下」と誤解する（正しくは50万円以下）;無免許営業の罰則を「1年以下の懲役」と誤解する（正しくは3年以下）;行政処分の順序を「業務停止→指示→免許取消」と逆に覚える;宅建士への処分が「業務停止」と誤解する（宅建士は事務禁止処分）;両罰規定を「法人のみへの罰則」と誤解する（行為者個人も罰せられる）,「無免許3年300万・誇大広告6か月100万・35条37条50万」の三段階を金額の大きい順に覚える。,重要事項説明（35条書面）;37条書面;宅建士,35条の重要事項説明書を交付しなかった場合の罰則は何ですか？,50万円以下の罰金が科されます。37条の契約締結時書面を未交付の場合も同じく50万円以下の罰金です。誇大広告違反（100万円以下）より軽い罰則です。無免許営業・名義貸しは3年以下の懲役or300万円以下の罰金（併科可）。,無免許営業をした場合の刑事罰はどれくらいですか？,3年以下の懲役または300万円以下の罰金、あるいはその両方（併科）が科されます。宅建業法の刑事罰の中で最も重い罰則のひとつです。無免許営業・名義貸しは3年以下の懲役or300万円以下の罰金（併科可）。,行政処分の種類と順序を教えてください。,宅建業者への処分は軽い順に「指示処分→業務停止処分（最長1年）→免許取消処分」です。宅建士個人への処分は「指示処分→事務禁止処分（最長1年）→登録消除」となります。無免許営業・名義貸しは3年以下の懲役or300万円以下の罰金（併科可）。,両罰規定とは何ですか？,従業員等が違反行為をした場合、その行為者個人だけでなく法人（宅建業者）にも罰金刑が科される制度です。業者が「相当の注意をした」場合は免責される場合があります。無免許営業・名義貸しは3年以下の懲役or300万円以下の罰金（併科可）。,2026-05-27
touki-souzoku-touki-kigen,登記・相続登記の期限,権利関係,相続登記;登記義務;不動産登記法;期限;所有者不明土地,2024年施行の相続登記義務化・住所変更登記の義務化など、不動産登記法改正で新設された期限と罰則を数字で整理する。,2024年4月施行の改正で相続登記が義務化。相続を知った日から3年以内に申請しなければ10万円以下の過料。,"[{""item"": ""相続登記の申請期限"", ""value"": ""相続・遺産分割を知った日から3年以内"", ""note"": ""2024年4月1日施行。過去の相続も対象（経過措置あり・2027年3月31日まで）。""}, {""item"": ""相続登記未申請の罰則"", ""value"": ""10万円以下の過料"", ""note"": ""正当な理由なく期限内に申請しない場合に科される行政上の制裁。""}, {""item"": ""住所変更登記の義務化"", ""value"": ""変更日から2年以内（2026年4月施行）"", ""note"": ""所有権の登記名義人が住所変更した場合の登記義務化。5万円以下の過料。""}, {""item"": ""住所変更登記未申請の罰則"", ""value"": ""5万円以下の過料"", ""note"": ""住所変更から2年以内に登記変更をしなかった場合。""}, {""item"": ""相続人申告登記（簡易手続）"", ""value"": ""相続登記の代わりに申告可能"", ""note"": ""遺産分割が未了の場合に相続人であることを申告するだけで義務履行とみなされる暫定制度。""}, {""item"": ""所有権移転登記（売買）"", ""value"": ""義務なし（任意）"", ""note"": ""売買等による所有権移転登記は今のところ義務化されていない（相続と異なる）。""}, {""item"": ""仮登記の保全効力"", ""value"": ""本登記後に本登記の順位に遡及"", ""note"": ""仮登記後に第三者への本登記があっても、仮登記に基づく本登記が優先される。""}, {""item"": ""登記の対抗力"", ""value"": ""先に登記した者が第三者に対抗可能"", ""note"": ""不動産物権変動は登記なしには第三者に対抗できない（177条）。当事者間では対抗不要。""}, {""item"": ""表題登記の申請期限"", ""value"": ""建物新築等から1か月以内"", ""note"": ""表題部の登記は所有権取得から1か月以内に申請義務あり。不動産登記法47条。""}, {""item"": ""相続放棄の申述期限"", ""value"": ""相続を知った日から3か月以内"", ""note"": ""家庭裁判所への相続放棄申述。3か月内なら単純承認とみなされない。""}]",登記・相続登記の期限 ── 2024年改正で義務化された「3年ルール」完全解説,2024年4月1日、相続登記の申請が法律上の義務になりました。改正不動産登記法により、相続（または遺産分割）によって不動産を取得したことを知った日から3年以内に相続登記を申請しなければなりません。正当な理由なく期限を過ぎた場合は10万円以下の過料が科される行政制裁が設けられました。この義務化は施行前（2024年4月1日以前）の相続にも適用され、過去の未登記相続については2027年3月31日が期限となる経過措置が設けられています。遺産分割が完了していない場合は「相続人申告登記」という簡易な手続きを使うことができます。相続人であることを登記所に申告するだけで相続登記義務の履行とみなされる暫定制度です。遺産分割が成立したら、その日から3年以内に正式な相続登記を申請する義務が生じます。2026年4月施行予定の住所変更登記の義務化も押さえておきましょう。所有権の登記名義人が住所・氏名を変更した場合、変更日から2年以内に変更登記を申請しなければならず、怠ると5万円以下の過料が科されます。これらの改正は所有者不明土地問題の解消を目的とした一連の法制整備の一環であり、宅建試験でも近年の出題頻度が高まっています。,相続登記の申請義務化は2024年4月1日施行・相続を知った日から3年以内;相続登記未申請の制裁は10万円以下の過料（刑事罰ではない）;施行前の相続は経過措置として2027年3月31日まで;遺産分割未了の場合は相続人申告登記で義務履行とみなされる（暫定）;住所変更登記の義務化は2026年4月施行・変更から2年以内・5万円以下の過料;売買等による所有権移転登記は現時点で義務化されていない;表題登記は建物取得等から1か月以内に申請義務あり;相続放棄の申述期限は相続を知った日から3か月以内（家庭裁判所へ）,相続登記義務化の期限を「相続開始（被相続人の死亡）から3年」と誤解する（「相続を知った日から3年」が正確）;相続登記未申請の罰則を「罰金」と誤解する（正しくは「過料」という行政制裁）;住所変更登記の義務化の施行日を相続登記と同じ2024年4月と誤解する（2026年4月施行）;相続人申告登記を「本登記」と誤解し義務が完全に免除されると思う（後日正式登記が必要）;売買の所有権移転登記も義務化されたと誤解する（現時点では任意）,「相続登記3年・過料10万」「住所変更2年・過料5万」「相続放棄3か月」の3つのセットを優先暗記。,抵当権;不動産登記,相続登記の申請期限はいつから起算しますか？,「相続によって不動産を取得したことを知った日」から3年以内です。被相続人が亡くなった日（相続開始日）からではないため、相続を知った日の起算に注意が必要です。相続登記の申請義務化は2024年4月1日施行・相続を知った日から3年以内。,2024年4月以前の相続も義務化の対象ですか？,対象です。ただし経過措置として、2024年4月1日以前に相続が開始した場合は2027年3月31日までに申請すればよいとされています。相続登記の申請義務化は2024年4月1日施行・相続を知った日から3年以内。,相続人申告登記とは何ですか？,遺産分割が未了の際に、相続人であることを登記所に申告するだけで相続登記義務を履行したとみなされる暫定制度です。遺産分割成立後は別途3年以内に正式な相続登記が必要です。相続登記の申請義務化は2024年4月1日施行・相続を知った日から3年以内。,住所変更登記の義務化の罰則はいくらですか？,変更日から2年以内に登記申請をしなかった場合、5万円以下の過料が科されます。相続登記の過料（10万円以下）より低い額です。施行は2026年4月です。相続登記の申請義務化は2024年4月1日施行・相続を知った日から3年以内。,2026-05-27
senren-hokoku-kikan,専任媒介の報告・有効期間・1/5ルール,宅建業法,専任媒介;専属専任媒介;レインズ登録;報告義務;有効期間,専任媒介契約・専属専任媒介契約の有効期間・レインズ登録期限・依頼者への業務状況報告義務の数字を完全整理。,専任媒介は3か月以内・レインズ7日以内・報告2週に1回以上。専属専任は3か月以内・レインズ5日以内・報告1週に1回以上。,"[{""item"": ""専任媒介契約の有効期間上限"", ""value"": ""3か月以内"", ""note"": ""3か月を超える契約は3か月とみなされる。依頼者からの更新申出で同期間の更新可能。""}, {""item"": ""専属専任媒介契約の有効期間上限"", ""value"": ""3か月以内"", ""note"": ""専任媒介と同じ3か月。業者からの自動更新は禁止（依頼者からの申出のみ）。""}, {""item"": ""専任媒介のレインズ登録期限"", ""value"": ""契約締結日から7日以内"", ""note"": ""休業日を除く7日。指定流通機構（レインズ）への登録義務。""}, {""item"": ""専属専任媒介のレインズ登録期限"", ""value"": ""契約締結日から5日以内"", ""note"": ""休業日を除く5日（専任媒介より2日短い）。""}, {""item"": ""専任媒介の業務状況報告頻度"", ""value"": ""2週間に1回以上"", ""note"": ""売主・依頼者への業務状況報告義務。書面または電磁的方法で行う。""}, {""item"": ""専属専任媒介の業務状況報告頻度"", ""value"": ""1週間に1回以上"", ""note"": ""専任媒介より倍の頻度。依頼者の自己発見取引が禁止される分だけ厳しい報告義務。""}, {""item"": ""一般媒介契約"", ""value"": ""有効期間・レインズ登録・報告義務なし（任意）"", ""note"": ""一般媒介は複数業者への依頼可能。法定の義務規定なし（行政指導で3か月が目安とされる）。""}, {""item"": ""専任媒介の1/5ルール（自己発見取引）"", ""value"": ""依頼者が自己発見した相手方との取引は可能"", ""note"": ""専任媒介は依頼者が自ら見つけた買主と直接取引できる（業者を通さなくてよい）。""}, {""item"": ""専属専任媒介の自己発見取引"", ""value"": ""禁止（業者を通す義務）"", ""note"": ""専属専任は依頼者自身が見つけた相手でも業者を通さなければならない。最も拘束が強い。""}, {""item"": ""媒介契約書の交付義務"", ""value"": ""遅滞なく書面を交付"", ""note"": ""専任・専属専任・一般いずれも、契約締結後遅滞なく媒介契約書を依頼者に交付する義務。""}]",専任媒介・専属専任媒介の「期間・レインズ・報告」 ── 数字で攻略する宅建業法の核心,宅建業法が定める媒介契約には「一般媒介・専任媒介・専属専任媒介」の三種類があります。専任媒介契約は一社のみへの依頼が義務付けられ、有効期間は最長3か月です。3か月を超える期間を定めても3か月とみなされ、更新は依頼者からの申出があった場合のみ認められます。業者が自動更新を規定することは禁止されています。また契約締結日から7日以内（休業日除く）にレインズ（指定流通機構）への物件登録が義務付けられており、2週間に1回以上の業務状況報告を依頼者に行わなければなりません。専属専任媒介契約は専任媒介より拘束が強く、有効期間は同じく3か月以内ですが、レインズへの登録が5日以内（休業日除く）と2日短く、業務状況報告も1週間に1回以上と倍の頻度が求められます。最大の違いは「自己発見取引の禁止」で、依頼者が自ら見つけた買主とも業者を通して取引しなければなりません。専任媒介では依頼者が自分で見つけた相手と直接取引できる（業者を通さなくてよい）点が大きく異なります。一般媒介契約は複数の業者に同時に依頼でき、レインズへの登録義務も報告義務も法定されていません。ただし行政指導では3か月を目安とする期間が推奨されます。試験では「専任と専属専任の数字の違い（7日/5日・2週/1週・自己発見可/不可）」を混同させる選択肢が頻出です。表を使った比較学習が最も効果的です。,専任媒介の有効期間上限は3か月・3か月超は3か月とみなす;専属専任媒介の有効期間も3か月・更新は依頼者申出のみ;専任媒介のレインズ登録期限は締結日から7日以内（休業日除く）;専属専任媒介のレインズ登録期限は締結日から5日以内（休業日除く）;専任媒介の依頼者への報告は2週間に1回以上;専属専任媒介の依頼者への報告は1週間に1回以上;専任媒介は依頼者の自己発見取引が可能・専属専任は禁止;一般媒介にはレインズ登録義務・法定報告義務なし,専任媒介のレインズ登録期限を「5日」と専属専任と混同する（専任は7日）;専属専任媒介での依頼者の自己発見取引が可能と誤解する（専任媒介のみ可能）;媒介契約の有効期間を業者から自動更新できると誤解する（依頼者からの申出のみ）;一般媒介でもレインズ登録が義務と誤解する（一般媒介は任意）;報告頻度を専任・専属専任ともに「2週間」と覚える（専属専任は1週間に1回以上）,「専任は7日・2週・自己発見可」「専属は5日・1週・自己発見不可」の対比を表で左右に並べて覚える。,専任媒介契約;専属専任媒介契約;一般媒介契約;レインズ,専任媒介と専属専任媒介のレインズ登録期限の違いは？,専任媒介は契約締結日から7日以内（休業日除く）、専属専任媒介は5日以内（休業日除く）です。専属専任のほうが2日短く、より早い登録が求められます。専任媒介の有効期間上限は3か月・3か月超は3か月とみなす。,専任媒介で依頼者が自ら買主を見つけた場合、業者を通す必要がありますか？,専任媒介では通す必要はありません。依頼者が自己発見した相手方と直接取引できます。一方、専属専任媒介では依頼者が自ら見つけた相手でも必ず業者を通す義務があります。専任媒介の有効期間上限は3か月・3か月超は3か月とみなす。,媒介契約の有効期間は業者が自動更新できますか？,できません。専任媒介・専属専任媒介の有効期間は最長3か月で、更新は依頼者からの申出があった場合のみ認められます。業者側からの自動更新を定める特約は禁止されています。専任媒介の有効期間上限は3か月・3か月超は3か月とみなす。,一般媒介にはレインズへの登録義務がありますか？,ありません。一般媒介契約には法定のレインズ登録義務・業務状況報告義務はありません。専任媒介・専属専任媒介のみに課される義務です。専任媒介の有効期間上限は3か月・3か月超は3か月とみなす。専属専任媒介の有効期間も3か月・更新は依頼者申出のみ。,2026-05-27
baibai-chintai-tesuryo,売買・賃貸媒介手数料の上限,宅建業法,手数料;報酬;上限,媒介契約の報酬（手数料）上限の算定式を整理します。,売買3%+6万／賃貸1ヶ月分,"[{""item"": ""売買"", ""value"": ""取引価格×3%+6万円"", ""note"": ""消費税別""}, {""item"": ""賃貸借"", ""value"": ""賃料1ヶ月分+消費税"", ""note"": ""借主負担が多い""}, {""item"": ""交換"", ""value"": ""各取引価格に応じ"", ""note"": ""別算式""}, {""item"": ""試験"", ""value"": ""計算問題頻出"", ""note"": ""条文確認""}]",媒介手数料上限｜数値早見,宅建業法46条・施行規則の報酬表が試験の定番です。売買・賃貸・交換で算定式が異なるため、早見表を暗記し計算問題を反復してください。数値・手続の最新は公益財団法人 全日本不動産協会・公益財団法人 不動産流通推進センターの試験要項・法令改正情報で必ずご確認ください。,売買3%+6万;賃貸1ヶ月;交換は別;依頼者負担,上限なし;借主も報酬;手付金から控除可,「3%+6万」「1ヶ月」。,報酬の計算（売買）;媒介契約の種類;代理,「売買・賃貸媒介手数料の上限」の試験での位置づけは？,宅建業法46条・施行規則の報酬表が試験の定番です。売買・賃貸・交換で算定式が異なるため、早見表を暗記し計算問題を反復してください。数値・手続の最新は公益財団法人 全日本不動産協会・公益財団法人 不動産流通推進センターの試験要項・法令改正情… 試験では売買3%+6万を軸に、関連条文・数値・主体の取り違えを照合してください。,「売買・賃貸媒介手数料の上限」でよくある誤答パターンは？,試験論点・条文・数値の対応を比較表に整理し、過去問で正誤の型を分類してください。 過去問で正誤の型を分類し、試験要項で数値・期限を照合してください。 試験では売買3%+6万をセットで確認してください。,「売買・賃貸媒介手数料の上限」の覚え方・確認手順は？,覚え方：「3%+6万」「1ヶ月」。 早見の要点：売買3%+6万／賃貸1ヶ月分 用語集→本ページ→過去問の順で往復し、正誤理由をメモに残してください。 過去問で正誤の型を分類し、試験要項で数値・期限を照合してください。,「売買・賃貸媒介手数料の上限」の公式情報はどこで確認しますか？,試験論点・条文・数値の対応を比較表に整理し、過去問で正誤の型を分類してください。 過去問で正誤の型を分類し、試験要項で数値・期限を照合してください。 試験では売買3%+6万をセットで確認してください。,2026-05-28
shikikin-jogen-chintai,敷金の上限（建物賃貸借）,権利関係,敷金;上限;賃貸借,建物賃貸借における敷金の上限を整理します。,賃料の2倍まで（目安）,"[{""item"": ""建物"", ""value"": ""賃料2倍まで"", ""note"": ""普通借家等""}, {""item"": ""借地"", ""value"": ""6ヶ月分まで"", ""note"": ""土地賃貸借""}, {""item"": ""明細"", ""value"": ""敷金明細書"", ""note"": ""交付義務""}, {""item"": ""試験"", ""value"": ""2倍と6ヶ月"", ""note"": ""混同注意""}]",敷金の上限｜数値早見,建物賃貸借の敷金は賃料の2倍まで、借地は6ヶ月分まで等、対象により上限が異なります。借地・借家で取り違えないでください。数値・手続の最新は公益財団法人 全日本不動産協会・公益財団法人 不動産流通推進センターの試験要項・法令改正情報で必ずご確認ください。,建物2倍;借地6ヶ月;明細書;返還1ヶ月目安,上限なし;借地も2倍と誤解しがち,「建物2倍・借地6ヶ月」。,借地借家法;敷金・礼金;37条書面,「敷金の上限（建物賃貸借）」の試験での位置づけは？,建物賃貸借の敷金は賃料の2倍まで、借地は6ヶ月分まで等、対象により上限が異なります。借地・借家で取り違えないでください。数値・手続の最新は公益財団法人 全日本不動産協会・公益財団法人 不動産流通推進センターの試験要項・法令改正情報で必ずご… 試験では建物2倍を軸に、関連条文・数値・主体の取り違えを照合してください。,「敷金の上限（建物賃貸借）」でよくある誤答パターンは？,試験論点・条文・数値の対応を比較表に整理し、過去問で正誤の型を分類してください。 過去問で正誤の型を分類し、試験要項で数値・期限を照合してください。 試験では建物2倍をセットで確認してください。 誤答では上限なしに注意してください。,「敷金の上限（建物賃貸借）」の覚え方・確認手順は？,覚え方：「建物2倍・借地6ヶ月」。 早見の要点：賃料の2倍まで（目安） 用語集→本ページ→過去問の順で往復し、正誤理由をメモに残してください。 過去問で正誤の型を分類し、試験要項で数値・期限を照合してください。,「敷金の上限（建物賃貸借）」の公式情報はどこで確認しますか？,試験論点・条文・数値の対応を比較表に整理し、過去問で正誤の型を分類してください。 過去問で正誤の型を分類し、試験要項で数値・期限を照合してください。 試験では建物2倍をセットで確認してください。 誤答では上限なしに注意してください。,2026-05-28
koushinryou-jogen-1,更新料の上限（1ヶ月）,権利関係,更新料;上限;借地借家法,合意更新における更新料の上限を整理します。,1ヶ月分以内（目安）,"[{""item"": ""更新料"", ""value"": ""1ヶ月分以内"", ""note"": ""合意更新""}, {""item"": ""合意"", ""value"": ""当事者合意"", ""note"": ""上限規制""}, {""item"": ""借地借家"", ""value"": ""土地・建物"", ""note"": ""条文確認""}, {""item"": ""試験"", ""value"": ""1ヶ月"", ""note"": ""更新拒絶は正当事由""}]",更新料上限1ヶ月｜数値早見,合意更新の更新料は1ヶ月分以内等の上限規制があります。更新拒絶・正当事由・法定更新とセットで学習してください。数値・手続の最新は公益財団法人 全日本不動産協会・公益財団法人 不動産流通推進センターの試験要項・法令改正情報で必ずご確認ください。,1ヶ月以内;合意更新;正当事由で拒絶;借地借家別,更新料自由;法定更新も更新料と誤解,「1ヶ月・合意更新」。,更新拒絶の正当な事由;法定更新;借地借家法,「更新料の上限（1ヶ月）」の試験での位置づけは？,合意更新の更新料は1ヶ月分以内等の上限規制があります。更新拒絶・正当事由・法定更新とセットで学習してください。数値・手続の最新は公益財団法人 全日本不動産協会・公益財団法人 不動産流通推進センターの試験要項・法令改正情報で必ずご確認くださ… 試験では1ヶ月以内を軸に、関連条文・数値・主体の取り違えを照合してください。,「更新料の上限（1ヶ月）」でよくある誤答パターンは？,試験論点・条文・数値の対応を比較表に整理し、過去問で正誤の型を分類してください。 過去問で正誤の型を分類し、試験要項で数値・期限を照合してください。 試験では1ヶ月以内をセットで確認してください。 誤答では更新料自由に注意してください。,「更新料の上限（1ヶ月）」の覚え方・確認手順は？,覚え方：「1ヶ月・合意更新」。 早見の要点：1ヶ月分以内（目安） 用語集→本ページ→過去問の順で往復し、正誤理由をメモに残してください。 過去問で正誤の型を分類し、試験要項で数値・期限を照合してください。,「更新料の上限（1ヶ月）」の公式情報はどこで確認しますか？,試験論点・条文・数値の対応を比較表に整理し、過去問で正誤の型を分類してください。 過去問で正誤の型を分類し、試験要項で数値・期限を照合してください。 試験では1ヶ月以内をセットで確認してください。 誤答では更新料自由に注意してください。,2026-05-28
cooling-off-8days,クーリングオフ8日間,権利関係,クーリングオフ;8日;解除,クーリングオフの行使期間を整理します。,契約書面受領日から8日以内,"[{""item"": ""期間"", ""value"": ""8日以内"", ""note"": ""書面受領日から""}, {""item"": ""解除"", ""value"": ""無条件"", ""note"": ""書面で通知""}, {""item"": ""対象"", ""value"": ""訪問販売等"", ""note"": ""取引類型による""}, {""item"": ""試験"", ""value"": ""8日"", ""note"": ""手付と区別""}]",クーリングオフ8日｜数値早見,クーリングオフは契約書面を受領した日から8日以内に書面で解除通知できます。手付解除・手付金保全と混同しないでください。数値・手続の最新は公益財団法人 全日本不動産協会・公益財団法人 不動産流通推進センターの試験要項・法令改正情報で必ずご確認ください。,8日以内;書面通知;無条件解除;手付とは別,手付も8日;口頭可と誤解しがち,「8日・書面通知」。,クーリングオフ;手付解除;手付金等の保全措置,「クーリングオフ8日間」の試験での位置づけは？,クーリングオフは契約書面を受領した日から8日以内に書面で解除通知できます。手付解除・手付金保全と混同しないでください。数値・手続の最新は公益財団法人 全日本不動産協会・公益財団法人 不動産流通推進センターの試験要項・法令改正情報で必ずご確… 試験では8日以内を軸に、関連条文・数値・主体の取り違えを照合してください。,「クーリングオフ8日間」でよくある誤答パターンは？,試験論点・条文・数値の対応を比較表に整理し、過去問で正誤の型を分類してください。 過去問で正誤の型を分類し、試験要項で数値・期限を照合してください。 試験では8日以内をセットで確認してください。 誤答では手付も8日に注意してください。,「クーリングオフ8日間」の覚え方・確認手順は？,覚え方：「8日・書面通知」。 早見の要点：契約書面受領日から8日以内 用語集→本ページ→過去問の順で往復し、正誤理由をメモに残してください。 過去問で正誤の型を分類し、試験要項で数値・期限を照合してください。,「クーリングオフ8日間」の公式情報はどこで確認しますか？,試験論点・条文・数値の対応を比較表に整理し、過去問で正誤の型を分類してください。 過去問で正誤の型を分類し、試験要項で数値・期限を照合してください。 試験では8日以内をセットで確認してください。 誤答では手付も8日に注意してください。,2026-05-28
takken-shiken-50mon,宅建試験50問・合格基準,試験対策,試験;50問;合格基準,宅建試験の問題数と合格基準点の目安を整理します。,50問・相対評価,"[{""item"": ""問題数"", ""value"": ""50問"", ""note"": ""4肢択一""}, {""item"": ""合格"", ""value"": ""相対評価"", ""note"": ""年度で発表""}, {""item"": ""時間"", ""value"": ""2時間"", ""note"": ""要項確認""}, {""item"": ""科目"", ""value"": ""5分野"", ""note"": ""権利関係等""}]",宅建試験50問｜数値早見,宅建試験は50問・相対評価で合格基準点が試験ごとに発表されます。前年の点数を固定とみなさないでください。数値・手続の最新は公益財団法人 全日本不動産協会・公益財団法人 不動産流通推進センターの試験要項・法令改正情報で必ずご確認ください。,50問;相対評価;2時間;要項毎年確認,36点固定;問題数40と誤解しがち,「50問・相対評価」。,宅建の合格点・合格率;宅建の出題傾向分析;宅建士,「宅建試験50問・合格基準」の試験での位置づけは？,宅建試験は50問・相対評価で合格基準点が試験ごとに発表されます。前年の点数を固定とみなさないでください。数値・手続の最新は公益財団法人 全日本不動産協会・公益財団法人 不動産流通推進センターの試験要項・法令改正情報で必ずご確認ください。 試験では50問を軸に、関連条文・数値・主体の取り違えを照合してください。,「宅建試験50問・合格基準」でよくある誤答パターンは？,試験論点・条文・数値の対応を比較表に整理し、過去問で正誤の型を分類してください。 過去問で正誤の型を分類し、試験要項で数値・期限を照合してください。 試験では50問をセットで確認してください。 誤答では36点固定に注意してください。,「宅建試験50問・合格基準」の覚え方・確認手順は？,覚え方：「50問・相対評価」。 早見の要点：50問・相対評価 用語集→本ページ→過去問の順で往復し、正誤理由をメモに残してください。 過去問で正誤の型を分類し、試験要項で数値・期限を照合してください。,「宅建試験50問・合格基準」の公式情報はどこで確認しますか？,試験論点・条文・数値の対応を比較表に整理し、過去問で正誤の型を分類してください。 過去問で正誤の型を分類し、試験要項で数値・期限を照合してください。 試験では50問をセットで確認してください。 誤答では36点固定に注意してください。,2026-05-28
ju35-keiyaku-5days,35条説明から5日以内契約禁止,宅建業法,35条;5日;契約,重要事項説明後5日以内の契約締結禁止を整理します。,説明後5日経過前は契約不可,"[{""item"": ""期間"", ""value"": ""5日"", ""note"": ""35条説明後""}, {""item"": ""目的"", ""value"": ""検討期間確保"", ""note"": ""買主・借主保護""}, {""item"": ""例外"", ""value"": ""書面同意"", ""note"": ""5日以内も可""}, {""item"": ""試験"", ""value"": ""5日"", ""note"": ""37条と別""}]",35条説明後5日｜数値早見,35条重要事項説明後、原則5日を経過するまで契約を締結できません。相手方の書面同意があれば例外です。37条交付タイミングと区別してください。数値・手続の最新は公益財団法人 全日本不動産協会・公益財団法人 不動産流通推進センターの試験要項・法令改正情報で必ずご確認ください。,5日禁止;書面同意で例外;35条後;37条は成立後,即日契約可;37条と同一と誤解,「5日・書面同意例外」。,重要事項説明（35条書面）;35条書面;37条書面,「35条説明から5日以内契約禁止」の試験での位置づけは？,35条重要事項説明後、原則5日を経過するまで契約を締結できません。相手方の書面同意があれば例外です。37条交付タイミングと区別してください。数値・手続の最新は公益財団法人 全日本不動産協会・公益財団法人 不動産流通推進センターの試験要項・… 試験では5日禁止を軸に、関連条文・数値・主体の取り違えを照合してください。,「35条説明から5日以内契約禁止」でよくある誤答パターンは？,試験論点・条文・数値の対応を比較表に整理し、過去問で正誤の型を分類してください。 過去問で正誤の型を分類し、試験要項で数値・期限を照合してください。 試験では5日禁止をセットで確認してください。 誤答では即日契約可に注意してください。,「35条説明から5日以内契約禁止」の覚え方・確認手順は？,覚え方：「5日・書面同意例外」。 早見の要点：説明後5日経過前は契約不可 用語集→本ページ→過去問の順で往復し、正誤理由をメモに残してください。 過去問で正誤の型を分類し、試験要項で数値・期限を照合してください。,「35条説明から5日以内契約禁止」の公式情報はどこで確認しますか？,試験論点・条文・数値の対応を比較表に整理し、過去問で正誤の型を分類してください。 過去問で正誤の型を分類し、試験要項で数値・期限を照合してください。 試験では5日禁止をセットで確認してください。 誤答では即日契約可に注意してください。,2026-05-28
shikaku-yukou-5nen,宅建士資格の有効期間,宅建業法,資格;5年;登録,宅地建物取引士資格の有効期間と更新を整理します。,5年（更新必要）,"[{""item"": ""有効"", ""value"": ""5年"", ""note"": ""登録から""}, {""item"": ""更新"", ""value"": ""更新手続"", ""note"": ""実務証明等""}, {""item"": ""試験"", ""value"": ""5年"", ""note"": ""失効注意""}, {""item"": ""登録"", ""value"": ""都道府県"", ""note"": ""免許と別""}]",宅建士資格5年｜数値早見,宅地建物取引士の資格は5年ごとに更新が必要です。失効・再試験の条件は要項で確認してください。数値・手続の最新は公益財団法人 全日本不動産協会・公益財団法人 不動産流通推進センターの試験要項・法令改正情報で必ずご確認ください。,5年更新;実務証明;都道府県登録;免許と混同しない,永久有効;更新不要と誤解しがち,「5年・更新」を確認。,宅建士;宅建士資格登録簿;宅建業の免許,「宅建士資格の有効期間」の試験での位置づけは？,宅地建物取引士の資格は5年ごとに更新が必要です。失効・再試験の条件は要項で確認してください。数値・手続の最新は公益財団法人 全日本不動産協会・公益財団法人 不動産流通推進センターの試験要項・法令改正情報で必ずご確認ください。 試験では5年更新を軸に、関連条文・数値・主体の取り違えを照合してください。,「宅建士資格の有効期間」でよくある誤答パターンは？,試験論点・条文・数値の対応を比較表に整理し、過去問で正誤の型を分類してください。 過去問で正誤の型を分類し、試験要項で数値・期限を照合してください。 試験では5年更新をセットで確認してください。 誤答では永久有効に注意してください。,「宅建士資格の有効期間」の覚え方・確認手順は？,覚え方：「5年・更新」を確認。 早見の要点：5年（更新必要） 用語集→本ページ→過去問の順で往復し、正誤理由をメモに残してください。 過去問で正誤の型を分類し、試験要項で数値・期限を照合してください。,「宅建士資格の有効期間」の公式情報はどこで確認しますか？,試験論点・条文・数値の対応を比較表に整理し、過去問で正誤の型を分類してください。 過去問で正誤の型を分類し、試験要項で数値・期限を照合してください。 試験では5年更新をセットで確認してください。 誤答では永久有効に注意してください。,2026-05-28
tesuki-5percent-jogen,手付金の5%上限,権利関係,手付金;5%;上限,売買契約における手付金の上限（5%）を整理します。,代金の5%まで,"[{""item"": ""上限"", ""value"": ""代金の5%"", ""note"": ""売買手付""}, {""item"": ""性質"", ""value"": ""解約手付"", ""note"": ""民法""}, {""item"": ""保全"", ""value"": ""保全措置"", ""note"": ""宅建業法""}, {""item"": ""試験"", ""value"": ""5%"", ""note"": ""10%と混同""}]",手付金5%上限｜数値早見,売買の手付金は代金の5%までが典型です。手付解除・保全措置・クーリングオフとセットで学習してください。数値・手続の最新は公益財団法人 全日本不動産協会・公益財団法人 不動産流通推進センターの試験要項・法令改正情報で必ずご確認ください。,5%上限;解約手付;保全措置;10%は誤り,10%まで;上限なしと誤解しがち,「5%・保全措置」。,手付の種類;手付解除;手付金等の保全措置,「手付金の5%上限」の試験での位置づけは？,売買の手付金は代金の5%までが典型です。手付解除・保全措置・クーリングオフとセットで学習してください。数値・手続の最新は公益財団法人 全日本不動産協会・公益財団法人 不動産流通推進センターの試験要項・法令改正情報で必ずご確認ください。 試験では5%上限を軸に、関連条文・数値・主体の取り違えを照合してください。,「手付金の5%上限」でよくある誤答パターンは？,試験論点・条文・数値の対応を比較表に整理し、過去問で正誤の型を分類してください。 過去問で正誤の型を分類し、試験要項で数値・期限を照合してください。 試験では5%上限をセットで確認してください。 誤答では10%までに注意してください。,「手付金の5%上限」の覚え方・確認手順は？,試験論点・条文・数値の対応を比較表に整理し、過去問で正誤の型を分類してください。 過去問で正誤の型を分類し、試験要項で数値・期限を照合してください。 試験では5%上限をセットで確認してください。 誤答では10%までに注意してください。,「手付金の5%上限」の公式情報はどこで確認しますか？,試験論点・条文・数値の対応を比較表に整理し、過去問で正誤の型を分類してください。 過去問で正誤の型を分類し、試験要項で数値・期限を照合してください。 試験では5%上限をセットで確認してください。 誤答では10%までに注意してください。,2026-05-28
teitoku-souzoku-3months,抵当権の3ヶ月除斥期間,権利関係,抵当権;3ヶ月;除斥,抵当権実行の除斥期間（3ヶ月）を整理します。,3ヶ月の除斥期間,"[{""item"": ""期間"", ""value"": ""3ヶ月"", ""note"": ""除斥期間""}, {""item"": ""目的"", ""value"": ""占有移転"", ""note"": ""実行手続""}, {""item"": ""試験"", ""value"": ""3ヶ月"", ""note"": ""1年と混同""}, {""item"": ""関連"", ""value"": ""拍売"", ""note"": ""民法""}]",抵当権3ヶ月除斥｜数値早見,抵当権の実行では3ヶ月の除斥期間が問題になります。根抵当・順位・1年の占有移転等と混同しないでください。数値・手続の最新は公益財団法人 全日本不動産協会・公益財団法人 不動産流通推進センターの試験要項・法令改正情報で必ずご確認ください。,3ヶ月除斥;実行手続;1年占有移転は別;順位重要,1年;除斥不要と混同と混同しがち,「3ヶ月＝除斥」を確認。,抵当権;根抵当権;除斥期間,「抵当権の3ヶ月除斥期間」の試験での位置づけは？,抵当権の実行では3ヶ月の除斥期間が問題になります。根抵当・順位・1年の占有移転等と混同しないでください。数値・手続の最新は公益財団法人 全日本不動産協会・公益財団法人 不動産流通推進センターの試験要項・法令改正情報で必ずご確認ください。 試験では3ヶ月除斥を軸に、関連条文・数値・主体の取り違えを照合してください。,「抵当権の3ヶ月除斥期間」でよくある誤答パターンは？,試験論点・条文・数値の対応を比較表に整理し、過去問で正誤の型を分類してください。 過去問で正誤の型を分類し、試験要項で数値・期限を照合してください。 試験では3ヶ月除斥をセットで確認してください。 誤答では1年に注意してください。,「抵当権の3ヶ月除斥期間」の覚え方・確認手順は？,覚え方：「3ヶ月＝除斥」を確認。 早見の要点：3ヶ月の除斥期間 用語集→本ページ→過去問の順で往復し、正誤理由をメモに残してください。 過去問で正誤の型を分類し、試験要項で数値・期限を照合してください。,「抵当権の3ヶ月除斥期間」の公式情報はどこで確認しますか？,試験論点・条文・数値の対応を比較表に整理し、過去問で正誤の型を分類してください。 過去問で正誤の型を分類し、試験要項で数値・期限を照合してください。 試験では3ヶ月除斥をセットで確認してください。 誤答では1年に注意してください。,2026-05-28
baikai-hokoku-7days,媒介契約の報告義務（一般・専任・専属）,宅建業法,一般媒介;7日;報告,一般媒介契約における取引状況報告の目安を整理します。,一般媒介に法定7日報告義務なし。専任2週・レインズ7日、専属1週・レインズ5日。,"[{""item"": ""専任媒介 契約期間"", ""value"": ""3か月以内"", ""note"": ""更新は原則1回まで。""}, {""item"": ""専任媒介 報告"", ""value"": ""2週に1回以上"", ""note"": ""書面または電磁的方法。""}, {""item"": ""専任媒介 レインズ"", ""value"": ""7日以内"", ""note"": ""契約後7日以内に登録。""}, {""item"": ""専属専任 報告"", ""value"": ""1週に1回以上"", ""note"": ""専任より頻度が高い。""}, {""item"": ""専属専任 レインズ"", ""value"": ""5日以内"", ""note"": ""契約後5日以内。""}, {""item"": ""一般媒介"", ""value"": ""法定報告義務なし"", ""note"": ""7日報告義務はない。""}]",一般媒介7日報告｜数値早見,一般媒介は7日ごと、専任媒介は14日ごとの報告義務が典型です。既存の専任14日問題とセットで暗記してください。数値・手続の最新は公益財団法人 全日本不動産協会・公益財団法人 不動産流通推進センターの試験要項・法令改正情報で必ずご確認ください。,一般媒介に法定7日報告なし;専任2週1回以上;専属1週1回以上;レインズ7日/5日,一般媒介にも7日報告があると誤解;専任と専属の頻度を逆に覚える,「一般=報告なし／専任2週7日／専属1週5日」,一般媒介契約;専任媒介契約;定期報告（媒介）,「一般媒介の7日報告義務」の試験での位置づけは？,一般媒介は7日ごと、専任媒介は14日ごとの報告義務が典型です。既存の専任14日問題とセットで暗記してください。数値・手続の最新は公益財団法人 全日本不動産協会・公益財団法人 不動産流通推進センターの試験要項・法令改正情報で必ずご確認くださ… 試験では一般7日を軸に、関連条文・数値・主体の取り違えを照合してください。,「一般媒介の7日報告義務」でよくある誤答パターンは？,試験論点・条文・数値の対応を比較表に整理し、過去問で正誤の型を分類してください。 過去問で正誤の型を分類し、試験要項で数値・期限を照合してください。 試験では一般7日をセットで確認してください。 誤答では14日が一般に注意してください。,「一般媒介の7日報告義務」の覚え方・確認手順は？,覚え方：「一般7・専任14」。 早見の要点：7日ごと（目安） 用語集→本ページ→過去問の順で往復し、正誤理由をメモに残してください。 過去問で正誤の型を分類し、試験要項で数値・期限を照合してください。,「一般媒介の7日報告義務」の公式情報はどこで確認しますか？,試験論点・条文・数値の対応を比較表に整理し、過去問で正誤の型を分類してください。 過去問で正誤の型を分類し、試験要項で数値・期限を照合してください。 試験では一般7日をセットで確認してください。 誤答では14日が一般に注意してください。,2026-05-28
s32-menkyo-koushin-5nen,宅建業免許の更新期間,宅建業法,免許;5年,宅建業免許の有効期間・更新。,5年（代表）,"[{""item"": ""期間"", ""value"": ""5年"", ""note"": ""更新""}, {""item"": ""主体"", ""value"": ""事業者"", ""note"": ""個人資格と別""}]",宅建業免許の更新期間｜数値早見,宅建業免許の更新期間の代表数値と条件を整理します。数値は条文・要項で必ず最新確認してください。数値・手続の最新は公益財団法人 全日本不動産協会・公益財団法人 不動産流通推進センターの試験要項・法令改正情報で必ずご確認ください。,数値+条件+主体;類型で整理;年度確認,単独暗記;類型混同;旧年度流用,「数値・条件・主体」。,宅建業の免許;宅建士;免許の取消,「宅建業免許の更新期間」の試験での位置づけは？,宅建業免許の更新期間の代表数値と条件を整理します。数値は条文・要項で必ず最新確認してください。数値・手続の最新は公益財団法人 全日本不動産協会・公益財団法人 不動産流通推進センターの試験要項・法令改正情報で必ずご確認ください。 試験では数値+条件+主体を軸に、関連条文・数値・主体の取り違えを照合してください。,「宅建業免許の更新期間」でよくある誤答パターンは？,試験論点・条文・数値の対応を比較表に整理し、過去問で正誤の型を分類してください。 過去問で正誤の型を分類し、試験要項で数値・期限を照合してください。 試験では数値+条件+主体をセットで確認してください。,「宅建業免許の更新期間」の覚え方・確認手順は？,試験論点・条文・数値の対応を比較表に整理し、過去問で正誤の型を分類してください。 過去問で正誤の型を分類し、試験要項で数値・期限を照合してください。 試験では数値+条件+主体をセットで確認してください。,「宅建業免許の更新期間」の公式情報はどこで確認しますか？,試験論点・条文・数値の対応を比較表に整理し、過去問で正誤の型を分類してください。 過去問で正誤の型を分類し、試験要項で数値・期限を照合してください。 試験では数値+条件+主体をセットで確認してください。,2026-05-28
s32-kashi-hoshou-period,S32：瑕疵担保責任期間,宅建業法,契約不適合;期間,契約不適合・瑕疵の責任期間。,法令で確認,"[{""item"": ""期間"", ""value"": ""種別で異なる"", ""note"": ""要確認""}, {""item"": ""起算"", ""value"": ""引渡し等"", ""note"": ""条件""}]",S32：瑕疵担保責任期間｜数値早見,S32：瑕疵担保責任期間の代表数値と条件を整理します。数値は条文・要項で必ず最新確認してください。数値・手続の最新は公益財団法人 全日本不動産協会・公益財団法人 不動産流通推進センターの試験要項・法令改正情報で必ずご確認ください。,数値+条件+主体;類型で整理;年度確認,単独暗記;類型混同;旧年度流用,「数値・条件・主体」。,契約不適合責任;住宅瑕疵担保履行法;37条書面,「S32：瑕疵担保責任期間」の試験での位置づけは？,S32：瑕疵担保責任期間の代表数値と条件を整理します。数値は条文・要項で必ず最新確認してください。数値・手続の最新は公益財団法人 全日本不動産協会・公益財団法人 不動産流通推進センターの試験要項・法令改正情報で必ずご確認ください。 試験では数値+条件+主体を軸に、関連条文・数値・主体の取り違えを照合してください。,「S32：瑕疵担保責任期間」でよくある誤答パターンは？,試験論点・条文・数値の対応を比較表に整理し、過去問で正誤の型を分類してください。 過去問で正誤の型を分類し、試験要項で数値・期限を照合してください。 試験では数値+条件+主体をセットで確認してください。,「S32：瑕疵担保責任期間」の覚え方・確認手順は？,試験論点・条文・数値の対応を比較表に整理し、過去問で正誤の型を分類してください。 過去問で正誤の型を分類し、試験要項で数値・期限を照合してください。 試験では数値+条件+主体をセットで確認してください。,「S32：瑕疵担保責任期間」の公式情報はどこで確認しますか？,試験論点・条文・数値の対応を比較表に整理し、過去問で正誤の型を分類してください。 過去問で正誤の型を分類し、試験要項で数値・期限を照合してください。 試験では数値+条件+主体をセットで確認してください。,2026-05-28
s32-juyou-jiko-hokan,35条書面の保存,宅建業法,35条;保存,35条書面の保存・備付。,規則確認,"[{""item"": ""保存"", ""value"": ""業者備付"", ""note"": ""期間確認""}, {""item"": ""説明"", ""value"": ""契約前"", ""note"": ""37条別""}]",35条書面の保存｜数値早見,35条書面の保存の代表数値と条件を整理します。数値は条文・要項で必ず最新確認してください。数値・手続の最新は公益財団法人 全日本不動産協会・公益財団法人 不動産流通推進センターの試験要項・法令改正情報で必ずご確認ください。,数値+条件+主体;類型で整理;年度確認,単独暗記;類型混同;旧年度流用,「数値・条件・主体」。,重要事項説明（35条書面）;37条書面;宅建業の免許,「35条書面の保存」の試験での位置づけは？,35条書面の保存の代表数値と条件を整理します。数値は条文・要項で必ず最新確認してください。数値・手続の最新は公益財団法人 全日本不動産協会・公益財団法人 不動産流通推進センターの試験要項・法令改正情報で必ずご確認ください。 試験では数値+条件+主体を軸に、関連条文・数値・主体の取り違えを照合してください。,「35条書面の保存」でよくある誤答パターンは？,試験論点・条文・数値の対応を比較表に整理し、過去問で正誤の型を分類してください。 過去問で正誤の型を分類し、試験要項で数値・期限を照合してください。 試験では数値+条件+主体をセットで確認してください。,「35条書面の保存」の覚え方・確認手順は？,試験論点・条文・数値の対応を比較表に整理し、過去問で正誤の型を分類してください。 過去問で正誤の型を分類し、試験要項で数値・期限を照合してください。 試験では数値+条件+主体をセットで確認してください。,「35条書面の保存」の公式情報はどこで確認しますか？,試験論点・条文・数値の対応を比較表に整理し、過去問で正誤の型を分類してください。 過去問で正誤の型を分類し、試験要項で数値・期限を照合してください。 試験では数値+条件+主体をセットで確認してください。,2026-05-28
s32-tefuki-wariai-20,手付の20％上限,権利関係,手付;20%,手付金の上限割合。,代金20%,"[{""item"": ""上限"", ""value"": ""20%"", ""note"": ""5%は別""}, {""item"": ""性質"", ""value"": ""解約手当"", ""note"": ""違約金別""}]",手付の20％上限｜数値早見,手付の20％上限の代表数値と条件を整理します。数値は条文・要項で必ず最新確認してください。数値・手続の最新は公益財団法人 全日本不動産協会・公益財団法人 不動産流通推進センターの試験要項・法令改正情報で必ずご確認ください。,数値+条件+主体;類型で整理;年度確認,単独暗記;類型混同;旧年度流用,「数値・条件・主体」。,手付の種類;手付解除;手付金等の保全措置,「手付の20％上限」の試験での位置づけは？,手付の20％上限の代表数値と条件を整理します。数値は条文・要項で必ず最新確認してください。数値・手続の最新は公益財団法人 全日本不動産協会・公益財団法人 不動産流通推進センターの試験要項・法令改正情報で必ずご確認ください。 試験では数値+条件+主体を軸に、関連条文・数値・主体の取り違えを照合してください。,「手付の20％上限」でよくある誤答パターンは？,試験論点・条文・数値の対応を比較表に整理し、過去問で正誤の型を分類してください。 過去問で正誤の型を分類し、試験要項で数値・期限を照合してください。 試験では数値+条件+主体をセットで確認してください。,「手付の20％上限」の覚え方・確認手順は？,試験論点・条文・数値の対応を比較表に整理し、過去問で正誤の型を分類してください。 過去問で正誤の型を分類し、試験要項で数値・期限を照合してください。 試験では数値+条件+主体をセットで確認してください。,「手付の20％上限」の公式情報はどこで確認しますか？,試験論点・条文・数値の対応を比較表に整理し、過去問で正誤の型を分類してください。 過去問で正誤の型を分類し、試験要項で数値・期限を照合してください。 試験では数値+条件+主体をセットで確認してください。,2026-05-28
s32-baisho-satei-3nen,短期消滅時効3年,権利関係,消滅時効,不法行為等の短期消滅時効。,3年（代表）,"[{""item"": ""短期"", ""value"": ""3年"", ""note"": ""不法行為""}, {""item"": ""長期"", ""value"": ""20年"", ""note"": ""上限""}]",短期消滅時効3年｜数値早見,短期消滅時効3年の代表数値と条件を整理します。数値は条文・要項で必ず最新確認してください。数値・手続の最新は公益財団法人 全日本不動産協会・公益財団法人 不動産流通推進センターの試験要項・法令改正情報で必ずご確認ください。,数値+条件+主体;類型で整理;年度確認,単独暗記;類型混同;旧年度流用,「数値・条件・主体」。,意思表示;契約不適合責任;手付解除,「短期消滅時効3年」の試験での位置づけは？,短期消滅時効3年の代表数値と条件を整理します。数値は条文・要項で必ず最新確認してください。数値・手続の最新は公益財団法人 全日本不動産協会・公益財団法人 不動産流通推進センターの試験要項・法令改正情報で必ずご確認ください。 試験では数値+条件+主体を軸に、関連条文・数値・主体の取り違えを照合してください。,「短期消滅時効3年」でよくある誤答パターンは？,試験論点・条文・数値の対応を比較表に整理し、過去問で正誤の型を分類してください。 過去問で正誤の型を分類し、試験要項で数値・期限を照合してください。 試験では数値+条件+主体をセットで確認してください。,「短期消滅時効3年」の覚え方・確認手順は？,試験論点・条文・数値の対応を比較表に整理し、過去問で正誤の型を分類してください。 過去問で正誤の型を分類し、試験要項で数値・期限を照合してください。 試験では数値+条件+主体をセットで確認してください。,「短期消滅時効3年」の公式情報はどこで確認しますか？,試験論点・条文・数値の対応を比較表に整理し、過去問で正誤の型を分類してください。 過去問で正誤の型を分類し、試験要項で数値・期限を照合してください。 試験では数値+条件+主体をセットで確認してください。,2026-05-28
s32-sennin-14days,専任媒介14日報告,宅建業法,専任;14日,専任媒介の業務報告期限。,14日以内,"[{""item"": ""専任"", ""value"": ""14日"", ""note"": ""一般7日""}, {""item"": ""内容"", ""value"": ""業務状況"", ""note"": ""レインズ別""}]",専任媒介14日報告｜数値早見,専任媒介14日報告の代表数値と条件を整理します。数値は条文・要項で必ず最新確認してください。数値・手続の最新は公益財団法人 全日本不動産協会・公益財団法人 不動産流通推進センターの試験要項・法令改正情報で必ずご確認ください。,数値+条件+主体;類型で整理;年度確認,単独暗記;類型混同;旧年度流用,「数値・条件・主体」。,専任媒介契約;一般媒介契約;レインズ,「専任媒介14日報告」の試験での位置づけは？,専任媒介14日報告の代表数値と条件を整理します。数値は条文・要項で必ず最新確認してください。数値・手続の最新は公益財団法人 全日本不動産協会・公益財団法人 不動産流通推進センターの試験要項・法令改正情報で必ずご確認ください。 試験では数値+条件+主体を軸に、関連条文・数値・主体の取り違えを照合してください。,「専任媒介14日報告」でよくある誤答パターンは？,試験論点・条文・数値の対応を比較表に整理し、過去問で正誤の型を分類してください。 過去問で正誤の型を分類し、試験要項で数値・期限を照合してください。 試験では数値+条件+主体をセットで確認してください。,「専任媒介14日報告」の覚え方・確認手順は？,試験論点・条文・数値の対応を比較表に整理し、過去問で正誤の型を分類してください。 過去問で正誤の型を分類し、試験要項で数値・期限を照合してください。 試験では数値+条件+主体をセットで確認してください。,「専任媒介14日報告」の公式情報はどこで確認しますか？,試験論点・条文・数値の対応を比較表に整理し、過去問で正誤の型を分類してください。 過去問で正誤の型を分類し、試験要項で数値・期限を照合してください。 試験では数値+条件+主体をセットで確認してください。,2026-05-28
s32-hokenkin-jogen,保証金の上限,権利関係,保証金,借地借家法の保証金上限。,要確認,"[{""item"": ""保証金"", ""value"": ""借地"", ""note"": ""上限""}, {""item"": ""敷金"", ""value"": ""建物"", ""note"": ""2倍等""}]",保証金の上限｜数値早見,保証金の上限の代表数値と条件を整理します。数値は条文・要項で必ず最新確認してください。数値・手続の最新は公益財団法人 全日本不動産協会・公益財団法人 不動産流通推進センターの試験要項・法令改正情報で必ずご確認ください。,数値+条件+主体;類型で整理;年度確認,単独暗記;類型混同;旧年度流用,「数値・条件・主体」。,借地借家法;敷金・礼金;37条書面,「保証金の上限」の試験での位置づけは？,保証金の上限の代表数値と条件を整理します。数値は条文・要項で必ず最新確認してください。数値・手続の最新は公益財団法人 全日本不動産協会・公益財団法人 不動産流通推進センターの試験要項・法令改正情報で必ずご確認ください。 試験では数値+条件+主体を軸に、関連条文・数値・主体の取り違えを照合してください。,「保証金の上限」でよくある誤答パターンは？,試験論点・条文・数値の対応を比較表に整理し、過去問で正誤の型を分類してください。 過去問で正誤の型を分類し、試験要項で数値・期限を照合してください。 試験では数値+条件+主体をセットで確認してください。,「保証金の上限」の覚え方・確認手順は？,試験論点・条文・数値の対応を比較表に整理し、過去問で正誤の型を分類してください。 過去問で正誤の型を分類し、試験要項で数値・期限を照合してください。 試験では数値+条件+主体をセットで確認してください。,「保証金の上限」の公式情報はどこで確認しますか？,試験論点・条文・数値の対応を比較表に整理し、過去問で正誤の型を分類してください。 過去問で正誤の型を分類し、試験要項で数値・期限を照合してください。 試験では数値+条件+主体をセットで確認してください。,2026-05-28
s32-chintai-update-1month,賃貸借更新予告,権利関係,賃貸借,建物賃貸借の更新予告期間。,1〜6ヶ月,"[{""item"": ""更新"", ""value"": ""予告"", ""note"": ""類型別""}, {""item"": ""借地"", ""value"": ""別規定"", ""note"": ""混同注意""}]",賃貸借更新予告｜数値早見,賃貸借更新予告の代表数値と条件を整理します。数値は条文・要項で必ず最新確認してください。数値・手続の最新は公益財団法人 全日本不動産協会・公益財団法人 不動産流通推進センターの試験要項・法令改正情報で必ずご確認ください。,数値+条件+主体;類型で整理;年度確認,単独暗記;類型混同;旧年度流用,「数値・条件・主体」。,借地借家法;正当事由;定期借地権・定期借家権,「賃貸借更新予告」の試験での位置づけは？,賃貸借更新予告の代表数値と条件を整理します。数値は条文・要項で必ず最新確認してください。数値・手続の最新は公益財団法人 全日本不動産協会・公益財団法人 不動産流通推進センターの試験要項・法令改正情報で必ずご確認ください。 試験では数値+条件+主体を軸に、関連条文・数値・主体の取り違えを照合してください。,「賃貸借更新予告」でよくある誤答パターンは？,試験論点・条文・数値の対応を比較表に整理し、過去問で正誤の型を分類してください。 過去問で正誤の型を分類し、試験要項で数値・期限を照合してください。 試験では数値+条件+主体をセットで確認してください。,「賃貸借更新予告」の覚え方・確認手順は？,試験論点・条文・数値の対応を比較表に整理し、過去問で正誤の型を分類してください。 過去問で正誤の型を分類し、試験要項で数値・期限を照合してください。 試験では数値+条件+主体をセットで確認してください。,「賃貸借更新予告」の公式情報はどこで確認しますか？,試験論点・条文・数値の対応を比較表に整理し、過去問で正誤の型を分類してください。 過去問で正誤の型を分類し、試験要項で数値・期限を照合してください。 試験では数値+条件+主体をセットで確認してください。,2026-05-28
s32-gyosei-chotei,免許取消の手続,宅建業法,処分,免許取消等の行政手続。,聴聞等,"[{""item"": ""処分"", ""value"": ""取消停止"", ""note"": ""手続あり""}, {""item"": ""主体"", ""value"": ""行政庁"", ""note"": ""業者""}]",免許取消の手続｜数値早見,免許取消の手続の代表数値と条件を整理します。数値は条文・要項で必ず最新確認してください。数値・手続の最新は公益財団法人 全日本不動産協会・公益財団法人 不動産流通推進センターの試験要項・法令改正情報で必ずご確認ください。,数値+条件+主体;類型で整理;年度確認,単独暗記;類型混同;旧年度流用,「数値・条件・主体」。,宅建業の免許;免許の取消;宅建業者の賠償責任,「免許取消の手続」の試験での位置づけは？,免許取消の手続の代表数値と条件を整理します。数値は条文・要項で必ず最新確認してください。数値・手続の最新は公益財団法人 全日本不動産協会・公益財団法人 不動産流通推進センターの試験要項・法令改正情報で必ずご確認ください。 試験では数値+条件+主体を軸に、関連条文・数値・主体の取り違えを照合してください。,「免許取消の手続」でよくある誤答パターンは？,試験論点・条文・数値の対応を比較表に整理し、過去問で正誤の型を分類してください。 過去問で正誤の型を分類し、試験要項で数値・期限を照合してください。 試験では数値+条件+主体をセットで確認してください。,「免許取消の手続」の覚え方・確認手順は？,試験論点・条文・数値の対応を比較表に整理し、過去問で正誤の型を分類してください。 過去問で正誤の型を分類し、試験要項で数値・期限を照合してください。 試験では数値+条件+主体をセットで確認してください。,「免許取消の手続」の公式情報はどこで確認しますか？,試験論点・条文・数値の対応を比較表に整理し、過去問で正誤の型を分類してください。 過去問で正誤の型を分類し、試験要項で数値・期限を照合してください。 試験では数値+条件+主体をセットで確認してください。,2026-05-28
s32-takken-shiken-2025,宅建試験2025の出題数・合格判定,試験対策,合格点,50問・36点・各7点の確認。,50問・120分・相対評価。科目別足切りなし。基準点は試験後発表。,"[{""item"": ""総出題数"", ""value"": ""50問"", ""note"": ""四肢択一式。登録講習修了者は5問免除で45問出題。""}, {""item"": ""試験時間"", ""value"": ""120分"", ""note"": ""5問免除者も同じ120分で45問を解答。""}, {""item"": ""合格判定"", ""value"": ""相対評価（総合点）"", ""note"": ""科目別足切りなし。基準点は試験後に国交省が発表。""}, {""item"": ""合格基準点"", ""value"": ""試験後に発表"", ""note"": ""例年35〜38点程度だが年度変動。固定36点ルールではない。""}, {""item"": ""5問免除（登録講習）"", ""value"": ""45問出題"", ""note"": ""登録講習修了で最終5問免除（正解扱い）。""}, {""item"": ""権利関係"", ""value"": ""14問"", ""note"": ""民法・借地借家法等。""}, {""item"": ""宅建業法"", ""value"": ""20問"", ""note"": ""出題最多。""}, {""item"": ""法令上の制限"", ""value"": ""8問"", ""note"": ""都計法・建基法等。""}, {""item"": ""税・その他"", ""value"": ""8問"", ""note"": ""税法・統計等。""}, {""item"": ""受験料"", ""value"": ""8,200円"", ""note"": ""RETIO要項（年度で改定の可能性）。""}, {""item"": ""試験実施日"", ""value"": ""10月第3日曜日"", ""note"": ""例年10月第3日曜日。""}]",宅建試験合格基準｜数値早見,宅建試験合格基準の代表数値と条件を整理します。数値は条文・要項で必ず最新確認してください。数値・手続の最新は公益財団法人 全日本不動産協会・公益財団法人 不動産流通推進センターの試験要項・法令改正情報で必ずご確認ください。,相対評価の総合点;科目別足切りなし;基準点は試験後発表;50問120分;旧36+7点は現行と不一致,各科目7点足切りがあると誤解;固定36点と暗記;旧制度の合格基準をそのまま使う,「50問120分・相対評価・足切りなし」,宅建の合格点・合格率;宅建の出題傾向分析;重要事項説明（35条書面）,「宅建試験合格基準」の試験での位置づけは？,宅建試験合格基準の代表数値と条件を整理します。数値は条文・要項で必ず最新確認してください。数値・手続の最新は公益財団法人 全日本不動産協会・公益財団法人 不動産流通推進センターの試験要項・法令改正情報で必ずご確認ください。 試験では数値+条件+主体を軸に、関連条文・数値・主体の取り違えを照合してください。,「宅建試験合格基準」でよくある誤答パターンは？,試験論点・条文・数値の対応を比較表に整理し、過去問で正誤の型を分類してください。 過去問で正誤の型を分類し、試験要項で数値・期限を照合してください。 試験では数値+条件+主体をセットで確認してください。,「宅建試験合格基準」の覚え方・確認手順は？,試験論点・条文・数値の対応を比較表に整理し、過去問で正誤の型を分類してください。 過去問で正誤の型を分類し、試験要項で数値・期限を照合してください。 試験では数値+条件+主体をセットで確認してください。,「宅建試験合格基準」の公式情報はどこで確認しますか？,試験論点・条文・数値の対応を比較表に整理し、過去問で正誤の型を分類してください。 過去問で正誤の型を分類し、試験要項で数値・期限を照合してください。 試験では数値+条件+主体をセットで確認してください。,2026-05-28
s33-ju37-kigen,37条書面交付期限,宅建業法,37条;交付,37条書面の交付タイミングを整理します。,契約成立後速やか,"[{""item"": ""交付"", ""value"": ""契約成立後"", ""note"": ""35条とは別""}, {""item"": ""対象"", ""value"": ""当事者全員"", ""note"": ""媒介書面と別""}]",37条書面交付期限｜数値早見,37条書面は本契約成立後に交付します。35条説明・5日ルールと混同しないでください。数値・手続の最新は公益財団法人 全日本不動産協会・公益財団法人 不動産流通推進センターの試験要項・法令改正情報で必ずご確認ください。,成立後交付;全当事者;35条37条別,契約前交付;35条で足りる（試験では条件文の主語確認が得点の分かれ目）,「成立後・全員」。・条文で確認,37条書面;契約書の作成・交付（37条）;重要事項説明（35条書面）,「37条書面交付期限」の試験での位置づけは？,37条書面は本契約成立後に交付します。35条説明・5日ルールと混同しないでください。数値・手続の最新は公益財団法人 全日本不動産協会・公益財団法人 不動産流通推進センターの試験要項・法令改正情報で必ずご確認ください。 試験では成立後交付を軸に、関連条文・数値・主体の取り違えを照合してください。,「37条書面交付期限」でよくある誤答パターンは？,契約前交付;35条で足りる（試験では条件文の主語確認が得点の分かれ目） 誤答肢では全当事者の主語や条件が入れ替わることが多いので、比較表で整理してください。 過去問で正誤の型を分類し、試験要項で数値・期限を照合してください。,「37条書面交付期限」の覚え方・確認手順は？,覚え方：「成立後・全員」。・条文で確認 早見の要点：契約成立後速やか 用語集→本ページ→過去問の順で往復し、正誤理由をメモに残してください。 過去問で正誤の型を分類し、試験要項で数値・期限を照合してください。,「37条書面交付期限」の公式情報はどこで確認しますか？,試験論点・条文・数値の対応を比較表に整理し、過去問で正誤の型を分類してください。 過去問で正誤の型を分類し、試験要項で数値・期限を照合してください。 試験では成立後交付をセットで確認してください。 誤答では契約前交付に注意してください。,2026-05-28
s33-hoshou-kyokai,保証協会供託額,宅建業法,保証協会;供託,営業保証金等の供託に関する代表値を整理します。,法令で確認,"[{""item"": ""供託"", ""value"": ""保証協会"", ""note"": ""会員義務""}, {""item"": ""救済"", ""value"": ""被害者"", ""note"": ""免許と別""}]",保証協会供託｜数値早見,営業保証金・弁済業務保証金は保証協会への供託が問題になります。数値・手続の最新は公益財団法人 全日本不動産協会・公益財団法人 不動産流通推進センターの試験要項・法令改正情報で必ずご確認ください。,供託＝保証協会;会員義務;免許更新関連,供託不要;35条不要（試験では条件文の主語確認が得点の分かれ目）,「供託・会員・救済」。,保証協会;営業保証金と弁済業務保証金;宅建業の免許,「保証協会供託額」の試験での位置づけは？,営業保証金・弁済業務保証金は保証協会への供託が問題になります。数値・手続の最新は公益財団法人 全日本不動産協会・公益財団法人 不動産流通推進センターの試験要項・法令改正情報で必ずご確認ください。 試験では供託＝保証協会を軸に、関連条文・数値・主体の取り違えを照合してください。,「保証協会供託額」でよくある誤答パターンは？,供託不要;35条不要（試験では条件文の主語確認が得点の分かれ目） 誤答肢では会員義務の主語や条件が入れ替わることが多いので、比較表で整理してください。 過去問で正誤の型を分類し、試験要項で数値・期限を照合してください。,「保証協会供託額」の覚え方・確認手順は？,試験論点・条文・数値の対応を比較表に整理し、過去問で正誤の型を分類してください。 過去問で正誤の型を分類し、試験要項で数値・期限を照合してください。 試験では供託＝保証協会をセットで確認してください。,「保証協会供託額」の公式情報はどこで確認しますか？,試験論点・条文・数値の対応を比較表に整理し、過去問で正誤の型を分類してください。 過去問で正誤の型を分類し、試験要項で数値・期限を照合してください。 試験では供託＝保証協会をセットで確認してください。,2026-05-28
s33-reins-14days,レインズ登録と14日報告,宅建業法,レインズ;14日,専任媒介のレインズ関連期限を整理します。,14日以内,"[{""item"": ""専任"", ""value"": ""14日報告"", ""note"": ""一般7日""}, {""item"": ""登録"", ""value"": ""媒介物件"", ""note"": ""広告と別""}]",レインズ14日｜数値早見,専任媒介は14日ごとの報告、レインズ登録義務も関連します。数値・手続の最新は公益財団法人 全日本不動産協会・公益財団法人 不動産流通推進センターの試験要項・法令改正情報で必ずご確認ください。,専任14日;一般7日;登録別義務,14日が一般;登録不要（試験では条件文の主語確認が得点の分かれ目）,「一般7・専任14」。,レインズ;レインズ登録の期限;専任媒介契約,「レインズ登録と14日報告」の試験での位置づけは？,専任媒介は14日ごとの報告、レインズ登録義務も関連します。数値・手続の最新は公益財団法人 全日本不動産協会・公益財団法人 不動産流通推進センターの試験要項・法令改正情報で必ずご確認ください。 試験では専任14日を軸に、関連条文・数値・主体の取り違えを照合してください。,「レインズ登録と14日報告」でよくある誤答パターンは？,14日が一般;登録不要（試験では条件文の主語確認が得点の分かれ目） 誤答肢では一般7日の主語や条件が入れ替わることが多いので、比較表で整理してください。 過去問で正誤の型を分類し、試験要項で数値・期限を照合してください。,「レインズ登録と14日報告」の覚え方・確認手順は？,試験論点・条文・数値の対応を比較表に整理し、過去問で正誤の型を分類してください。 過去問で正誤の型を分類し、試験要項で数値・期限を照合してください。 試験では専任14日をセットで確認してください。 誤答では14日が一般に注意してください。,「レインズ登録と14日報告」の公式情報はどこで確認しますか？,試験論点・条文・数値の対応を比較表に整理し、過去問で正誤の型を分類してください。 過去問で正誤の型を分類し、試験要項で数値・期限を照合してください。 試験では専任14日をセットで確認してください。 誤答では14日が一般に注意してください。,2026-05-28
s33-houshuu-baibai,売買媒介報酬上限,宅建業法,報酬;売買,売買媒介報酬の算定式を整理します。,3%+6万円,"[{""item"": ""売買"", ""value"": ""取引価格×3%+6万"", ""note"": ""消費税別""}, {""item"": ""依頼者"", ""value"": ""負担"", ""note"": ""上限あり""}]",売買媒介報酬｜数値早見,売買媒介報酬は取引価格×3%+6万円が典型です。計算問題で頻出します。数値・手続の最新は公益財団法人 全日本不動産協会・公益財団法人 不動産流通推進センターの試験要項・法令改正情報で必ずご確認ください。,3%+6万;依頼者負担;消費税別,上限なし;手付控除（試験では条件文の主語確認が得点の分かれ目）,「売買は3%+6万円」。,報酬の計算（売買）;報酬の明瞭化;媒介契約の種類,「売買媒介報酬上限」の試験での位置づけは？,売買媒介報酬は取引価格×3%+6万円が典型です。計算問題で頻出します。数値・手続の最新は公益財団法人 全日本不動産協会・公益財団法人 不動産流通推進センターの試験要項・法令改正情報で必ずご確認ください。 試験では3%+6万を軸に、関連条文・数値・主体の取り違えを照合してください。,「売買媒介報酬上限」でよくある誤答パターンは？,上限なし;手付控除（試験では条件文の主語確認が得点の分かれ目） 誤答肢では依頼者負担の主語や条件が入れ替わることが多いので、比較表で整理してください。 過去問で正誤の型を分類し、試験要項で数値・期限を照合してください。,「売買媒介報酬上限」の覚え方・確認手順は？,試験論点・条文・数値の対応を比較表に整理し、過去問で正誤の型を分類してください。 過去問で正誤の型を分類し、試験要項で数値・期限を照合してください。 試験では3%+6万をセットで確認してください。 誤答では上限なしに注意してください。,「売買媒介報酬上限」の公式情報はどこで確認しますか？,試験論点・条文・数値の対応を比較表に整理し、過去問で正誤の型を分類してください。 過去問で正誤の型を分類し、試験要項で数値・期限を照合してください。 試験では3%+6万をセットで確認してください。 誤答では上限なしに注意してください。,2026-05-28
s33-houshuu-chintai,賃貸媒介報酬上限,宅建業法,報酬;賃貸,賃貸借媒介報酬の算定式を整理します。,1ヶ月分,"[{""item"": ""賃貸"", ""value"": ""賃料1ヶ月+税"", ""note"": ""上限""}, {""item"": ""借主"", ""value"": ""負担多い"", ""note"": ""契約次第""}]",賃貸媒介報酬｜数値早見,賃貸借媒介報酬は賃料1ヶ月分＋消費税等が上限です。数値・手続の最新は公益財団法人 全日本不動産協会・公益財団法人 不動産流通推進センターの試験要項・法令改正情報で必ずご確認ください。,1ヶ月分;上限あり;売買と別,3%+6万;上限なし（試験では条件文の主語確認が得点の分かれ目）,「賃貸は1ヶ月分上限」。,報酬の計算（売買）;報酬額の掲示;媒介契約の種類,「賃貸媒介報酬上限」の試験での位置づけは？,賃貸借媒介報酬は賃料1ヶ月分＋消費税等が上限です。数値・手続の最新は公益財団法人 全日本不動産協会・公益財団法人 不動産流通推進センターの試験要項・法令改正情報で必ずご確認ください。 試験では1ヶ月分を軸に、関連条文・数値・主体の取り違えを照合してください。,「賃貸媒介報酬上限」でよくある誤答パターンは？,3%+6万;上限なし（試験では条件文の主語確認が得点の分かれ目） 誤答肢では上限ありの主語や条件が入れ替わることが多いので、比較表で整理してください。 過去問で正誤の型を分類し、試験要項で数値・期限を照合してください。,「賃貸媒介報酬上限」の覚え方・確認手順は？,試験論点・条文・数値の対応を比較表に整理し、過去問で正誤の型を分類してください。 過去問で正誤の型を分類し、試験要項で数値・期限を照合してください。 試験では1ヶ月分をセットで確認してください。 誤答では3%+6万に注意してください。,「賃貸媒介報酬上限」の公式情報はどこで確認しますか？,試験論点・条文・数値の対応を比較表に整理し、過去問で正誤の型を分類してください。 過去問で正誤の型を分類し、試験要項で数値・期限を照合してください。 試験では1ヶ月分をセットで確認してください。 誤答では3%+6万に注意してください。,2026-05-28
s33-jiko-keiyaku,自己契約の書面同意,宅建業法,自己契約;同意,自己契約・双方代理の例外要件を整理します。,書面同意,"[{""item"": ""原則"", ""value"": ""禁止"", ""note"": ""例外あり""}, {""item"": ""同意"", ""value"": ""書面"", ""note"": ""相手方""}]",自己契約例外｜数値早見,自己契約・双方代理は原則禁止、書面による同意等の例外があります。数値・手続の最新は公益財団法人 全日本不動産協会・公益財団法人 不動産流通推進センターの試験要項・法令改正情報で必ずご確認ください。,原則禁止;書面同意例外;35条37条必要,自由;35条不要（試験では条件文の主語確認が得点の分かれ目）,「原則禁止・書面例外」。,自己契約・双方代理;重要事項説明（35条書面）;37条書面,「自己契約の書面同意」の試験での位置づけは？,自己契約・双方代理は原則禁止、書面による同意等の例外があります。数値・手続の最新は公益財団法人 全日本不動産協会・公益財団法人 不動産流通推進センターの試験要項・法令改正情報で必ずご確認ください。 試験では原則禁止を軸に、関連条文・数値・主体の取り違えを照合してください。,「自己契約の書面同意」でよくある誤答パターンは？,自由;35条不要（試験では条件文の主語確認が得点の分かれ目） 誤答肢では書面同意例外の主語や条件が入れ替わることが多いので、比較表で整理してください。 過去問で正誤の型を分類し、試験要項で数値・期限を照合してください。,「自己契約の書面同意」の覚え方・確認手順は？,試験論点・条文・数値の対応を比較表に整理し、過去問で正誤の型を分類してください。 過去問で正誤の型を分類し、試験要項で数値・期限を照合してください。 試験では原則禁止をセットで確認してください。 誤答では自由に注意してください。,「自己契約の書面同意」の公式情報はどこで確認しますか？,試験論点・条文・数値の対応を比較表に整理し、過去問で正誤の型を分類してください。 過去問で正誤の型を分類し、試験要項で数値・期限を照合してください。 試験では原則禁止をセットで確認してください。 誤答では自由に注意してください。,2026-05-28
s33-teitou-3months,抵当権3ヶ月除斥,権利関係,抵当権;3ヶ月,抵当権実行の除斥期間を整理します。,3ヶ月,"[{""item"": ""除斥"", ""value"": ""3ヶ月"", ""note"": ""実行手続""}, {""item"": ""1年除斥と混同しがち"", ""value"": ""占有移転"", ""note"": ""別論点""}]",抵当権3ヶ月｜数値早見,抵当権実行では3ヶ月の除斥期間が問題になります。1年占有移転と混同しないでください。数値・手続の最新は公益財団法人 全日本不動産協会・公益財団法人 不動産流通推進センターの試験要項・法令改正情報で必ずご確認ください。,3ヶ月除斥;1年は別;順位重要,1年;除斥不要（試験では条件文の主語確認が得点の分かれ目）,「3ヶ月は除斥期間」。,抵当権;抵当権の実行;除斥期間,「抵当権3ヶ月除斥」の試験での位置づけは？,抵当権実行では3ヶ月の除斥期間が問題になります。1年占有移転と混同しないでください。数値・手続の最新は公益財団法人 全日本不動産協会・公益財団法人 不動産流通推進センターの試験要項・法令改正情報で必ずご確認ください。 試験では3ヶ月除斥を軸に、関連条文・数値・主体の取り違えを照合してください。,「抵当権3ヶ月除斥」でよくある誤答パターンは？,1年;除斥不要（試験では条件文の主語確認が得点の分かれ目） 誤答肢では1年は別の主語や条件が入れ替わることが多いので、比較表で整理してください。 過去問で正誤の型を分類し、試験要項で数値・期限を照合してください。,「抵当権3ヶ月除斥」の覚え方・確認手順は？,試験論点・条文・数値の対応を比較表に整理し、過去問で正誤の型を分類してください。 過去問で正誤の型を分類し、試験要項で数値・期限を照合してください。 試験では3ヶ月除斥をセットで確認してください。 誤答では1年に注意してください。,「抵当権3ヶ月除斥」の公式情報はどこで確認しますか？,試験論点・条文・数値の対応を比較表に整理し、過去問で正誤の型を分類してください。 過去問で正誤の型を分類し、試験要項で数値・期限を照合してください。 試験では3ヶ月除斥をセットで確認してください。 誤答では1年に注意してください。,2026-05-28
s33-shikikin-2bai,敷金上限2倍,権利関係,敷金;2倍,建物賃貸借の敷金上限を整理します。,賃料2倍,"[{""item"": ""建物"", ""value"": ""2倍まで"", ""note"": ""普通借家""}, {""item"": ""借地"", ""value"": ""6ヶ月"", ""note"": ""別上限""}]",敷金2倍上限｜数値早見,建物賃貸借の敷金は賃料の2倍まで、借地は6ヶ月分等で上限が異なります。数値・手続の最新は公益財団法人 全日本不動産協会・公益財団法人 不動産流通推進センターの試験要項・法令改正情報で必ずご確認ください。,建物2倍;借地6ヶ月;明細書,上限なし;借地も2倍（試験では条件文の主語確認が得点の分かれ目）,「建物2倍・借地6ヶ月」。,借地借家法;敷金・礼金;37条書面,「敷金上限2倍」の試験での位置づけは？,建物賃貸借の敷金は賃料の2倍まで、借地は6ヶ月分等で上限が異なります。数値・手続の最新は公益財団法人 全日本不動産協会・公益財団法人 不動産流通推進センターの試験要項・法令改正情報で必ずご確認ください。 試験では建物2倍を軸に、関連条文・数値・主体の取り違えを照合してください。,「敷金上限2倍」でよくある誤答パターンは？,上限なし;借地も2倍（試験では条件文の主語確認が得点の分かれ目） 誤答肢では借地6ヶ月の主語や条件が入れ替わることが多いので、比較表で整理してください。 過去問で正誤の型を分類し、試験要項で数値・期限を照合してください。,「敷金上限2倍」の覚え方・確認手順は？,試験論点・条文・数値の対応を比較表に整理し、過去問で正誤の型を分類してください。 過去問で正誤の型を分類し、試験要項で数値・期限を照合してください。 試験では建物2倍をセットで確認してください。 誤答では上限なしに注意してください。,「敷金上限2倍」の公式情報はどこで確認しますか？,試験論点・条文・数値の対応を比較表に整理し、過去問で正誤の型を分類してください。 過去問で正誤の型を分類し、試験要項で数値・期限を照合してください。 試験では建物2倍をセットで確認してください。 誤答では上限なしに注意してください。,2026-05-28
s33-menkyo-5nen,宅建業免許5年更新,宅建業法,免許;5年,宅建業免許の更新期間を整理します。,5年・要項確認,"[{""item"": ""免許"", ""value"": ""5年"", ""note"": ""事業者""}, {""item"": ""士"", ""value"": ""5年"", ""note"": ""個人資格""}]",免許5年更新｜数値早見,宅建業免許と宅建士資格はいずれも5年更新が問題になります。混同しないでください。数値・手続の最新は公益財団法人 全日本不動産協会・公益財団法人 不動産流通推進センターの試験要項・法令改正情報で必ずご確認ください。,免許5年;士5年;主体別,永久;更新不要（試験では条件文の主語確認が得点の分かれ目）,「免許5年・士5年」。,宅建業の免許;宅建士;宅建士資格登録簿,「宅建業免許5年更新」の試験での位置づけは？,宅建業免許と宅建士資格はいずれも5年更新が問題になります。混同しないでください。数値・手続の最新は公益財団法人 全日本不動産協会・公益財団法人 不動産流通推進センターの試験要項・法令改正情報で必ずご確認ください。 試験では免許5年を軸に、関連条文・数値・主体の取り違えを照合してください。,「宅建業免許5年更新」でよくある誤答パターンは？,永久;更新不要（試験では条件文の主語確認が得点の分かれ目） 誤答肢では士5年の主語や条件が入れ替わることが多いので、比較表で整理してください。 過去問で正誤の型を分類し、試験要項で数値・期限を照合してください。,「宅建業免許5年更新」の覚え方・確認手順は？,試験論点・条文・数値の対応を比較表に整理し、過去問で正誤の型を分類してください。 過去問で正誤の型を分類し、試験要項で数値・期限を照合してください。 試験では免許5年をセットで確認してください。 誤答では永久に注意してください。,「宅建業免許5年更新」の公式情報はどこで確認しますか？,試験論点・条文・数値の対応を比較表に整理し、過去問で正誤の型を分類してください。 過去問で正誤の型を分類し、試験要項で数値・期限を照合してください。 試験では免許5年をセットで確認してください。 誤答では永久に注意してください。,2026-05-28
s33-takken-36ten,宅建合格判定（相対評価）,試験対策,合格点;36点,宅建試験の合格基準点を整理します。,50問・120分・相対評価。科目別足切りなし。基準点は試験後発表。,"[{""item"": ""総出題数"", ""value"": ""50問"", ""note"": ""四肢択一式。登録講習修了者は5問免除で45問出題。""}, {""item"": ""試験時間"", ""value"": ""120分"", ""note"": ""5問免除者も同じ120分で45問を解答。""}, {""item"": ""合格判定"", ""value"": ""相対評価（総合点）"", ""note"": ""科目別足切りなし。基準点は試験後に国交省が発表。""}, {""item"": ""合格基準点"", ""value"": ""試験後に発表"", ""note"": ""例年35〜38点程度だが年度変動。固定36点ルールではない。""}, {""item"": ""5問免除（登録講習）"", ""value"": ""45問出題"", ""note"": ""登録講習修了で最終5問免除（正解扱い）。""}, {""item"": ""権利関係"", ""value"": ""14問"", ""note"": ""民法・借地借家法等。""}, {""item"": ""宅建業法"", ""value"": ""20問"", ""note"": ""出題最多。""}, {""item"": ""法令上の制限"", ""value"": ""8問"", ""note"": ""都計法・建基法等。""}, {""item"": ""税・その他"", ""value"": ""8問"", ""note"": ""税法・統計等。""}, {""item"": ""受験料"", ""value"": ""8,200円"", ""note"": ""RETIO要項（年度で改定の可能性）。""}, {""item"": ""試験実施日"", ""value"": ""10月第3日曜日"", ""note"": ""例年10月第3日曜日。""}]",宅建合格点｜相対評価と旧36点表記の整理,50問・36点以上・各科目7点以上が典型です。年度要項で必ず確認してください。数値・手続の最新は公益財団法人 全日本不動産協会・公益財団法人 不動産流通推進センターの試験要項・法令改正情報で必ずご確認ください。,相対評価の総合点;科目別足切りなし;基準点は試験後発表;50問120分;旧36+7点は現行と不一致,各科目7点足切りがあると誤解;固定36点と暗記;旧制度の合格基準をそのまま使う,「50問120分・相対評価・足切りなし」,宅建の合格点・合格率;宅建の出題傾向分析;宅建士,「宅建合格基準36点」の試験での位置づけは？,50問・36点以上・各科目7点以上が典型です。年度要項で必ず確認してください。数値・手続の最新は公益財団法人 全日本不動産協会・公益財団法人 不動産流通推進センターの試験要項・法令改正情報で必ずご確認ください。 試験では36点を軸に、関連条文・数値・主体の取り違えを照合してください。,「宅建合格基準36点」でよくある誤答パターンは？,40点固定;足切りなし（試験では条件文の主語確認が得点の分かれ目） 誤答肢では各7点の主語や条件が入れ替わることが多いので、比較表で整理してください。 過去問で正誤の型を分類し、試験要項で数値・期限を照合してください。,「宅建合格基準36点」の覚え方・確認手順は？,試験論点・条文・数値の対応を比較表に整理し、過去問で正誤の型を分類してください。 過去問で正誤の型を分類し、試験要項で数値・期限を照合してください。 試験では36点をセットで確認してください。 誤答では40点固定に注意してください。,「宅建合格基準36点」の公式情報はどこで確認しますか？,試験論点・条文・数値の対応を比較表に整理し、過去問で正誤の型を分類してください。 過去問で正誤の型を分類し、試験要項で数値・期限を照合してください。 試験では36点をセットで確認してください。 誤答では40点固定に注意してください。,2026-05-28
s34-ju35-5days,35条説明後5日ルール,宅建業法,35条;5日,35条説明後の契約締結禁止期間を整理します。,5日経過前は不可,"[{""item"": ""期間"", ""value"": ""5日"", ""note"": ""35条説明後""}, {""item"": ""例外"", ""value"": ""書面同意"", ""note"": ""5日以内可""}]",35条5日ルール｜数値早見,35条説明後原則5日を経過するまで契約締結できません。書面同意で例外です。数値・手続の最新は公益財団法人 全日本不動産協会・公益財団法人 不動産流通推進センターの試験要項・法令改正情報で必ずご確認ください。,5日禁止;書面同意例外;37条は別,即日可;37条同一（試験では条件文の主語確認が得点の分かれ目）,「5日・書面例外」。,重要事項説明（35条書面）;35条書面;37条書面,「35条説明後5日ルール」の試験での位置づけは？,35条説明後原則5日を経過するまで契約締結できません。書面同意で例外です。数値・手続の最新は公益財団法人 全日本不動産協会・公益財団法人 不動産流通推進センターの試験要項・法令改正情報で必ずご確認ください。 試験では5日禁止を軸に、関連条文・数値・主体の取り違えを照合してください。,「35条説明後5日ルール」でよくある誤答パターンは？,即日可;37条同一（試験では条件文の主語確認が得点の分かれ目） 誤答肢では書面同意例外の主語や条件が入れ替わることが多いので、比較表で整理してください。 過去問で正誤の型を分類し、試験要項で数値・期限を照合してください。,「35条説明後5日ルール」の覚え方・確認手順は？,試験論点・条文・数値の対応を比較表に整理し、過去問で正誤の型を分類してください。 過去問で正誤の型を分類し、試験要項で数値・期限を照合してください。 試験では5日禁止をセットで確認してください。 誤答では即日可に注意してください。,「35条説明後5日ルール」の公式情報はどこで確認しますか？,試験論点・条文・数値の対応を比較表に整理し、過去問で正誤の型を分類してください。 過去問で正誤の型を分類し、試験要項で数値・期限を照合してください。 試験では5日禁止をセットで確認してください。 誤答では即日可に注意してください。,2026-05-28
s34-cooling-8days,クーリングオフ8日,権利関係,クーリングオフ;8日,クーリングオフの行使期間を整理します。,8日以内,"[{""item"": ""期間"", ""value"": ""8日"", ""note"": ""書面受領日から""}, {""item"": ""解除"", ""value"": ""無条件"", ""note"": ""手付と別""}]",クーリングオフ8日｜数値早見,契約書面受領日から8日以内に無条件解除できます。手付解除と混同しないでください。数値・手続の最新は公益財団法人 全日本不動産協会・公益財団法人 不動産流通推進センターの試験要項・法令改正情報で必ずご確認ください。,8日;書面通知;手付とは別,手付解除も8日と誤解（試験では条件文の主語確認が得点の分かれ目）,「8日・書面通知」。,クーリングオフ;手付解除;手付金等の保全措置,「クーリングオフ8日」の試験での位置づけは？,契約書面受領日から8日以内に無条件解除できます。手付解除と混同しないでください。数値・手続の最新は公益財団法人 全日本不動産協会・公益財団法人 不動産流通推進センターの試験要項・法令改正情報で必ずご確認ください。 試験では8日を軸に、関連条文・数値・主体の取り違えを照合してください。,「クーリングオフ8日」でよくある誤答パターンは？,手付解除も8日と誤解（試験では条件文の主語確認が得点の分かれ目） 誤答肢では書面通知の主語や条件が入れ替わることが多いので、比較表で整理してください。 過去問で正誤の型を分類し、試験要項で数値・期限を照合してください。,「クーリングオフ8日」の覚え方・確認手順は？,試験論点・条文・数値の対応を比較表に整理し、過去問で正誤の型を分類してください。 過去問で正誤の型を分類し、試験要項で数値・期限を照合してください。 試験では8日をセットで確認してください。 誤答では手付解除も8日と誤解（試験では条件文の主語確認が得点の分かれ目）に注意してください。,「クーリングオフ8日」の公式情報はどこで確認しますか？,試験論点・条文・数値の対応を比較表に整理し、過去問で正誤の型を分類してください。 過去問で正誤の型を分類し、試験要項で数値・期限を照合してください。 試験では8日をセットで確認してください。 誤答では手付解除も8日と誤解（試験では条件文の主語確認が得点の分かれ目）に注意してください。,2026-05-28
s34-tefuki-5pct,手付金5%上限,権利関係,手付;5%,売買手付金の上限を整理します。,代金5%,"[{""item"": ""上限"", ""value"": ""5%"", ""note"": ""売買手付""}, {""item"": ""保全"", ""value"": ""預託等"", ""note"": ""35条説明""}]",手付5%上限｜数値早見,売買手付金は代金の5%までが典型です。保全措置とセットで学習してください。数値・手続の最新は公益財団法人 全日本不動産協会・公益財団法人 不動産流通推進センターの試験要項・法令改正情報で必ずご確認ください。,5%上限;保全措置;10%は誤り,手付10%までと誤解（試験では条件文の主語確認が得点の分かれ目）,「手付5%と保全措置」。,手付の種類;手付解除;手付金等の保全措置,「手付金5%上限」の試験での位置づけは？,売買手付金は代金の5%までが典型です。保全措置とセットで学習してください。数値・手続の最新は公益財団法人 全日本不動産協会・公益財団法人 不動産流通推進センターの試験要項・法令改正情報で必ずご確認ください。 試験では5%上限を軸に、関連条文・数値・主体の取り違えを照合してください。,「手付金5%上限」でよくある誤答パターンは？,手付10%までと誤解（試験では条件文の主語確認が得点の分かれ目） 誤答肢では保全措置の主語や条件が入れ替わることが多いので、比較表で整理してください。 過去問で正誤の型を分類し、試験要項で数値・期限を照合してください。,「手付金5%上限」の覚え方・確認手順は？,試験論点・条文・数値の対応を比較表に整理し、過去問で正誤の型を分類してください。 過去問で正誤の型を分類し、試験要項で数値・期限を照合してください。 試験では5%上限をセットで確認してください。 誤答では手付10%までと誤解（試験では条件文の主語確認が得点の分かれ目）に注意してください。,「手付金5%上限」の公式情報はどこで確認しますか？,試験論点・条文・数値の対応を比較表に整理し、過去問で正誤の型を分類してください。 過去問で正誤の型を分類し、試験要項で数値・期限を照合してください。 試験では5%上限をセットで確認してください。 誤答では手付10%までと誤解（試験では条件文の主語確認が得点の分かれ目）に注意してください。,2026-05-28
s34-sennin-14days,専任媒介14日報告 S34,宅建業法,専任;14日,専任媒介の報告期限を整理します。,14日以内,"[{""item"": ""専任"", ""value"": ""14日"", ""note"": ""一般7日""}, {""item"": ""内容"", ""value"": ""取引状況"", ""note"": ""レインズ別""}]",専任14日報告｜数値早見,専任媒介は14日ごと、一般媒介は7日ごとが典型です。数値・手続の最新は公益財団法人 全日本不動産協会・公益財団法人 不動産流通推進センターの試験要項・法令改正情報で必ずご確認ください。,専任14;一般7;媒介類型で確認,14日が一般媒介と誤解（試験では条件文の主語確認が得点の分かれ目）,「一般7・専任14」。,専任媒介契約;一般媒介契約;レインズ,「専任媒介14日報告 S34」の試験での位置づけは？,専任媒介は14日ごと、一般媒介は7日ごとが典型です。数値・手続の最新は公益財団法人 全日本不動産協会・公益財団法人 不動産流通推進センターの試験要項・法令改正情報で必ずご確認ください。 試験では専任14を軸に、関連条文・数値・主体の取り違えを照合してください。,「専任媒介14日報告 S34」でよくある誤答パターンは？,14日が一般媒介と誤解（試験では条件文の主語確認が得点の分かれ目） 誤答肢では一般7の主語や条件が入れ替わることが多いので、比較表で整理してください。 過去問で正誤の型を分類し、試験要項で数値・期限を照合してください。,「専任媒介14日報告 S34」の覚え方・確認手順は？,試験論点・条文・数値の対応を比較表に整理し、過去問で正誤の型を分類してください。 過去問で正誤の型を分類し、試験要項で数値・期限を照合してください。 試験では専任14をセットで確認してください。 誤答では14日が一般媒介と誤解（試験では条件文の主語確認が得点の分かれ目）に注意してください。,「専任媒介14日報告 S34」の公式情報はどこで確認しますか？,試験論点・条文・数値の対応を比較表に整理し、過去問で正誤の型を分類してください。 過去問で正誤の型を分類し、試験要項で数値・期限を照合してください。 試験では専任14をセットで確認してください。 誤答では14日が一般媒介と誤解（試験では条件文の主語確認が得点の分かれ目）に注意してください。,2026-05-28
s34-koushin-1month,更新料1ヶ月上限,権利関係,更新料;1ヶ月,合意更新の更新料上限を整理します。,1ヶ月以内,"[{""item"": ""更新料"", ""value"": ""1ヶ月"", ""note"": ""合意更新""}, {""item"": ""法定"", ""value"": ""別"", ""note"": ""正当事由""}]",更新料1ヶ月｜数値早見,合意更新の更新料は1ヶ月分以内等の上限があります。数値・手続の最新は公益財団法人 全日本不動産協会・公益財団法人 不動産流通推進センターの試験要項・法令改正情報で必ずご確認ください。,1ヶ月;合意更新;借地借家別,更新料自由（試験では条件文の主語確認が得点の分かれ目）,「1ヶ月・合意更新」。,更新拒絶の正当な事由;法定更新;借地借家法,「更新料1ヶ月上限」の試験での位置づけは？,合意更新の更新料は1ヶ月分以内等の上限があります。数値・手続の最新は公益財団法人 全日本不動産協会・公益財団法人 不動産流通推進センターの試験要項・法令改正情報で必ずご確認ください。 試験では1ヶ月を軸に、関連条文・数値・主体の取り違えを照合してください。,「更新料1ヶ月上限」でよくある誤答パターンは？,更新料自由（試験では条件文の主語確認が得点の分かれ目） 誤答肢では合意更新の主語や条件が入れ替わることが多いので、比較表で整理してください。 過去問で正誤の型を分類し、試験要項で数値・期限を照合してください。,「更新料1ヶ月上限」の覚え方・確認手順は？,試験論点・条文・数値の対応を比較表に整理し、過去問で正誤の型を分類してください。 過去問で正誤の型を分類し、試験要項で数値・期限を照合してください。 試験では1ヶ月をセットで確認してください。 誤答では更新料自由（試験では条件文の主語確認が得点の分かれ目）に注意してください。,「更新料1ヶ月上限」の公式情報はどこで確認しますか？,試験論点・条文・数値の対応を比較表に整理し、過去問で正誤の型を分類してください。 過去問で正誤の型を分類し、試験要項で数値・期限を照合してください。 試験では1ヶ月をセットで確認してください。 誤答では更新料自由（試験では条件文の主語確認が得点の分かれ目）に注意してください。,2026-05-28
s34-shikaku-5nen,宅建士資格5年,宅建業法,資格;5年,宅建士資格の有効期間を整理します。,5年更新,"[{""item"": ""有効"", ""value"": ""5年"", ""note"": ""登録から""}, {""item"": ""更新"", ""value"": ""手続必要"", ""note"": ""免許と別""}]",宅建士5年｜数値早見,宅建士資格は5年ごとに更新が必要です。免許と混同しないでください。数値・手続の最新は公益財団法人 全日本不動産協会・公益財団法人 不動産流通推進センターの試験要項・法令改正情報で必ずご確認ください。,5年更新;個人資格;免許と別,資格が永久有効と誤解（試験では条件文の主語確認が得点の分かれ目）,「5年ごとに更新」。,宅建士;宅建士資格登録簿;宅建業の免許,「宅建士資格5年」の試験での位置づけは？,宅建士資格は5年ごとに更新が必要です。免許と混同しないでください。数値・手続の最新は公益財団法人 全日本不動産協会・公益財団法人 不動産流通推進センターの試験要項・法令改正情報で必ずご確認ください。 試験では5年更新を軸に、関連条文・数値・主体の取り違えを照合してください。,「宅建士資格5年」でよくある誤答パターンは？,資格が永久有効と誤解（試験では条件文の主語確認が得点の分かれ目） 誤答肢では個人資格の主語や条件が入れ替わることが多いので、比較表で整理してください。 過去問で正誤の型を分類し、試験要項で数値・期限を照合してください。,「宅建士資格5年」の覚え方・確認手順は？,試験論点・条文・数値の対応を比較表に整理し、過去問で正誤の型を分類してください。 過去問で正誤の型を分類し、試験要項で数値・期限を照合してください。 試験では5年更新をセットで確認してください。 誤答では資格が永久有効と誤解（試験では条件文の主語確認が得点の分かれ目）に注意してください。,「宅建士資格5年」の公式情報はどこで確認しますか？,試験論点・条文・数値の対応を比較表に整理し、過去問で正誤の型を分類してください。 過去問で正誤の型を分類し、試験要項で数値・期限を照合してください。 試験では5年更新をセットで確認してください。 誤答では資格が永久有効と誤解（試験では条件文の主語確認が得点の分かれ目）に注意してください。,2026-05-28
s34-teitou-3months,抵当権3ヶ月除斥 S34,権利関係,抵当権;3ヶ月,抵当権実行の除斥期間を整理します。,3ヶ月,"[{""item"": ""除斥"", ""value"": ""3ヶ月"", ""note"": ""実行手続""}, {""item"": ""1年除斥と混同しがち"", ""value"": ""占有移転"", ""note"": ""別""}]",抵当3ヶ月｜数値早見,抵当権実行の3ヶ月除斥期間が典型です。1年占有移転と混同しないでください。数値・手続の最新は公益財団法人 全日本不動産協会・公益財団法人 不動産流通推進センターの試験要項・法令改正情報で必ずご確認ください。,3ヶ月除斥;1年は別,1年除斥と混同しがち（試験では条件文の主語確認が得点の分かれ目）,「3ヶ月は除斥期間」。,抵当権;抵当権の実行;除斥期間,「抵当権3ヶ月除斥 S34」の試験での位置づけは？,抵当権実行の3ヶ月除斥期間が典型です。1年占有移転と混同しないでください。数値・手続の最新は公益財団法人 全日本不動産協会・公益財団法人 不動産流通推進センターの試験要項・法令改正情報で必ずご確認ください。 試験では3ヶ月除斥を軸に、関連条文・数値・主体の取り違えを照合してください。,「抵当権3ヶ月除斥 S34」でよくある誤答パターンは？,1年除斥と混同しがち（試験では条件文の主語確認が得点の分かれ目） 誤答肢では1年は別の主語や条件が入れ替わることが多いので、比較表で整理してください。 過去問で正誤の型を分類し、試験要項で数値・期限を照合してください。,「抵当権3ヶ月除斥 S34」の覚え方・確認手順は？,試験論点・条文・数値の対応を比較表に整理し、過去問で正誤の型を分類してください。 過去問で正誤の型を分類し、試験要項で数値・期限を照合してください。 試験では3ヶ月除斥をセットで確認してください。 誤答では1年除斥と混同しがち（試験では条件文の主語確認が得点の分かれ目）に注意してください。,「抵当権3ヶ月除斥 S34」の公式情報はどこで確認しますか？,試験論点・条文・数値の対応を比較表に整理し、過去問で正誤の型を分類してください。 過去問で正誤の型を分類し、試験要項で数値・期限を照合してください。 試験では3ヶ月除斥をセットで確認してください。 誤答では1年除斥と混同しがち（試験では条件文の主語確認が得点の分かれ目）に注意してください。,2026-05-28
s34-houshuu-baibai,売買報酬3%+6万,宅建業法,報酬;売買,売買媒介報酬の算定式を整理します。,3%+6万,"[{""item"": ""売買"", ""value"": ""3%+6万"", ""note"": ""消費税別""}, {""item"": ""賃貸"", ""value"": ""1ヶ月"", ""note"": ""別算式""}]",売買報酬3%+6万｜数値早見,売買媒介報酬は取引価格×3%+6万円が典型です。数値・手続の最新は公益財団法人 全日本不動産協会・公益財団法人 不動産流通推進センターの試験要項・法令改正情報で必ずご確認ください。,3%+6万;賃貸は別,報酬上限がないと誤解（試験では条件文の主語確認が得点の分かれ目）,「売買は3%+6万円」。,報酬の計算（売買）;報酬の明瞭化;媒介契約の種類,「売買報酬3%+6万」の試験での位置づけは？,売買媒介報酬は取引価格×3%+6万円が典型です。数値・手続の最新は公益財団法人 全日本不動産協会・公益財団法人 不動産流通推進センターの試験要項・法令改正情報で必ずご確認ください。 試験では3%+6万を軸に、関連条文・数値・主体の取り違えを照合してください。,「売買報酬3%+6万」でよくある誤答パターンは？,報酬上限がないと誤解（試験では条件文の主語確認が得点の分かれ目） 誤答肢では賃貸は別の主語や条件が入れ替わることが多いので、比較表で整理してください。 過去問で正誤の型を分類し、試験要項で数値・期限を照合してください。,「売買報酬3%+6万」の覚え方・確認手順は？,試験論点・条文・数値の対応を比較表に整理し、過去問で正誤の型を分類してください。 過去問で正誤の型を分類し、試験要項で数値・期限を照合してください。 試験では3%+6万をセットで確認してください。 誤答では報酬上限がないと誤解（試験では条件文の主語確認が得点の分かれ目）に注意してください。,「売買報酬3%+6万」の公式情報はどこで確認しますか？,試験論点・条文・数値の対応を比較表に整理し、過去問で正誤の型を分類してください。 過去問で正誤の型を分類し、試験要項で数値・期限を照合してください。 試験では3%+6万をセットで確認してください。 誤答では報酬上限がないと誤解（試験では条件文の主語確認が得点の分かれ目）に注意してください。,2026-05-28
s34-takken-50mon,宅建試験50問,試験対策,試験;50問,宅建試験の問題数を整理します。,50問,"[{""item"": ""問題数"", ""value"": ""50問"", ""note"": ""4肢択一""}, {""item"": ""時間"", ""value"": ""2時間"", ""note"": ""要項確認""}]",宅建50問｜数値早見,50問・2時間・36点以上・各7点以上が典型です。要項で確認してください。数値・手続の最新は公益財団法人 全日本不動産協会・公益財団法人 不動産流通推進センターの試験要項・法令改正情報で必ずご確認ください。,50問;36点;各7点,問題数40問と誤解（試験では条件文の主語確認が得点の分かれ目）,「50問36点各7点」。,宅建の合格点・合格率;宅建の出題傾向分析;宅建士,「宅建試験50問」の試験での位置づけは？,50問・2時間・36点以上・各7点以上が典型です。要項で確認してください。数値・手続の最新は公益財団法人 全日本不動産協会・公益財団法人 不動産流通推進センターの試験要項・法令改正情報で必ずご確認ください。 試験では50問を軸に、関連条文・数値・主体の取り違えを照合してください。,「宅建試験50問」でよくある誤答パターンは？,問題数40問と誤解（試験では条件文の主語確認が得点の分かれ目） 誤答肢では36点の主語や条件が入れ替わることが多いので、比較表で整理してください。 過去問で正誤の型を分類し、試験要項で数値・期限を照合してください。,「宅建試験50問」の覚え方・確認手順は？,試験論点・条文・数値の対応を比較表に整理し、過去問で正誤の型を分類してください。 過去問で正誤の型を分類し、試験要項で数値・期限を照合してください。 試験では50問をセットで確認してください。 誤答では問題数40問と誤解（試験では条件文の主語確認が得点の分かれ目）に注意してください。,「宅建試験50問」の公式情報はどこで確認しますか？,試験論点・条文・数値の対応を比較表に整理し、過去問で正誤の型を分類してください。 過去問で正誤の型を分類し、試験要項で数値・期限を照合してください。 試験では50問をセットで確認してください。 誤答では問題数40問と誤解（試験では条件文の主語確認が得点の分かれ目）に注意してください。,2026-05-28
s34-baikai-7days,一般媒介の報告義務（法定7日なし）,宅建業法,一般媒介;7日,一般媒介の報告期限を整理します。,一般媒介に法定7日報告義務なし。専任2週・レインズ7日、専属1週・レインズ5日。,"[{""item"": ""専任媒介 契約期間"", ""value"": ""3か月以内"", ""note"": ""更新は原則1回まで。""}, {""item"": ""専任媒介 報告"", ""value"": ""2週に1回以上"", ""note"": ""書面または電磁的方法。""}, {""item"": ""専任媒介 レインズ"", ""value"": ""7日以内"", ""note"": ""契約後7日以内に登録。""}, {""item"": ""専属専任 報告"", ""value"": ""1週に1回以上"", ""note"": ""専任より頻度が高い。""}, {""item"": ""専属専任 レインズ"", ""value"": ""5日以内"", ""note"": ""契約後5日以内。""}, {""item"": ""一般媒介"", ""value"": ""法定報告義務なし"", ""note"": ""7日報告義務はない。""}]",一般媒介7日｜数値早見,一般媒介は7日ごと、専任媒介は14日ごとが典型です。数値・手続の最新は公益財団法人 全日本不動産協会・公益財団法人 不動産流通推進センターの試験要項・法令改正情報で必ずご確認ください。,一般媒介に法定7日報告なし;専任2週1回以上;専属1週1回以上;レインズ7日/5日,一般媒介にも7日報告があると誤解;専任と専属の頻度を逆に覚える,「一般=報告なし／専任2週7日／専属1週5日」,一般媒介契約;専任媒介契約;定期報告（媒介）,「一般媒介7日報告」の試験での位置づけは？,一般媒介は7日ごと、専任媒介は14日ごとが典型です。数値・手続の最新は公益財団法人 全日本不動産協会・公益財団法人 不動産流通推進センターの試験要項・法令改正情報で必ずご確認ください。 試験では一般7を軸に、関連条文・数値・主体の取り違えを照合してください。,「一般媒介7日報告」でよくある誤答パターンは？,14日が一般媒介と誤解（試験では条件文の主語確認が得点の分かれ目） 誤答肢では専任14の主語や条件が入れ替わることが多いので、比較表で整理してください。 過去問で正誤の型を分類し、試験要項で数値・期限を照合してください。,「一般媒介7日報告」の覚え方・確認手順は？,試験論点・条文・数値の対応を比較表に整理し、過去問で正誤の型を分類してください。 過去問で正誤の型を分類し、試験要項で数値・期限を照合してください。 試験では一般7をセットで確認してください。 誤答では14日が一般媒介と誤解（試験では条件文の主語確認が得点の分かれ目）に注意してください。,「一般媒介7日報告」の公式情報はどこで確認しますか？,試験論点・条文・数値の対応を比較表に整理し、過去問で正誤の型を分類してください。 過去問で正誤の型を分類し、試験要項で数値・期限を照合してください。 試験では一般7をセットで確認してください。 誤答では14日が一般媒介と誤解（試験では条件文の主語確認が得点の分かれ目）に注意してください。,2026-05-28
s35-takken-kaisei-suuchi,宅建業法改正の数値・期限,宅建業法,宅建業法改正;S35;数値,宅建業法改正で押さえる代表数値・期限を整理します。,宅建業法改正;要項確認,"[{""item"": ""代表"", ""value"": ""要項・法令で確認"", ""note"": ""年度更新""}, {""item"": ""条件"", ""value"": ""主語・手続"", ""note"": ""取り違え防止""}, {""item"": ""記録"", ""value"": ""学習ノート"", ""note"": ""誤答原因併記""}, {""item"": ""試験"", ""value"": ""数値+条件"", ""note"": ""単独暗記回避""}]",宅建業法改正数値早見｜S35,宅建業法改正の数値は条件のセットで覚えてください。5日・8日・報酬上限等と混同しないよう表で整理します。数値・手続の最新は公益財団法人 全日本不動産協会・公益財団法人 不動産流通推進センターの試験要項・法令改正情報で必ずご確認ください。,宅建業法改正;数値+条件;S35,数値のみ暗記;条件省略（試験では条件文の主語確認が得点の分かれ目）,「数値・条件・宅建業法改正」。,宅建業の免許;重要事項説明（35条書面）;37条書面,「宅建業法改正の数値・期限」の試験での位置づけは？,宅建業法改正の数値は条件のセットで覚えてください。5日・8日・報酬上限等と混同しないよう表で整理します。数値・手続の最新は公益財団法人 全日本不動産協会・公益財団法人 不動産流通推進センターの試験要項・法令改正情報で必ずご確認ください。 試験では宅建業法改正を軸に、関連条文・数値・主体の取り違えを照合してください。,「宅建業法改正の数値・期限」でよくある誤答パターンは？,数値のみ暗記;条件省略（試験では条件文の主語確認が得点の分かれ目） 誤答肢では数値+条件の主語や条件が入れ替わることが多いので、比較表で整理してください。 過去問で正誤の型を分類し、試験要項で数値・期限を照合してください。,「宅建業法改正の数値・期限」の覚え方・確認手順は？,覚え方：「数値・条件・宅建業法改正」。 早見の要点：宅建業法改正;要項確認 用語集→本ページ→過去問の順で往復し、正誤理由をメモに残してください。 過去問で正誤の型を分類し、試験要項で数値・期限を照合してください。,「宅建業法改正の数値・期限」の公式情報はどこで確認しますか？,試験論点・条文・数値の対応を比較表に整理し、過去問で正誤の型を分類してください。 過去問で正誤の型を分類し、試験要項で数値・期限を照合してください。 試験では宅建業法改正をセットで確認してください。 誤答では数値のみ暗記に注意してください。,2026-05-28
s35-ju35-ju37-suuchi,35条37条深掘りの数値・期限,宅建業法,35条37条深掘り;S35;数値,35条37条深掘りで押さえる代表数値・期限を整理します。,35条37条深掘り;要項確認,"[{""item"": ""代表"", ""value"": ""要項・法令で確認"", ""note"": ""年度更新""}, {""item"": ""条件"", ""value"": ""主語・手続"", ""note"": ""取り違え防止""}, {""item"": ""記録"", ""value"": ""学習ノート"", ""note"": ""誤答原因併記""}, {""item"": ""試験"", ""value"": ""数値+条件"", ""note"": ""単独暗記回避""}]",35条37条深掘り数値早見｜S35,35条37条深掘りの数値は条件のセットで覚えてください。5日・8日・報酬上限等と混同しないよう表で整理します。数値・手続の最新は公益財団法人 全日本不動産協会・公益財団法人 不動産流通推進センターの試験要項・法令改正情報で必ずご確認ください。,35条37条深掘り;数値+条件;S35,数値のみ暗記;条件省略（試験では条件文の主語確認が得点の分かれ目）,「数値・条件・35条37条深掘り」。,重要事項説明（35条書面）;37条書面;35条書面,「35条37条深掘りの数値・期限」の試験での位置づけは？,35条37条深掘りの数値は条件のセットで覚えてください。5日・8日・報酬上限等と混同しないよう表で整理します。数値・手続の最新は公益財団法人 全日本不動産協会・公益財団法人 不動産流通推進センターの試験要項・法令改正情報で必ずご確認くださ… 試験では35条37条深掘りを軸に、関連条文・数値・主体の取り違えを照合してください。,「35条37条深掘りの数値・期限」でよくある誤答パターンは？,数値のみ暗記;条件省略（試験では条件文の主語確認が得点の分かれ目） 誤答肢では数値+条件の主語や条件が入れ替わることが多いので、比較表で整理してください。 過去問で正誤の型を分類し、試験要項で数値・期限を照合してください。,「35条37条深掘りの数値・期限」の覚え方・確認手順は？,覚え方：「数値・条件・35条37条深掘り」。 早見の要点：35条37条深掘り;要項確認 用語集→本ページ→過去問の順で往復し、正誤理由をメモに残してください。 過去問で正誤の型を分類し、試験要項で数値・期限を照合してください。,「35条37条深掘りの数値・期限」の公式情報はどこで確認しますか？,試験論点・条文・数値の対応を比較表に整理し、過去問で正誤の型を分類してください。 過去問で正誤の型を分類し、試験要項で数値・期限を照合してください。 試験では35条37条深掘りをセットで確認してください。,2026-05-28
s35-baikai-houshuu-suuchi,媒介報酬の数値・期限,宅建業法,媒介報酬;S35;数値,媒介報酬で押さえる代表数値・期限を整理します。,媒介報酬;要項確認,"[{""item"": ""代表"", ""value"": ""要項・法令で確認"", ""note"": ""年度更新""}, {""item"": ""条件"", ""value"": ""主語・手続"", ""note"": ""取り違え防止""}, {""item"": ""記録"", ""value"": ""学習ノート"", ""note"": ""誤答原因併記""}, {""item"": ""試験"", ""value"": ""数値+条件"", ""note"": ""単独暗記回避""}]",媒介報酬数値早見｜S35,媒介報酬の数値は条件のセットで覚えてください。5日・8日・報酬上限等と混同しないよう表で整理します。数値・手続の最新は公益財団法人 全日本不動産協会・公益財団法人 不動産流通推進センターの試験要項・法令改正情報で必ずご確認ください。,媒介報酬;数値+条件;S35,数値のみ暗記;条件省略（試験では条件文の主語確認が得点の分かれ目）,「数値・条件・媒介報酬」。,報酬の計算（売買）;媒介契約の種類;報酬額の掲示,「媒介報酬の数値・期限」の試験での位置づけは？,媒介報酬の数値は条件のセットで覚えてください。5日・8日・報酬上限等と混同しないよう表で整理します。数値・手続の最新は公益財団法人 全日本不動産協会・公益財団法人 不動産流通推進センターの試験要項・法令改正情報で必ずご確認ください。 試験では媒介報酬を軸に、関連条文・数値・主体の取り違えを照合してください。,「媒介報酬の数値・期限」でよくある誤答パターンは？,数値のみ暗記;条件省略（試験では条件文の主語確認が得点の分かれ目） 誤答肢では数値+条件の主語や条件が入れ替わることが多いので、比較表で整理してください。 過去問で正誤の型を分類し、試験要項で数値・期限を照合してください。,「媒介報酬の数値・期限」の覚え方・確認手順は？,覚え方：「数値・条件・媒介報酬」。 早見の要点：媒介報酬;要項確認 用語集→本ページ→過去問の順で往復し、正誤理由をメモに残してください。 過去問で正誤の型を分類し、試験要項で数値・期限を照合してください。,「媒介報酬の数値・期限」の公式情報はどこで確認しますか？,試験論点・条文・数値の対応を比較表に整理し、過去問で正誤の型を分類してください。 過去問で正誤の型を分類し、試験要項で数値・期限を照合してください。 試験では媒介報酬をセットで確認してください。 誤答では数値のみ暗記に注意してください。,2026-05-28
s35-shakuchi-shakuya-suuchi,借地借家の数値・期限,権利関係,借地借家;S35;数値,借地借家で押さえる代表数値・期限を整理します。,借地借家;要項確認,"[{""item"": ""代表"", ""value"": ""要項・法令で確認"", ""note"": ""年度更新""}, {""item"": ""条件"", ""value"": ""主語・手続"", ""note"": ""取り違え防止""}, {""item"": ""記録"", ""value"": ""学習ノート"", ""note"": ""誤答原因併記""}, {""item"": ""試験"", ""value"": ""数値+条件"", ""note"": ""単独暗記回避""}]",借地借家数値早見｜S35,借地借家の数値は条件のセットで覚えてください。5日・8日・報酬上限等と混同しないよう表で整理します。数値・手続の最新は公益財団法人 全日本不動産協会・公益財団法人 不動産流通推進センターの試験要項・法令改正情報で必ずご確認ください。,借地借家;数値+条件;S35,数値のみ暗記;条件省略（試験では条件文の主語確認が得点の分かれ目）,「数値・条件・借地借家」。,借地借家法;法定更新（借地借家法）;更新拒絶の正当な事由,「借地借家の数値・期限」の試験での位置づけは？,借地借家の数値は条件のセットで覚えてください。5日・8日・報酬上限等と混同しないよう表で整理します。数値・手続の最新は公益財団法人 全日本不動産協会・公益財団法人 不動産流通推進センターの試験要項・法令改正情報で必ずご確認ください。 試験では借地借家を軸に、関連条文・数値・主体の取り違えを照合してください。,「借地借家の数値・期限」でよくある誤答パターンは？,数値のみ暗記;条件省略（試験では条件文の主語確認が得点の分かれ目） 誤答肢では数値+条件の主語や条件が入れ替わることが多いので、比較表で整理してください。 過去問で正誤の型を分類し、試験要項で数値・期限を照合してください。,「借地借家の数値・期限」の覚え方・確認手順は？,覚え方：「数値・条件・借地借家」。 早見の要点：借地借家;要項確認 用語集→本ページ→過去問の順で往復し、正誤理由をメモに残してください。 過去問で正誤の型を分類し、試験要項で数値・期限を照合してください。,「借地借家の数値・期限」の公式情報はどこで確認しますか？,試験論点・条文・数値の対応を比較表に整理し、過去問で正誤の型を分類してください。 過去問で正誤の型を分類し、試験要項で数値・期限を照合してください。 試験では借地借家をセットで確認してください。 誤答では数値のみ暗記に注意してください。,2026-05-28
s35-kubun-shoyu-suuchi,区分所有の数値・期限,権利関係,区分所有;S35;数値,区分所有で押さえる代表数値・期限を整理します。,区分所有;要項確認,"[{""item"": ""代表"", ""value"": ""要項・法令で確認"", ""note"": ""年度更新""}, {""item"": ""条件"", ""value"": ""主語・手続"", ""note"": ""取り違え防止""}, {""item"": ""記録"", ""value"": ""学習ノート"", ""note"": ""誤答原因併記""}, {""item"": ""試験"", ""value"": ""数値+条件"", ""note"": ""単独暗記回避""}]",区分所有数値早見｜S35,区分所有の数値は条件のセットで覚えてください。5日・8日・報酬上限等と混同しないよう表で整理します。数値・手続の最新は公益財団法人 全日本不動産協会・公益財団法人 不動産流通推進センターの試験要項・法令改正情報で必ずご確認ください。,区分所有;数値+条件;S35,数値のみ暗記;条件省略（試験では条件文の主語確認が得点の分かれ目）,「数値・条件・区分所有」。,区分所有権;区分所有者;共用部分,「区分所有の数値・期限」の試験での位置づけは？,区分所有の数値は条件のセットで覚えてください。5日・8日・報酬上限等と混同しないよう表で整理します。数値・手続の最新は公益財団法人 全日本不動産協会・公益財団法人 不動産流通推進センターの試験要項・法令改正情報で必ずご確認ください。 試験では区分所有を軸に、関連条文・数値・主体の取り違えを照合してください。,「区分所有の数値・期限」でよくある誤答パターンは？,数値のみ暗記;条件省略（試験では条件文の主語確認が得点の分かれ目） 誤答肢では数値+条件の主語や条件が入れ替わることが多いので、比較表で整理してください。 過去問で正誤の型を分類し、試験要項で数値・期限を照合してください。,「区分所有の数値・期限」の覚え方・確認手順は？,覚え方：「数値・条件・区分所有」。 早見の要点：区分所有;要項確認 用語集→本ページ→過去問の順で往復し、正誤理由をメモに残してください。 過去問で正誤の型を分類し、試験要項で数値・期限を照合してください。,「区分所有の数値・期限」の公式情報はどこで確認しますか？,試験論点・条文・数値の対応を比較表に整理し、過去問で正誤の型を分類してください。 過去問で正誤の型を分類し、試験要項で数値・期限を照合してください。 試験では区分所有をセットで確認してください。 誤答では数値のみ暗記に注意してください。,2026-05-28
s35-toshikeikaku-suuchi,都市計画の数値・期限,権利関係,都市計画;S35;数値,都市計画で押さえる代表数値・期限を整理します。,都市計画;要項確認,"[{""item"": ""代表"", ""value"": ""要項・法令で確認"", ""note"": ""年度更新""}, {""item"": ""条件"", ""value"": ""主語・手続"", ""note"": ""取り違え防止""}, {""item"": ""記録"", ""value"": ""学習ノート"", ""note"": ""誤答原因併記""}, {""item"": ""試験"", ""value"": ""数値+条件"", ""note"": ""単独暗記回避""}]",都市計画数値早見｜S35,都市計画の数値は条件のセットで覚えてください。5日・8日・報酬上限等と混同しないよう表で整理します。数値・手続の最新は公益財団法人 全日本不動産協会・公益財団法人 不動産流通推進センターの試験要項・法令改正情報で必ずご確認ください。,都市計画;数値+条件;S35,数値のみ暗記;条件省略（試験では条件文の主語確認が得点の分かれ目）,「数値・条件・都市計画」。,都市計画法;用途地域の種類;建ぺい率・容積率,「都市計画の数値・期限」の試験での位置づけは？,都市計画の数値は条件のセットで覚えてください。5日・8日・報酬上限等と混同しないよう表で整理します。数値・手続の最新は公益財団法人 全日本不動産協会・公益財団法人 不動産流通推進センターの試験要項・法令改正情報で必ずご確認ください。 試験では都市計画を軸に、関連条文・数値・主体の取り違えを照合してください。,「都市計画の数値・期限」でよくある誤答パターンは？,数値のみ暗記;条件省略（試験では条件文の主語確認が得点の分かれ目） 誤答肢では数値+条件の主語や条件が入れ替わることが多いので、比較表で整理してください。 過去問で正誤の型を分類し、試験要項で数値・期限を照合してください。,「都市計画の数値・期限」の覚え方・確認手順は？,覚え方：「数値・条件・都市計画」。 早見の要点：都市計画;要項確認 用語集→本ページ→過去問の順で往復し、正誤理由をメモに残してください。 過去問で正誤の型を分類し、試験要項で数値・期限を照合してください。,「都市計画の数値・期限」の公式情報はどこで確認しますか？,試験論点・条文・数値の対応を比較表に整理し、過去問で正誤の型を分類してください。 過去問で正誤の型を分類し、試験要項で数値・期限を照合してください。 試験では都市計画をセットで確認してください。 誤答では数値のみ暗記に注意してください。,2026-05-28
s35-touki-suuchi,登記の数値・期限,権利関係,登記;S35;数値,登記で押さえる代表数値・期限を整理します。,登記;要項確認,"[{""item"": ""代表"", ""value"": ""要項・法令で確認"", ""note"": ""年度更新""}, {""item"": ""条件"", ""value"": ""主語・手続"", ""note"": ""取り違え防止""}, {""item"": ""記録"", ""value"": ""学習ノート"", ""note"": ""誤答原因併記""}, {""item"": ""試験"", ""value"": ""数値+条件"", ""note"": ""単独暗記回避""}]",登記数値早見｜S35,登記の数値は条件のセットで覚えてください。5日・8日・報酬上限等と混同しないよう表で整理します。数値・手続の最新は公益財団法人 全日本不動産協会・公益財団法人 不動産流通推進センターの試験要項・法令改正情報で必ずご確認ください。,登記;数値+条件;S35,数値のみ暗記;条件省略（試験では条件文の主語確認が得点の分かれ目）,「数値・条件・登記」。,抵当権;所有権;不動産登記,「登記の数値・期限」の試験での位置づけは？,登記の数値は条件のセットで覚えてください。5日・8日・報酬上限等と混同しないよう表で整理します。数値・手続の最新は公益財団法人 全日本不動産協会・公益財団法人 不動産流通推進センターの試験要項・法令改正情報で必ずご確認ください。 試験では登記を軸に、関連条文・数値・主体の取り違えを照合してください。,「登記の数値・期限」でよくある誤答パターンは？,数値のみ暗記;条件省略（試験では条件文の主語確認が得点の分かれ目） 誤答肢では数値+条件の主語や条件が入れ替わることが多いので、比較表で整理してください。 過去問で正誤の型を分類し、試験要項で数値・期限を照合してください。,「登記の数値・期限」の覚え方・確認手順は？,試験論点・条文・数値の対応を比較表に整理し、過去問で正誤の型を分類してください。 過去問で正誤の型を分類し、試験要項で数値・期限を照合してください。 試験では登記をセットで確認してください。 誤答では数値のみ暗記に注意してください。,「登記の数値・期限」の公式情報はどこで確認しますか？,試験論点・条文・数値の対応を比較表に整理し、過去問で正誤の型を分類してください。 過去問で正誤の型を分類し、試験要項で数値・期限を照合してください。 試験では登記をセットで確認してください。 誤答では数値のみ暗記に注意してください。,2026-05-28
s35-keiyaku-futekigou-suuchi,契約不適合の数値・期限,宅建業法,契約不適合;S35;数値,契約不適合で押さえる代表数値・期限を整理します。,契約不適合;要項確認,"[{""item"": ""代表"", ""value"": ""要項・法令で確認"", ""note"": ""年度更新""}, {""item"": ""条件"", ""value"": ""主語・手続"", ""note"": ""取り違え防止""}, {""item"": ""記録"", ""value"": ""学習ノート"", ""note"": ""誤答原因併記""}, {""item"": ""試験"", ""value"": ""数値+条件"", ""note"": ""単独暗記回避""}]",契約不適合数値早見｜S35,契約不適合の数値は条件のセットで覚えてください。5日・8日・報酬上限等と混同しないよう表で整理します。数値・手続の最新は公益財団法人 全日本不動産協会・公益財団法人 不動産流通推進センターの試験要項・法令改正情報で必ずご確認ください。,契約不適合;数値+条件;S35,数値のみ暗記;条件省略（試験では条件文の主語確認が得点の分かれ目）,「数値・条件・契約不適合」。,契約不適合責任;重要事項説明（35条書面）;37条書面,「契約不適合の数値・期限」の試験での位置づけは？,契約不適合の数値は条件のセットで覚えてください。5日・8日・報酬上限等と混同しないよう表で整理します。数値・手続の最新は公益財団法人 全日本不動産協会・公益財団法人 不動産流通推進センターの試験要項・法令改正情報で必ずご確認ください。 試験では契約不適合を軸に、関連条文・数値・主体の取り違えを照合してください。,「契約不適合の数値・期限」でよくある誤答パターンは？,数値のみ暗記;条件省略（試験では条件文の主語確認が得点の分かれ目） 誤答肢では数値+条件の主語や条件が入れ替わることが多いので、比較表で整理してください。 過去問で正誤の型を分類し、試験要項で数値・期限を照合してください。,「契約不適合の数値・期限」の覚え方・確認手順は？,覚え方：「数値・条件・契約不適合」。 早見の要点：契約不適合;要項確認 用語集→本ページ→過去問の順で往復し、正誤理由をメモに残してください。 過去問で正誤の型を分類し、試験要項で数値・期限を照合してください。,「契約不適合の数値・期限」の公式情報はどこで確認しますか？,試験論点・条文・数値の対応を比較表に整理し、過去問で正誤の型を分類してください。 過去問で正誤の型を分類し、試験要項で数値・期限を照合してください。 試験では契約不適合をセットで確認してください。 誤答では数値のみ暗記に注意してください。,2026-05-28
s35-tetsuki-suuchi,手付金の数値・期限,権利関係,手付金;S35;数値,手付金で押さえる代表数値・期限を整理します。,手付金;要項確認,"[{""item"": ""代表"", ""value"": ""要項・法令で確認"", ""note"": ""年度更新""}, {""item"": ""条件"", ""value"": ""主語・手続"", ""note"": ""取り違え防止""}, {""item"": ""記録"", ""value"": ""学習ノート"", ""note"": ""誤答原因併記""}, {""item"": ""試験"", ""value"": ""数値+条件"", ""note"": ""単独暗記回避""}]",手付金数値早見｜S35,手付金の数値は条件のセットで覚えてください。5日・8日・報酬上限等と混同しないよう表で整理します。数値・手続の最新は公益財団法人 全日本不動産協会・公益財団法人 不動産流通推進センターの試験要項・法令改正情報で必ずご確認ください。,手付金;数値+条件;S35,数値のみ暗記;条件省略（試験では条件文の主語確認が得点の分かれ目）,「数値・条件・手付金」。,手付の種類;手付解除;手付金等の保全措置,「手付金の数値・期限」の試験での位置づけは？,手付金の数値は条件のセットで覚えてください。5日・8日・報酬上限等と混同しないよう表で整理します。数値・手続の最新は公益財団法人 全日本不動産協会・公益財団法人 不動産流通推進センターの試験要項・法令改正情報で必ずご確認ください。 試験では手付金を軸に、関連条文・数値・主体の取り違えを照合してください。,「手付金の数値・期限」でよくある誤答パターンは？,数値のみ暗記;条件省略（試験では条件文の主語確認が得点の分かれ目） 誤答肢では数値+条件の主語や条件が入れ替わることが多いので、比較表で整理してください。 過去問で正誤の型を分類し、試験要項で数値・期限を照合してください。,「手付金の数値・期限」の覚え方・確認手順は？,覚え方：「数値・条件・手付金」。 早見の要点：手付金;要項確認 用語集→本ページ→過去問の順で往復し、正誤理由をメモに残してください。 過去問で正誤の型を分類し、試験要項で数値・期限を照合してください。,「手付金の数値・期限」の公式情報はどこで確認しますか？,試験論点・条文・数値の対応を比較表に整理し、過去問で正誤の型を分類してください。 過去問で正誤の型を分類し、試験要項で数値・期限を照合してください。 試験では手付金をセットで確認してください。 誤答では数値のみ暗記に注意してください。,2026-05-28
s35-shiken-taisaku-suuchi,試験対策の数値・期限,試験対策,試験対策;S35;数値,試験対策で押さえる代表数値・期限を整理します。,試験対策;要項確認,"[{""item"": ""代表"", ""value"": ""要項・法令で確認"", ""note"": ""年度更新""}, {""item"": ""条件"", ""value"": ""主語・手続"", ""note"": ""取り違え防止""}, {""item"": ""記録"", ""value"": ""学習ノート"", ""note"": ""誤答原因併記""}, {""item"": ""試験"", ""value"": ""数値+条件"", ""note"": ""単独暗記回避""}]",試験対策数値早見｜S35,試験対策の数値は条件のセットで覚えてください。5日・8日・報酬上限等と混同しないよう表で整理します。数値・手続の最新は公益財団法人 全日本不動産協会・公益財団法人 不動産流通推進センターの試験要項・法令改正情報で必ずご確認ください。,試験対策;数値+条件;S35,数値のみ暗記;条件省略（試験では条件文の主語確認が得点の分かれ目）,「数値・条件・試験対策」。,宅建の合格点・合格率;宅建の出題傾向分析;宅建士,「試験対策の数値・期限」の試験での位置づけは？,試験対策の数値は条件のセットで覚えてください。5日・8日・報酬上限等と混同しないよう表で整理します。数値・手続の最新は公益財団法人 全日本不動産協会・公益財団法人 不動産流通推進センターの試験要項・法令改正情報で必ずご確認ください。 試験では試験対策を軸に、関連条文・数値・主体の取り違えを照合してください。,「試験対策の数値・期限」でよくある誤答パターンは？,数値のみ暗記;条件省略（試験では条件文の主語確認が得点の分かれ目） 誤答肢では数値+条件の主語や条件が入れ替わることが多いので、比較表で整理してください。 過去問で正誤の型を分類し、試験要項で数値・期限を照合してください。,「試験対策の数値・期限」の覚え方・確認手順は？,覚え方：「数値・条件・試験対策」。 早見の要点：試験対策;要項確認 用語集→本ページ→過去問の順で往復し、正誤理由をメモに残してください。 過去問で正誤の型を分類し、試験要項で数値・期限を照合してください。,「試験対策の数値・期限」の公式情報はどこで確認しますか？,試験論点・条文・数値の対応を比較表に整理し、過去問で正誤の型を分類してください。 過去問で正誤の型を分類し、試験要項で数値・期限を照合してください。 試験では試験対策をセットで確認してください。 誤答では数値のみ暗記に注意してください。,2026-05-28
s36-takken-kaisei-suuchi,宅建業法改正の数値・期限,宅建業法,宅建業法改正;S36;数値,宅建業法改正で押さえる代表数値・期限を整理します。,宅建業法改正;要項確認,"[{""item"": ""代表"", ""value"": ""要項・法令で確認"", ""note"": ""年度更新""}, {""item"": ""条件"", ""value"": ""主語・手続"", ""note"": ""取り違え防止""}, {""item"": ""記録"", ""value"": ""学習ノート"", ""note"": ""誤答原因併記""}, {""item"": ""試験"", ""value"": ""数値+条件"", ""note"": ""単独暗記回避""}]",宅建業法改正数値早見｜S36,宅建業法改正の数値は条件のセットで覚えてください。5日・8日・報酬上限等と混同しないよう表で整理します。数値・手続の最新は公益財団法人 全日本不動産協会・公益財団法人 不動産流通推進センターの試験要項・法令改正情報で必ずご確認ください。,宅建業法改正;数値+条件;S36,数値のみ暗記;条件省略（試験では条件文の主語確認が得点の分かれ目）,「数値・条件・宅建業法改正」。,宅建業の免許;重要事項説明（35条書面）;37条書面,「宅建業法改正の数値・期限」の試験での位置づけは？,宅建業法改正の数値は条件のセットで覚えてください。5日・8日・報酬上限等と混同しないよう表で整理します。数値・手続の最新は公益財団法人 全日本不動産協会・公益財団法人 不動産流通推進センターの試験要項・法令改正情報で必ずご確認ください。 試験では宅建業法改正を軸に、関連条文・数値・主体の取り違えを照合してください。,「宅建業法改正の数値・期限」でよくある誤答パターンは？,数値のみ暗記;条件省略（試験では条件文の主語確認が得点の分かれ目） 誤答肢では数値+条件の主語や条件が入れ替わることが多いので、比較表で整理してください。 過去問で正誤の型を分類し、試験要項で数値・期限を照合してください。,「宅建業法改正の数値・期限」の覚え方・確認手順は？,覚え方：「数値・条件・宅建業法改正」。 早見の要点：宅建業法改正;要項確認 用語集→本ページ→過去問の順で往復し、正誤理由をメモに残してください。 過去問で正誤の型を分類し、試験要項で数値・期限を照合してください。,「宅建業法改正の数値・期限」の公式情報はどこで確認しますか？,試験論点・条文・数値の対応を比較表に整理し、過去問で正誤の型を分類してください。 過去問で正誤の型を分類し、試験要項で数値・期限を照合してください。 試験では宅建業法改正をセットで確認してください。 誤答では数値のみ暗記に注意してください。,2026-05-28
s36-ju35-ju37-suuchi,35条37条深掘りの数値・期限,宅建業法,35条37条深掘り;S36;数値,35条37条深掘りで押さえる代表数値・期限を整理します。,35条37条深掘り;要項確認,"[{""item"": ""代表"", ""value"": ""要項・法令で確認"", ""note"": ""年度更新""}, {""item"": ""条件"", ""value"": ""主語・手続"", ""note"": ""取り違え防止""}, {""item"": ""記録"", ""value"": ""学習ノート"", ""note"": ""誤答原因併記""}, {""item"": ""試験"", ""value"": ""数値+条件"", ""note"": ""単独暗記回避""}]",35条37条深掘り数値早見｜S36,35条37条深掘りの数値は条件のセットで覚えてください。5日・8日・報酬上限等と混同しないよう表で整理します。数値・手続の最新は公益財団法人 全日本不動産協会・公益財団法人 不動産流通推進センターの試験要項・法令改正情報で必ずご確認ください。,35条37条深掘り;数値+条件;S36,数値のみ暗記;条件省略（試験では条件文の主語確認が得点の分かれ目）,「数値・条件・35条37条深掘り」。,重要事項説明（35条書面）;37条書面;35条書面,「35条37条深掘りの数値・期限」の試験での位置づけは？,35条37条深掘りの数値は条件のセットで覚えてください。5日・8日・報酬上限等と混同しないよう表で整理します。数値・手続の最新は公益財団法人 全日本不動産協会・公益財団法人 不動産流通推進センターの試験要項・法令改正情報で必ずご確認くださ… 試験では35条37条深掘りを軸に、関連条文・数値・主体の取り違えを照合してください。,「35条37条深掘りの数値・期限」でよくある誤答パターンは？,数値のみ暗記;条件省略（試験では条件文の主語確認が得点の分かれ目） 誤答肢では数値+条件の主語や条件が入れ替わることが多いので、比較表で整理してください。 過去問で正誤の型を分類し、試験要項で数値・期限を照合してください。,「35条37条深掘りの数値・期限」の覚え方・確認手順は？,覚え方：「数値・条件・35条37条深掘り」。 早見の要点：35条37条深掘り;要項確認 用語集→本ページ→過去問の順で往復し、正誤理由をメモに残してください。 過去問で正誤の型を分類し、試験要項で数値・期限を照合してください。,「35条37条深掘りの数値・期限」の公式情報はどこで確認しますか？,試験論点・条文・数値の対応を比較表に整理し、過去問で正誤の型を分類してください。 過去問で正誤の型を分類し、試験要項で数値・期限を照合してください。 試験では35条37条深掘りをセットで確認してください。,2026-05-28
s36-baikai-houshuu-suuchi,媒介報酬の数値・期限,宅建業法,媒介報酬;S36;数値,媒介報酬で押さえる代表数値・期限を整理します。,媒介報酬;要項確認,"[{""item"": ""代表"", ""value"": ""要項・法令で確認"", ""note"": ""年度更新""}, {""item"": ""条件"", ""value"": ""主語・手続"", ""note"": ""取り違え防止""}, {""item"": ""記録"", ""value"": ""学習ノート"", ""note"": ""誤答原因併記""}, {""item"": ""試験"", ""value"": ""数値+条件"", ""note"": ""単独暗記回避""}]",媒介報酬数値早見｜S36,媒介報酬の数値は条件のセットで覚えてください。5日・8日・報酬上限等と混同しないよう表で整理します。数値・手続の最新は公益財団法人 全日本不動産協会・公益財団法人 不動産流通推進センターの試験要項・法令改正情報で必ずご確認ください。,媒介報酬;数値+条件;S36,数値のみ暗記;条件省略（試験では条件文の主語確認が得点の分かれ目）,「数値・条件・媒介報酬」。,報酬の計算（売買）;媒介契約の種類;報酬額の掲示,「媒介報酬の数値・期限」の試験での位置づけは？,媒介報酬の数値は条件のセットで覚えてください。5日・8日・報酬上限等と混同しないよう表で整理します。数値・手続の最新は公益財団法人 全日本不動産協会・公益財団法人 不動産流通推進センターの試験要項・法令改正情報で必ずご確認ください。 試験では媒介報酬を軸に、関連条文・数値・主体の取り違えを照合してください。,「媒介報酬の数値・期限」でよくある誤答パターンは？,数値のみ暗記;条件省略（試験では条件文の主語確認が得点の分かれ目） 誤答肢では数値+条件の主語や条件が入れ替わることが多いので、比較表で整理してください。 過去問で正誤の型を分類し、試験要項で数値・期限を照合してください。,「媒介報酬の数値・期限」の覚え方・確認手順は？,覚え方：「数値・条件・媒介報酬」。 早見の要点：媒介報酬;要項確認 用語集→本ページ→過去問の順で往復し、正誤理由をメモに残してください。 過去問で正誤の型を分類し、試験要項で数値・期限を照合してください。,「媒介報酬の数値・期限」の公式情報はどこで確認しますか？,試験論点・条文・数値の対応を比較表に整理し、過去問で正誤の型を分類してください。 過去問で正誤の型を分類し、試験要項で数値・期限を照合してください。 試験では媒介報酬をセットで確認してください。 誤答では数値のみ暗記に注意してください。,2026-05-28
s36-shakuchi-shakuya-suuchi,借地借家の数値・期限,権利関係,借地借家;S36;数値,借地借家で押さえる代表数値・期限を整理します。,借地借家;要項確認,"[{""item"": ""代表"", ""value"": ""要項・法令で確認"", ""note"": ""年度更新""}, {""item"": ""条件"", ""value"": ""主語・手続"", ""note"": ""取り違え防止""}, {""item"": ""記録"", ""value"": ""学習ノート"", ""note"": ""誤答原因併記""}, {""item"": ""試験"", ""value"": ""数値+条件"", ""note"": ""単独暗記回避""}]",借地借家数値早見｜S36,借地借家の数値は条件のセットで覚えてください。5日・8日・報酬上限等と混同しないよう表で整理します。数値・手続の最新は公益財団法人 全日本不動産協会・公益財団法人 不動産流通推進センターの試験要項・法令改正情報で必ずご確認ください。,借地借家;数値+条件;S36,数値のみ暗記;条件省略（試験では条件文の主語確認が得点の分かれ目）,「数値・条件・借地借家」。,借地借家法;法定更新（借地借家法）;更新拒絶の正当な事由,「借地借家の数値・期限」の試験での位置づけは？,借地借家の数値は条件のセットで覚えてください。5日・8日・報酬上限等と混同しないよう表で整理します。数値・手続の最新は公益財団法人 全日本不動産協会・公益財団法人 不動産流通推進センターの試験要項・法令改正情報で必ずご確認ください。 試験では借地借家を軸に、関連条文・数値・主体の取り違えを照合してください。,「借地借家の数値・期限」でよくある誤答パターンは？,数値のみ暗記;条件省略（試験では条件文の主語確認が得点の分かれ目） 誤答肢では数値+条件の主語や条件が入れ替わることが多いので、比較表で整理してください。 過去問で正誤の型を分類し、試験要項で数値・期限を照合してください。,「借地借家の数値・期限」の覚え方・確認手順は？,覚え方：「数値・条件・借地借家」。 早見の要点：借地借家;要項確認 用語集→本ページ→過去問の順で往復し、正誤理由をメモに残してください。 過去問で正誤の型を分類し、試験要項で数値・期限を照合してください。,「借地借家の数値・期限」の公式情報はどこで確認しますか？,試験論点・条文・数値の対応を比較表に整理し、過去問で正誤の型を分類してください。 過去問で正誤の型を分類し、試験要項で数値・期限を照合してください。 試験では借地借家をセットで確認してください。 誤答では数値のみ暗記に注意してください。,2026-05-28
s36-kubun-shoyu-suuchi,区分所有の数値・期限,権利関係,区分所有;S36;数値,区分所有で押さえる代表数値・期限を整理します。,区分所有;要項確認,"[{""item"": ""代表"", ""value"": ""要項・法令で確認"", ""note"": ""年度更新""}, {""item"": ""条件"", ""value"": ""主語・手続"", ""note"": ""取り違え防止""}, {""item"": ""記録"", ""value"": ""学習ノート"", ""note"": ""誤答原因併記""}, {""item"": ""試験"", ""value"": ""数値+条件"", ""note"": ""単独暗記回避""}]",区分所有数値早見｜S36,区分所有の数値は条件のセットで覚えてください。5日・8日・報酬上限等と混同しないよう表で整理します。数値・手続の最新は公益財団法人 全日本不動産協会・公益財団法人 不動産流通推進センターの試験要項・法令改正情報で必ずご確認ください。,区分所有;数値+条件;S36,数値のみ暗記;条件省略（試験では条件文の主語確認が得点の分かれ目）,「数値・条件・区分所有」。,区分所有権;区分所有者;共用部分,「区分所有の数値・期限」の試験での位置づけは？,区分所有の数値は条件のセットで覚えてください。5日・8日・報酬上限等と混同しないよう表で整理します。数値・手続の最新は公益財団法人 全日本不動産協会・公益財団法人 不動産流通推進センターの試験要項・法令改正情報で必ずご確認ください。 試験では区分所有を軸に、関連条文・数値・主体の取り違えを照合してください。,「区分所有の数値・期限」でよくある誤答パターンは？,数値のみ暗記;条件省略（試験では条件文の主語確認が得点の分かれ目） 誤答肢では数値+条件の主語や条件が入れ替わることが多いので、比較表で整理してください。 過去問で正誤の型を分類し、試験要項で数値・期限を照合してください。,「区分所有の数値・期限」の覚え方・確認手順は？,覚え方：「数値・条件・区分所有」。 早見の要点：区分所有;要項確認 用語集→本ページ→過去問の順で往復し、正誤理由をメモに残してください。 過去問で正誤の型を分類し、試験要項で数値・期限を照合してください。,「区分所有の数値・期限」の公式情報はどこで確認しますか？,試験論点・条文・数値の対応を比較表に整理し、過去問で正誤の型を分類してください。 過去問で正誤の型を分類し、試験要項で数値・期限を照合してください。 試験では区分所有をセットで確認してください。 誤答では数値のみ暗記に注意してください。,2026-05-28
s36-toshikeikaku-suuchi,都市計画の数値・期限,権利関係,都市計画;S36;数値,都市計画で押さえる代表数値・期限を整理します。,都市計画;要項確認,"[{""item"": ""代表"", ""value"": ""要項・法令で確認"", ""note"": ""年度更新""}, {""item"": ""条件"", ""value"": ""主語・手続"", ""note"": ""取り違え防止""}, {""item"": ""記録"", ""value"": ""学習ノート"", ""note"": ""誤答原因併記""}, {""item"": ""試験"", ""value"": ""数値+条件"", ""note"": ""単独暗記回避""}]",都市計画数値早見｜S36,都市計画の数値は条件のセットで覚えてください。5日・8日・報酬上限等と混同しないよう表で整理します。数値・手続の最新は公益財団法人 全日本不動産協会・公益財団法人 不動産流通推進センターの試験要項・法令改正情報で必ずご確認ください。,都市計画;数値+条件;S36,数値のみ暗記;条件省略（試験では条件文の主語確認が得点の分かれ目）,「数値・条件・都市計画」。,都市計画法;用途地域の種類;建ぺい率・容積率,「都市計画の数値・期限」の試験での位置づけは？,都市計画の数値は条件のセットで覚えてください。5日・8日・報酬上限等と混同しないよう表で整理します。数値・手続の最新は公益財団法人 全日本不動産協会・公益財団法人 不動産流通推進センターの試験要項・法令改正情報で必ずご確認ください。 試験では都市計画を軸に、関連条文・数値・主体の取り違えを照合してください。,「都市計画の数値・期限」でよくある誤答パターンは？,数値のみ暗記;条件省略（試験では条件文の主語確認が得点の分かれ目） 誤答肢では数値+条件の主語や条件が入れ替わることが多いので、比較表で整理してください。 過去問で正誤の型を分類し、試験要項で数値・期限を照合してください。,「都市計画の数値・期限」の覚え方・確認手順は？,覚え方：「数値・条件・都市計画」。 早見の要点：都市計画;要項確認 用語集→本ページ→過去問の順で往復し、正誤理由をメモに残してください。 過去問で正誤の型を分類し、試験要項で数値・期限を照合してください。,「都市計画の数値・期限」の公式情報はどこで確認しますか？,試験論点・条文・数値の対応を比較表に整理し、過去問で正誤の型を分類してください。 過去問で正誤の型を分類し、試験要項で数値・期限を照合してください。 試験では都市計画をセットで確認してください。 誤答では数値のみ暗記に注意してください。,2026-05-28
s36-touki-suuchi,登記の数値・期限,権利関係,登記;S36;数値,登記で押さえる代表数値・期限を整理します。,登記;要項確認,"[{""item"": ""代表"", ""value"": ""要項・法令で確認"", ""note"": ""年度更新""}, {""item"": ""条件"", ""value"": ""主語・手続"", ""note"": ""取り違え防止""}, {""item"": ""記録"", ""value"": ""学習ノート"", ""note"": ""誤答原因併記""}, {""item"": ""試験"", ""value"": ""数値+条件"", ""note"": ""単独暗記回避""}]",登記数値早見｜S36,登記の数値は条件のセットで覚えてください。5日・8日・報酬上限等と混同しないよう表で整理します。数値・手続の最新は公益財団法人 全日本不動産協会・公益財団法人 不動産流通推進センターの試験要項・法令改正情報で必ずご確認ください。,登記;数値+条件;S36,数値のみ暗記;条件省略（試験では条件文の主語確認が得点の分かれ目）,「数値・条件・登記」。,抵当権;所有権;不動産登記,「登記の数値・期限」の試験での位置づけは？,登記の数値は条件のセットで覚えてください。5日・8日・報酬上限等と混同しないよう表で整理します。数値・手続の最新は公益財団法人 全日本不動産協会・公益財団法人 不動産流通推進センターの試験要項・法令改正情報で必ずご確認ください。 試験では登記を軸に、関連条文・数値・主体の取り違えを照合してください。,「登記の数値・期限」でよくある誤答パターンは？,数値のみ暗記;条件省略（試験では条件文の主語確認が得点の分かれ目） 誤答肢では数値+条件の主語や条件が入れ替わることが多いので、比較表で整理してください。 過去問で正誤の型を分類し、試験要項で数値・期限を照合してください。,「登記の数値・期限」の覚え方・確認手順は？,試験論点・条文・数値の対応を比較表に整理し、過去問で正誤の型を分類してください。 過去問で正誤の型を分類し、試験要項で数値・期限を照合してください。 試験では登記をセットで確認してください。 誤答では数値のみ暗記に注意してください。,「登記の数値・期限」の公式情報はどこで確認しますか？,試験論点・条文・数値の対応を比較表に整理し、過去問で正誤の型を分類してください。 過去問で正誤の型を分類し、試験要項で数値・期限を照合してください。 試験では登記をセットで確認してください。 誤答では数値のみ暗記に注意してください。,2026-05-28
s36-keiyaku-futekigou-suuchi,契約不適合の数値・期限,宅建業法,契約不適合;S36;数値,契約不適合で押さえる代表数値・期限を整理します。,契約不適合;要項確認,"[{""item"": ""代表"", ""value"": ""要項・法令で確認"", ""note"": ""年度更新""}, {""item"": ""条件"", ""value"": ""主語・手続"", ""note"": ""取り違え防止""}, {""item"": ""記録"", ""value"": ""学習ノート"", ""note"": ""誤答原因併記""}, {""item"": ""試験"", ""value"": ""数値+条件"", ""note"": ""単独暗記回避""}]",契約不適合数値早見｜S36,契約不適合の数値は条件のセットで覚えてください。5日・8日・報酬上限等と混同しないよう表で整理します。数値・手続の最新は公益財団法人 全日本不動産協会・公益財団法人 不動産流通推進センターの試験要項・法令改正情報で必ずご確認ください。,契約不適合;数値+条件;S36,数値のみ暗記;条件省略（試験では条件文の主語確認が得点の分かれ目）,「数値・条件・契約不適合」。,契約不適合責任;重要事項説明（35条書面）;37条書面,「契約不適合の数値・期限」の試験での位置づけは？,契約不適合の数値は条件のセットで覚えてください。5日・8日・報酬上限等と混同しないよう表で整理します。数値・手続の最新は公益財団法人 全日本不動産協会・公益財団法人 不動産流通推進センターの試験要項・法令改正情報で必ずご確認ください。 試験では契約不適合を軸に、関連条文・数値・主体の取り違えを照合してください。,「契約不適合の数値・期限」でよくある誤答パターンは？,数値のみ暗記;条件省略（試験では条件文の主語確認が得点の分かれ目） 誤答肢では数値+条件の主語や条件が入れ替わることが多いので、比較表で整理してください。 過去問で正誤の型を分類し、試験要項で数値・期限を照合してください。,「契約不適合の数値・期限」の覚え方・確認手順は？,覚え方：「数値・条件・契約不適合」。 早見の要点：契約不適合;要項確認 用語集→本ページ→過去問の順で往復し、正誤理由をメモに残してください。 過去問で正誤の型を分類し、試験要項で数値・期限を照合してください。,「契約不適合の数値・期限」の公式情報はどこで確認しますか？,試験論点・条文・数値の対応を比較表に整理し、過去問で正誤の型を分類してください。 過去問で正誤の型を分類し、試験要項で数値・期限を照合してください。 試験では契約不適合をセットで確認してください。 誤答では数値のみ暗記に注意してください。,2026-05-28
s36-tetsuki-suuchi,手付金の数値・期限,権利関係,手付金;S36;数値,手付金で押さえる代表数値・期限を整理します。,手付金;要項確認,"[{""item"": ""代表"", ""value"": ""要項・法令で確認"", ""note"": ""年度更新""}, {""item"": ""条件"", ""value"": ""主語・手続"", ""note"": ""取り違え防止""}, {""item"": ""記録"", ""value"": ""学習ノート"", ""note"": ""誤答原因併記""}, {""item"": ""試験"", ""value"": ""数値+条件"", ""note"": ""単独暗記回避""}]",手付金数値早見｜S36,手付金の数値は条件のセットで覚えてください。5日・8日・報酬上限等と混同しないよう表で整理します。数値・手続の最新は公益財団法人 全日本不動産協会・公益財団法人 不動産流通推進センターの試験要項・法令改正情報で必ずご確認ください。,手付金;数値+条件;S36,数値のみ暗記;条件省略（試験では条件文の主語確認が得点の分かれ目）,「数値・条件・手付金」。,手付の種類;手付解除;手付金等の保全措置,「手付金の数値・期限」の試験での位置づけは？,手付金の数値は条件のセットで覚えてください。5日・8日・報酬上限等と混同しないよう表で整理します。数値・手続の最新は公益財団法人 全日本不動産協会・公益財団法人 不動産流通推進センターの試験要項・法令改正情報で必ずご確認ください。 試験では手付金を軸に、関連条文・数値・主体の取り違えを照合してください。,「手付金の数値・期限」でよくある誤答パターンは？,数値のみ暗記;条件省略（試験では条件文の主語確認が得点の分かれ目） 誤答肢では数値+条件の主語や条件が入れ替わることが多いので、比較表で整理してください。 過去問で正誤の型を分類し、試験要項で数値・期限を照合してください。,「手付金の数値・期限」の覚え方・確認手順は？,覚え方：「数値・条件・手付金」。 早見の要点：手付金;要項確認 用語集→本ページ→過去問の順で往復し、正誤理由をメモに残してください。 過去問で正誤の型を分類し、試験要項で数値・期限を照合してください。,「手付金の数値・期限」の公式情報はどこで確認しますか？,試験論点・条文・数値の対応を比較表に整理し、過去問で正誤の型を分類してください。 過去問で正誤の型を分類し、試験要項で数値・期限を照合してください。 試験では手付金をセットで確認してください。 誤答では数値のみ暗記に注意してください。,2026-05-28
s36-shiken-taisaku-suuchi,試験対策の数値・期限,試験対策,試験対策;S36;数値,試験対策で押さえる代表数値・期限を整理します。,試験対策;要項確認,"[{""item"": ""代表"", ""value"": ""要項・法令で確認"", ""note"": ""年度更新""}, {""item"": ""条件"", ""value"": ""主語・手続"", ""note"": ""取り違え防止""}, {""item"": ""記録"", ""value"": ""学習ノート"", ""note"": ""誤答原因併記""}, {""item"": ""試験"", ""value"": ""数値+条件"", ""note"": ""単独暗記回避""}]",試験対策数値早見｜S36,試験対策の数値は条件のセットで覚えてください。5日・8日・報酬上限等と混同しないよう表で整理します。数値・手続の最新は公益財団法人 全日本不動産協会・公益財団法人 不動産流通推進センターの試験要項・法令改正情報で必ずご確認ください。,試験対策;数値+条件;S36,数値のみ暗記;条件省略（試験では条件文の主語確認が得点の分かれ目）,「数値・条件・試験対策」。,宅建の合格点・合格率;宅建の出題傾向分析;宅建士,「試験対策の数値・期限」の試験での位置づけは？,試験対策の数値は条件のセットで覚えてください。5日・8日・報酬上限等と混同しないよう表で整理します。数値・手続の最新は公益財団法人 全日本不動産協会・公益財団法人 不動産流通推進センターの試験要項・法令改正情報で必ずご確認ください。 試験では試験対策を軸に、関連条文・数値・主体の取り違えを照合してください。,「試験対策の数値・期限」でよくある誤答パターンは？,数値のみ暗記;条件省略（試験では条件文の主語確認が得点の分かれ目） 誤答肢では数値+条件の主語や条件が入れ替わることが多いので、比較表で整理してください。 過去問で正誤の型を分類し、試験要項で数値・期限を照合してください。,「試験対策の数値・期限」の覚え方・確認手順は？,覚え方：「数値・条件・試験対策」。 早見の要点：試験対策;要項確認 用語集→本ページ→過去問の順で往復し、正誤理由をメモに残してください。 過去問で正誤の型を分類し、試験要項で数値・期限を照合してください。,「試験対策の数値・期限」の公式情報はどこで確認しますか？,試験論点・条文・数値の対応を比較表に整理し、過去問で正誤の型を分類してください。 過去問で正誤の型を分類し、試験要項で数値・期限を照合してください。 試験では試験対策をセットで確認してください。 誤答では数値のみ暗記に注意してください。,2026-05-28
s37-takken-kaisei-suuchi,宅建業法改正の数値・期限,宅建業法,宅建業法改正;S37;数値,宅建業法改正で押さえる代表数値・期限を整理します。,宅建業法改正;要項確認,"[{""item"": ""代表"", ""value"": ""要項・法令で確認"", ""note"": ""年度更新""}, {""item"": ""条件"", ""value"": ""主語・手続"", ""note"": ""取り違え防止""}, {""item"": ""記録"", ""value"": ""学習ノート"", ""note"": ""誤答原因併記""}, {""item"": ""試験"", ""value"": ""数値+条件"", ""note"": ""単独暗記回避""}]",宅建業法改正数値早見｜S37,宅建業法改正の数値は条件のセットで覚えてください。5日・8日・報酬上限等と混同しないよう表で整理します。数値・手続の最新は公益財団法人 全日本不動産協会・公益財団法人 不動産流通推進センターの試験要項・法令改正情報で必ずご確認ください。,宅建業法改正;数値+条件;S37,数値のみ暗記;条件省略（試験では条件文の主語確認が得点の分かれ目）,「数値・条件・宅建業法改正」。,宅建業の免許;重要事項説明（35条書面）;37条書面,「宅建業法改正の数値・期限」の試験での位置づけは？,宅建業法改正の数値は条件のセットで覚えてください。5日・8日・報酬上限等と混同しないよう表で整理します。数値・手続の最新は公益財団法人 全日本不動産協会・公益財団法人 不動産流通推進センターの試験要項・法令改正情報で必ずご確認ください。 試験では宅建業法改正を軸に、関連条文・数値・主体の取り違えを照合してください。,「宅建業法改正の数値・期限」でよくある誤答パターンは？,数値のみ暗記;条件省略（試験では条件文の主語確認が得点の分かれ目） 誤答肢では数値+条件の主語や条件が入れ替わることが多いので、比較表で整理してください。 過去問で正誤の型を分類し、試験要項で数値・期限を照合してください。,「宅建業法改正の数値・期限」の覚え方・確認手順は？,覚え方：「数値・条件・宅建業法改正」。 早見の要点：宅建業法改正;要項確認 用語集→本ページ→過去問の順で往復し、正誤理由をメモに残してください。 過去問で正誤の型を分類し、試験要項で数値・期限を照合してください。,「宅建業法改正の数値・期限」の公式情報はどこで確認しますか？,試験論点・条文・数値の対応を比較表に整理し、過去問で正誤の型を分類してください。 過去問で正誤の型を分類し、試験要項で数値・期限を照合してください。 試験では宅建業法改正をセットで確認してください。 誤答では数値のみ暗記に注意してください。,2026-05-28
s37-ju35-ju37-suuchi,35条37条深掘りの数値・期限,宅建業法,35条37条深掘り;S37;数値,35条37条深掘りで押さえる代表数値・期限を整理します。,35条37条深掘り;要項確認,"[{""item"": ""代表"", ""value"": ""要項・法令で確認"", ""note"": ""年度更新""}, {""item"": ""条件"", ""value"": ""主語・手続"", ""note"": ""取り違え防止""}, {""item"": ""記録"", ""value"": ""学習ノート"", ""note"": ""誤答原因併記""}, {""item"": ""試験"", ""value"": ""数値+条件"", ""note"": ""単独暗記回避""}]",35条37条深掘り数値早見｜S37,35条37条深掘りの数値は条件のセットで覚えてください。5日・8日・報酬上限等と混同しないよう表で整理します。数値・手続の最新は公益財団法人 全日本不動産協会・公益財団法人 不動産流通推進センターの試験要項・法令改正情報で必ずご確認ください。,35条37条深掘り;数値+条件;S37,数値のみ暗記;条件省略（試験では条件文の主語確認が得点の分かれ目）,「数値・条件・35条37条深掘り」。,重要事項説明（35条書面）;37条書面;35条書面,「35条37条深掘りの数値・期限」の試験での位置づけは？,35条37条深掘りの数値は条件のセットで覚えてください。5日・8日・報酬上限等と混同しないよう表で整理します。数値・手続の最新は公益財団法人 全日本不動産協会・公益財団法人 不動産流通推進センターの試験要項・法令改正情報で必ずご確認くださ… 試験では35条37条深掘りを軸に、関連条文・数値・主体の取り違えを照合してください。,「35条37条深掘りの数値・期限」でよくある誤答パターンは？,数値のみ暗記;条件省略（試験では条件文の主語確認が得点の分かれ目） 誤答肢では数値+条件の主語や条件が入れ替わることが多いので、比較表で整理してください。 過去問で正誤の型を分類し、試験要項で数値・期限を照合してください。,「35条37条深掘りの数値・期限」の覚え方・確認手順は？,覚え方：「数値・条件・35条37条深掘り」。 早見の要点：35条37条深掘り;要項確認 用語集→本ページ→過去問の順で往復し、正誤理由をメモに残してください。 過去問で正誤の型を分類し、試験要項で数値・期限を照合してください。,「35条37条深掘りの数値・期限」の公式情報はどこで確認しますか？,試験論点・条文・数値の対応を比較表に整理し、過去問で正誤の型を分類してください。 過去問で正誤の型を分類し、試験要項で数値・期限を照合してください。 試験では35条37条深掘りをセットで確認してください。,2026-05-28
s37-baikai-houshuu-suuchi,媒介報酬の数値・期限,宅建業法,媒介報酬;S37;数値,媒介報酬で押さえる代表数値・期限を整理します。,媒介報酬;要項確認,"[{""item"": ""代表"", ""value"": ""要項・法令で確認"", ""note"": ""年度更新""}, {""item"": ""条件"", ""value"": ""主語・手続"", ""note"": ""取り違え防止""}, {""item"": ""記録"", ""value"": ""学習ノート"", ""note"": ""誤答原因併記""}, {""item"": ""試験"", ""value"": ""数値+条件"", ""note"": ""単独暗記回避""}]",媒介報酬数値早見｜S37,媒介報酬の数値は条件のセットで覚えてください。5日・8日・報酬上限等と混同しないよう表で整理します。数値・手続の最新は公益財団法人 全日本不動産協会・公益財団法人 不動産流通推進センターの試験要項・法令改正情報で必ずご確認ください。,媒介報酬;数値+条件;S37,数値のみ暗記;条件省略（試験では条件文の主語確認が得点の分かれ目）,「数値・条件・媒介報酬」。,報酬の計算（売買）;媒介契約の種類;報酬額の掲示,「媒介報酬の数値・期限」の試験での位置づけは？,媒介報酬の数値は条件のセットで覚えてください。5日・8日・報酬上限等と混同しないよう表で整理します。数値・手続の最新は公益財団法人 全日本不動産協会・公益財団法人 不動産流通推進センターの試験要項・法令改正情報で必ずご確認ください。 試験では媒介報酬を軸に、関連条文・数値・主体の取り違えを照合してください。,「媒介報酬の数値・期限」でよくある誤答パターンは？,数値のみ暗記;条件省略（試験では条件文の主語確認が得点の分かれ目） 誤答肢では数値+条件の主語や条件が入れ替わることが多いので、比較表で整理してください。 過去問で正誤の型を分類し、試験要項で数値・期限を照合してください。,「媒介報酬の数値・期限」の覚え方・確認手順は？,覚え方：「数値・条件・媒介報酬」。 早見の要点：媒介報酬;要項確認 用語集→本ページ→過去問の順で往復し、正誤理由をメモに残してください。 過去問で正誤の型を分類し、試験要項で数値・期限を照合してください。,「媒介報酬の数値・期限」の公式情報はどこで確認しますか？,試験論点・条文・数値の対応を比較表に整理し、過去問で正誤の型を分類してください。 過去問で正誤の型を分類し、試験要項で数値・期限を照合してください。 試験では媒介報酬をセットで確認してください。 誤答では数値のみ暗記に注意してください。,2026-05-28
s37-shakuchi-shakuya-suuchi,借地借家の数値・期限,権利関係,借地借家;S37;数値,借地借家で押さえる代表数値・期限を整理します。,借地借家;要項確認,"[{""item"": ""代表"", ""value"": ""要項・法令で確認"", ""note"": ""年度更新""}, {""item"": ""条件"", ""value"": ""主語・手続"", ""note"": ""取り違え防止""}, {""item"": ""記録"", ""value"": ""学習ノート"", ""note"": ""誤答原因併記""}, {""item"": ""試験"", ""value"": ""数値+条件"", ""note"": ""単独暗記回避""}]",借地借家数値早見｜S37,借地借家の数値は条件のセットで覚えてください。5日・8日・報酬上限等と混同しないよう表で整理します。数値・手続の最新は公益財団法人 全日本不動産協会・公益財団法人 不動産流通推進センターの試験要項・法令改正情報で必ずご確認ください。,借地借家;数値+条件;S37,数値のみ暗記;条件省略（試験では条件文の主語確認が得点の分かれ目）,「数値・条件・借地借家」。,借地借家法;法定更新（借地借家法）;更新拒絶の正当な事由,「借地借家の数値・期限」の試験での位置づけは？,借地借家の数値は条件のセットで覚えてください。5日・8日・報酬上限等と混同しないよう表で整理します。数値・手続の最新は公益財団法人 全日本不動産協会・公益財団法人 不動産流通推進センターの試験要項・法令改正情報で必ずご確認ください。 試験では借地借家を軸に、関連条文・数値・主体の取り違えを照合してください。,「借地借家の数値・期限」でよくある誤答パターンは？,数値のみ暗記;条件省略（試験では条件文の主語確認が得点の分かれ目） 誤答肢では数値+条件の主語や条件が入れ替わることが多いので、比較表で整理してください。 過去問で正誤の型を分類し、試験要項で数値・期限を照合してください。,「借地借家の数値・期限」の覚え方・確認手順は？,覚え方：「数値・条件・借地借家」。 早見の要点：借地借家;要項確認 用語集→本ページ→過去問の順で往復し、正誤理由をメモに残してください。 過去問で正誤の型を分類し、試験要項で数値・期限を照合してください。,「借地借家の数値・期限」の公式情報はどこで確認しますか？,試験論点・条文・数値の対応を比較表に整理し、過去問で正誤の型を分類してください。 過去問で正誤の型を分類し、試験要項で数値・期限を照合してください。 試験では借地借家をセットで確認してください。 誤答では数値のみ暗記に注意してください。,2026-05-28
s37-kubun-shoyu-suuchi,区分所有の数値・期限,権利関係,区分所有;S37;数値,区分所有で押さえる代表数値・期限を整理します。,区分所有;要項確認,"[{""item"": ""代表"", ""value"": ""要項・法令で確認"", ""note"": ""年度更新""}, {""item"": ""条件"", ""value"": ""主語・手続"", ""note"": ""取り違え防止""}, {""item"": ""記録"", ""value"": ""学習ノート"", ""note"": ""誤答原因併記""}, {""item"": ""試験"", ""value"": ""数値+条件"", ""note"": ""単独暗記回避""}]",区分所有数値早見｜S37,区分所有の数値は条件のセットで覚えてください。5日・8日・報酬上限等と混同しないよう表で整理します。数値・手続の最新は公益財団法人 全日本不動産協会・公益財団法人 不動産流通推進センターの試験要項・法令改正情報で必ずご確認ください。,区分所有;数値+条件;S37,数値のみ暗記;条件省略（試験では条件文の主語確認が得点の分かれ目）,「数値・条件・区分所有」。,区分所有権;区分所有者;共用部分,「区分所有の数値・期限」の試験での位置づけは？,区分所有の数値は条件のセットで覚えてください。5日・8日・報酬上限等と混同しないよう表で整理します。数値・手続の最新は公益財団法人 全日本不動産協会・公益財団法人 不動産流通推進センターの試験要項・法令改正情報で必ずご確認ください。 試験では区分所有を軸に、関連条文・数値・主体の取り違えを照合してください。,「区分所有の数値・期限」でよくある誤答パターンは？,数値のみ暗記;条件省略（試験では条件文の主語確認が得点の分かれ目） 誤答肢では数値+条件の主語や条件が入れ替わることが多いので、比較表で整理してください。 過去問で正誤の型を分類し、試験要項で数値・期限を照合してください。,「区分所有の数値・期限」の覚え方・確認手順は？,覚え方：「数値・条件・区分所有」。 早見の要点：区分所有;要項確認 用語集→本ページ→過去問の順で往復し、正誤理由をメモに残してください。 過去問で正誤の型を分類し、試験要項で数値・期限を照合してください。,「区分所有の数値・期限」の公式情報はどこで確認しますか？,試験論点・条文・数値の対応を比較表に整理し、過去問で正誤の型を分類してください。 過去問で正誤の型を分類し、試験要項で数値・期限を照合してください。 試験では区分所有をセットで確認してください。 誤答では数値のみ暗記に注意してください。,2026-05-28
s37-toshikeikaku-suuchi,都市計画の数値・期限,権利関係,都市計画;S37;数値,都市計画で押さえる代表数値・期限を整理します。,都市計画;要項確認,"[{""item"": ""代表"", ""value"": ""要項・法令で確認"", ""note"": ""年度更新""}, {""item"": ""条件"", ""value"": ""主語・手続"", ""note"": ""取り違え防止""}, {""item"": ""記録"", ""value"": ""学習ノート"", ""note"": ""誤答原因併記""}, {""item"": ""試験"", ""value"": ""数値+条件"", ""note"": ""単独暗記回避""}]",都市計画数値早見｜S37,都市計画の数値は条件のセットで覚えてください。5日・8日・報酬上限等と混同しないよう表で整理します。数値・手続の最新は公益財団法人 全日本不動産協会・公益財団法人 不動産流通推進センターの試験要項・法令改正情報で必ずご確認ください。,都市計画;数値+条件;S37,数値のみ暗記;条件省略（試験では条件文の主語確認が得点の分かれ目）,「数値・条件・都市計画」。,都市計画法;用途地域の種類;建ぺい率・容積率,「都市計画の数値・期限」の試験での位置づけは？,都市計画の数値は条件のセットで覚えてください。5日・8日・報酬上限等と混同しないよう表で整理します。数値・手続の最新は公益財団法人 全日本不動産協会・公益財団法人 不動産流通推進センターの試験要項・法令改正情報で必ずご確認ください。 試験では都市計画を軸に、関連条文・数値・主体の取り違えを照合してください。,「都市計画の数値・期限」でよくある誤答パターンは？,数値のみ暗記;条件省略（試験では条件文の主語確認が得点の分かれ目） 誤答肢では数値+条件の主語や条件が入れ替わることが多いので、比較表で整理してください。 過去問で正誤の型を分類し、試験要項で数値・期限を照合してください。,「都市計画の数値・期限」の覚え方・確認手順は？,覚え方：「数値・条件・都市計画」。 早見の要点：都市計画;要項確認 用語集→本ページ→過去問の順で往復し、正誤理由をメモに残してください。 過去問で正誤の型を分類し、試験要項で数値・期限を照合してください。,「都市計画の数値・期限」の公式情報はどこで確認しますか？,試験論点・条文・数値の対応を比較表に整理し、過去問で正誤の型を分類してください。 過去問で正誤の型を分類し、試験要項で数値・期限を照合してください。 試験では都市計画をセットで確認してください。 誤答では数値のみ暗記に注意してください。,2026-05-28
s37-touki-suuchi,登記の数値・期限,権利関係,登記;S37;数値,登記で押さえる代表数値・期限を整理します。,登記;要項確認,"[{""item"": ""代表"", ""value"": ""要項・法令で確認"", ""note"": ""年度更新""}, {""item"": ""条件"", ""value"": ""主語・手続"", ""note"": ""取り違え防止""}, {""item"": ""記録"", ""value"": ""学習ノート"", ""note"": ""誤答原因併記""}, {""item"": ""試験"", ""value"": ""数値+条件"", ""note"": ""単独暗記回避""}]",登記数値早見｜S37,登記の数値は条件のセットで覚えてください。5日・8日・報酬上限等と混同しないよう表で整理します。数値・手続の最新は公益財団法人 全日本不動産協会・公益財団法人 不動産流通推進センターの試験要項・法令改正情報で必ずご確認ください。,登記;数値+条件;S37,数値のみ暗記;条件省略（試験では条件文の主語確認が得点の分かれ目）,「数値・条件・登記」。,抵当権;所有権;不動産登記,「登記の数値・期限」の試験での位置づけは？,登記の数値は条件のセットで覚えてください。5日・8日・報酬上限等と混同しないよう表で整理します。数値・手続の最新は公益財団法人 全日本不動産協会・公益財団法人 不動産流通推進センターの試験要項・法令改正情報で必ずご確認ください。 試験では登記を軸に、関連条文・数値・主体の取り違えを照合してください。,「登記の数値・期限」でよくある誤答パターンは？,数値のみ暗記;条件省略（試験では条件文の主語確認が得点の分かれ目） 誤答肢では数値+条件の主語や条件が入れ替わることが多いので、比較表で整理してください。 過去問で正誤の型を分類し、試験要項で数値・期限を照合してください。,「登記の数値・期限」の覚え方・確認手順は？,試験論点・条文・数値の対応を比較表に整理し、過去問で正誤の型を分類してください。 過去問で正誤の型を分類し、試験要項で数値・期限を照合してください。 試験では登記をセットで確認してください。 誤答では数値のみ暗記に注意してください。,「登記の数値・期限」の公式情報はどこで確認しますか？,試験論点・条文・数値の対応を比較表に整理し、過去問で正誤の型を分類してください。 過去問で正誤の型を分類し、試験要項で数値・期限を照合してください。 試験では登記をセットで確認してください。 誤答では数値のみ暗記に注意してください。,2026-05-28
s37-keiyaku-futekigou-suuchi,契約不適合の数値・期限,宅建業法,契約不適合;S37;数値,契約不適合で押さえる代表数値・期限を整理します。,契約不適合;要項確認,"[{""item"": ""代表"", ""value"": ""要項・法令で確認"", ""note"": ""年度更新""}, {""item"": ""条件"", ""value"": ""主語・手続"", ""note"": ""取り違え防止""}, {""item"": ""記録"", ""value"": ""学習ノート"", ""note"": ""誤答原因併記""}, {""item"": ""試験"", ""value"": ""数値+条件"", ""note"": ""単独暗記回避""}]",契約不適合数値早見｜S37,契約不適合の数値は条件のセットで覚えてください。5日・8日・報酬上限等と混同しないよう表で整理します。数値・手続の最新は公益財団法人 全日本不動産協会・公益財団法人 不動産流通推進センターの試験要項・法令改正情報で必ずご確認ください。,契約不適合;数値+条件;S37,数値のみ暗記;条件省略（試験では条件文の主語確認が得点の分かれ目）,「数値・条件・契約不適合」。,契約不適合責任;重要事項説明（35条書面）;37条書面,「契約不適合の数値・期限」の試験での位置づけは？,契約不適合の数値は条件のセットで覚えてください。5日・8日・報酬上限等と混同しないよう表で整理します。数値・手続の最新は公益財団法人 全日本不動産協会・公益財団法人 不動産流通推進センターの試験要項・法令改正情報で必ずご確認ください。 試験では契約不適合を軸に、関連条文・数値・主体の取り違えを照合してください。,「契約不適合の数値・期限」でよくある誤答パターンは？,数値のみ暗記;条件省略（試験では条件文の主語確認が得点の分かれ目） 誤答肢では数値+条件の主語や条件が入れ替わることが多いので、比較表で整理してください。 過去問で正誤の型を分類し、試験要項で数値・期限を照合してください。,「契約不適合の数値・期限」の覚え方・確認手順は？,覚え方：「数値・条件・契約不適合」。 早見の要点：契約不適合;要項確認 用語集→本ページ→過去問の順で往復し、正誤理由をメモに残してください。 過去問で正誤の型を分類し、試験要項で数値・期限を照合してください。,「契約不適合の数値・期限」の公式情報はどこで確認しますか？,試験論点・条文・数値の対応を比較表に整理し、過去問で正誤の型を分類してください。 過去問で正誤の型を分類し、試験要項で数値・期限を照合してください。 試験では契約不適合をセットで確認してください。 誤答では数値のみ暗記に注意してください。,2026-05-28
s37-tetsuki-suuchi,手付金の数値・期限,権利関係,手付金;S37;数値,手付金で押さえる代表数値・期限を整理します。,手付金;要項確認,"[{""item"": ""代表"", ""value"": ""要項・法令で確認"", ""note"": ""年度更新""}, {""item"": ""条件"", ""value"": ""主語・手続"", ""note"": ""取り違え防止""}, {""item"": ""記録"", ""value"": ""学習ノート"", ""note"": ""誤答原因併記""}, {""item"": ""試験"", ""value"": ""数値+条件"", ""note"": ""単独暗記回避""}]",手付金数値早見｜S37,手付金の数値は条件のセットで覚えてください。5日・8日・報酬上限等と混同しないよう表で整理します。数値・手続の最新は公益財団法人 全日本不動産協会・公益財団法人 不動産流通推進センターの試験要項・法令改正情報で必ずご確認ください。,手付金;数値+条件;S37,数値のみ暗記;条件省略（試験では条件文の主語確認が得点の分かれ目）,「数値・条件・手付金」。,手付の種類;手付解除;手付金等の保全措置,「手付金の数値・期限」の試験での位置づけは？,手付金の数値は条件のセットで覚えてください。5日・8日・報酬上限等と混同しないよう表で整理します。数値・手続の最新は公益財団法人 全日本不動産協会・公益財団法人 不動産流通推進センターの試験要項・法令改正情報で必ずご確認ください。 試験では手付金を軸に、関連条文・数値・主体の取り違えを照合してください。,「手付金の数値・期限」でよくある誤答パターンは？,数値のみ暗記;条件省略（試験では条件文の主語確認が得点の分かれ目） 誤答肢では数値+条件の主語や条件が入れ替わることが多いので、比較表で整理してください。 過去問で正誤の型を分類し、試験要項で数値・期限を照合してください。,「手付金の数値・期限」の覚え方・確認手順は？,覚え方：「数値・条件・手付金」。 早見の要点：手付金;要項確認 用語集→本ページ→過去問の順で往復し、正誤理由をメモに残してください。 過去問で正誤の型を分類し、試験要項で数値・期限を照合してください。,「手付金の数値・期限」の公式情報はどこで確認しますか？,試験論点・条文・数値の対応を比較表に整理し、過去問で正誤の型を分類してください。 過去問で正誤の型を分類し、試験要項で数値・期限を照合してください。 試験では手付金をセットで確認してください。 誤答では数値のみ暗記に注意してください。,2026-05-28
s37-shiken-taisaku-suuchi,試験対策の数値・期限,試験対策,試験対策;S37;数値,試験対策で押さえる代表数値・期限を整理します。,試験対策;要項確認,"[{""item"": ""代表"", ""value"": ""要項・法令で確認"", ""note"": ""年度更新""}, {""item"": ""条件"", ""value"": ""主語・手続"", ""note"": ""取り違え防止""}, {""item"": ""記録"", ""value"": ""学習ノート"", ""note"": ""誤答原因併記""}, {""item"": ""試験"", ""value"": ""数値+条件"", ""note"": ""単独暗記回避""}]",試験対策数値早見｜S37,試験対策の数値は条件のセットで覚えてください。5日・8日・報酬上限等と混同しないよう表で整理します。数値・手続の最新は公益財団法人 全日本不動産協会・公益財団法人 不動産流通推進センターの試験要項・法令改正情報で必ずご確認ください。,試験対策;数値+条件;S37,数値のみ暗記;条件省略（試験では条件文の主語確認が得点の分かれ目）,「数値・条件・試験対策」。,宅建の合格点・合格率;宅建の出題傾向分析;宅建士,「試験対策の数値・期限」の試験での位置づけは？,試験対策の数値は条件のセットで覚えてください。5日・8日・報酬上限等と混同しないよう表で整理します。数値・手続の最新は公益財団法人 全日本不動産協会・公益財団法人 不動産流通推進センターの試験要項・法令改正情報で必ずご確認ください。 試験では試験対策を軸に、関連条文・数値・主体の取り違えを照合してください。,「試験対策の数値・期限」でよくある誤答パターンは？,数値のみ暗記;条件省略（試験では条件文の主語確認が得点の分かれ目） 誤答肢では数値+条件の主語や条件が入れ替わることが多いので、比較表で整理してください。 過去問で正誤の型を分類し、試験要項で数値・期限を照合してください。,「試験対策の数値・期限」の覚え方・確認手順は？,覚え方：「数値・条件・試験対策」。 早見の要点：試験対策;要項確認 用語集→本ページ→過去問の順で往復し、正誤理由をメモに残してください。 過去問で正誤の型を分類し、試験要項で数値・期限を照合してください。,「試験対策の数値・期限」の公式情報はどこで確認しますか？,試験論点・条文・数値の対応を比較表に整理し、過去問で正誤の型を分類してください。 過去問で正誤の型を分類し、試験要項で数値・期限を照合してください。 試験では試験対策をセットで確認してください。 誤答では数値のみ暗記に注意してください。,2026-05-28
s38-takken-kaisei-suuchi,宅建業法改正の数値・期限,宅建業法,宅建業法改正;S38;数値,宅建業法改正で押さえる代表数値・期限を整理します。,宅建業法改正;要項確認,"[{""item"": ""代表"", ""value"": ""要項・法令で確認"", ""note"": ""年度更新""}, {""item"": ""条件"", ""value"": ""主語・手続"", ""note"": ""取り違え防止""}, {""item"": ""記録"", ""value"": ""学習ノート"", ""note"": ""誤答原因併記""}, {""item"": ""試験"", ""value"": ""数値+条件"", ""note"": ""単独暗記回避""}]",宅建業法改正数値早見｜S38,宅建業法改正の数値は条件のセットで覚えてください。5日・8日・報酬上限等と混同しないよう表で整理します。数値・手続の最新は公益財団法人 全日本不動産協会・公益財団法人 不動産流通推進センターの試験要項・法令改正情報で必ずご確認ください。,宅建業法改正;数値+条件;S38,数値のみ暗記;条件省略（試験では条件文の主語確認が得点の分かれ目）,「数値・条件・宅建業法改正」。,宅建業の免許;重要事項説明（35条書面）;37条書面,「宅建業法改正の数値・期限」の試験での位置づけは？,宅建業法改正の数値は条件のセットで覚えてください。5日・8日・報酬上限等と混同しないよう表で整理します。数値・手続の最新は公益財団法人 全日本不動産協会・公益財団法人 不動産流通推進センターの試験要項・法令改正情報で必ずご確認ください。 試験では宅建業法改正を軸に、関連条文・数値・主体の取り違えを照合してください。,「宅建業法改正の数値・期限」でよくある誤答パターンは？,数値のみ暗記;条件省略（試験では条件文の主語確認が得点の分かれ目） 誤答肢では数値+条件の主語や条件が入れ替わることが多いので、比較表で整理してください。 過去問で正誤の型を分類し、試験要項で数値・期限を照合してください。,「宅建業法改正の数値・期限」の覚え方・確認手順は？,覚え方：「数値・条件・宅建業法改正」。 早見の要点：宅建業法改正;要項確認 用語集→本ページ→過去問の順で往復し、正誤理由をメモに残してください。 過去問で正誤の型を分類し、試験要項で数値・期限を照合してください。,「宅建業法改正の数値・期限」の公式情報はどこで確認しますか？,試験論点・条文・数値の対応を比較表に整理し、過去問で正誤の型を分類してください。 過去問で正誤の型を分類し、試験要項で数値・期限を照合してください。 試験では宅建業法改正をセットで確認してください。 誤答では数値のみ暗記に注意してください。,2026-05-28
s38-ju35-ju37-suuchi,35条37条深掘りの数値・期限,宅建業法,35条37条深掘り;S38;数値,35条37条深掘りで押さえる代表数値・期限を整理します。,35条37条深掘り;要項確認,"[{""item"": ""代表"", ""value"": ""要項・法令で確認"", ""note"": ""年度更新""}, {""item"": ""条件"", ""value"": ""主語・手続"", ""note"": ""取り違え防止""}, {""item"": ""記録"", ""value"": ""学習ノート"", ""note"": ""誤答原因併記""}, {""item"": ""試験"", ""value"": ""数値+条件"", ""note"": ""単独暗記回避""}]",35条37条深掘り数値早見｜S38,35条37条深掘りの数値は条件のセットで覚えてください。5日・8日・報酬上限等と混同しないよう表で整理します。数値・手続の最新は公益財団法人 全日本不動産協会・公益財団法人 不動産流通推進センターの試験要項・法令改正情報で必ずご確認ください。,35条37条深掘り;数値+条件;S38,数値のみ暗記;条件省略（試験では条件文の主語確認が得点の分かれ目）,「数値・条件・35条37条深掘り」。,重要事項説明（35条書面）;37条書面;35条書面,「35条37条深掘りの数値・期限」の試験での位置づけは？,35条37条深掘りの数値は条件のセットで覚えてください。5日・8日・報酬上限等と混同しないよう表で整理します。数値・手続の最新は公益財団法人 全日本不動産協会・公益財団法人 不動産流通推進センターの試験要項・法令改正情報で必ずご確認くださ… 試験では35条37条深掘りを軸に、関連条文・数値・主体の取り違えを照合してください。,「35条37条深掘りの数値・期限」でよくある誤答パターンは？,数値のみ暗記;条件省略（試験では条件文の主語確認が得点の分かれ目） 誤答肢では数値+条件の主語や条件が入れ替わることが多いので、比較表で整理してください。 過去問で正誤の型を分類し、試験要項で数値・期限を照合してください。,「35条37条深掘りの数値・期限」の覚え方・確認手順は？,覚え方：「数値・条件・35条37条深掘り」。 早見の要点：35条37条深掘り;要項確認 用語集→本ページ→過去問の順で往復し、正誤理由をメモに残してください。 過去問で正誤の型を分類し、試験要項で数値・期限を照合してください。,「35条37条深掘りの数値・期限」の公式情報はどこで確認しますか？,試験論点・条文・数値の対応を比較表に整理し、過去問で正誤の型を分類してください。 過去問で正誤の型を分類し、試験要項で数値・期限を照合してください。 試験では35条37条深掘りをセットで確認してください。,2026-05-28
s38-baikai-houshuu-suuchi,媒介報酬の数値・期限,宅建業法,媒介報酬;S38;数値,媒介報酬で押さえる代表数値・期限を整理します。,媒介報酬;要項確認,"[{""item"": ""代表"", ""value"": ""要項・法令で確認"", ""note"": ""年度更新""}, {""item"": ""条件"", ""value"": ""主語・手続"", ""note"": ""取り違え防止""}, {""item"": ""記録"", ""value"": ""学習ノート"", ""note"": ""誤答原因併記""}, {""item"": ""試験"", ""value"": ""数値+条件"", ""note"": ""単独暗記回避""}]",媒介報酬数値早見｜S38,媒介報酬の数値は条件のセットで覚えてください。5日・8日・報酬上限等と混同しないよう表で整理します。数値・手続の最新は公益財団法人 全日本不動産協会・公益財団法人 不動産流通推進センターの試験要項・法令改正情報で必ずご確認ください。,媒介報酬;数値+条件;S38,数値のみ暗記;条件省略（試験では条件文の主語確認が得点の分かれ目）,「数値・条件・媒介報酬」。,報酬の計算（売買）;媒介契約の種類;報酬額の掲示,「媒介報酬の数値・期限」の試験での位置づけは？,媒介報酬の数値は条件のセットで覚えてください。5日・8日・報酬上限等と混同しないよう表で整理します。数値・手続の最新は公益財団法人 全日本不動産協会・公益財団法人 不動産流通推進センターの試験要項・法令改正情報で必ずご確認ください。 試験では媒介報酬を軸に、関連条文・数値・主体の取り違えを照合してください。,「媒介報酬の数値・期限」でよくある誤答パターンは？,数値のみ暗記;条件省略（試験では条件文の主語確認が得点の分かれ目） 誤答肢では数値+条件の主語や条件が入れ替わることが多いので、比較表で整理してください。 過去問で正誤の型を分類し、試験要項で数値・期限を照合してください。,「媒介報酬の数値・期限」の覚え方・確認手順は？,覚え方：「数値・条件・媒介報酬」。 早見の要点：媒介報酬;要項確認 用語集→本ページ→過去問の順で往復し、正誤理由をメモに残してください。 過去問で正誤の型を分類し、試験要項で数値・期限を照合してください。,「媒介報酬の数値・期限」の公式情報はどこで確認しますか？,試験論点・条文・数値の対応を比較表に整理し、過去問で正誤の型を分類してください。 過去問で正誤の型を分類し、試験要項で数値・期限を照合してください。 試験では媒介報酬をセットで確認してください。 誤答では数値のみ暗記に注意してください。,2026-05-28
s38-shakuchi-shakuya-suuchi,借地借家の数値・期限,権利関係,借地借家;S38;数値,借地借家で押さえる代表数値・期限を整理します。,借地借家;要項確認,"[{""item"": ""代表"", ""value"": ""要項・法令で確認"", ""note"": ""年度更新""}, {""item"": ""条件"", ""value"": ""主語・手続"", ""note"": ""取り違え防止""}, {""item"": ""記録"", ""value"": ""学習ノート"", ""note"": ""誤答原因併記""}, {""item"": ""試験"", ""value"": ""数値+条件"", ""note"": ""単独暗記回避""}]",借地借家数値早見｜S38,借地借家の数値は条件のセットで覚えてください。5日・8日・報酬上限等と混同しないよう表で整理します。数値・手続の最新は公益財団法人 全日本不動産協会・公益財団法人 不動産流通推進センターの試験要項・法令改正情報で必ずご確認ください。,借地借家;数値+条件;S38,数値のみ暗記;条件省略（試験では条件文の主語確認が得点の分かれ目）,「数値・条件・借地借家」。,借地借家法;法定更新（借地借家法）;更新拒絶の正当な事由,「借地借家の数値・期限」の試験での位置づけは？,借地借家の数値は条件のセットで覚えてください。5日・8日・報酬上限等と混同しないよう表で整理します。数値・手続の最新は公益財団法人 全日本不動産協会・公益財団法人 不動産流通推進センターの試験要項・法令改正情報で必ずご確認ください。 試験では借地借家を軸に、関連条文・数値・主体の取り違えを照合してください。,「借地借家の数値・期限」でよくある誤答パターンは？,数値のみ暗記;条件省略（試験では条件文の主語確認が得点の分かれ目） 誤答肢では数値+条件の主語や条件が入れ替わることが多いので、比較表で整理してください。 過去問で正誤の型を分類し、試験要項で数値・期限を照合してください。,「借地借家の数値・期限」の覚え方・確認手順は？,覚え方：「数値・条件・借地借家」。 早見の要点：借地借家;要項確認 用語集→本ページ→過去問の順で往復し、正誤理由をメモに残してください。 過去問で正誤の型を分類し、試験要項で数値・期限を照合してください。,「借地借家の数値・期限」の公式情報はどこで確認しますか？,試験論点・条文・数値の対応を比較表に整理し、過去問で正誤の型を分類してください。 過去問で正誤の型を分類し、試験要項で数値・期限を照合してください。 試験では借地借家をセットで確認してください。 誤答では数値のみ暗記に注意してください。,2026-05-28
s38-kubun-shoyu-suuchi,区分所有の数値・期限,権利関係,区分所有;S38;数値,区分所有で押さえる代表数値・期限を整理します。,区分所有;要項確認,"[{""item"": ""代表"", ""value"": ""要項・法令で確認"", ""note"": ""年度更新""}, {""item"": ""条件"", ""value"": ""主語・手続"", ""note"": ""取り違え防止""}, {""item"": ""記録"", ""value"": ""学習ノート"", ""note"": ""誤答原因併記""}, {""item"": ""試験"", ""value"": ""数値+条件"", ""note"": ""単独暗記回避""}]",区分所有数値早見｜S38,区分所有の数値は条件のセットで覚えてください。5日・8日・報酬上限等と混同しないよう表で整理します。数値・手続の最新は公益財団法人 全日本不動産協会・公益財団法人 不動産流通推進センターの試験要項・法令改正情報で必ずご確認ください。,区分所有;数値+条件;S38,数値のみ暗記;条件省略（試験では条件文の主語確認が得点の分かれ目）,「数値・条件・区分所有」。,区分所有権;区分所有者;共用部分,「区分所有の数値・期限」の試験での位置づけは？,区分所有の数値は条件のセットで覚えてください。5日・8日・報酬上限等と混同しないよう表で整理します。数値・手続の最新は公益財団法人 全日本不動産協会・公益財団法人 不動産流通推進センターの試験要項・法令改正情報で必ずご確認ください。 試験では区分所有を軸に、関連条文・数値・主体の取り違えを照合してください。,「区分所有の数値・期限」でよくある誤答パターンは？,数値のみ暗記;条件省略（試験では条件文の主語確認が得点の分かれ目） 誤答肢では数値+条件の主語や条件が入れ替わることが多いので、比較表で整理してください。 過去問で正誤の型を分類し、試験要項で数値・期限を照合してください。,「区分所有の数値・期限」の覚え方・確認手順は？,覚え方：「数値・条件・区分所有」。 早見の要点：区分所有;要項確認 用語集→本ページ→過去問の順で往復し、正誤理由をメモに残してください。 過去問で正誤の型を分類し、試験要項で数値・期限を照合してください。,「区分所有の数値・期限」の公式情報はどこで確認しますか？,試験論点・条文・数値の対応を比較表に整理し、過去問で正誤の型を分類してください。 過去問で正誤の型を分類し、試験要項で数値・期限を照合してください。 試験では区分所有をセットで確認してください。 誤答では数値のみ暗記に注意してください。,2026-05-28
s38-toshikeikaku-suuchi,都市計画の数値・期限,権利関係,都市計画;S38;数値,都市計画で押さえる代表数値・期限を整理します。,都市計画;要項確認,"[{""item"": ""代表"", ""value"": ""要項・法令で確認"", ""note"": ""年度更新""}, {""item"": ""条件"", ""value"": ""主語・手続"", ""note"": ""取り違え防止""}, {""item"": ""記録"", ""value"": ""学習ノート"", ""note"": ""誤答原因併記""}, {""item"": ""試験"", ""value"": ""数値+条件"", ""note"": ""単独暗記回避""}]",都市計画数値早見｜S38,都市計画の数値は条件のセットで覚えてください。5日・8日・報酬上限等と混同しないよう表で整理します。数値・手続の最新は公益財団法人 全日本不動産協会・公益財団法人 不動産流通推進センターの試験要項・法令改正情報で必ずご確認ください。,都市計画;数値+条件;S38,数値のみ暗記;条件省略（試験では条件文の主語確認が得点の分かれ目）,「数値・条件・都市計画」。,都市計画法;用途地域の種類;建ぺい率・容積率,「都市計画の数値・期限」の試験での位置づけは？,都市計画の数値は条件のセットで覚えてください。5日・8日・報酬上限等と混同しないよう表で整理します。数値・手続の最新は公益財団法人 全日本不動産協会・公益財団法人 不動産流通推進センターの試験要項・法令改正情報で必ずご確認ください。 試験では都市計画を軸に、関連条文・数値・主体の取り違えを照合してください。,「都市計画の数値・期限」でよくある誤答パターンは？,数値のみ暗記;条件省略（試験では条件文の主語確認が得点の分かれ目） 誤答肢では数値+条件の主語や条件が入れ替わることが多いので、比較表で整理してください。 過去問で正誤の型を分類し、試験要項で数値・期限を照合してください。,「都市計画の数値・期限」の覚え方・確認手順は？,覚え方：「数値・条件・都市計画」。 早見の要点：都市計画;要項確認 用語集→本ページ→過去問の順で往復し、正誤理由をメモに残してください。 過去問で正誤の型を分類し、試験要項で数値・期限を照合してください。,「都市計画の数値・期限」の公式情報はどこで確認しますか？,試験論点・条文・数値の対応を比較表に整理し、過去問で正誤の型を分類してください。 過去問で正誤の型を分類し、試験要項で数値・期限を照合してください。 試験では都市計画をセットで確認してください。 誤答では数値のみ暗記に注意してください。,2026-05-28
s38-touki-suuchi,登記の数値・期限,権利関係,登記;S38;数値,登記で押さえる代表数値・期限を整理します。,登記;要項確認,"[{""item"": ""代表"", ""value"": ""要項・法令で確認"", ""note"": ""年度更新""}, {""item"": ""条件"", ""value"": ""主語・手続"", ""note"": ""取り違え防止""}, {""item"": ""記録"", ""value"": ""学習ノート"", ""note"": ""誤答原因併記""}, {""item"": ""試験"", ""value"": ""数値+条件"", ""note"": ""単独暗記回避""}]",登記数値早見｜S38,登記の数値は条件のセットで覚えてください。5日・8日・報酬上限等と混同しないよう表で整理します。数値・手続の最新は公益財団法人 全日本不動産協会・公益財団法人 不動産流通推進センターの試験要項・法令改正情報で必ずご確認ください。,登記;数値+条件;S38,数値のみ暗記;条件省略（試験では条件文の主語確認が得点の分かれ目）,「数値・条件・登記」。,抵当権;所有権;不動産登記,「登記の数値・期限」の試験での位置づけは？,登記の数値は条件のセットで覚えてください。5日・8日・報酬上限等と混同しないよう表で整理します。数値・手続の最新は公益財団法人 全日本不動産協会・公益財団法人 不動産流通推進センターの試験要項・法令改正情報で必ずご確認ください。 試験では登記を軸に、関連条文・数値・主体の取り違えを照合してください。,「登記の数値・期限」でよくある誤答パターンは？,数値のみ暗記;条件省略（試験では条件文の主語確認が得点の分かれ目） 誤答肢では数値+条件の主語や条件が入れ替わることが多いので、比較表で整理してください。 過去問で正誤の型を分類し、試験要項で数値・期限を照合してください。,「登記の数値・期限」の覚え方・確認手順は？,試験論点・条文・数値の対応を比較表に整理し、過去問で正誤の型を分類してください。 過去問で正誤の型を分類し、試験要項で数値・期限を照合してください。 試験では登記をセットで確認してください。 誤答では数値のみ暗記に注意してください。,「登記の数値・期限」の公式情報はどこで確認しますか？,試験論点・条文・数値の対応を比較表に整理し、過去問で正誤の型を分類してください。 過去問で正誤の型を分類し、試験要項で数値・期限を照合してください。 試験では登記をセットで確認してください。 誤答では数値のみ暗記に注意してください。,2026-05-28
s38-keiyaku-futekigou-suuchi,契約不適合の数値・期限,宅建業法,契約不適合;S38;数値,契約不適合で押さえる代表数値・期限を整理します。,契約不適合;要項確認,"[{""item"": ""代表"", ""value"": ""要項・法令で確認"", ""note"": ""年度更新""}, {""item"": ""条件"", ""value"": ""主語・手続"", ""note"": ""取り違え防止""}, {""item"": ""記録"", ""value"": ""学習ノート"", ""note"": ""誤答原因併記""}, {""item"": ""試験"", ""value"": ""数値+条件"", ""note"": ""単独暗記回避""}]",契約不適合数値早見｜S38,契約不適合の数値は条件のセットで覚えてください。5日・8日・報酬上限等と混同しないよう表で整理します。数値・手続の最新は公益財団法人 全日本不動産協会・公益財団法人 不動産流通推進センターの試験要項・法令改正情報で必ずご確認ください。,契約不適合;数値+条件;S38,数値のみ暗記;条件省略（試験では条件文の主語確認が得点の分かれ目）,「数値・条件・契約不適合」。,契約不適合責任;重要事項説明（35条書面）;37条書面,「契約不適合の数値・期限」の試験での位置づけは？,契約不適合の数値は条件のセットで覚えてください。5日・8日・報酬上限等と混同しないよう表で整理します。数値・手続の最新は公益財団法人 全日本不動産協会・公益財団法人 不動産流通推進センターの試験要項・法令改正情報で必ずご確認ください。 試験では契約不適合を軸に、関連条文・数値・主体の取り違えを照合してください。,「契約不適合の数値・期限」でよくある誤答パターンは？,数値のみ暗記;条件省略（試験では条件文の主語確認が得点の分かれ目） 誤答肢では数値+条件の主語や条件が入れ替わることが多いので、比較表で整理してください。 過去問で正誤の型を分類し、試験要項で数値・期限を照合してください。,「契約不適合の数値・期限」の覚え方・確認手順は？,覚え方：「数値・条件・契約不適合」。 早見の要点：契約不適合;要項確認 用語集→本ページ→過去問の順で往復し、正誤理由をメモに残してください。 過去問で正誤の型を分類し、試験要項で数値・期限を照合してください。,「契約不適合の数値・期限」の公式情報はどこで確認しますか？,試験論点・条文・数値の対応を比較表に整理し、過去問で正誤の型を分類してください。 過去問で正誤の型を分類し、試験要項で数値・期限を照合してください。 試験では契約不適合をセットで確認してください。 誤答では数値のみ暗記に注意してください。,2026-05-28
s38-tetsuki-suuchi,手付金の数値・期限,権利関係,手付金;S38;数値,手付金で押さえる代表数値・期限を整理します。,手付金;要項確認,"[{""item"": ""代表"", ""value"": ""要項・法令で確認"", ""note"": ""年度更新""}, {""item"": ""条件"", ""value"": ""主語・手続"", ""note"": ""取り違え防止""}, {""item"": ""記録"", ""value"": ""学習ノート"", ""note"": ""誤答原因併記""}, {""item"": ""試験"", ""value"": ""数値+条件"", ""note"": ""単独暗記回避""}]",手付金数値早見｜S38,手付金の数値は条件のセットで覚えてください。5日・8日・報酬上限等と混同しないよう表で整理します。数値・手続の最新は公益財団法人 全日本不動産協会・公益財団法人 不動産流通推進センターの試験要項・法令改正情報で必ずご確認ください。,手付金;数値+条件;S38,数値のみ暗記;条件省略（試験では条件文の主語確認が得点の分かれ目）,「数値・条件・手付金」。,手付の種類;手付解除;手付金等の保全措置,「手付金の数値・期限」の試験での位置づけは？,手付金の数値は条件のセットで覚えてください。5日・8日・報酬上限等と混同しないよう表で整理します。数値・手続の最新は公益財団法人 全日本不動産協会・公益財団法人 不動産流通推進センターの試験要項・法令改正情報で必ずご確認ください。 試験では手付金を軸に、関連条文・数値・主体の取り違えを照合してください。,「手付金の数値・期限」でよくある誤答パターンは？,数値のみ暗記;条件省略（試験では条件文の主語確認が得点の分かれ目） 誤答肢では数値+条件の主語や条件が入れ替わることが多いので、比較表で整理してください。 過去問で正誤の型を分類し、試験要項で数値・期限を照合してください。,「手付金の数値・期限」の覚え方・確認手順は？,覚え方：「数値・条件・手付金」。 早見の要点：手付金;要項確認 用語集→本ページ→過去問の順で往復し、正誤理由をメモに残してください。 過去問で正誤の型を分類し、試験要項で数値・期限を照合してください。,「手付金の数値・期限」の公式情報はどこで確認しますか？,試験論点・条文・数値の対応を比較表に整理し、過去問で正誤の型を分類してください。 過去問で正誤の型を分類し、試験要項で数値・期限を照合してください。 試験では手付金をセットで確認してください。 誤答では数値のみ暗記に注意してください。,2026-05-28
s38-shiken-taisaku-suuchi,試験対策の数値・期限,試験対策,試験対策;S38;数値,試験対策で押さえる代表数値・期限を整理します。,試験対策;要項確認,"[{""item"": ""代表"", ""value"": ""要項・法令で確認"", ""note"": ""年度更新""}, {""item"": ""条件"", ""value"": ""主語・手続"", ""note"": ""取り違え防止""}, {""item"": ""記録"", ""value"": ""学習ノート"", ""note"": ""誤答原因併記""}, {""item"": ""試験"", ""value"": ""数値+条件"", ""note"": ""単独暗記回避""}]",試験対策数値早見｜S38,試験対策の数値は条件のセットで覚えてください。5日・8日・報酬上限等と混同しないよう表で整理します。数値・手続の最新は公益財団法人 全日本不動産協会・公益財団法人 不動産流通推進センターの試験要項・法令改正情報で必ずご確認ください。,試験対策;数値+条件;S38,数値のみ暗記;条件省略（試験では条件文の主語確認が得点の分かれ目）,「数値・条件・試験対策」。,宅建の合格点・合格率;宅建の出題傾向分析;宅建士,「試験対策の数値・期限」の試験での位置づけは？,試験対策の数値は条件のセットで覚えてください。5日・8日・報酬上限等と混同しないよう表で整理します。数値・手続の最新は公益財団法人 全日本不動産協会・公益財団法人 不動産流通推進センターの試験要項・法令改正情報で必ずご確認ください。 試験では試験対策を軸に、関連条文・数値・主体の取り違えを照合してください。,「試験対策の数値・期限」でよくある誤答パターンは？,数値のみ暗記;条件省略（試験では条件文の主語確認が得点の分かれ目） 誤答肢では数値+条件の主語や条件が入れ替わることが多いので、比較表で整理してください。 過去問で正誤の型を分類し、試験要項で数値・期限を照合してください。,「試験対策の数値・期限」の覚え方・確認手順は？,覚え方：「数値・条件・試験対策」。 早見の要点：試験対策;要項確認 用語集→本ページ→過去問の順で往復し、正誤理由をメモに残してください。 過去問で正誤の型を分類し、試験要項で数値・期限を照合してください。,「試験対策の数値・期限」の公式情報はどこで確認しますか？,試験論点・条文・数値の対応を比較表に整理し、過去問で正誤の型を分類してください。 過去問で正誤の型を分類し、試験要項で数値・期限を照合してください。 試験では試験対策をセットで確認してください。 誤答では数値のみ暗記に注意してください。,2026-05-28
s39-takken-kaisei-suuchi,宅建業法改正の数値・期限,宅建業法,宅建業法改正;S39;数値,宅建業法改正で押さえる代表数値・期限を整理します。,宅建業法改正;要項確認,"[{""item"": ""代表"", ""value"": ""要項・法令で確認"", ""note"": ""年度更新""}, {""item"": ""条件"", ""value"": ""主語・手続"", ""note"": ""取り違え防止""}, {""item"": ""記録"", ""value"": ""学習ノート"", ""note"": ""誤答原因併記""}, {""item"": ""試験"", ""value"": ""数値+条件"", ""note"": ""単独暗記回避""}]",宅建業法改正数値早見｜S39,宅建業法改正の数値は条件のセットで覚えてください。5日・8日・報酬上限等と混同しないよう表で整理します。数値・手続の最新は公益財団法人 全日本不動産協会・公益財団法人 不動産流通推進センターの試験要項・法令改正情報で必ずご確認ください。,宅建業法改正;数値+条件;S39,数値のみ暗記;条件省略（試験では条件文の主語確認が得点の分かれ目）,「数値・条件・宅建業法改正」。,宅建業の免許;重要事項説明（35条書面）;37条書面,「宅建業法改正の数値・期限」の試験での位置づけは？,宅建業法改正の数値は条件のセットで覚えてください。5日・8日・報酬上限等と混同しないよう表で整理します。数値・手続の最新は公益財団法人 全日本不動産協会・公益財団法人 不動産流通推進センターの試験要項・法令改正情報で必ずご確認ください。 試験では宅建業法改正を軸に、関連条文・数値・主体の取り違えを照合してください。,「宅建業法改正の数値・期限」でよくある誤答パターンは？,数値のみ暗記;条件省略（試験では条件文の主語確認が得点の分かれ目） 誤答肢では数値+条件の主語や条件が入れ替わることが多いので、比較表で整理してください。 過去問で正誤の型を分類し、試験要項で数値・期限を照合してください。,「宅建業法改正の数値・期限」の覚え方・確認手順は？,覚え方：「数値・条件・宅建業法改正」。 早見の要点：宅建業法改正;要項確認 用語集→本ページ→過去問の順で往復し、正誤理由をメモに残してください。 過去問で正誤の型を分類し、試験要項で数値・期限を照合してください。,「宅建業法改正の数値・期限」の公式情報はどこで確認しますか？,試験論点・条文・数値の対応を比較表に整理し、過去問で正誤の型を分類してください。 過去問で正誤の型を分類し、試験要項で数値・期限を照合してください。 試験では宅建業法改正をセットで確認してください。 誤答では数値のみ暗記に注意してください。,2026-05-28
s39-ju35-ju37-suuchi,35条37条深掘りの数値・期限,宅建業法,35条37条深掘り;S39;数値,35条37条深掘りで押さえる代表数値・期限を整理します。,35条37条深掘り;要項確認,"[{""item"": ""代表"", ""value"": ""要項・法令で確認"", ""note"": ""年度更新""}, {""item"": ""条件"", ""value"": ""主語・手続"", ""note"": ""取り違え防止""}, {""item"": ""記録"", ""value"": ""学習ノート"", ""note"": ""誤答原因併記""}, {""item"": ""試験"", ""value"": ""数値+条件"", ""note"": ""単独暗記回避""}]",35条37条深掘り数値早見｜S39,35条37条深掘りの数値は条件のセットで覚えてください。5日・8日・報酬上限等と混同しないよう表で整理します。数値・手続の最新は公益財団法人 全日本不動産協会・公益財団法人 不動産流通推進センターの試験要項・法令改正情報で必ずご確認ください。,35条37条深掘り;数値+条件;S39,数値のみ暗記;条件省略（試験では条件文の主語確認が得点の分かれ目）,「数値・条件・35条37条深掘り」。,重要事項説明（35条書面）;37条書面;35条書面,「35条37条深掘りの数値・期限」の試験での位置づけは？,35条37条深掘りの数値は条件のセットで覚えてください。5日・8日・報酬上限等と混同しないよう表で整理します。数値・手続の最新は公益財団法人 全日本不動産協会・公益財団法人 不動産流通推進センターの試験要項・法令改正情報で必ずご確認くださ… 試験では35条37条深掘りを軸に、関連条文・数値・主体の取り違えを照合してください。,「35条37条深掘りの数値・期限」でよくある誤答パターンは？,数値のみ暗記;条件省略（試験では条件文の主語確認が得点の分かれ目） 誤答肢では数値+条件の主語や条件が入れ替わることが多いので、比較表で整理してください。 過去問で正誤の型を分類し、試験要項で数値・期限を照合してください。,「35条37条深掘りの数値・期限」の覚え方・確認手順は？,覚え方：「数値・条件・35条37条深掘り」。 早見の要点：35条37条深掘り;要項確認 用語集→本ページ→過去問の順で往復し、正誤理由をメモに残してください。 過去問で正誤の型を分類し、試験要項で数値・期限を照合してください。,「35条37条深掘りの数値・期限」の公式情報はどこで確認しますか？,試験論点・条文・数値の対応を比較表に整理し、過去問で正誤の型を分類してください。 過去問で正誤の型を分類し、試験要項で数値・期限を照合してください。 試験では35条37条深掘りをセットで確認してください。,2026-05-28
s39-baikai-houshuu-suuchi,媒介報酬の数値・期限,宅建業法,媒介報酬;S39;数値,媒介報酬で押さえる代表数値・期限を整理します。,媒介報酬;要項確認,"[{""item"": ""代表"", ""value"": ""要項・法令で確認"", ""note"": ""年度更新""}, {""item"": ""条件"", ""value"": ""主語・手続"", ""note"": ""取り違え防止""}, {""item"": ""記録"", ""value"": ""学習ノート"", ""note"": ""誤答原因併記""}, {""item"": ""試験"", ""value"": ""数値+条件"", ""note"": ""単独暗記回避""}]",媒介報酬数値早見｜S39,媒介報酬の数値は条件のセットで覚えてください。5日・8日・報酬上限等と混同しないよう表で整理します。数値・手続の最新は公益財団法人 全日本不動産協会・公益財団法人 不動産流通推進センターの試験要項・法令改正情報で必ずご確認ください。,媒介報酬;数値+条件;S39,数値のみ暗記;条件省略（試験では条件文の主語確認が得点の分かれ目）,「数値・条件・媒介報酬」。,報酬の計算（売買）;媒介契約の種類;報酬額の掲示,「媒介報酬の数値・期限」の試験での位置づけは？,媒介報酬の数値は条件のセットで覚えてください。5日・8日・報酬上限等と混同しないよう表で整理します。数値・手続の最新は公益財団法人 全日本不動産協会・公益財団法人 不動産流通推進センターの試験要項・法令改正情報で必ずご確認ください。 試験では媒介報酬を軸に、関連条文・数値・主体の取り違えを照合してください。,「媒介報酬の数値・期限」でよくある誤答パターンは？,数値のみ暗記;条件省略（試験では条件文の主語確認が得点の分かれ目） 誤答肢では数値+条件の主語や条件が入れ替わることが多いので、比較表で整理してください。 過去問で正誤の型を分類し、試験要項で数値・期限を照合してください。,「媒介報酬の数値・期限」の覚え方・確認手順は？,覚え方：「数値・条件・媒介報酬」。 早見の要点：媒介報酬;要項確認 用語集→本ページ→過去問の順で往復し、正誤理由をメモに残してください。 過去問で正誤の型を分類し、試験要項で数値・期限を照合してください。,「媒介報酬の数値・期限」の公式情報はどこで確認しますか？,試験論点・条文・数値の対応を比較表に整理し、過去問で正誤の型を分類してください。 過去問で正誤の型を分類し、試験要項で数値・期限を照合してください。 試験では媒介報酬をセットで確認してください。 誤答では数値のみ暗記に注意してください。,2026-05-28
s39-shakuchi-shakuya-suuchi,借地借家の数値・期限,権利関係,借地借家;S39;数値,借地借家で押さえる代表数値・期限を整理します。,借地借家;要項確認,"[{""item"": ""代表"", ""value"": ""要項・法令で確認"", ""note"": ""年度更新""}, {""item"": ""条件"", ""value"": ""主語・手続"", ""note"": ""取り違え防止""}, {""item"": ""記録"", ""value"": ""学習ノート"", ""note"": ""誤答原因併記""}, {""item"": ""試験"", ""value"": ""数値+条件"", ""note"": ""単独暗記回避""}]",借地借家数値早見｜S39,借地借家の数値は条件のセットで覚えてください。5日・8日・報酬上限等と混同しないよう表で整理します。数値・手続の最新は公益財団法人 全日本不動産協会・公益財団法人 不動産流通推進センターの試験要項・法令改正情報で必ずご確認ください。,借地借家;数値+条件;S39,数値のみ暗記;条件省略（試験では条件文の主語確認が得点の分かれ目）,「数値・条件・借地借家」。,借地借家法;法定更新（借地借家法）;更新拒絶の正当な事由,「借地借家の数値・期限」の試験での位置づけは？,借地借家の数値は条件のセットで覚えてください。5日・8日・報酬上限等と混同しないよう表で整理します。数値・手続の最新は公益財団法人 全日本不動産協会・公益財団法人 不動産流通推進センターの試験要項・法令改正情報で必ずご確認ください。 試験では借地借家を軸に、関連条文・数値・主体の取り違えを照合してください。,「借地借家の数値・期限」でよくある誤答パターンは？,数値のみ暗記;条件省略（試験では条件文の主語確認が得点の分かれ目） 誤答肢では数値+条件の主語や条件が入れ替わることが多いので、比較表で整理してください。 過去問で正誤の型を分類し、試験要項で数値・期限を照合してください。,「借地借家の数値・期限」の覚え方・確認手順は？,覚え方：「数値・条件・借地借家」。 早見の要点：借地借家;要項確認 用語集→本ページ→過去問の順で往復し、正誤理由をメモに残してください。 過去問で正誤の型を分類し、試験要項で数値・期限を照合してください。,「借地借家の数値・期限」の公式情報はどこで確認しますか？,試験論点・条文・数値の対応を比較表に整理し、過去問で正誤の型を分類してください。 過去問で正誤の型を分類し、試験要項で数値・期限を照合してください。 試験では借地借家をセットで確認してください。 誤答では数値のみ暗記に注意してください。,2026-05-28
s39-kubun-shoyu-suuchi,区分所有の数値・期限,権利関係,区分所有;S39;数値,区分所有で押さえる代表数値・期限を整理します。,区分所有;要項確認,"[{""item"": ""代表"", ""value"": ""要項・法令で確認"", ""note"": ""年度更新""}, {""item"": ""条件"", ""value"": ""主語・手続"", ""note"": ""取り違え防止""}, {""item"": ""記録"", ""value"": ""学習ノート"", ""note"": ""誤答原因併記""}, {""item"": ""試験"", ""value"": ""数値+条件"", ""note"": ""単独暗記回避""}]",区分所有数値早見｜S39,区分所有の数値は条件のセットで覚えてください。5日・8日・報酬上限等と混同しないよう表で整理します。数値・手続の最新は公益財団法人 全日本不動産協会・公益財団法人 不動産流通推進センターの試験要項・法令改正情報で必ずご確認ください。,区分所有;数値+条件;S39,数値のみ暗記;条件省略（試験では条件文の主語確認が得点の分かれ目）,「数値・条件・区分所有」。,区分所有権;区分所有者;共用部分,「区分所有の数値・期限」の試験での位置づけは？,区分所有の数値は条件のセットで覚えてください。5日・8日・報酬上限等と混同しないよう表で整理します。数値・手続の最新は公益財団法人 全日本不動産協会・公益財団法人 不動産流通推進センターの試験要項・法令改正情報で必ずご確認ください。 試験では区分所有を軸に、関連条文・数値・主体の取り違えを照合してください。,「区分所有の数値・期限」でよくある誤答パターンは？,数値のみ暗記;条件省略（試験では条件文の主語確認が得点の分かれ目） 誤答肢では数値+条件の主語や条件が入れ替わることが多いので、比較表で整理してください。 過去問で正誤の型を分類し、試験要項で数値・期限を照合してください。,「区分所有の数値・期限」の覚え方・確認手順は？,覚え方：「数値・条件・区分所有」。 早見の要点：区分所有;要項確認 用語集→本ページ→過去問の順で往復し、正誤理由をメモに残してください。 過去問で正誤の型を分類し、試験要項で数値・期限を照合してください。,「区分所有の数値・期限」の公式情報はどこで確認しますか？,試験論点・条文・数値の対応を比較表に整理し、過去問で正誤の型を分類してください。 過去問で正誤の型を分類し、試験要項で数値・期限を照合してください。 試験では区分所有をセットで確認してください。 誤答では数値のみ暗記に注意してください。,2026-05-28
s39-toshikeikaku-suuchi,都市計画の数値・期限,権利関係,都市計画;S39;数値,都市計画で押さえる代表数値・期限を整理します。,都市計画;要項確認,"[{""item"": ""代表"", ""value"": ""要項・法令で確認"", ""note"": ""年度更新""}, {""item"": ""条件"", ""value"": ""主語・手続"", ""note"": ""取り違え防止""}, {""item"": ""記録"", ""value"": ""学習ノート"", ""note"": ""誤答原因併記""}, {""item"": ""試験"", ""value"": ""数値+条件"", ""note"": ""単独暗記回避""}]",都市計画数値早見｜S39,都市計画の数値は条件のセットで覚えてください。5日・8日・報酬上限等と混同しないよう表で整理します。数値・手続の最新は公益財団法人 全日本不動産協会・公益財団法人 不動産流通推進センターの試験要項・法令改正情報で必ずご確認ください。,都市計画;数値+条件;S39,数値のみ暗記;条件省略（試験では条件文の主語確認が得点の分かれ目）,「数値・条件・都市計画」。,都市計画法;用途地域の種類;建ぺい率・容積率,「都市計画の数値・期限」の試験での位置づけは？,都市計画の数値は条件のセットで覚えてください。5日・8日・報酬上限等と混同しないよう表で整理します。数値・手続の最新は公益財団法人 全日本不動産協会・公益財団法人 不動産流通推進センターの試験要項・法令改正情報で必ずご確認ください。 試験では都市計画を軸に、関連条文・数値・主体の取り違えを照合してください。,「都市計画の数値・期限」でよくある誤答パターンは？,数値のみ暗記;条件省略（試験では条件文の主語確認が得点の分かれ目） 誤答肢では数値+条件の主語や条件が入れ替わることが多いので、比較表で整理してください。 過去問で正誤の型を分類し、試験要項で数値・期限を照合してください。,「都市計画の数値・期限」の覚え方・確認手順は？,覚え方：「数値・条件・都市計画」。 早見の要点：都市計画;要項確認 用語集→本ページ→過去問の順で往復し、正誤理由をメモに残してください。 過去問で正誤の型を分類し、試験要項で数値・期限を照合してください。,「都市計画の数値・期限」の公式情報はどこで確認しますか？,試験論点・条文・数値の対応を比較表に整理し、過去問で正誤の型を分類してください。 過去問で正誤の型を分類し、試験要項で数値・期限を照合してください。 試験では都市計画をセットで確認してください。 誤答では数値のみ暗記に注意してください。,2026-05-28
s39-touki-suuchi,登記の数値・期限,権利関係,登記;S39;数値,登記で押さえる代表数値・期限を整理します。,登記;要項確認,"[{""item"": ""代表"", ""value"": ""要項・法令で確認"", ""note"": ""年度更新""}, {""item"": ""条件"", ""value"": ""主語・手続"", ""note"": ""取り違え防止""}, {""item"": ""記録"", ""value"": ""学習ノート"", ""note"": ""誤答原因併記""}, {""item"": ""試験"", ""value"": ""数値+条件"", ""note"": ""単独暗記回避""}]",登記数値早見｜S39,登記の数値は条件のセットで覚えてください。5日・8日・報酬上限等と混同しないよう表で整理します。数値・手続の最新は公益財団法人 全日本不動産協会・公益財団法人 不動産流通推進センターの試験要項・法令改正情報で必ずご確認ください。,登記;数値+条件;S39,数値のみ暗記;条件省略（試験では条件文の主語確認が得点の分かれ目）,「数値・条件・登記」。,抵当権;所有権;不動産登記,「登記の数値・期限」の試験での位置づけは？,登記の数値は条件のセットで覚えてください。5日・8日・報酬上限等と混同しないよう表で整理します。数値・手続の最新は公益財団法人 全日本不動産協会・公益財団法人 不動産流通推進センターの試験要項・法令改正情報で必ずご確認ください。 試験では登記を軸に、関連条文・数値・主体の取り違えを照合してください。,「登記の数値・期限」でよくある誤答パターンは？,数値のみ暗記;条件省略（試験では条件文の主語確認が得点の分かれ目） 誤答肢では数値+条件の主語や条件が入れ替わることが多いので、比較表で整理してください。 過去問で正誤の型を分類し、試験要項で数値・期限を照合してください。,「登記の数値・期限」の覚え方・確認手順は？,試験論点・条文・数値の対応を比較表に整理し、過去問で正誤の型を分類してください。 過去問で正誤の型を分類し、試験要項で数値・期限を照合してください。 試験では登記をセットで確認してください。 誤答では数値のみ暗記に注意してください。,「登記の数値・期限」の公式情報はどこで確認しますか？,試験論点・条文・数値の対応を比較表に整理し、過去問で正誤の型を分類してください。 過去問で正誤の型を分類し、試験要項で数値・期限を照合してください。 試験では登記をセットで確認してください。 誤答では数値のみ暗記に注意してください。,2026-05-28
s39-keiyaku-futekigou-suuchi,契約不適合の数値・期限,宅建業法,契約不適合;S39;数値,契約不適合で押さえる代表数値・期限を整理します。,契約不適合;要項確認,"[{""item"": ""代表"", ""value"": ""要項・法令で確認"", ""note"": ""年度更新""}, {""item"": ""条件"", ""value"": ""主語・手続"", ""note"": ""取り違え防止""}, {""item"": ""記録"", ""value"": ""学習ノート"", ""note"": ""誤答原因併記""}, {""item"": ""試験"", ""value"": ""数値+条件"", ""note"": ""単独暗記回避""}]",契約不適合数値早見｜S39,契約不適合の数値は条件のセットで覚えてください。5日・8日・報酬上限等と混同しないよう表で整理します。数値・手続の最新は公益財団法人 全日本不動産協会・公益財団法人 不動産流通推進センターの試験要項・法令改正情報で必ずご確認ください。,契約不適合;数値+条件;S39,数値のみ暗記;条件省略（試験では条件文の主語確認が得点の分かれ目）,「数値・条件・契約不適合」。,契約不適合責任;重要事項説明（35条書面）;37条書面,「契約不適合の数値・期限」の試験での位置づけは？,契約不適合の数値は条件のセットで覚えてください。5日・8日・報酬上限等と混同しないよう表で整理します。数値・手続の最新は公益財団法人 全日本不動産協会・公益財団法人 不動産流通推進センターの試験要項・法令改正情報で必ずご確認ください。 試験では契約不適合を軸に、関連条文・数値・主体の取り違えを照合してください。,「契約不適合の数値・期限」でよくある誤答パターンは？,数値のみ暗記;条件省略（試験では条件文の主語確認が得点の分かれ目） 誤答肢では数値+条件の主語や条件が入れ替わることが多いので、比較表で整理してください。 過去問で正誤の型を分類し、試験要項で数値・期限を照合してください。,「契約不適合の数値・期限」の覚え方・確認手順は？,覚え方：「数値・条件・契約不適合」。 早見の要点：契約不適合;要項確認 用語集→本ページ→過去問の順で往復し、正誤理由をメモに残してください。 過去問で正誤の型を分類し、試験要項で数値・期限を照合してください。,「契約不適合の数値・期限」の公式情報はどこで確認しますか？,試験論点・条文・数値の対応を比較表に整理し、過去問で正誤の型を分類してください。 過去問で正誤の型を分類し、試験要項で数値・期限を照合してください。 試験では契約不適合をセットで確認してください。 誤答では数値のみ暗記に注意してください。,2026-05-28
s39-tetsuki-suuchi,手付金の数値・期限,権利関係,手付金;S39;数値,手付金で押さえる代表数値・期限を整理します。,手付金;要項確認,"[{""item"": ""代表"", ""value"": ""要項・法令で確認"", ""note"": ""年度更新""}, {""item"": ""条件"", ""value"": ""主語・手続"", ""note"": ""取り違え防止""}, {""item"": ""記録"", ""value"": ""学習ノート"", ""note"": ""誤答原因併記""}, {""item"": ""試験"", ""value"": ""数値+条件"", ""note"": ""単独暗記回避""}]",手付金数値早見｜S39,手付金の数値は条件のセットで覚えてください。5日・8日・報酬上限等と混同しないよう表で整理します。数値・手続の最新は公益財団法人 全日本不動産協会・公益財団法人 不動産流通推進センターの試験要項・法令改正情報で必ずご確認ください。,手付金;数値+条件;S39,数値のみ暗記;条件省略（試験では条件文の主語確認が得点の分かれ目）,「数値・条件・手付金」。,手付の種類;手付解除;手付金等の保全措置,「手付金の数値・期限」の試験での位置づけは？,手付金の数値は条件のセットで覚えてください。5日・8日・報酬上限等と混同しないよう表で整理します。数値・手続の最新は公益財団法人 全日本不動産協会・公益財団法人 不動産流通推進センターの試験要項・法令改正情報で必ずご確認ください。 試験では手付金を軸に、関連条文・数値・主体の取り違えを照合してください。,「手付金の数値・期限」でよくある誤答パターンは？,数値のみ暗記;条件省略（試験では条件文の主語確認が得点の分かれ目） 誤答肢では数値+条件の主語や条件が入れ替わることが多いので、比較表で整理してください。 過去問で正誤の型を分類し、試験要項で数値・期限を照合してください。,「手付金の数値・期限」の覚え方・確認手順は？,覚え方：「数値・条件・手付金」。 早見の要点：手付金;要項確認 用語集→本ページ→過去問の順で往復し、正誤理由をメモに残してください。 過去問で正誤の型を分類し、試験要項で数値・期限を照合してください。,「手付金の数値・期限」の公式情報はどこで確認しますか？,試験論点・条文・数値の対応を比較表に整理し、過去問で正誤の型を分類してください。 過去問で正誤の型を分類し、試験要項で数値・期限を照合してください。 試験では手付金をセットで確認してください。 誤答では数値のみ暗記に注意してください。,2026-05-28
s39-shiken-taisaku-suuchi,試験対策の数値・期限,試験対策,試験対策;S39;数値,試験対策で押さえる代表数値・期限を整理します。,試験対策;要項確認,"[{""item"": ""代表"", ""value"": ""要項・法令で確認"", ""note"": ""年度更新""}, {""item"": ""条件"", ""value"": ""主語・手続"", ""note"": ""取り違え防止""}, {""item"": ""記録"", ""value"": ""学習ノート"", ""note"": ""誤答原因併記""}, {""item"": ""試験"", ""value"": ""数値+条件"", ""note"": ""単独暗記回避""}]",試験対策数値早見｜S39,試験対策の数値は条件のセットで覚えてください。5日・8日・報酬上限等と混同しないよう表で整理します。数値・手続の最新は公益財団法人 全日本不動産協会・公益財団法人 不動産流通推進センターの試験要項・法令改正情報で必ずご確認ください。,試験対策;数値+条件;S39,数値のみ暗記;条件省略（試験では条件文の主語確認が得点の分かれ目）,「数値・条件・試験対策」。,宅建の合格点・合格率;宅建の出題傾向分析;宅建士,「試験対策の数値・期限」の試験での位置づけは？,試験対策の数値は条件のセットで覚えてください。5日・8日・報酬上限等と混同しないよう表で整理します。数値・手続の最新は公益財団法人 全日本不動産協会・公益財団法人 不動産流通推進センターの試験要項・法令改正情報で必ずご確認ください。 試験では試験対策を軸に、関連条文・数値・主体の取り違えを照合してください。,「試験対策の数値・期限」でよくある誤答パターンは？,数値のみ暗記;条件省略（試験では条件文の主語確認が得点の分かれ目） 誤答肢では数値+条件の主語や条件が入れ替わることが多いので、比較表で整理してください。 過去問で正誤の型を分類し、試験要項で数値・期限を照合してください。,「試験対策の数値・期限」の覚え方・確認手順は？,覚え方：「数値・条件・試験対策」。 早見の要点：試験対策;要項確認 用語集→本ページ→過去問の順で往復し、正誤理由をメモに残してください。 過去問で正誤の型を分類し、試験要項で数値・期限を照合してください。,「試験対策の数値・期限」の公式情報はどこで確認しますか？,試験論点・条文・数値の対応を比較表に整理し、過去問で正誤の型を分類してください。 過去問で正誤の型を分類し、試験要項で数値・期限を照合してください。 試験では試験対策をセットで確認してください。 誤答では数値のみ暗記に注意してください。,2026-05-28
s40-takken-chokuzen-suuchi,宅建士試験直前の数値・期限,試験対策,宅建士試験直前;S40;数値,宅建士試験直前で押さえる代表数値・期限を整理します。,宅建士試験直前;要項確認,"[{""item"": ""代表"", ""value"": ""要項・法令で確認"", ""note"": ""年度更新""}, {""item"": ""条件"", ""value"": ""主語・手続"", ""note"": ""取り違え防止""}, {""item"": ""記録"", ""value"": ""学習ノート"", ""note"": ""誤答原因併記""}, {""item"": ""試験"", ""value"": ""数値+条件"", ""note"": ""単独暗記回避""}]",宅建士試験直前数値早見｜S40,宅建士試験直前の数値は条件のセットで覚えてください。5日・8日・報酬上限等と混同しないよう表で整理します。数値・手続の最新は公益財団法人 全日本不動産協会・公益財団法人 不動産流通推進センターの試験要項・法令改正情報で必ずご確認ください。,宅建士試験直前;数値+条件;S40,数値のみ暗記;条件省略（試験では条件文の主語確認が得点の分かれ目）,「数値・条件・宅建士試験直前」。,宅建の合格点・合格率;宅建の出題傾向分析;宅建士,「宅建士試験直前の数値・期限」の試験での位置づけは？,宅建士試験直前の数値は条件のセットで覚えてください。5日・8日・報酬上限等と混同しないよう表で整理します。数値・手続の最新は公益財団法人 全日本不動産協会・公益財団法人 不動産流通推進センターの試験要項・法令改正情報で必ずご確認ください。 試験では宅建士試験直前を軸に、関連条文・数値・主体の取り違えを照合してください。,「宅建士試験直前の数値・期限」でよくある誤答パターンは？,数値のみ暗記;条件省略（試験では条件文の主語確認が得点の分かれ目） 誤答肢では数値+条件の主語や条件が入れ替わることが多いので、比較表で整理してください。 過去問で正誤の型を分類し、試験要項で数値・期限を照合してください。,「宅建士試験直前の数値・期限」の覚え方・確認手順は？,覚え方：「数値・条件・宅建士試験直前」。 早見の要点：宅建士試験直前;要項確認 用語集→本ページ→過去問の順で往復し、正誤理由をメモに残してください。 過去問で正誤の型を分類し、試験要項で数値・期限を照合してください。,「宅建士試験直前の数値・期限」の公式情報はどこで確認しますか？,試験論点・条文・数値の対応を比較表に整理し、過去問で正誤の型を分類してください。 過去問で正誤の型を分類し、試験要項で数値・期限を照合してください。 試験では宅建士試験直前をセットで確認してください。,2026-05-28
s40-ju3537-shiage-suuchi,35条37条総仕上げの数値・期限,宅建業法,35条37条総仕上げ;S40;数値,35条37条総仕上げで押さえる代表数値・期限を整理します。,35条37条総仕上げ;要項確認,"[{""item"": ""代表"", ""value"": ""要項・法令で確認"", ""note"": ""年度更新""}, {""item"": ""条件"", ""value"": ""主語・手続"", ""note"": ""取り違え防止""}, {""item"": ""記録"", ""value"": ""学習ノート"", ""note"": ""誤答原因併記""}, {""item"": ""試験"", ""value"": ""数値+条件"", ""note"": ""単独暗記回避""}]",35条37条総仕上げ数値早見｜S40,35条37条総仕上げの数値は条件のセットで覚えてください。5日・8日・報酬上限等と混同しないよう表で整理します。数値・手続の最新は公益財団法人 全日本不動産協会・公益財団法人 不動産流通推進センターの試験要項・法令改正情報で必ずご確認ください。,35条37条総仕上げ;数値+条件;S40,数値のみ暗記;条件省略（試験では条件文の主語確認が得点の分かれ目）,「数値・条件・35条37条総仕上げ」。,重要事項説明（35条書面）;37条書面;35条書面,「35条37条総仕上げの数値・期限」の試験での位置づけは？,35条37条総仕上げの数値は条件のセットで覚えてください。5日・8日・報酬上限等と混同しないよう表で整理します。数値・手続の最新は公益財団法人 全日本不動産協会・公益財団法人 不動産流通推進センターの試験要項・法令改正情報で必ずご確認くだ… 試験では35条37条総仕上げを軸に、関連条文・数値・主体の取り違えを照合してください。,「35条37条総仕上げの数値・期限」でよくある誤答パターンは？,数値のみ暗記;条件省略（試験では条件文の主語確認が得点の分かれ目） 誤答肢では数値+条件の主語や条件が入れ替わることが多いので、比較表で整理してください。 過去問で正誤の型を分類し、試験要項で数値・期限を照合してください。,「35条37条総仕上げの数値・期限」の覚え方・確認手順は？,覚え方：「数値・条件・35条37条総仕上げ」。 早見の要点：35条37条総仕上げ;要項確認 用語集→本ページ→過去問の順で往復し、正誤理由をメモに残してください。 過去問で正誤の型を分類し、試験要項で数値・期限を照合してください。,「35条37条総仕上げの数値・期限」の公式情報はどこで確認しますか？,試験論点・条文・数値の対応を比較表に整理し、過去問で正誤の型を分類してください。 過去問で正誤の型を分類し、試験要項で数値・期限を照合してください。 試験では35条37条総仕上げをセットで確認してください。,2026-05-28
s40-houshu-jogen-suuchi,報酬上限計算の数値・期限,宅建業法,報酬上限計算;S40;数値,報酬上限計算で押さえる代表数値・期限を整理します。,報酬上限計算;要項確認,"[{""item"": ""代表"", ""value"": ""要項・法令で確認"", ""note"": ""年度更新""}, {""item"": ""条件"", ""value"": ""主語・手続"", ""note"": ""取り違え防止""}, {""item"": ""記録"", ""value"": ""学習ノート"", ""note"": ""誤答原因併記""}, {""item"": ""試験"", ""value"": ""数値+条件"", ""note"": ""単独暗記回避""}]",報酬上限計算数値早見｜S40,報酬上限計算の数値は条件のセットで覚えてください。5日・8日・報酬上限等と混同しないよう表で整理します。数値・手続の最新は公益財団法人 全日本不動産協会・公益財団法人 不動産流通推進センターの試験要項・法令改正情報で必ずご確認ください。,報酬上限計算;数値+条件;S40,数値のみ暗記;条件省略（試験では条件文の主語確認が得点の分かれ目）,「数値・条件・報酬上限計算」。,報酬の計算（売買）;報酬額の掲示;報酬の明瞭化,「報酬上限計算の数値・期限」の試験での位置づけは？,報酬上限計算の数値は条件のセットで覚えてください。5日・8日・報酬上限等と混同しないよう表で整理します。数値・手続の最新は公益財団法人 全日本不動産協会・公益財団法人 不動産流通推進センターの試験要項・法令改正情報で必ずご確認ください。 試験では報酬上限計算を軸に、関連条文・数値・主体の取り違えを照合してください。,「報酬上限計算の数値・期限」でよくある誤答パターンは？,数値のみ暗記;条件省略（試験では条件文の主語確認が得点の分かれ目） 誤答肢では数値+条件の主語や条件が入れ替わることが多いので、比較表で整理してください。 過去問で正誤の型を分類し、試験要項で数値・期限を照合してください。,「報酬上限計算の数値・期限」の覚え方・確認手順は？,覚え方：「数値・条件・報酬上限計算」。 早見の要点：報酬上限計算;要項確認 用語集→本ページ→過去問の順で往復し、正誤理由をメモに残してください。 過去問で正誤の型を分類し、試験要項で数値・期限を照合してください。,「報酬上限計算の数値・期限」の公式情報はどこで確認しますか？,試験論点・条文・数値の対応を比較表に整理し、過去問で正誤の型を分類してください。 過去問で正誤の型を分類し、試験要項で数値・期限を照合してください。 試験では報酬上限計算をセットで確認してください。 誤答では数値のみ暗記に注意してください。,2026-05-28
s40-shakuchi-sogo-suuchi,借地借家総合の数値・期限,権利関係,借地借家総合;S40;数値,借地借家総合で押さえる代表数値・期限を整理します。,借地借家総合;要項確認,"[{""item"": ""代表"", ""value"": ""要項・法令で確認"", ""note"": ""年度更新""}, {""item"": ""条件"", ""value"": ""主語・手続"", ""note"": ""取り違え防止""}, {""item"": ""記録"", ""value"": ""学習ノート"", ""note"": ""誤答原因併記""}, {""item"": ""試験"", ""value"": ""数値+条件"", ""note"": ""単独暗記回避""}]",借地借家総合数値早見｜S40,借地借家総合の数値は条件のセットで覚えてください。5日・8日・報酬上限等と混同しないよう表で整理します。数値・手続の最新は公益財団法人 全日本不動産協会・公益財団法人 不動産流通推進センターの試験要項・法令改正情報で必ずご確認ください。,借地借家総合;数値+条件;S40,数値のみ暗記;条件省略（試験では条件文の主語確認が得点の分かれ目）,「数値・条件・借地借家総合」。,借地借家法;法定更新;敷金・礼金,「借地借家総合の数値・期限」の試験での位置づけは？,借地借家総合の数値は条件のセットで覚えてください。5日・8日・報酬上限等と混同しないよう表で整理します。数値・手続の最新は公益財団法人 全日本不動産協会・公益財団法人 不動産流通推進センターの試験要項・法令改正情報で必ずご確認ください。 試験では借地借家総合を軸に、関連条文・数値・主体の取り違えを照合してください。,「借地借家総合の数値・期限」でよくある誤答パターンは？,数値のみ暗記;条件省略（試験では条件文の主語確認が得点の分かれ目） 誤答肢では数値+条件の主語や条件が入れ替わることが多いので、比較表で整理してください。 過去問で正誤の型を分類し、試験要項で数値・期限を照合してください。,「借地借家総合の数値・期限」の覚え方・確認手順は？,覚え方：「数値・条件・借地借家総合」。 早見の要点：借地借家総合;要項確認 用語集→本ページ→過去問の順で往復し、正誤理由をメモに残してください。 過去問で正誤の型を分類し、試験要項で数値・期限を照合してください。,「借地借家総合の数値・期限」の公式情報はどこで確認しますか？,試験論点・条文・数値の対応を比較表に整理し、過去問で正誤の型を分類してください。 過去問で正誤の型を分類し、試験要項で数値・期限を照合してください。 試験では借地借家総合をセットで確認してください。 誤答では数値のみ暗記に注意してください。,2026-05-28
s40-kubun-kanri-suuchi,区分所有管理の数値・期限,権利関係,区分所有管理;S40;数値,区分所有管理で押さえる代表数値・期限を整理します。,区分所有管理;要項確認,"[{""item"": ""代表"", ""value"": ""要項・法令で確認"", ""note"": ""年度更新""}, {""item"": ""条件"", ""value"": ""主語・手続"", ""note"": ""取り違え防止""}, {""item"": ""記録"", ""value"": ""学習ノート"", ""note"": ""誤答原因併記""}, {""item"": ""試験"", ""value"": ""数値+条件"", ""note"": ""単独暗記回避""}]",区分所有管理数値早見｜S40,区分所有管理の数値は条件のセットで覚えてください。5日・8日・報酬上限等と混同しないよう表で整理します。数値・手続の最新は公益財団法人 全日本不動産協会・公益財団法人 不動産流通推進センターの試験要項・法令改正情報で必ずご確認ください。,区分所有管理;数値+条件;S40,数値のみ暗記;条件省略（試験では条件文の主語確認が得点の分かれ目）,「数値・条件・区分所有管理」。,区分所有権;37条書面;賃貸借,「区分所有管理の数値・期限」の試験での位置づけは？,区分所有管理の数値は条件のセットで覚えてください。5日・8日・報酬上限等と混同しないよう表で整理します。数値・手続の最新は公益財団法人 全日本不動産協会・公益財団法人 不動産流通推進センターの試験要項・法令改正情報で必ずご確認ください。 試験では区分所有管理を軸に、関連条文・数値・主体の取り違えを照合してください。,「区分所有管理の数値・期限」でよくある誤答パターンは？,数値のみ暗記;条件省略（試験では条件文の主語確認が得点の分かれ目） 誤答肢では数値+条件の主語や条件が入れ替わることが多いので、比較表で整理してください。 過去問で正誤の型を分類し、試験要項で数値・期限を照合してください。,「区分所有管理の数値・期限」の覚え方・確認手順は？,覚え方：「数値・条件・区分所有管理」。 早見の要点：区分所有管理;要項確認 用語集→本ページ→過去問の順で往復し、正誤理由をメモに残してください。 過去問で正誤の型を分類し、試験要項で数値・期限を照合してください。,「区分所有管理の数値・期限」の公式情報はどこで確認しますか？,試験論点・条文・数値の対応を比較表に整理し、過去問で正誤の型を分類してください。 過去問で正誤の型を分類し、試験要項で数値・期限を照合してください。 試験では区分所有管理をセットで確認してください。 誤答では数値のみ暗記に注意してください。,2026-05-28
s40-toshi-hou-suuchi,都市計画法の数値・期限,権利関係,都市計画法;S40;数値,都市計画法で押さえる代表数値・期限を整理します。,都市計画法;要項確認,"[{""item"": ""代表"", ""value"": ""要項・法令で確認"", ""note"": ""年度更新""}, {""item"": ""条件"", ""value"": ""主語・手続"", ""note"": ""取り違え防止""}, {""item"": ""記録"", ""value"": ""学習ノート"", ""note"": ""誤答原因併記""}, {""item"": ""試験"", ""value"": ""数値+条件"", ""note"": ""単独暗記回避""}]",都市計画法数値早見｜S40,都市計画法の数値は条件のセットで覚えてください。5日・8日・報酬上限等と混同しないよう表で整理します。数値・手続の最新は公益財団法人 全日本不動産協会・公益財団法人 不動産流通推進センターの試験要項・法令改正情報で必ずご確認ください。,都市計画法;数値+条件;S40,数値のみ暗記;条件省略（試験では条件文の主語確認が得点の分かれ目）,「数値・条件・都市計画法」。,都市計画法;用途地域13種類;都市計画決定,「都市計画法の数値・期限」の試験での位置づけは？,都市計画法の数値は条件のセットで覚えてください。5日・8日・報酬上限等と混同しないよう表で整理します。数値・手続の最新は公益財団法人 全日本不動産協会・公益財団法人 不動産流通推進センターの試験要項・法令改正情報で必ずご確認ください。 試験では都市計画法を軸に、関連条文・数値・主体の取り違えを照合してください。,「都市計画法の数値・期限」でよくある誤答パターンは？,数値のみ暗記;条件省略（試験では条件文の主語確認が得点の分かれ目） 誤答肢では数値+条件の主語や条件が入れ替わることが多いので、比較表で整理してください。 過去問で正誤の型を分類し、試験要項で数値・期限を照合してください。,「都市計画法の数値・期限」の覚え方・確認手順は？,覚え方：「数値・条件・都市計画法」。 早見の要点：都市計画法;要項確認 用語集→本ページ→過去問の順で往復し、正誤理由をメモに残してください。 過去問で正誤の型を分類し、試験要項で数値・期限を照合してください。,「都市計画法の数値・期限」の公式情報はどこで確認しますか？,試験論点・条文・数値の対応を比較表に整理し、過去問で正誤の型を分類してください。 過去問で正誤の型を分類し、試験要項で数値・期限を照合してください。 試験では都市計画法をセットで確認してください。 誤答では数値のみ暗記に注意してください。,2026-05-28
s40-touki-kenri-suuchi,登記・権利の数値・期限,権利関係,登記・権利;S40;数値,登記・権利で押さえる代表数値・期限を整理します。,登記・権利;要項確認,"[{""item"": ""代表"", ""value"": ""要項・法令で確認"", ""note"": ""年度更新""}, {""item"": ""条件"", ""value"": ""主語・手続"", ""note"": ""取り違え防止""}, {""item"": ""記録"", ""value"": ""学習ノート"", ""note"": ""誤答原因併記""}, {""item"": ""試験"", ""value"": ""数値+条件"", ""note"": ""単独暗記回避""}]",登記・権利数値早見｜S40,登記・権利の数値は条件のセットで覚えてください。5日・8日・報酬上限等と混同しないよう表で整理します。数値・手続の最新は公益財団法人 全日本不動産協会・公益財団法人 不動産流通推進センターの試験要項・法令改正情報で必ずご確認ください。,登記・権利;数値+条件;S40,数値のみ暗記;条件省略（試験では条件文の主語確認が得点の分かれ目）,「数値・条件・登記・権利」。,物権変動;登記関係の国税のまとめ;抵当権,「登記・権利の数値・期限」の試験での位置づけは？,登記・権利の数値は条件のセットで覚えてください。5日・8日・報酬上限等と混同しないよう表で整理します。数値・手続の最新は公益財団法人 全日本不動産協会・公益財団法人 不動産流通推進センターの試験要項・法令改正情報で必ずご確認ください。 試験では登記・権利を軸に、関連条文・数値・主体の取り違えを照合してください。,「登記・権利の数値・期限」でよくある誤答パターンは？,数値のみ暗記;条件省略（試験では条件文の主語確認が得点の分かれ目） 誤答肢では数値+条件の主語や条件が入れ替わることが多いので、比較表で整理してください。 過去問で正誤の型を分類し、試験要項で数値・期限を照合してください。,「登記・権利の数値・期限」の覚え方・確認手順は？,覚え方：「数値・条件・登記・権利」。 早見の要点：登記・権利;要項確認 用語集→本ページ→過去問の順で往復し、正誤理由をメモに残してください。 過去問で正誤の型を分類し、試験要項で数値・期限を照合してください。,「登記・権利の数値・期限」の公式情報はどこで確認しますか？,試験論点・条文・数値の対応を比較表に整理し、過去問で正誤の型を分類してください。 過去問で正誤の型を分類し、試験要項で数値・期限を照合してください。 試験では登記・権利をセットで確認してください。 誤答では数値のみ暗記に注意してください。,2026-05-28
s40-keiyaku-sekinin-suuchi,契約不適合責任の数値・期限,権利関係,契約不適合責任;S40;数値,契約不適合責任で押さえる代表数値・期限を整理します。,契約不適合責任;要項確認,"[{""item"": ""代表"", ""value"": ""要項・法令で確認"", ""note"": ""年度更新""}, {""item"": ""条件"", ""value"": ""主語・手続"", ""note"": ""取り違え防止""}, {""item"": ""記録"", ""value"": ""学習ノート"", ""note"": ""誤答原因併記""}, {""item"": ""試験"", ""value"": ""数値+条件"", ""note"": ""単独暗記回避""}]",契約不適合責任数値早見｜S40,契約不適合責任の数値は条件のセットで覚えてください。5日・8日・報酬上限等と混同しないよう表で整理します。数値・手続の最新は公益財団法人 全日本不動産協会・公益財団法人 不動産流通推進センターの試験要項・法令改正情報で必ずご確認ください。,契約不適合責任;数値+条件;S40,数値のみ暗記;条件省略（試験では条件文の主語確認が得点の分かれ目）,「数値・条件・契約不適合責任」。,契約不適合責任;契約不適合責任の特約制限;37条書面,「契約不適合責任の数値・期限」の試験での位置づけは？,契約不適合責任の数値は条件のセットで覚えてください。5日・8日・報酬上限等と混同しないよう表で整理します。数値・手続の最新は公益財団法人 全日本不動産協会・公益財団法人 不動産流通推進センターの試験要項・法令改正情報で必ずご確認ください。 試験では契約不適合責任を軸に、関連条文・数値・主体の取り違えを照合してください。,「契約不適合責任の数値・期限」でよくある誤答パターンは？,数値のみ暗記;条件省略（試験では条件文の主語確認が得点の分かれ目） 誤答肢では数値+条件の主語や条件が入れ替わることが多いので、比較表で整理してください。 過去問で正誤の型を分類し、試験要項で数値・期限を照合してください。,「契約不適合責任の数値・期限」の覚え方・確認手順は？,覚え方：「数値・条件・契約不適合責任」。 早見の要点：契約不適合責任;要項確認 用語集→本ページ→過去問の順で往復し、正誤理由をメモに残してください。 過去問で正誤の型を分類し、試験要項で数値・期限を照合してください。,「契約不適合責任の数値・期限」の公式情報はどこで確認しますか？,試験論点・条文・数値の対応を比較表に整理し、過去問で正誤の型を分類してください。 過去問で正誤の型を分類し、試験要項で数値・期限を照合してください。 試験では契約不適合責任をセットで確認してください。,2026-05-28
s40-cooling-off-suuchi,クーリングオフの数値・期限,宅建業法,クーリングオフ;S40;数値,クーリングオフで押さえる代表数値・期限を整理します。,クーリングオフ;要項確認,"[{""item"": ""代表"", ""value"": ""要項・法令で確認"", ""note"": ""年度更新""}, {""item"": ""条件"", ""value"": ""主語・手続"", ""note"": ""取り違え防止""}, {""item"": ""記録"", ""value"": ""学習ノート"", ""note"": ""誤答原因併記""}, {""item"": ""試験"", ""value"": ""数値+条件"", ""note"": ""単独暗記回避""}]",クーリングオフ数値早見｜S40,クーリングオフの数値は条件のセットで覚えてください。5日・8日・報酬上限等と混同しないよう表で整理します。数値・手続の最新は公益財団法人 全日本不動産協会・公益財団法人 不動産流通推進センターの試験要項・法令改正情報で必ずご確認ください。,クーリングオフ;数値+条件;S40,数値のみ暗記;条件省略（試験では条件文の主語確認が得点の分かれ目）,「数値・条件・クーリングオフ」。,クーリングオフ;手付解除;手付金等の保全措置,「クーリングオフの数値・期限」の試験での位置づけは？,クーリングオフの数値は条件のセットで覚えてください。5日・8日・報酬上限等と混同しないよう表で整理します。数値・手続の最新は公益財団法人 全日本不動産協会・公益財団法人 不動産流通推進センターの試験要項・法令改正情報で必ずご確認ください。 試験ではクーリングオフを軸に、関連条文・数値・主体の取り違えを照合してください。,「クーリングオフの数値・期限」でよくある誤答パターンは？,数値のみ暗記;条件省略（試験では条件文の主語確認が得点の分かれ目） 誤答肢では数値+条件の主語や条件が入れ替わることが多いので、比較表で整理してください。 過去問で正誤の型を分類し、試験要項で数値・期限を照合してください。,「クーリングオフの数値・期限」の覚え方・確認手順は？,覚え方：「数値・条件・クーリングオフ」。 早見の要点：クーリングオフ;要項確認 用語集→本ページ→過去問の順で往復し、正誤理由をメモに残してください。 過去問で正誤の型を分類し、試験要項で数値・期限を照合してください。,「クーリングオフの数値・期限」の公式情報はどこで確認しますか？,試験論点・条文・数値の対応を比較表に整理し、過去問で正誤の型を分類してください。 過去問で正誤の型を分類し、試験要項で数値・期限を照合してください。 試験ではクーリングオフをセットで確認してください。,2026-05-28
s40-jusetsu-tsuika-suuchi,重要事項追加の数値・期限,宅建業法,重要事項追加;S40;数値,重要事項追加で押さえる代表数値・期限を整理します。,重要事項追加;要項確認,"[{""item"": ""代表"", ""value"": ""要項・法令で確認"", ""note"": ""年度更新""}, {""item"": ""条件"", ""value"": ""主語・手続"", ""note"": ""取り違え防止""}, {""item"": ""記録"", ""value"": ""学習ノート"", ""note"": ""誤答原因併記""}, {""item"": ""試験"", ""value"": ""数値+条件"", ""note"": ""単独暗記回避""}]",重要事項追加数値早見｜S40,重要事項追加の数値は条件のセットで覚えてください。5日・8日・報酬上限等と混同しないよう表で整理します。数値・手続の最新は公益財団法人 全日本不動産協会・公益財団法人 不動産流通推進センターの試験要項・法令改正情報で必ずご確認ください。,重要事項追加;数値+条件;S40,数値のみ暗記;条件省略（試験では条件文の主語確認が得点の分かれ目）,「数値・条件・重要事項追加」。,重要事項説明（35条書面）;37条書面;35条書面,「重要事項追加の数値・期限」の試験での位置づけは？,重要事項追加の数値は条件のセットで覚えてください。5日・8日・報酬上限等と混同しないよう表で整理します。数値・手続の最新は公益財団法人 全日本不動産協会・公益財団法人 不動産流通推進センターの試験要項・法令改正情報で必ずご確認ください。 試験では重要事項追加を軸に、関連条文・数値・主体の取り違えを照合してください。,「重要事項追加の数値・期限」でよくある誤答パターンは？,数値のみ暗記;条件省略（試験では条件文の主語確認が得点の分かれ目） 誤答肢では数値+条件の主語や条件が入れ替わることが多いので、比較表で整理してください。 過去問で正誤の型を分類し、試験要項で数値・期限を照合してください。,「重要事項追加の数値・期限」の覚え方・確認手順は？,覚え方：「数値・条件・重要事項追加」。 早見の要点：重要事項追加;要項確認 用語集→本ページ→過去問の順で往復し、正誤理由をメモに残してください。 過去問で正誤の型を分類し、試験要項で数値・期限を照合してください。,「重要事項追加の数値・期限」の公式情報はどこで確認しますか？,試験論点・条文・数値の対応を比較表に整理し、過去問で正誤の型を分類してください。 過去問で正誤の型を分類し、試験要項で数値・期限を照合してください。 試験では重要事項追加をセットで確認してください。 誤答では数値のみ暗記に注意してください。,2026-05-28
s41-takken-chokuzen-suuchi,宅建士試験直前の数値・期限,試験対策,宅建士試験直前;S41;数値,宅建士試験直前で押さえる代表数値・期限を整理します。,宅建士試験直前;要項確認,"[{""item"": ""代表"", ""value"": ""要項・法令で確認"", ""note"": ""年度更新""}, {""item"": ""条件"", ""value"": ""主語・手続"", ""note"": ""取り違え防止""}, {""item"": ""記録"", ""value"": ""学習ノート"", ""note"": ""誤答原因併記""}, {""item"": ""試験"", ""value"": ""数値+条件"", ""note"": ""単独暗記回避""}]",宅建士試験直前数値早見｜S41,宅建士試験直前の数値は条件のセットで覚えてください。5日・8日・報酬上限等と混同しないよう表で整理します。数値・手続の最新は公益財団法人 全日本不動産協会・公益財団法人 不動産流通推進センターの試験要項・法令改正情報で必ずご確認ください。,宅建士試験直前;数値+条件;S41,数値のみ暗記;条件省略（試験では条件文の主語確認が得点の分かれ目）,「数値・条件・宅建士試験直前」。,宅建の合格点・合格率;宅建の出題傾向分析;宅建士,「宅建士試験直前の数値・期限」の試験での位置づけは？,宅建士試験直前の数値は条件のセットで覚えてください。5日・8日・報酬上限等と混同しないよう表で整理します。数値・手続の最新は公益財団法人 全日本不動産協会・公益財団法人 不動産流通推進センターの試験要項・法令改正情報で必ずご確認ください。 試験では宅建士試験直前を軸に、関連条文・数値・主体の取り違えを照合してください。,「宅建士試験直前の数値・期限」でよくある誤答パターンは？,数値のみ暗記;条件省略（試験では条件文の主語確認が得点の分かれ目） 誤答肢では数値+条件の主語や条件が入れ替わることが多いので、比較表で整理してください。 過去問で正誤の型を分類し、試験要項で数値・期限を照合してください。,「宅建士試験直前の数値・期限」の覚え方・確認手順は？,覚え方：「数値・条件・宅建士試験直前」。 早見の要点：宅建士試験直前;要項確認 用語集→本ページ→過去問の順で往復し、正誤理由をメモに残してください。 過去問で正誤の型を分類し、試験要項で数値・期限を照合してください。,「宅建士試験直前の数値・期限」の公式情報はどこで確認しますか？,試験論点・条文・数値の対応を比較表に整理し、過去問で正誤の型を分類してください。 過去問で正誤の型を分類し、試験要項で数値・期限を照合してください。 試験では宅建士試験直前をセットで確認してください。,2026-05-28
s41-ju3537-shiage-suuchi,35条37条総仕上げの数値・期限,宅建業法,35条37条総仕上げ;S41;数値,35条37条総仕上げで押さえる代表数値・期限を整理します。,35条37条総仕上げ;要項確認,"[{""item"": ""代表"", ""value"": ""要項・法令で確認"", ""note"": ""年度更新""}, {""item"": ""条件"", ""value"": ""主語・手続"", ""note"": ""取り違え防止""}, {""item"": ""記録"", ""value"": ""学習ノート"", ""note"": ""誤答原因併記""}, {""item"": ""試験"", ""value"": ""数値+条件"", ""note"": ""単独暗記回避""}]",35条37条総仕上げ数値早見｜S41,35条37条総仕上げの数値は条件のセットで覚えてください。5日・8日・報酬上限等と混同しないよう表で整理します。数値・手続の最新は公益財団法人 全日本不動産協会・公益財団法人 不動産流通推進センターの試験要項・法令改正情報で必ずご確認ください。,35条37条総仕上げ;数値+条件;S41,数値のみ暗記;条件省略（試験では条件文の主語確認が得点の分かれ目）,「数値・条件・35条37条総仕上げ」。,重要事項説明（35条書面）;37条書面;35条書面,「35条37条総仕上げの数値・期限」の試験での位置づけは？,35条37条総仕上げの数値は条件のセットで覚えてください。5日・8日・報酬上限等と混同しないよう表で整理します。数値・手続の最新は公益財団法人 全日本不動産協会・公益財団法人 不動産流通推進センターの試験要項・法令改正情報で必ずご確認くだ… 試験では35条37条総仕上げを軸に、関連条文・数値・主体の取り違えを照合してください。,「35条37条総仕上げの数値・期限」でよくある誤答パターンは？,数値のみ暗記;条件省略（試験では条件文の主語確認が得点の分かれ目） 誤答肢では数値+条件の主語や条件が入れ替わることが多いので、比較表で整理してください。 過去問で正誤の型を分類し、試験要項で数値・期限を照合してください。,「35条37条総仕上げの数値・期限」の覚え方・確認手順は？,覚え方：「数値・条件・35条37条総仕上げ」。 早見の要点：35条37条総仕上げ;要項確認 用語集→本ページ→過去問の順で往復し、正誤理由をメモに残してください。 過去問で正誤の型を分類し、試験要項で数値・期限を照合してください。,「35条37条総仕上げの数値・期限」の公式情報はどこで確認しますか？,試験論点・条文・数値の対応を比較表に整理し、過去問で正誤の型を分類してください。 過去問で正誤の型を分類し、試験要項で数値・期限を照合してください。 試験では35条37条総仕上げをセットで確認してください。,2026-05-28
s41-houshu-jogen-suuchi,報酬上限計算の数値・期限,宅建業法,報酬上限計算;S41;数値,報酬上限計算で押さえる代表数値・期限を整理します。,報酬上限計算;要項確認,"[{""item"": ""代表"", ""value"": ""要項・法令で確認"", ""note"": ""年度更新""}, {""item"": ""条件"", ""value"": ""主語・手続"", ""note"": ""取り違え防止""}, {""item"": ""記録"", ""value"": ""学習ノート"", ""note"": ""誤答原因併記""}, {""item"": ""試験"", ""value"": ""数値+条件"", ""note"": ""単独暗記回避""}]",報酬上限計算数値早見｜S41,報酬上限計算の数値は条件のセットで覚えてください。5日・8日・報酬上限等と混同しないよう表で整理します。数値・手続の最新は公益財団法人 全日本不動産協会・公益財団法人 不動産流通推進センターの試験要項・法令改正情報で必ずご確認ください。,報酬上限計算;数値+条件;S41,数値のみ暗記;条件省略（試験では条件文の主語確認が得点の分かれ目）,「数値・条件・報酬上限計算」。,報酬の計算（売買）;報酬額の掲示;報酬の明瞭化,「報酬上限計算の数値・期限」の試験での位置づけは？,報酬上限計算の数値は条件のセットで覚えてください。5日・8日・報酬上限等と混同しないよう表で整理します。数値・手続の最新は公益財団法人 全日本不動産協会・公益財団法人 不動産流通推進センターの試験要項・法令改正情報で必ずご確認ください。 試験では報酬上限計算を軸に、関連条文・数値・主体の取り違えを照合してください。,「報酬上限計算の数値・期限」でよくある誤答パターンは？,数値のみ暗記;条件省略（試験では条件文の主語確認が得点の分かれ目） 誤答肢では数値+条件の主語や条件が入れ替わることが多いので、比較表で整理してください。 過去問で正誤の型を分類し、試験要項で数値・期限を照合してください。,「報酬上限計算の数値・期限」の覚え方・確認手順は？,覚え方：「数値・条件・報酬上限計算」。 早見の要点：報酬上限計算;要項確認 用語集→本ページ→過去問の順で往復し、正誤理由をメモに残してください。 過去問で正誤の型を分類し、試験要項で数値・期限を照合してください。,「報酬上限計算の数値・期限」の公式情報はどこで確認しますか？,試験論点・条文・数値の対応を比較表に整理し、過去問で正誤の型を分類してください。 過去問で正誤の型を分類し、試験要項で数値・期限を照合してください。 試験では報酬上限計算をセットで確認してください。 誤答では数値のみ暗記に注意してください。,2026-05-28
s41-shakuchi-sogo-suuchi,借地借家総合の数値・期限,権利関係,借地借家総合;S41;数値,借地借家総合で押さえる代表数値・期限を整理します。,借地借家総合;要項確認,"[{""item"": ""代表"", ""value"": ""要項・法令で確認"", ""note"": ""年度更新""}, {""item"": ""条件"", ""value"": ""主語・手続"", ""note"": ""取り違え防止""}, {""item"": ""記録"", ""value"": ""学習ノート"", ""note"": ""誤答原因併記""}, {""item"": ""試験"", ""value"": ""数値+条件"", ""note"": ""単独暗記回避""}]",借地借家総合数値早見｜S41,借地借家総合の数値は条件のセットで覚えてください。5日・8日・報酬上限等と混同しないよう表で整理します。数値・手続の最新は公益財団法人 全日本不動産協会・公益財団法人 不動産流通推進センターの試験要項・法令改正情報で必ずご確認ください。,借地借家総合;数値+条件;S41,数値のみ暗記;条件省略（試験では条件文の主語確認が得点の分かれ目）,「数値・条件・借地借家総合」。,借地借家法;法定更新;敷金・礼金,「借地借家総合の数値・期限」の試験での位置づけは？,借地借家総合の数値は条件のセットで覚えてください。5日・8日・報酬上限等と混同しないよう表で整理します。数値・手続の最新は公益財団法人 全日本不動産協会・公益財団法人 不動産流通推進センターの試験要項・法令改正情報で必ずご確認ください。 試験では借地借家総合を軸に、関連条文・数値・主体の取り違えを照合してください。,「借地借家総合の数値・期限」でよくある誤答パターンは？,数値のみ暗記;条件省略（試験では条件文の主語確認が得点の分かれ目） 誤答肢では数値+条件の主語や条件が入れ替わることが多いので、比較表で整理してください。 過去問で正誤の型を分類し、試験要項で数値・期限を照合してください。,「借地借家総合の数値・期限」の覚え方・確認手順は？,覚え方：「数値・条件・借地借家総合」。 早見の要点：借地借家総合;要項確認 用語集→本ページ→過去問の順で往復し、正誤理由をメモに残してください。 過去問で正誤の型を分類し、試験要項で数値・期限を照合してください。,「借地借家総合の数値・期限」の公式情報はどこで確認しますか？,試験論点・条文・数値の対応を比較表に整理し、過去問で正誤の型を分類してください。 過去問で正誤の型を分類し、試験要項で数値・期限を照合してください。 試験では借地借家総合をセットで確認してください。 誤答では数値のみ暗記に注意してください。,2026-05-28
s41-kubun-kanri-suuchi,区分所有管理の数値・期限,権利関係,区分所有管理;S41;数値,区分所有管理で押さえる代表数値・期限を整理します。,区分所有管理;要項確認,"[{""item"": ""代表"", ""value"": ""要項・法令で確認"", ""note"": ""年度更新""}, {""item"": ""条件"", ""value"": ""主語・手続"", ""note"": ""取り違え防止""}, {""item"": ""記録"", ""value"": ""学習ノート"", ""note"": ""誤答原因併記""}, {""item"": ""試験"", ""value"": ""数値+条件"", ""note"": ""単独暗記回避""}]",区分所有管理数値早見｜S41,区分所有管理の数値は条件のセットで覚えてください。5日・8日・報酬上限等と混同しないよう表で整理します。数値・手続の最新は公益財団法人 全日本不動産協会・公益財団法人 不動産流通推進センターの試験要項・法令改正情報で必ずご確認ください。,区分所有管理;数値+条件;S41,数値のみ暗記;条件省略（試験では条件文の主語確認が得点の分かれ目）,「数値・条件・区分所有管理」。,区分所有権;37条書面;賃貸借,「区分所有管理の数値・期限」の試験での位置づけは？,区分所有管理の数値は条件のセットで覚えてください。5日・8日・報酬上限等と混同しないよう表で整理します。数値・手続の最新は公益財団法人 全日本不動産協会・公益財団法人 不動産流通推進センターの試験要項・法令改正情報で必ずご確認ください。 試験では区分所有管理を軸に、関連条文・数値・主体の取り違えを照合してください。,「区分所有管理の数値・期限」でよくある誤答パターンは？,数値のみ暗記;条件省略（試験では条件文の主語確認が得点の分かれ目） 誤答肢では数値+条件の主語や条件が入れ替わることが多いので、比較表で整理してください。 過去問で正誤の型を分類し、試験要項で数値・期限を照合してください。,「区分所有管理の数値・期限」の覚え方・確認手順は？,覚え方：「数値・条件・区分所有管理」。 早見の要点：区分所有管理;要項確認 用語集→本ページ→過去問の順で往復し、正誤理由をメモに残してください。 過去問で正誤の型を分類し、試験要項で数値・期限を照合してください。,「区分所有管理の数値・期限」の公式情報はどこで確認しますか？,試験論点・条文・数値の対応を比較表に整理し、過去問で正誤の型を分類してください。 過去問で正誤の型を分類し、試験要項で数値・期限を照合してください。 試験では区分所有管理をセットで確認してください。 誤答では数値のみ暗記に注意してください。,2026-05-28
s41-toshi-hou-suuchi,都市計画法の数値・期限,権利関係,都市計画法;S41;数値,都市計画法で押さえる代表数値・期限を整理します。,都市計画法;要項確認,"[{""item"": ""代表"", ""value"": ""要項・法令で確認"", ""note"": ""年度更新""}, {""item"": ""条件"", ""value"": ""主語・手続"", ""note"": ""取り違え防止""}, {""item"": ""記録"", ""value"": ""学習ノート"", ""note"": ""誤答原因併記""}, {""item"": ""試験"", ""value"": ""数値+条件"", ""note"": ""単独暗記回避""}]",都市計画法数値早見｜S41,都市計画法の数値は条件のセットで覚えてください。5日・8日・報酬上限等と混同しないよう表で整理します。数値・手続の最新は公益財団法人 全日本不動産協会・公益財団法人 不動産流通推進センターの試験要項・法令改正情報で必ずご確認ください。,都市計画法;数値+条件;S41,数値のみ暗記;条件省略（試験では条件文の主語確認が得点の分かれ目）,「数値・条件・都市計画法」。,都市計画法;用途地域13種類;都市計画決定,「都市計画法の数値・期限」の試験での位置づけは？,都市計画法の数値は条件のセットで覚えてください。5日・8日・報酬上限等と混同しないよう表で整理します。数値・手続の最新は公益財団法人 全日本不動産協会・公益財団法人 不動産流通推進センターの試験要項・法令改正情報で必ずご確認ください。 試験では都市計画法を軸に、関連条文・数値・主体の取り違えを照合してください。,「都市計画法の数値・期限」でよくある誤答パターンは？,数値のみ暗記;条件省略（試験では条件文の主語確認が得点の分かれ目） 誤答肢では数値+条件の主語や条件が入れ替わることが多いので、比較表で整理してください。 過去問で正誤の型を分類し、試験要項で数値・期限を照合してください。,「都市計画法の数値・期限」の覚え方・確認手順は？,覚え方：「数値・条件・都市計画法」。 早見の要点：都市計画法;要項確認 用語集→本ページ→過去問の順で往復し、正誤理由をメモに残してください。 過去問で正誤の型を分類し、試験要項で数値・期限を照合してください。,「都市計画法の数値・期限」の公式情報はどこで確認しますか？,試験論点・条文・数値の対応を比較表に整理し、過去問で正誤の型を分類してください。 過去問で正誤の型を分類し、試験要項で数値・期限を照合してください。 試験では都市計画法をセットで確認してください。 誤答では数値のみ暗記に注意してください。,2026-05-28
s41-touki-kenri-suuchi,登記・権利の数値・期限,権利関係,登記・権利;S41;数値,登記・権利で押さえる代表数値・期限を整理します。,登記・権利;要項確認,"[{""item"": ""代表"", ""value"": ""要項・法令で確認"", ""note"": ""年度更新""}, {""item"": ""条件"", ""value"": ""主語・手続"", ""note"": ""取り違え防止""}, {""item"": ""記録"", ""value"": ""学習ノート"", ""note"": ""誤答原因併記""}, {""item"": ""試験"", ""value"": ""数値+条件"", ""note"": ""単独暗記回避""}]",登記・権利数値早見｜S41,登記・権利の数値は条件のセットで覚えてください。5日・8日・報酬上限等と混同しないよう表で整理します。数値・手続の最新は公益財団法人 全日本不動産協会・公益財団法人 不動産流通推進センターの試験要項・法令改正情報で必ずご確認ください。,登記・権利;数値+条件;S41,数値のみ暗記;条件省略（試験では条件文の主語確認が得点の分かれ目）,「数値・条件・登記・権利」。,物権変動;登記関係の国税のまとめ;抵当権,「登記・権利の数値・期限」の試験での位置づけは？,登記・権利の数値は条件のセットで覚えてください。5日・8日・報酬上限等と混同しないよう表で整理します。数値・手続の最新は公益財団法人 全日本不動産協会・公益財団法人 不動産流通推進センターの試験要項・法令改正情報で必ずご確認ください。 試験では登記・権利を軸に、関連条文・数値・主体の取り違えを照合してください。,「登記・権利の数値・期限」でよくある誤答パターンは？,数値のみ暗記;条件省略（試験では条件文の主語確認が得点の分かれ目） 誤答肢では数値+条件の主語や条件が入れ替わることが多いので、比較表で整理してください。 過去問で正誤の型を分類し、試験要項で数値・期限を照合してください。,「登記・権利の数値・期限」の覚え方・確認手順は？,覚え方：「数値・条件・登記・権利」。 早見の要点：登記・権利;要項確認 用語集→本ページ→過去問の順で往復し、正誤理由をメモに残してください。 過去問で正誤の型を分類し、試験要項で数値・期限を照合してください。,「登記・権利の数値・期限」の公式情報はどこで確認しますか？,試験論点・条文・数値の対応を比較表に整理し、過去問で正誤の型を分類してください。 過去問で正誤の型を分類し、試験要項で数値・期限を照合してください。 試験では登記・権利をセットで確認してください。 誤答では数値のみ暗記に注意してください。,2026-05-28
s41-keiyaku-sekinin-suuchi,契約不適合責任の数値・期限,権利関係,契約不適合責任;S41;数値,契約不適合責任で押さえる代表数値・期限を整理します。,契約不適合責任;要項確認,"[{""item"": ""代表"", ""value"": ""要項・法令で確認"", ""note"": ""年度更新""}, {""item"": ""条件"", ""value"": ""主語・手続"", ""note"": ""取り違え防止""}, {""item"": ""記録"", ""value"": ""学習ノート"", ""note"": ""誤答原因併記""}, {""item"": ""試験"", ""value"": ""数値+条件"", ""note"": ""単独暗記回避""}]",契約不適合責任数値早見｜S41,契約不適合責任の数値は条件のセットで覚えてください。5日・8日・報酬上限等と混同しないよう表で整理します。数値・手続の最新は公益財団法人 全日本不動産協会・公益財団法人 不動産流通推進センターの試験要項・法令改正情報で必ずご確認ください。,契約不適合責任;数値+条件;S41,数値のみ暗記;条件省略（試験では条件文の主語確認が得点の分かれ目）,「数値・条件・契約不適合責任」。,契約不適合責任;契約不適合責任の特約制限;37条書面,「契約不適合責任の数値・期限」の試験での位置づけは？,契約不適合責任の数値は条件のセットで覚えてください。5日・8日・報酬上限等と混同しないよう表で整理します。数値・手続の最新は公益財団法人 全日本不動産協会・公益財団法人 不動産流通推進センターの試験要項・法令改正情報で必ずご確認ください。 試験では契約不適合責任を軸に、関連条文・数値・主体の取り違えを照合してください。,「契約不適合責任の数値・期限」でよくある誤答パターンは？,数値のみ暗記;条件省略（試験では条件文の主語確認が得点の分かれ目） 誤答肢では数値+条件の主語や条件が入れ替わることが多いので、比較表で整理してください。 過去問で正誤の型を分類し、試験要項で数値・期限を照合してください。,「契約不適合責任の数値・期限」の覚え方・確認手順は？,覚え方：「数値・条件・契約不適合責任」。 早見の要点：契約不適合責任;要項確認 用語集→本ページ→過去問の順で往復し、正誤理由をメモに残してください。 過去問で正誤の型を分類し、試験要項で数値・期限を照合してください。,「契約不適合責任の数値・期限」の公式情報はどこで確認しますか？,試験論点・条文・数値の対応を比較表に整理し、過去問で正誤の型を分類してください。 過去問で正誤の型を分類し、試験要項で数値・期限を照合してください。 試験では契約不適合責任をセットで確認してください。,2026-05-28
s41-cooling-off-suuchi,クーリングオフの数値・期限,宅建業法,クーリングオフ;S41;数値,クーリングオフで押さえる代表数値・期限を整理します。,クーリングオフ;要項確認,"[{""item"": ""代表"", ""value"": ""要項・法令で確認"", ""note"": ""年度更新""}, {""item"": ""条件"", ""value"": ""主語・手続"", ""note"": ""取り違え防止""}, {""item"": ""記録"", ""value"": ""学習ノート"", ""note"": ""誤答原因併記""}, {""item"": ""試験"", ""value"": ""数値+条件"", ""note"": ""単独暗記回避""}]",クーリングオフ数値早見｜S41,クーリングオフの数値は条件のセットで覚えてください。5日・8日・報酬上限等と混同しないよう表で整理します。数値・手続の最新は公益財団法人 全日本不動産協会・公益財団法人 不動産流通推進センターの試験要項・法令改正情報で必ずご確認ください。,クーリングオフ;数値+条件;S41,数値のみ暗記;条件省略（試験では条件文の主語確認が得点の分かれ目）,「数値・条件・クーリングオフ」。,クーリングオフ;手付解除;手付金等の保全措置,「クーリングオフの数値・期限」の試験での位置づけは？,クーリングオフの数値は条件のセットで覚えてください。5日・8日・報酬上限等と混同しないよう表で整理します。数値・手続の最新は公益財団法人 全日本不動産協会・公益財団法人 不動産流通推進センターの試験要項・法令改正情報で必ずご確認ください。 試験ではクーリングオフを軸に、関連条文・数値・主体の取り違えを照合してください。,「クーリングオフの数値・期限」でよくある誤答パターンは？,数値のみ暗記;条件省略（試験では条件文の主語確認が得点の分かれ目） 誤答肢では数値+条件の主語や条件が入れ替わることが多いので、比較表で整理してください。 過去問で正誤の型を分類し、試験要項で数値・期限を照合してください。,「クーリングオフの数値・期限」の覚え方・確認手順は？,覚え方：「数値・条件・クーリングオフ」。 早見の要点：クーリングオフ;要項確認 用語集→本ページ→過去問の順で往復し、正誤理由をメモに残してください。 過去問で正誤の型を分類し、試験要項で数値・期限を照合してください。,「クーリングオフの数値・期限」の公式情報はどこで確認しますか？,試験論点・条文・数値の対応を比較表に整理し、過去問で正誤の型を分類してください。 過去問で正誤の型を分類し、試験要項で数値・期限を照合してください。 試験ではクーリングオフをセットで確認してください。,2026-05-28
s41-jusetsu-tsuika-suuchi,重要事項追加の数値・期限,宅建業法,重要事項追加;S41;数値,重要事項追加で押さえる代表数値・期限を整理します。,重要事項追加;要項確認,"[{""item"": ""代表"", ""value"": ""要項・法令で確認"", ""note"": ""年度更新""}, {""item"": ""条件"", ""value"": ""主語・手続"", ""note"": ""取り違え防止""}, {""item"": ""記録"", ""value"": ""学習ノート"", ""note"": ""誤答原因併記""}, {""item"": ""試験"", ""value"": ""数値+条件"", ""note"": ""単独暗記回避""}]",重要事項追加数値早見｜S41,重要事項追加の数値は条件のセットで覚えてください。5日・8日・報酬上限等と混同しないよう表で整理します。数値・手続の最新は公益財団法人 全日本不動産協会・公益財団法人 不動産流通推進センターの試験要項・法令改正情報で必ずご確認ください。,重要事項追加;数値+条件;S41,数値のみ暗記;条件省略（試験では条件文の主語確認が得点の分かれ目）,「数値・条件・重要事項追加」。,重要事項説明（35条書面）;37条書面;35条書面,「重要事項追加の数値・期限」の試験での位置づけは？,重要事項追加の数値は条件のセットで覚えてください。5日・8日・報酬上限等と混同しないよう表で整理します。数値・手続の最新は公益財団法人 全日本不動産協会・公益財団法人 不動産流通推進センターの試験要項・法令改正情報で必ずご確認ください。 試験では重要事項追加を軸に、関連条文・数値・主体の取り違えを照合してください。,「重要事項追加の数値・期限」でよくある誤答パターンは？,数値のみ暗記;条件省略（試験では条件文の主語確認が得点の分かれ目） 誤答肢では数値+条件の主語や条件が入れ替わることが多いので、比較表で整理してください。 過去問で正誤の型を分類し、試験要項で数値・期限を照合してください。,「重要事項追加の数値・期限」の覚え方・確認手順は？,覚え方：「数値・条件・重要事項追加」。 早見の要点：重要事項追加;要項確認 用語集→本ページ→過去問の順で往復し、正誤理由をメモに残してください。 過去問で正誤の型を分類し、試験要項で数値・期限を照合してください。,「重要事項追加の数値・期限」の公式情報はどこで確認しますか？,試験論点・条文・数値の対応を比較表に整理し、過去問で正誤の型を分類してください。 過去問で正誤の型を分類し、試験要項で数値・期限を照合してください。 試験では重要事項追加をセットで確認してください。 誤答では数値のみ暗記に注意してください。,2026-05-28
s42-takken-chokuzen-suuchi,宅建士試験直前の数値・期限,試験対策,宅建士試験直前;S42;数値,宅建士試験直前で押さえる代表数値・期限を整理します。,宅建士試験直前;要項確認,"[{""item"": ""代表"", ""value"": ""要項・法令で確認"", ""note"": ""年度更新""}, {""item"": ""条件"", ""value"": ""主語・手続"", ""note"": ""取り違え防止""}, {""item"": ""記録"", ""value"": ""学習ノート"", ""note"": ""誤答原因併記""}, {""item"": ""試験"", ""value"": ""数値+条件"", ""note"": ""単独暗記回避""}]",宅建士試験直前数値早見｜S42,宅建士試験直前の数値は条件のセットで覚えてください。5日・8日・報酬上限等と混同しないよう表で整理します。数値・手続の最新は公益財団法人 全日本不動産協会・公益財団法人 不動産流通推進センターの試験要項・法令改正情報で必ずご確認ください。,宅建士試験直前;数値+条件;S42,数値のみ暗記;条件省略（試験では条件文の主語確認が得点の分かれ目）,「数値・条件・宅建士試験直前」。,宅建の合格点・合格率;宅建の出題傾向分析;宅建士,「宅建士試験直前の数値・期限」の試験での位置づけは？,宅建士試験直前の数値は条件のセットで覚えてください。5日・8日・報酬上限等と混同しないよう表で整理します。数値・手続の最新は公益財団法人 全日本不動産協会・公益財団法人 不動産流通推進センターの試験要項・法令改正情報で必ずご確認ください。 試験では宅建士試験直前を軸に、関連条文・数値・主体の取り違えを照合してください。,「宅建士試験直前の数値・期限」でよくある誤答パターンは？,数値のみ暗記;条件省略（試験では条件文の主語確認が得点の分かれ目） 誤答肢では数値+条件の主語や条件が入れ替わることが多いので、比較表で整理してください。 過去問で正誤の型を分類し、試験要項で数値・期限を照合してください。,「宅建士試験直前の数値・期限」の覚え方・確認手順は？,覚え方：「数値・条件・宅建士試験直前」。 早見の要点：宅建士試験直前;要項確認 用語集→本ページ→過去問の順で往復し、正誤理由をメモに残してください。 過去問で正誤の型を分類し、試験要項で数値・期限を照合してください。,「宅建士試験直前の数値・期限」の公式情報はどこで確認しますか？,試験論点・条文・数値の対応を比較表に整理し、過去問で正誤の型を分類してください。 過去問で正誤の型を分類し、試験要項で数値・期限を照合してください。 試験では宅建士試験直前をセットで確認してください。,2026-05-28
s42-ju3537-shiage-suuchi,35条37条総仕上げの数値・期限,宅建業法,35条37条総仕上げ;S42;数値,35条37条総仕上げで押さえる代表数値・期限を整理します。,35条37条総仕上げ;要項確認,"[{""item"": ""代表"", ""value"": ""要項・法令で確認"", ""note"": ""年度更新""}, {""item"": ""条件"", ""value"": ""主語・手続"", ""note"": ""取り違え防止""}, {""item"": ""記録"", ""value"": ""学習ノート"", ""note"": ""誤答原因併記""}, {""item"": ""試験"", ""value"": ""数値+条件"", ""note"": ""単独暗記回避""}]",35条37条総仕上げ数値早見｜S42,35条37条総仕上げの数値は条件のセットで覚えてください。5日・8日・報酬上限等と混同しないよう表で整理します。数値・手続の最新は公益財団法人 全日本不動産協会・公益財団法人 不動産流通推進センターの試験要項・法令改正情報で必ずご確認ください。,35条37条総仕上げ;数値+条件;S42,数値のみ暗記;条件省略（試験では条件文の主語確認が得点の分かれ目）,「数値・条件・35条37条総仕上げ」。,重要事項説明（35条書面）;37条書面;35条書面,「35条37条総仕上げの数値・期限」の試験での位置づけは？,35条37条総仕上げの数値は条件のセットで覚えてください。5日・8日・報酬上限等と混同しないよう表で整理します。数値・手続の最新は公益財団法人 全日本不動産協会・公益財団法人 不動産流通推進センターの試験要項・法令改正情報で必ずご確認くだ… 試験では35条37条総仕上げを軸に、関連条文・数値・主体の取り違えを照合してください。,「35条37条総仕上げの数値・期限」でよくある誤答パターンは？,数値のみ暗記;条件省略（試験では条件文の主語確認が得点の分かれ目） 誤答肢では数値+条件の主語や条件が入れ替わることが多いので、比較表で整理してください。 過去問で正誤の型を分類し、試験要項で数値・期限を照合してください。,「35条37条総仕上げの数値・期限」の覚え方・確認手順は？,覚え方：「数値・条件・35条37条総仕上げ」。 早見の要点：35条37条総仕上げ;要項確認 用語集→本ページ→過去問の順で往復し、正誤理由をメモに残してください。 過去問で正誤の型を分類し、試験要項で数値・期限を照合してください。,「35条37条総仕上げの数値・期限」の公式情報はどこで確認しますか？,試験論点・条文・数値の対応を比較表に整理し、過去問で正誤の型を分類してください。 過去問で正誤の型を分類し、試験要項で数値・期限を照合してください。 試験では35条37条総仕上げをセットで確認してください。,2026-05-28
s42-houshu-jogen-suuchi,報酬上限計算の数値・期限,宅建業法,報酬上限計算;S42;数値,報酬上限計算で押さえる代表数値・期限を整理します。,報酬上限計算;要項確認,"[{""item"": ""代表"", ""value"": ""要項・法令で確認"", ""note"": ""年度更新""}, {""item"": ""条件"", ""value"": ""主語・手続"", ""note"": ""取り違え防止""}, {""item"": ""記録"", ""value"": ""学習ノート"", ""note"": ""誤答原因併記""}, {""item"": ""試験"", ""value"": ""数値+条件"", ""note"": ""単独暗記回避""}]",報酬上限計算数値早見｜S42,報酬上限計算の数値は条件のセットで覚えてください。5日・8日・報酬上限等と混同しないよう表で整理します。数値・手続の最新は公益財団法人 全日本不動産協会・公益財団法人 不動産流通推進センターの試験要項・法令改正情報で必ずご確認ください。,報酬上限計算;数値+条件;S42,数値のみ暗記;条件省略（試験では条件文の主語確認が得点の分かれ目）,「数値・条件・報酬上限計算」。,報酬の計算（売買）;報酬額の掲示;報酬の明瞭化,「報酬上限計算の数値・期限」の試験での位置づけは？,報酬上限計算の数値は条件のセットで覚えてください。5日・8日・報酬上限等と混同しないよう表で整理します。数値・手続の最新は公益財団法人 全日本不動産協会・公益財団法人 不動産流通推進センターの試験要項・法令改正情報で必ずご確認ください。 試験では報酬上限計算を軸に、関連条文・数値・主体の取り違えを照合してください。,「報酬上限計算の数値・期限」でよくある誤答パターンは？,数値のみ暗記;条件省略（試験では条件文の主語確認が得点の分かれ目） 誤答肢では数値+条件の主語や条件が入れ替わることが多いので、比較表で整理してください。 過去問で正誤の型を分類し、試験要項で数値・期限を照合してください。,「報酬上限計算の数値・期限」の覚え方・確認手順は？,覚え方：「数値・条件・報酬上限計算」。 早見の要点：報酬上限計算;要項確認 用語集→本ページ→過去問の順で往復し、正誤理由をメモに残してください。 過去問で正誤の型を分類し、試験要項で数値・期限を照合してください。,「報酬上限計算の数値・期限」の公式情報はどこで確認しますか？,試験論点・条文・数値の対応を比較表に整理し、過去問で正誤の型を分類してください。 過去問で正誤の型を分類し、試験要項で数値・期限を照合してください。 試験では報酬上限計算をセットで確認してください。 誤答では数値のみ暗記に注意してください。,2026-05-28
s42-shakuchi-sogo-suuchi,借地借家総合の数値・期限,権利関係,借地借家総合;S42;数値,借地借家総合で押さえる代表数値・期限を整理します。,借地借家総合;要項確認,"[{""item"": ""代表"", ""value"": ""要項・法令で確認"", ""note"": ""年度更新""}, {""item"": ""条件"", ""value"": ""主語・手続"", ""note"": ""取り違え防止""}, {""item"": ""記録"", ""value"": ""学習ノート"", ""note"": ""誤答原因併記""}, {""item"": ""試験"", ""value"": ""数値+条件"", ""note"": ""単独暗記回避""}]",借地借家総合数値早見｜S42,借地借家総合の数値は条件のセットで覚えてください。5日・8日・報酬上限等と混同しないよう表で整理します。数値・手続の最新は公益財団法人 全日本不動産協会・公益財団法人 不動産流通推進センターの試験要項・法令改正情報で必ずご確認ください。,借地借家総合;数値+条件;S42,数値のみ暗記;条件省略（試験では条件文の主語確認が得点の分かれ目）,「数値・条件・借地借家総合」。,借地借家法;法定更新;敷金・礼金,「借地借家総合の数値・期限」の試験での位置づけは？,借地借家総合の数値は条件のセットで覚えてください。5日・8日・報酬上限等と混同しないよう表で整理します。数値・手続の最新は公益財団法人 全日本不動産協会・公益財団法人 不動産流通推進センターの試験要項・法令改正情報で必ずご確認ください。 試験では借地借家総合を軸に、関連条文・数値・主体の取り違えを照合してください。,「借地借家総合の数値・期限」でよくある誤答パターンは？,数値のみ暗記;条件省略（試験では条件文の主語確認が得点の分かれ目） 誤答肢では数値+条件の主語や条件が入れ替わることが多いので、比較表で整理してください。 過去問で正誤の型を分類し、試験要項で数値・期限を照合してください。,「借地借家総合の数値・期限」の覚え方・確認手順は？,覚え方：「数値・条件・借地借家総合」。 早見の要点：借地借家総合;要項確認 用語集→本ページ→過去問の順で往復し、正誤理由をメモに残してください。 過去問で正誤の型を分類し、試験要項で数値・期限を照合してください。,「借地借家総合の数値・期限」の公式情報はどこで確認しますか？,試験論点・条文・数値の対応を比較表に整理し、過去問で正誤の型を分類してください。 過去問で正誤の型を分類し、試験要項で数値・期限を照合してください。 試験では借地借家総合をセットで確認してください。 誤答では数値のみ暗記に注意してください。,2026-05-28
s42-kubun-kanri-suuchi,区分所有管理の数値・期限,権利関係,区分所有管理;S42;数値,区分所有管理で押さえる代表数値・期限を整理します。,区分所有管理;要項確認,"[{""item"": ""代表"", ""value"": ""要項・法令で確認"", ""note"": ""年度更新""}, {""item"": ""条件"", ""value"": ""主語・手続"", ""note"": ""取り違え防止""}, {""item"": ""記録"", ""value"": ""学習ノート"", ""note"": ""誤答原因併記""}, {""item"": ""試験"", ""value"": ""数値+条件"", ""note"": ""単独暗記回避""}]",区分所有管理数値早見｜S42,区分所有管理の数値は条件のセットで覚えてください。5日・8日・報酬上限等と混同しないよう表で整理します。数値・手続の最新は公益財団法人 全日本不動産協会・公益財団法人 不動産流通推進センターの試験要項・法令改正情報で必ずご確認ください。,区分所有管理;数値+条件;S42,数値のみ暗記;条件省略（試験では条件文の主語確認が得点の分かれ目）,「数値・条件・区分所有管理」。,区分所有権;37条書面;賃貸借,「区分所有管理の数値・期限」の試験での位置づけは？,区分所有管理の数値は条件のセットで覚えてください。5日・8日・報酬上限等と混同しないよう表で整理します。数値・手続の最新は公益財団法人 全日本不動産協会・公益財団法人 不動産流通推進センターの試験要項・法令改正情報で必ずご確認ください。 試験では区分所有管理を軸に、関連条文・数値・主体の取り違えを照合してください。,「区分所有管理の数値・期限」でよくある誤答パターンは？,数値のみ暗記;条件省略（試験では条件文の主語確認が得点の分かれ目） 誤答肢では数値+条件の主語や条件が入れ替わることが多いので、比較表で整理してください。 過去問で正誤の型を分類し、試験要項で数値・期限を照合してください。,「区分所有管理の数値・期限」の覚え方・確認手順は？,覚え方：「数値・条件・区分所有管理」。 早見の要点：区分所有管理;要項確認 用語集→本ページ→過去問の順で往復し、正誤理由をメモに残してください。 過去問で正誤の型を分類し、試験要項で数値・期限を照合してください。,「区分所有管理の数値・期限」の公式情報はどこで確認しますか？,試験論点・条文・数値の対応を比較表に整理し、過去問で正誤の型を分類してください。 過去問で正誤の型を分類し、試験要項で数値・期限を照合してください。 試験では区分所有管理をセットで確認してください。 誤答では数値のみ暗記に注意してください。,2026-05-28
s42-toshi-hou-suuchi,都市計画法の数値・期限,権利関係,都市計画法;S42;数値,都市計画法で押さえる代表数値・期限を整理します。,都市計画法;要項確認,"[{""item"": ""代表"", ""value"": ""要項・法令で確認"", ""note"": ""年度更新""}, {""item"": ""条件"", ""value"": ""主語・手続"", ""note"": ""取り違え防止""}, {""item"": ""記録"", ""value"": ""学習ノート"", ""note"": ""誤答原因併記""}, {""item"": ""試験"", ""value"": ""数値+条件"", ""note"": ""単独暗記回避""}]",都市計画法数値早見｜S42,都市計画法の数値は条件のセットで覚えてください。5日・8日・報酬上限等と混同しないよう表で整理します。数値・手続の最新は公益財団法人 全日本不動産協会・公益財団法人 不動産流通推進センターの試験要項・法令改正情報で必ずご確認ください。,都市計画法;数値+条件;S42,数値のみ暗記;条件省略（試験では条件文の主語確認が得点の分かれ目）,「数値・条件・都市計画法」。,都市計画法;用途地域13種類;都市計画決定,「都市計画法の数値・期限」の試験での位置づけは？,都市計画法の数値は条件のセットで覚えてください。5日・8日・報酬上限等と混同しないよう表で整理します。数値・手続の最新は公益財団法人 全日本不動産協会・公益財団法人 不動産流通推進センターの試験要項・法令改正情報で必ずご確認ください。 試験では都市計画法を軸に、関連条文・数値・主体の取り違えを照合してください。,「都市計画法の数値・期限」でよくある誤答パターンは？,数値のみ暗記;条件省略（試験では条件文の主語確認が得点の分かれ目） 誤答肢では数値+条件の主語や条件が入れ替わることが多いので、比較表で整理してください。 過去問で正誤の型を分類し、試験要項で数値・期限を照合してください。,「都市計画法の数値・期限」の覚え方・確認手順は？,覚え方：「数値・条件・都市計画法」。 早見の要点：都市計画法;要項確認 用語集→本ページ→過去問の順で往復し、正誤理由をメモに残してください。 過去問で正誤の型を分類し、試験要項で数値・期限を照合してください。,「都市計画法の数値・期限」の公式情報はどこで確認しますか？,試験論点・条文・数値の対応を比較表に整理し、過去問で正誤の型を分類してください。 過去問で正誤の型を分類し、試験要項で数値・期限を照合してください。 試験では都市計画法をセットで確認してください。 誤答では数値のみ暗記に注意してください。,2026-05-28
s42-touki-kenri-suuchi,登記・権利の数値・期限,権利関係,登記・権利;S42;数値,登記・権利で押さえる代表数値・期限を整理します。,登記・権利;要項確認,"[{""item"": ""代表"", ""value"": ""要項・法令で確認"", ""note"": ""年度更新""}, {""item"": ""条件"", ""value"": ""主語・手続"", ""note"": ""取り違え防止""}, {""item"": ""記録"", ""value"": ""学習ノート"", ""note"": ""誤答原因併記""}, {""item"": ""試験"", ""value"": ""数値+条件"", ""note"": ""単独暗記回避""}]",登記・権利数値早見｜S42,登記・権利の数値は条件のセットで覚えてください。5日・8日・報酬上限等と混同しないよう表で整理します。数値・手続の最新は公益財団法人 全日本不動産協会・公益財団法人 不動産流通推進センターの試験要項・法令改正情報で必ずご確認ください。,登記・権利;数値+条件;S42,数値のみ暗記;条件省略（試験では条件文の主語確認が得点の分かれ目）,「数値・条件・登記・権利」。,物権変動;登記関係の国税のまとめ;抵当権,「登記・権利の数値・期限」の試験での位置づけは？,登記・権利の数値は条件のセットで覚えてください。5日・8日・報酬上限等と混同しないよう表で整理します。数値・手続の最新は公益財団法人 全日本不動産協会・公益財団法人 不動産流通推進センターの試験要項・法令改正情報で必ずご確認ください。 試験では登記・権利を軸に、関連条文・数値・主体の取り違えを照合してください。,「登記・権利の数値・期限」でよくある誤答パターンは？,数値のみ暗記;条件省略（試験では条件文の主語確認が得点の分かれ目） 誤答肢では数値+条件の主語や条件が入れ替わることが多いので、比較表で整理してください。 過去問で正誤の型を分類し、試験要項で数値・期限を照合してください。,「登記・権利の数値・期限」の覚え方・確認手順は？,覚え方：「数値・条件・登記・権利」。 早見の要点：登記・権利;要項確認 用語集→本ページ→過去問の順で往復し、正誤理由をメモに残してください。 過去問で正誤の型を分類し、試験要項で数値・期限を照合してください。,「登記・権利の数値・期限」の公式情報はどこで確認しますか？,試験論点・条文・数値の対応を比較表に整理し、過去問で正誤の型を分類してください。 過去問で正誤の型を分類し、試験要項で数値・期限を照合してください。 試験では登記・権利をセットで確認してください。 誤答では数値のみ暗記に注意してください。,2026-05-28
s42-keiyaku-sekinin-suuchi,契約不適合責任の数値・期限,権利関係,契約不適合責任;S42;数値,契約不適合責任で押さえる代表数値・期限を整理します。,契約不適合責任;要項確認,"[{""item"": ""代表"", ""value"": ""要項・法令で確認"", ""note"": ""年度更新""}, {""item"": ""条件"", ""value"": ""主語・手続"", ""note"": ""取り違え防止""}, {""item"": ""記録"", ""value"": ""学習ノート"", ""note"": ""誤答原因併記""}, {""item"": ""試験"", ""value"": ""数値+条件"", ""note"": ""単独暗記回避""}]",契約不適合責任数値早見｜S42,契約不適合責任の数値は条件のセットで覚えてください。5日・8日・報酬上限等と混同しないよう表で整理します。数値・手続の最新は公益財団法人 全日本不動産協会・公益財団法人 不動産流通推進センターの試験要項・法令改正情報で必ずご確認ください。,契約不適合責任;数値+条件;S42,数値のみ暗記;条件省略（試験では条件文の主語確認が得点の分かれ目）,「数値・条件・契約不適合責任」。,契約不適合責任;契約不適合責任の特約制限;37条書面,「契約不適合責任の数値・期限」の試験での位置づけは？,契約不適合責任の数値は条件のセットで覚えてください。5日・8日・報酬上限等と混同しないよう表で整理します。数値・手続の最新は公益財団法人 全日本不動産協会・公益財団法人 不動産流通推進センターの試験要項・法令改正情報で必ずご確認ください。 試験では契約不適合責任を軸に、関連条文・数値・主体の取り違えを照合してください。,「契約不適合責任の数値・期限」でよくある誤答パターンは？,数値のみ暗記;条件省略（試験では条件文の主語確認が得点の分かれ目） 誤答肢では数値+条件の主語や条件が入れ替わることが多いので、比較表で整理してください。 過去問で正誤の型を分類し、試験要項で数値・期限を照合してください。,「契約不適合責任の数値・期限」の覚え方・確認手順は？,覚え方：「数値・条件・契約不適合責任」。 早見の要点：契約不適合責任;要項確認 用語集→本ページ→過去問の順で往復し、正誤理由をメモに残してください。 過去問で正誤の型を分類し、試験要項で数値・期限を照合してください。,「契約不適合責任の数値・期限」の公式情報はどこで確認しますか？,試験論点・条文・数値の対応を比較表に整理し、過去問で正誤の型を分類してください。 過去問で正誤の型を分類し、試験要項で数値・期限を照合してください。 試験では契約不適合責任をセットで確認してください。,2026-05-28
s42-cooling-off-suuchi,クーリングオフの数値・期限,宅建業法,クーリングオフ;S42;数値,クーリングオフで押さえる代表数値・期限を整理します。,クーリングオフ;要項確認,"[{""item"": ""代表"", ""value"": ""要項・法令で確認"", ""note"": ""年度更新""}, {""item"": ""条件"", ""value"": ""主語・手続"", ""note"": ""取り違え防止""}, {""item"": ""記録"", ""value"": ""学習ノート"", ""note"": ""誤答原因併記""}, {""item"": ""試験"", ""value"": ""数値+条件"", ""note"": ""単独暗記回避""}]",クーリングオフ数値早見｜S42,クーリングオフの数値は条件のセットで覚えてください。5日・8日・報酬上限等と混同しないよう表で整理します。数値・手続の最新は公益財団法人 全日本不動産協会・公益財団法人 不動産流通推進センターの試験要項・法令改正情報で必ずご確認ください。,クーリングオフ;数値+条件;S42,数値のみ暗記;条件省略（試験では条件文の主語確認が得点の分かれ目）,「数値・条件・クーリングオフ」。,クーリングオフ;手付解除;手付金等の保全措置,「クーリングオフの数値・期限」の試験での位置づけは？,クーリングオフの数値は条件のセットで覚えてください。5日・8日・報酬上限等と混同しないよう表で整理します。数値・手続の最新は公益財団法人 全日本不動産協会・公益財団法人 不動産流通推進センターの試験要項・法令改正情報で必ずご確認ください。 試験ではクーリングオフを軸に、関連条文・数値・主体の取り違えを照合してください。,「クーリングオフの数値・期限」でよくある誤答パターンは？,数値のみ暗記;条件省略（試験では条件文の主語確認が得点の分かれ目） 誤答肢では数値+条件の主語や条件が入れ替わることが多いので、比較表で整理してください。 過去問で正誤の型を分類し、試験要項で数値・期限を照合してください。,「クーリングオフの数値・期限」の覚え方・確認手順は？,覚え方：「数値・条件・クーリングオフ」。 早見の要点：クーリングオフ;要項確認 用語集→本ページ→過去問の順で往復し、正誤理由をメモに残してください。 過去問で正誤の型を分類し、試験要項で数値・期限を照合してください。,「クーリングオフの数値・期限」の公式情報はどこで確認しますか？,試験論点・条文・数値の対応を比較表に整理し、過去問で正誤の型を分類してください。 過去問で正誤の型を分類し、試験要項で数値・期限を照合してください。 試験ではクーリングオフをセットで確認してください。,2026-05-28
s42-jusetsu-tsuika-suuchi,重要事項追加の数値・期限,宅建業法,重要事項追加;S42;数値,重要事項追加で押さえる代表数値・期限を整理します。,重要事項追加;要項確認,"[{""item"": ""代表"", ""value"": ""要項・法令で確認"", ""note"": ""年度更新""}, {""item"": ""条件"", ""value"": ""主語・手続"", ""note"": ""取り違え防止""}, {""item"": ""記録"", ""value"": ""学習ノート"", ""note"": ""誤答原因併記""}, {""item"": ""試験"", ""value"": ""数値+条件"", ""note"": ""単独暗記回避""}]",重要事項追加数値早見｜S42,重要事項追加の数値は条件のセットで覚えてください。5日・8日・報酬上限等と混同しないよう表で整理します。数値・手続の最新は公益財団法人 全日本不動産協会・公益財団法人 不動産流通推進センターの試験要項・法令改正情報で必ずご確認ください。,重要事項追加;数値+条件;S42,数値のみ暗記;条件省略（試験では条件文の主語確認が得点の分かれ目）,「数値・条件・重要事項追加」。,重要事項説明（35条書面）;37条書面;35条書面,「重要事項追加の数値・期限」の試験での位置づけは？,重要事項追加の数値は条件のセットで覚えてください。5日・8日・報酬上限等と混同しないよう表で整理します。数値・手続の最新は公益財団法人 全日本不動産協会・公益財団法人 不動産流通推進センターの試験要項・法令改正情報で必ずご確認ください。 試験では重要事項追加を軸に、関連条文・数値・主体の取り違えを照合してください。,「重要事項追加の数値・期限」でよくある誤答パターンは？,数値のみ暗記;条件省略（試験では条件文の主語確認が得点の分かれ目） 誤答肢では数値+条件の主語や条件が入れ替わることが多いので、比較表で整理してください。 過去問で正誤の型を分類し、試験要項で数値・期限を照合してください。,「重要事項追加の数値・期限」の覚え方・確認手順は？,覚え方：「数値・条件・重要事項追加」。 早見の要点：重要事項追加;要項確認 用語集→本ページ→過去問の順で往復し、正誤理由をメモに残してください。 過去問で正誤の型を分類し、試験要項で数値・期限を照合してください。,「重要事項追加の数値・期限」の公式情報はどこで確認しますか？,試験論点・条文・数値の対応を比較表に整理し、過去問で正誤の型を分類してください。 過去問で正誤の型を分類し、試験要項で数値・期限を照合してください。 試験では重要事項追加をセットで確認してください。 誤答では数値のみ暗記に注意してください。,2026-05-28
s43-takken-chokuzen-suuchi,宅建士試験直前の数値・期限,試験対策,宅建士試験直前;S43;数値,宅建士試験直前で押さえる代表数値・期限を整理します。,宅建士試験直前;要項確認,"[{""item"": ""代表"", ""value"": ""要項・法令で確認"", ""note"": ""年度更新""}, {""item"": ""条件"", ""value"": ""主語・手続"", ""note"": ""取り違え防止""}, {""item"": ""記録"", ""value"": ""学習ノート"", ""note"": ""誤答原因併記""}, {""item"": ""試験"", ""value"": ""数値+条件"", ""note"": ""単独暗記回避""}]",宅建士試験直前数値早見｜S43,宅建士試験直前の数値は条件のセットで覚えてください。5日・8日・報酬上限等と混同しないよう表で整理します。数値・手続の最新は公益財団法人 全日本不動産協会・公益財団法人 不動産流通推進センターの試験要項・法令改正情報で必ずご確認ください。,宅建士試験直前;数値+条件;S43,数値のみ暗記;条件省略（試験では条件文の主語確認が得点の分かれ目）,「数値・条件・宅建士試験直前」。,宅建の合格点・合格率;宅建の出題傾向分析;宅建士,「宅建士試験直前の数値・期限」の試験での位置づけは？,宅建士試験直前の数値は条件のセットで覚えてください。5日・8日・報酬上限等と混同しないよう表で整理します。数値・手続の最新は公益財団法人 全日本不動産協会・公益財団法人 不動産流通推進センターの試験要項・法令改正情報で必ずご確認ください。 試験では宅建士試験直前を軸に、関連条文・数値・主体の取り違えを照合してください。,「宅建士試験直前の数値・期限」でよくある誤答パターンは？,数値のみ暗記;条件省略（試験では条件文の主語確認が得点の分かれ目） 誤答肢では数値+条件の主語や条件が入れ替わることが多いので、比較表で整理してください。 過去問で正誤の型を分類し、試験要項で数値・期限を照合してください。,「宅建士試験直前の数値・期限」の覚え方・確認手順は？,覚え方：「数値・条件・宅建士試験直前」。 早見の要点：宅建士試験直前;要項確認 用語集→本ページ→過去問の順で往復し、正誤理由をメモに残してください。 過去問で正誤の型を分類し、試験要項で数値・期限を照合してください。,「宅建士試験直前の数値・期限」の公式情報はどこで確認しますか？,試験論点・条文・数値の対応を比較表に整理し、過去問で正誤の型を分類してください。 過去問で正誤の型を分類し、試験要項で数値・期限を照合してください。 試験では宅建士試験直前をセットで確認してください。,2026-05-28
s43-ju3537-shiage-suuchi,35条37条総仕上げの数値・期限,宅建業法,35条37条総仕上げ;S43;数値,35条37条総仕上げで押さえる代表数値・期限を整理します。,35条37条総仕上げ;要項確認,"[{""item"": ""代表"", ""value"": ""要項・法令で確認"", ""note"": ""年度更新""}, {""item"": ""条件"", ""value"": ""主語・手続"", ""note"": ""取り違え防止""}, {""item"": ""記録"", ""value"": ""学習ノート"", ""note"": ""誤答原因併記""}, {""item"": ""試験"", ""value"": ""数値+条件"", ""note"": ""単独暗記回避""}]",35条37条総仕上げ数値早見｜S43,35条37条総仕上げの数値は条件のセットで覚えてください。5日・8日・報酬上限等と混同しないよう表で整理します。数値・手続の最新は公益財団法人 全日本不動産協会・公益財団法人 不動産流通推進センターの試験要項・法令改正情報で必ずご確認ください。,35条37条総仕上げ;数値+条件;S43,数値のみ暗記;条件省略（試験では条件文の主語確認が得点の分かれ目）,「数値・条件・35条37条総仕上げ」。,重要事項説明（35条書面）;37条書面;35条書面,「35条37条総仕上げの数値・期限」の試験での位置づけは？,35条37条総仕上げの数値は条件のセットで覚えてください。5日・8日・報酬上限等と混同しないよう表で整理します。数値・手続の最新は公益財団法人 全日本不動産協会・公益財団法人 不動産流通推進センターの試験要項・法令改正情報で必ずご確認くだ… 試験では35条37条総仕上げを軸に、関連条文・数値・主体の取り違えを照合してください。,「35条37条総仕上げの数値・期限」でよくある誤答パターンは？,数値のみ暗記;条件省略（試験では条件文の主語確認が得点の分かれ目） 誤答肢では数値+条件の主語や条件が入れ替わることが多いので、比較表で整理してください。 過去問で正誤の型を分類し、試験要項で数値・期限を照合してください。,「35条37条総仕上げの数値・期限」の覚え方・確認手順は？,覚え方：「数値・条件・35条37条総仕上げ」。 早見の要点：35条37条総仕上げ;要項確認 用語集→本ページ→過去問の順で往復し、正誤理由をメモに残してください。 過去問で正誤の型を分類し、試験要項で数値・期限を照合してください。,「35条37条総仕上げの数値・期限」の公式情報はどこで確認しますか？,試験論点・条文・数値の対応を比較表に整理し、過去問で正誤の型を分類してください。 過去問で正誤の型を分類し、試験要項で数値・期限を照合してください。 試験では35条37条総仕上げをセットで確認してください。,2026-05-28
s43-houshu-jogen-suuchi,報酬上限計算の数値・期限,宅建業法,報酬上限計算;S43;数値,報酬上限計算で押さえる代表数値・期限を整理します。,報酬上限計算;要項確認,"[{""item"": ""代表"", ""value"": ""要項・法令で確認"", ""note"": ""年度更新""}, {""item"": ""条件"", ""value"": ""主語・手続"", ""note"": ""取り違え防止""}, {""item"": ""記録"", ""value"": ""学習ノート"", ""note"": ""誤答原因併記""}, {""item"": ""試験"", ""value"": ""数値+条件"", ""note"": ""単独暗記回避""}]",報酬上限計算数値早見｜S43,報酬上限計算の数値は条件のセットで覚えてください。5日・8日・報酬上限等と混同しないよう表で整理します。数値・手続の最新は公益財団法人 全日本不動産協会・公益財団法人 不動産流通推進センターの試験要項・法令改正情報で必ずご確認ください。,報酬上限計算;数値+条件;S43,数値のみ暗記;条件省略（試験では条件文の主語確認が得点の分かれ目）,「数値・条件・報酬上限計算」。,報酬の計算（売買）;報酬額の掲示;報酬の明瞭化,「報酬上限計算の数値・期限」の試験での位置づけは？,報酬上限計算の数値は条件のセットで覚えてください。5日・8日・報酬上限等と混同しないよう表で整理します。数値・手続の最新は公益財団法人 全日本不動産協会・公益財団法人 不動産流通推進センターの試験要項・法令改正情報で必ずご確認ください。 試験では報酬上限計算を軸に、関連条文・数値・主体の取り違えを照合してください。,「報酬上限計算の数値・期限」でよくある誤答パターンは？,数値のみ暗記;条件省略（試験では条件文の主語確認が得点の分かれ目） 誤答肢では数値+条件の主語や条件が入れ替わることが多いので、比較表で整理してください。 過去問で正誤の型を分類し、試験要項で数値・期限を照合してください。,「報酬上限計算の数値・期限」の覚え方・確認手順は？,覚え方：「数値・条件・報酬上限計算」。 早見の要点：報酬上限計算;要項確認 用語集→本ページ→過去問の順で往復し、正誤理由をメモに残してください。 過去問で正誤の型を分類し、試験要項で数値・期限を照合してください。,「報酬上限計算の数値・期限」の公式情報はどこで確認しますか？,試験論点・条文・数値の対応を比較表に整理し、過去問で正誤の型を分類してください。 過去問で正誤の型を分類し、試験要項で数値・期限を照合してください。 試験では報酬上限計算をセットで確認してください。 誤答では数値のみ暗記に注意してください。,2026-05-28
s43-shakuchi-sogo-suuchi,借地借家総合の数値・期限,権利関係,借地借家総合;S43;数値,借地借家総合で押さえる代表数値・期限を整理します。,借地借家総合;要項確認,"[{""item"": ""代表"", ""value"": ""要項・法令で確認"", ""note"": ""年度更新""}, {""item"": ""条件"", ""value"": ""主語・手続"", ""note"": ""取り違え防止""}, {""item"": ""記録"", ""value"": ""学習ノート"", ""note"": ""誤答原因併記""}, {""item"": ""試験"", ""value"": ""数値+条件"", ""note"": ""単独暗記回避""}]",借地借家総合数値早見｜S43,借地借家総合の数値は条件のセットで覚えてください。5日・8日・報酬上限等と混同しないよう表で整理します。数値・手続の最新は公益財団法人 全日本不動産協会・公益財団法人 不動産流通推進センターの試験要項・法令改正情報で必ずご確認ください。,借地借家総合;数値+条件;S43,数値のみ暗記;条件省略（試験では条件文の主語確認が得点の分かれ目）,「数値・条件・借地借家総合」。,借地借家法;法定更新;敷金・礼金,「借地借家総合の数値・期限」の試験での位置づけは？,借地借家総合の数値は条件のセットで覚えてください。5日・8日・報酬上限等と混同しないよう表で整理します。数値・手続の最新は公益財団法人 全日本不動産協会・公益財団法人 不動産流通推進センターの試験要項・法令改正情報で必ずご確認ください。 試験では借地借家総合を軸に、関連条文・数値・主体の取り違えを照合してください。,「借地借家総合の数値・期限」でよくある誤答パターンは？,数値のみ暗記;条件省略（試験では条件文の主語確認が得点の分かれ目） 誤答肢では数値+条件の主語や条件が入れ替わることが多いので、比較表で整理してください。 過去問で正誤の型を分類し、試験要項で数値・期限を照合してください。,「借地借家総合の数値・期限」の覚え方・確認手順は？,覚え方：「数値・条件・借地借家総合」。 早見の要点：借地借家総合;要項確認 用語集→本ページ→過去問の順で往復し、正誤理由をメモに残してください。 過去問で正誤の型を分類し、試験要項で数値・期限を照合してください。,「借地借家総合の数値・期限」の公式情報はどこで確認しますか？,試験論点・条文・数値の対応を比較表に整理し、過去問で正誤の型を分類してください。 過去問で正誤の型を分類し、試験要項で数値・期限を照合してください。 試験では借地借家総合をセットで確認してください。 誤答では数値のみ暗記に注意してください。,2026-05-28
s43-kubun-kanri-suuchi,区分所有管理の数値・期限,権利関係,区分所有管理;S43;数値,区分所有管理で押さえる代表数値・期限を整理します。,区分所有管理;要項確認,"[{""item"": ""代表"", ""value"": ""要項・法令で確認"", ""note"": ""年度更新""}, {""item"": ""条件"", ""value"": ""主語・手続"", ""note"": ""取り違え防止""}, {""item"": ""記録"", ""value"": ""学習ノート"", ""note"": ""誤答原因併記""}, {""item"": ""試験"", ""value"": ""数値+条件"", ""note"": ""単独暗記回避""}]",区分所有管理数値早見｜S43,区分所有管理の数値は条件のセットで覚えてください。5日・8日・報酬上限等と混同しないよう表で整理します。数値・手続の最新は公益財団法人 全日本不動産協会・公益財団法人 不動産流通推進センターの試験要項・法令改正情報で必ずご確認ください。,区分所有管理;数値+条件;S43,数値のみ暗記;条件省略（試験では条件文の主語確認が得点の分かれ目）,「数値・条件・区分所有管理」。,区分所有権;37条書面;賃貸借,「区分所有管理の数値・期限」の試験での位置づけは？,区分所有管理の数値は条件のセットで覚えてください。5日・8日・報酬上限等と混同しないよう表で整理します。数値・手続の最新は公益財団法人 全日本不動産協会・公益財団法人 不動産流通推進センターの試験要項・法令改正情報で必ずご確認ください。 試験では区分所有管理を軸に、関連条文・数値・主体の取り違えを照合してください。,「区分所有管理の数値・期限」でよくある誤答パターンは？,数値のみ暗記;条件省略（試験では条件文の主語確認が得点の分かれ目） 誤答肢では数値+条件の主語や条件が入れ替わることが多いので、比較表で整理してください。 過去問で正誤の型を分類し、試験要項で数値・期限を照合してください。,「区分所有管理の数値・期限」の覚え方・確認手順は？,覚え方：「数値・条件・区分所有管理」。 早見の要点：区分所有管理;要項確認 用語集→本ページ→過去問の順で往復し、正誤理由をメモに残してください。 過去問で正誤の型を分類し、試験要項で数値・期限を照合してください。,「区分所有管理の数値・期限」の公式情報はどこで確認しますか？,試験論点・条文・数値の対応を比較表に整理し、過去問で正誤の型を分類してください。 過去問で正誤の型を分類し、試験要項で数値・期限を照合してください。 試験では区分所有管理をセットで確認してください。 誤答では数値のみ暗記に注意してください。,2026-05-28
s43-toshi-hou-suuchi,都市計画法の数値・期限,権利関係,都市計画法;S43;数値,都市計画法で押さえる代表数値・期限を整理します。,都市計画法;要項確認,"[{""item"": ""代表"", ""value"": ""要項・法令で確認"", ""note"": ""年度更新""}, {""item"": ""条件"", ""value"": ""主語・手続"", ""note"": ""取り違え防止""}, {""item"": ""記録"", ""value"": ""学習ノート"", ""note"": ""誤答原因併記""}, {""item"": ""試験"", ""value"": ""数値+条件"", ""note"": ""単独暗記回避""}]",都市計画法数値早見｜S43,都市計画法の数値は条件のセットで覚えてください。5日・8日・報酬上限等と混同しないよう表で整理します。数値・手続の最新は公益財団法人 全日本不動産協会・公益財団法人 不動産流通推進センターの試験要項・法令改正情報で必ずご確認ください。,都市計画法;数値+条件;S43,数値のみ暗記;条件省略（試験では条件文の主語確認が得点の分かれ目）,「数値・条件・都市計画法」。,都市計画法;用途地域13種類;都市計画決定,「都市計画法の数値・期限」の試験での位置づけは？,都市計画法の数値は条件のセットで覚えてください。5日・8日・報酬上限等と混同しないよう表で整理します。数値・手続の最新は公益財団法人 全日本不動産協会・公益財団法人 不動産流通推進センターの試験要項・法令改正情報で必ずご確認ください。 試験では都市計画法を軸に、関連条文・数値・主体の取り違えを照合してください。,「都市計画法の数値・期限」でよくある誤答パターンは？,数値のみ暗記;条件省略（試験では条件文の主語確認が得点の分かれ目） 誤答肢では数値+条件の主語や条件が入れ替わることが多いので、比較表で整理してください。 過去問で正誤の型を分類し、試験要項で数値・期限を照合してください。,「都市計画法の数値・期限」の覚え方・確認手順は？,覚え方：「数値・条件・都市計画法」。 早見の要点：都市計画法;要項確認 用語集→本ページ→過去問の順で往復し、正誤理由をメモに残してください。 過去問で正誤の型を分類し、試験要項で数値・期限を照合してください。,「都市計画法の数値・期限」の公式情報はどこで確認しますか？,試験論点・条文・数値の対応を比較表に整理し、過去問で正誤の型を分類してください。 過去問で正誤の型を分類し、試験要項で数値・期限を照合してください。 試験では都市計画法をセットで確認してください。 誤答では数値のみ暗記に注意してください。,2026-05-28
s43-touki-kenri-suuchi,登記・権利の数値・期限,権利関係,登記・権利;S43;数値,登記・権利で押さえる代表数値・期限を整理します。,登記・権利;要項確認,"[{""item"": ""代表"", ""value"": ""要項・法令で確認"", ""note"": ""年度更新""}, {""item"": ""条件"", ""value"": ""主語・手続"", ""note"": ""取り違え防止""}, {""item"": ""記録"", ""value"": ""学習ノート"", ""note"": ""誤答原因併記""}, {""item"": ""試験"", ""value"": ""数値+条件"", ""note"": ""単独暗記回避""}]",登記・権利数値早見｜S43,登記・権利の数値は条件のセットで覚えてください。5日・8日・報酬上限等と混同しないよう表で整理します。数値・手続の最新は公益財団法人 全日本不動産協会・公益財団法人 不動産流通推進センターの試験要項・法令改正情報で必ずご確認ください。,登記・権利;数値+条件;S43,数値のみ暗記;条件省略（試験では条件文の主語確認が得点の分かれ目）,「数値・条件・登記・権利」。,物権変動;登記関係の国税のまとめ;抵当権,「登記・権利の数値・期限」の試験での位置づけは？,登記・権利の数値は条件のセットで覚えてください。5日・8日・報酬上限等と混同しないよう表で整理します。数値・手続の最新は公益財団法人 全日本不動産協会・公益財団法人 不動産流通推進センターの試験要項・法令改正情報で必ずご確認ください。 試験では登記・権利を軸に、関連条文・数値・主体の取り違えを照合してください。,「登記・権利の数値・期限」でよくある誤答パターンは？,数値のみ暗記;条件省略（試験では条件文の主語確認が得点の分かれ目） 誤答肢では数値+条件の主語や条件が入れ替わることが多いので、比較表で整理してください。 過去問で正誤の型を分類し、試験要項で数値・期限を照合してください。,「登記・権利の数値・期限」の覚え方・確認手順は？,覚え方：「数値・条件・登記・権利」。 早見の要点：登記・権利;要項確認 用語集→本ページ→過去問の順で往復し、正誤理由をメモに残してください。 過去問で正誤の型を分類し、試験要項で数値・期限を照合してください。,「登記・権利の数値・期限」の公式情報はどこで確認しますか？,試験論点・条文・数値の対応を比較表に整理し、過去問で正誤の型を分類してください。 過去問で正誤の型を分類し、試験要項で数値・期限を照合してください。 試験では登記・権利をセットで確認してください。 誤答では数値のみ暗記に注意してください。,2026-05-28
s43-keiyaku-sekinin-suuchi,契約不適合責任の数値・期限,権利関係,契約不適合責任;S43;数値,契約不適合責任で押さえる代表数値・期限を整理します。,契約不適合責任;要項確認,"[{""item"": ""代表"", ""value"": ""要項・法令で確認"", ""note"": ""年度更新""}, {""item"": ""条件"", ""value"": ""主語・手続"", ""note"": ""取り違え防止""}, {""item"": ""記録"", ""value"": ""学習ノート"", ""note"": ""誤答原因併記""}, {""item"": ""試験"", ""value"": ""数値+条件"", ""note"": ""単独暗記回避""}]",契約不適合責任数値早見｜S43,契約不適合責任の数値は条件のセットで覚えてください。5日・8日・報酬上限等と混同しないよう表で整理します。数値・手続の最新は公益財団法人 全日本不動産協会・公益財団法人 不動産流通推進センターの試験要項・法令改正情報で必ずご確認ください。,契約不適合責任;数値+条件;S43,数値のみ暗記;条件省略（試験では条件文の主語確認が得点の分かれ目）,「数値・条件・契約不適合責任」。,契約不適合責任;契約不適合責任の特約制限;37条書面,「契約不適合責任の数値・期限」の試験での位置づけは？,契約不適合責任の数値は条件のセットで覚えてください。5日・8日・報酬上限等と混同しないよう表で整理します。数値・手続の最新は公益財団法人 全日本不動産協会・公益財団法人 不動産流通推進センターの試験要項・法令改正情報で必ずご確認ください。 試験では契約不適合責任を軸に、関連条文・数値・主体の取り違えを照合してください。,「契約不適合責任の数値・期限」でよくある誤答パターンは？,数値のみ暗記;条件省略（試験では条件文の主語確認が得点の分かれ目） 誤答肢では数値+条件の主語や条件が入れ替わることが多いので、比較表で整理してください。 過去問で正誤の型を分類し、試験要項で数値・期限を照合してください。,「契約不適合責任の数値・期限」の覚え方・確認手順は？,覚え方：「数値・条件・契約不適合責任」。 早見の要点：契約不適合責任;要項確認 用語集→本ページ→過去問の順で往復し、正誤理由をメモに残してください。 過去問で正誤の型を分類し、試験要項で数値・期限を照合してください。,「契約不適合責任の数値・期限」の公式情報はどこで確認しますか？,試験論点・条文・数値の対応を比較表に整理し、過去問で正誤の型を分類してください。 過去問で正誤の型を分類し、試験要項で数値・期限を照合してください。 試験では契約不適合責任をセットで確認してください。,2026-05-28
s43-cooling-off-suuchi,クーリングオフの数値・期限,宅建業法,クーリングオフ;S43;数値,クーリングオフで押さえる代表数値・期限を整理します。,クーリングオフ;要項確認,"[{""item"": ""代表"", ""value"": ""要項・法令で確認"", ""note"": ""年度更新""}, {""item"": ""条件"", ""value"": ""主語・手続"", ""note"": ""取り違え防止""}, {""item"": ""記録"", ""value"": ""学習ノート"", ""note"": ""誤答原因併記""}, {""item"": ""試験"", ""value"": ""数値+条件"", ""note"": ""単独暗記回避""}]",クーリングオフ数値早見｜S43,クーリングオフの数値は条件のセットで覚えてください。5日・8日・報酬上限等と混同しないよう表で整理します。数値・手続の最新は公益財団法人 全日本不動産協会・公益財団法人 不動産流通推進センターの試験要項・法令改正情報で必ずご確認ください。,クーリングオフ;数値+条件;S43,数値のみ暗記;条件省略（試験では条件文の主語確認が得点の分かれ目）,「数値・条件・クーリングオフ」。,クーリングオフ;手付解除;手付金等の保全措置,「クーリングオフの数値・期限」の試験での位置づけは？,クーリングオフの数値は条件のセットで覚えてください。5日・8日・報酬上限等と混同しないよう表で整理します。数値・手続の最新は公益財団法人 全日本不動産協会・公益財団法人 不動産流通推進センターの試験要項・法令改正情報で必ずご確認ください。 試験ではクーリングオフを軸に、関連条文・数値・主体の取り違えを照合してください。,「クーリングオフの数値・期限」でよくある誤答パターンは？,数値のみ暗記;条件省略（試験では条件文の主語確認が得点の分かれ目） 誤答肢では数値+条件の主語や条件が入れ替わることが多いので、比較表で整理してください。 過去問で正誤の型を分類し、試験要項で数値・期限を照合してください。,「クーリングオフの数値・期限」の覚え方・確認手順は？,覚え方：「数値・条件・クーリングオフ」。 早見の要点：クーリングオフ;要項確認 用語集→本ページ→過去問の順で往復し、正誤理由をメモに残してください。 過去問で正誤の型を分類し、試験要項で数値・期限を照合してください。,「クーリングオフの数値・期限」の公式情報はどこで確認しますか？,試験論点・条文・数値の対応を比較表に整理し、過去問で正誤の型を分類してください。 過去問で正誤の型を分類し、試験要項で数値・期限を照合してください。 試験ではクーリングオフをセットで確認してください。,2026-05-28
s43-jusetsu-tsuika-suuchi,重要事項追加の数値・期限,宅建業法,重要事項追加;S43;数値,重要事項追加で押さえる代表数値・期限を整理します。,重要事項追加;要項確認,"[{""item"": ""代表"", ""value"": ""要項・法令で確認"", ""note"": ""年度更新""}, {""item"": ""条件"", ""value"": ""主語・手続"", ""note"": ""取り違え防止""}, {""item"": ""記録"", ""value"": ""学習ノート"", ""note"": ""誤答原因併記""}, {""item"": ""試験"", ""value"": ""数値+条件"", ""note"": ""単独暗記回避""}]",重要事項追加数値早見｜S43,重要事項追加の数値は条件のセットで覚えてください。5日・8日・報酬上限等と混同しないよう表で整理します。数値・手続の最新は公益財団法人 全日本不動産協会・公益財団法人 不動産流通推進センターの試験要項・法令改正情報で必ずご確認ください。,重要事項追加;数値+条件;S43,数値のみ暗記;条件省略（試験では条件文の主語確認が得点の分かれ目）,「数値・条件・重要事項追加」。,重要事項説明（35条書面）;37条書面;35条書面,「重要事項追加の数値・期限」の試験での位置づけは？,重要事項追加の数値は条件のセットで覚えてください。5日・8日・報酬上限等と混同しないよう表で整理します。数値・手続の最新は公益財団法人 全日本不動産協会・公益財団法人 不動産流通推進センターの試験要項・法令改正情報で必ずご確認ください。 試験では重要事項追加を軸に、関連条文・数値・主体の取り違えを照合してください。,「重要事項追加の数値・期限」でよくある誤答パターンは？,数値のみ暗記;条件省略（試験では条件文の主語確認が得点の分かれ目） 誤答肢では数値+条件の主語や条件が入れ替わることが多いので、比較表で整理してください。 過去問で正誤の型を分類し、試験要項で数値・期限を照合してください。,「重要事項追加の数値・期限」の覚え方・確認手順は？,覚え方：「数値・条件・重要事項追加」。 早見の要点：重要事項追加;要項確認 用語集→本ページ→過去問の順で往復し、正誤理由をメモに残してください。 過去問で正誤の型を分類し、試験要項で数値・期限を照合してください。,「重要事項追加の数値・期限」の公式情報はどこで確認しますか？,試験論点・条文・数値の対応を比較表に整理し、過去問で正誤の型を分類してください。 過去問で正誤の型を分類し、試験要項で数値・期限を照合してください。 試験では重要事項追加をセットで確認してください。 誤答では数値のみ暗記に注意してください。,2026-05-28
s44-takken-chokuzen-suuchi,宅建士試験直前の数値・期限,試験対策,宅建士試験直前;S44;数値,宅建士試験直前で押さえる代表数値・期限を整理します。,宅建士試験直前;要項確認,"[{""item"": ""代表"", ""value"": ""要項・法令で確認"", ""note"": ""年度更新""}, {""item"": ""条件"", ""value"": ""主語・手続"", ""note"": ""取り違え防止""}, {""item"": ""記録"", ""value"": ""学習ノート"", ""note"": ""誤答原因併記""}, {""item"": ""試験"", ""value"": ""数値+条件"", ""note"": ""単独暗記回避""}]",宅建士試験直前数値早見｜S44,宅建士試験直前の数値は条件のセットで覚えてください。5日・8日・報酬上限等と混同しないよう表で整理します。数値・手続の最新は公益財団法人 全日本不動産協会・公益財団法人 不動産流通推進センターの試験要項・法令改正情報で必ずご確認ください。,宅建士試験直前;数値+条件;S44,数値のみ暗記;条件省略（試験では条件文の主語確認が得点の分かれ目）,「数値・条件・宅建士試験直前」。,宅建の合格点・合格率;宅建の出題傾向分析;宅建士,「宅建士試験直前の数値・期限」の試験での位置づけは？,宅建士試験直前の数値は条件のセットで覚えてください。5日・8日・報酬上限等と混同しないよう表で整理します。数値・手続の最新は公益財団法人 全日本不動産協会・公益財団法人 不動産流通推進センターの試験要項・法令改正情報で必ずご確認ください。 試験では宅建士試験直前を軸に、関連条文・数値・主体の取り違えを照合してください。,「宅建士試験直前の数値・期限」でよくある誤答パターンは？,数値のみ暗記;条件省略（試験では条件文の主語確認が得点の分かれ目） 誤答肢では数値+条件の主語や条件が入れ替わることが多いので、比較表で整理してください。 過去問で正誤の型を分類し、試験要項で数値・期限を照合してください。,「宅建士試験直前の数値・期限」の覚え方・確認手順は？,覚え方：「数値・条件・宅建士試験直前」。 早見の要点：宅建士試験直前;要項確認 用語集→本ページ→過去問の順で往復し、正誤理由をメモに残してください。 過去問で正誤の型を分類し、試験要項で数値・期限を照合してください。,「宅建士試験直前の数値・期限」の公式情報はどこで確認しますか？,試験論点・条文・数値の対応を比較表に整理し、過去問で正誤の型を分類してください。 過去問で正誤の型を分類し、試験要項で数値・期限を照合してください。 試験では宅建士試験直前をセットで確認してください。,2026-05-28
s44-ju3537-shiage-suuchi,35条37条総仕上げの数値・期限,宅建業法,35条37条総仕上げ;S44;数値,35条37条総仕上げで押さえる代表数値・期限を整理します。,35条37条総仕上げ;要項確認,"[{""item"": ""代表"", ""value"": ""要項・法令で確認"", ""note"": ""年度更新""}, {""item"": ""条件"", ""value"": ""主語・手続"", ""note"": ""取り違え防止""}, {""item"": ""記録"", ""value"": ""学習ノート"", ""note"": ""誤答原因併記""}, {""item"": ""試験"", ""value"": ""数値+条件"", ""note"": ""単独暗記回避""}]",35条37条総仕上げ数値早見｜S44,35条37条総仕上げの数値は条件のセットで覚えてください。5日・8日・報酬上限等と混同しないよう表で整理します。数値・手続の最新は公益財団法人 全日本不動産協会・公益財団法人 不動産流通推進センターの試験要項・法令改正情報で必ずご確認ください。,35条37条総仕上げ;数値+条件;S44,数値のみ暗記;条件省略（試験では条件文の主語確認が得点の分かれ目）,「数値・条件・35条37条総仕上げ」。,重要事項説明（35条書面）;37条書面;35条書面,「35条37条総仕上げの数値・期限」の試験での位置づけは？,35条37条総仕上げの数値は条件のセットで覚えてください。5日・8日・報酬上限等と混同しないよう表で整理します。数値・手続の最新は公益財団法人 全日本不動産協会・公益財団法人 不動産流通推進センターの試験要項・法令改正情報で必ずご確認くだ… 試験では35条37条総仕上げを軸に、関連条文・数値・主体の取り違えを照合してください。,「35条37条総仕上げの数値・期限」でよくある誤答パターンは？,数値のみ暗記;条件省略（試験では条件文の主語確認が得点の分かれ目） 誤答肢では数値+条件の主語や条件が入れ替わることが多いので、比較表で整理してください。 過去問で正誤の型を分類し、試験要項で数値・期限を照合してください。,「35条37条総仕上げの数値・期限」の覚え方・確認手順は？,覚え方：「数値・条件・35条37条総仕上げ」。 早見の要点：35条37条総仕上げ;要項確認 用語集→本ページ→過去問の順で往復し、正誤理由をメモに残してください。 過去問で正誤の型を分類し、試験要項で数値・期限を照合してください。,「35条37条総仕上げの数値・期限」の公式情報はどこで確認しますか？,試験論点・条文・数値の対応を比較表に整理し、過去問で正誤の型を分類してください。 過去問で正誤の型を分類し、試験要項で数値・期限を照合してください。 試験では35条37条総仕上げをセットで確認してください。,2026-05-28
s44-houshu-jogen-suuchi,報酬上限計算の数値・期限,宅建業法,報酬上限計算;S44;数値,報酬上限計算で押さえる代表数値・期限を整理します。,報酬上限計算;要項確認,"[{""item"": ""代表"", ""value"": ""要項・法令で確認"", ""note"": ""年度更新""}, {""item"": ""条件"", ""value"": ""主語・手続"", ""note"": ""取り違え防止""}, {""item"": ""記録"", ""value"": ""学習ノート"", ""note"": ""誤答原因併記""}, {""item"": ""試験"", ""value"": ""数値+条件"", ""note"": ""単独暗記回避""}]",報酬上限計算数値早見｜S44,報酬上限計算の数値は条件のセットで覚えてください。5日・8日・報酬上限等と混同しないよう表で整理します。数値・手続の最新は公益財団法人 全日本不動産協会・公益財団法人 不動産流通推進センターの試験要項・法令改正情報で必ずご確認ください。,報酬上限計算;数値+条件;S44,数値のみ暗記;条件省略（試験では条件文の主語確認が得点の分かれ目）,「数値・条件・報酬上限計算」。,報酬の計算（売買）;報酬額の掲示;報酬の明瞭化,「報酬上限計算の数値・期限」の試験での位置づけは？,報酬上限計算の数値は条件のセットで覚えてください。5日・8日・報酬上限等と混同しないよう表で整理します。数値・手続の最新は公益財団法人 全日本不動産協会・公益財団法人 不動産流通推進センターの試験要項・法令改正情報で必ずご確認ください。 試験では報酬上限計算を軸に、関連条文・数値・主体の取り違えを照合してください。,「報酬上限計算の数値・期限」でよくある誤答パターンは？,数値のみ暗記;条件省略（試験では条件文の主語確認が得点の分かれ目） 誤答肢では数値+条件の主語や条件が入れ替わることが多いので、比較表で整理してください。 過去問で正誤の型を分類し、試験要項で数値・期限を照合してください。,「報酬上限計算の数値・期限」の覚え方・確認手順は？,覚え方：「数値・条件・報酬上限計算」。 早見の要点：報酬上限計算;要項確認 用語集→本ページ→過去問の順で往復し、正誤理由をメモに残してください。 過去問で正誤の型を分類し、試験要項で数値・期限を照合してください。,「報酬上限計算の数値・期限」の公式情報はどこで確認しますか？,試験論点・条文・数値の対応を比較表に整理し、過去問で正誤の型を分類してください。 過去問で正誤の型を分類し、試験要項で数値・期限を照合してください。 試験では報酬上限計算をセットで確認してください。 誤答では数値のみ暗記に注意してください。,2026-05-28
s44-shakuchi-sogo-suuchi,借地借家総合の数値・期限,権利関係,借地借家総合;S44;数値,借地借家総合で押さえる代表数値・期限を整理します。,借地借家総合;要項確認,"[{""item"": ""代表"", ""value"": ""要項・法令で確認"", ""note"": ""年度更新""}, {""item"": ""条件"", ""value"": ""主語・手続"", ""note"": ""取り違え防止""}, {""item"": ""記録"", ""value"": ""学習ノート"", ""note"": ""誤答原因併記""}, {""item"": ""試験"", ""value"": ""数値+条件"", ""note"": ""単独暗記回避""}]",借地借家総合数値早見｜S44,借地借家総合の数値は条件のセットで覚えてください。5日・8日・報酬上限等と混同しないよう表で整理します。数値・手続の最新は公益財団法人 全日本不動産協会・公益財団法人 不動産流通推進センターの試験要項・法令改正情報で必ずご確認ください。,借地借家総合;数値+条件;S44,数値のみ暗記;条件省略（試験では条件文の主語確認が得点の分かれ目）,「数値・条件・借地借家総合」。,借地借家法;法定更新;敷金・礼金,「借地借家総合の数値・期限」の試験での位置づけは？,借地借家総合の数値は条件のセットで覚えてください。5日・8日・報酬上限等と混同しないよう表で整理します。数値・手続の最新は公益財団法人 全日本不動産協会・公益財団法人 不動産流通推進センターの試験要項・法令改正情報で必ずご確認ください。 試験では借地借家総合を軸に、関連条文・数値・主体の取り違えを照合してください。,「借地借家総合の数値・期限」でよくある誤答パターンは？,数値のみ暗記;条件省略（試験では条件文の主語確認が得点の分かれ目） 誤答肢では数値+条件の主語や条件が入れ替わることが多いので、比較表で整理してください。 過去問で正誤の型を分類し、試験要項で数値・期限を照合してください。,「借地借家総合の数値・期限」の覚え方・確認手順は？,覚え方：「数値・条件・借地借家総合」。 早見の要点：借地借家総合;要項確認 用語集→本ページ→過去問の順で往復し、正誤理由をメモに残してください。 過去問で正誤の型を分類し、試験要項で数値・期限を照合してください。,「借地借家総合の数値・期限」の公式情報はどこで確認しますか？,試験論点・条文・数値の対応を比較表に整理し、過去問で正誤の型を分類してください。 過去問で正誤の型を分類し、試験要項で数値・期限を照合してください。 試験では借地借家総合をセットで確認してください。 誤答では数値のみ暗記に注意してください。,2026-05-28
s44-kubun-kanri-suuchi,区分所有管理の数値・期限,権利関係,区分所有管理;S44;数値,区分所有管理で押さえる代表数値・期限を整理します。,区分所有管理;要項確認,"[{""item"": ""代表"", ""value"": ""要項・法令で確認"", ""note"": ""年度更新""}, {""item"": ""条件"", ""value"": ""主語・手続"", ""note"": ""取り違え防止""}, {""item"": ""記録"", ""value"": ""学習ノート"", ""note"": ""誤答原因併記""}, {""item"": ""試験"", ""value"": ""数値+条件"", ""note"": ""単独暗記回避""}]",区分所有管理数値早見｜S44,区分所有管理の数値は条件のセットで覚えてください。5日・8日・報酬上限等と混同しないよう表で整理します。数値・手続の最新は公益財団法人 全日本不動産協会・公益財団法人 不動産流通推進センターの試験要項・法令改正情報で必ずご確認ください。,区分所有管理;数値+条件;S44,数値のみ暗記;条件省略（試験では条件文の主語確認が得点の分かれ目）,「数値・条件・区分所有管理」。,区分所有権;37条書面;賃貸借,「区分所有管理の数値・期限」の試験での位置づけは？,区分所有管理の数値は条件のセットで覚えてください。5日・8日・報酬上限等と混同しないよう表で整理します。数値・手続の最新は公益財団法人 全日本不動産協会・公益財団法人 不動産流通推進センターの試験要項・法令改正情報で必ずご確認ください。 試験では区分所有管理を軸に、関連条文・数値・主体の取り違えを照合してください。,「区分所有管理の数値・期限」でよくある誤答パターンは？,数値のみ暗記;条件省略（試験では条件文の主語確認が得点の分かれ目） 誤答肢では数値+条件の主語や条件が入れ替わることが多いので、比較表で整理してください。 過去問で正誤の型を分類し、試験要項で数値・期限を照合してください。,「区分所有管理の数値・期限」の覚え方・確認手順は？,覚え方：「数値・条件・区分所有管理」。 早見の要点：区分所有管理;要項確認 用語集→本ページ→過去問の順で往復し、正誤理由をメモに残してください。 過去問で正誤の型を分類し、試験要項で数値・期限を照合してください。,「区分所有管理の数値・期限」の公式情報はどこで確認しますか？,試験論点・条文・数値の対応を比較表に整理し、過去問で正誤の型を分類してください。 過去問で正誤の型を分類し、試験要項で数値・期限を照合してください。 試験では区分所有管理をセットで確認してください。 誤答では数値のみ暗記に注意してください。,2026-05-28
s44-toshi-hou-suuchi,都市計画法の数値・期限,権利関係,都市計画法;S44;数値,都市計画法で押さえる代表数値・期限を整理します。,都市計画法;要項確認,"[{""item"": ""代表"", ""value"": ""要項・法令で確認"", ""note"": ""年度更新""}, {""item"": ""条件"", ""value"": ""主語・手続"", ""note"": ""取り違え防止""}, {""item"": ""記録"", ""value"": ""学習ノート"", ""note"": ""誤答原因併記""}, {""item"": ""試験"", ""value"": ""数値+条件"", ""note"": ""単独暗記回避""}]",都市計画法数値早見｜S44,都市計画法の数値は条件のセットで覚えてください。5日・8日・報酬上限等と混同しないよう表で整理します。数値・手続の最新は公益財団法人 全日本不動産協会・公益財団法人 不動産流通推進センターの試験要項・法令改正情報で必ずご確認ください。,都市計画法;数値+条件;S44,数値のみ暗記;条件省略（試験では条件文の主語確認が得点の分かれ目）,「数値・条件・都市計画法」。,都市計画法;用途地域13種類;都市計画決定,「都市計画法の数値・期限」の試験での位置づけは？,都市計画法の数値は条件のセットで覚えてください。5日・8日・報酬上限等と混同しないよう表で整理します。数値・手続の最新は公益財団法人 全日本不動産協会・公益財団法人 不動産流通推進センターの試験要項・法令改正情報で必ずご確認ください。 試験では都市計画法を軸に、関連条文・数値・主体の取り違えを照合してください。,「都市計画法の数値・期限」でよくある誤答パターンは？,数値のみ暗記;条件省略（試験では条件文の主語確認が得点の分かれ目） 誤答肢では数値+条件の主語や条件が入れ替わることが多いので、比較表で整理してください。 過去問で正誤の型を分類し、試験要項で数値・期限を照合してください。,「都市計画法の数値・期限」の覚え方・確認手順は？,覚え方：「数値・条件・都市計画法」。 早見の要点：都市計画法;要項確認 用語集→本ページ→過去問の順で往復し、正誤理由をメモに残してください。 過去問で正誤の型を分類し、試験要項で数値・期限を照合してください。,「都市計画法の数値・期限」の公式情報はどこで確認しますか？,試験論点・条文・数値の対応を比較表に整理し、過去問で正誤の型を分類してください。 過去問で正誤の型を分類し、試験要項で数値・期限を照合してください。 試験では都市計画法をセットで確認してください。 誤答では数値のみ暗記に注意してください。,2026-05-28
s44-touki-kenri-suuchi,登記・権利の数値・期限,権利関係,登記・権利;S44;数値,登記・権利で押さえる代表数値・期限を整理します。,登記・権利;要項確認,"[{""item"": ""代表"", ""value"": ""要項・法令で確認"", ""note"": ""年度更新""}, {""item"": ""条件"", ""value"": ""主語・手続"", ""note"": ""取り違え防止""}, {""item"": ""記録"", ""value"": ""学習ノート"", ""note"": ""誤答原因併記""}, {""item"": ""試験"", ""value"": ""数値+条件"", ""note"": ""単独暗記回避""}]",登記・権利数値早見｜S44,登記・権利の数値は条件のセットで覚えてください。5日・8日・報酬上限等と混同しないよう表で整理します。数値・手続の最新は公益財団法人 全日本不動産協会・公益財団法人 不動産流通推進センターの試験要項・法令改正情報で必ずご確認ください。,登記・権利;数値+条件;S44,数値のみ暗記;条件省略（試験では条件文の主語確認が得点の分かれ目）,「数値・条件・登記・権利」。,物権変動;登記関係の国税のまとめ;抵当権,「登記・権利の数値・期限」の試験での位置づけは？,登記・権利の数値は条件のセットで覚えてください。5日・8日・報酬上限等と混同しないよう表で整理します。数値・手続の最新は公益財団法人 全日本不動産協会・公益財団法人 不動産流通推進センターの試験要項・法令改正情報で必ずご確認ください。 試験では登記・権利を軸に、関連条文・数値・主体の取り違えを照合してください。,「登記・権利の数値・期限」でよくある誤答パターンは？,数値のみ暗記;条件省略（試験では条件文の主語確認が得点の分かれ目） 誤答肢では数値+条件の主語や条件が入れ替わることが多いので、比較表で整理してください。 過去問で正誤の型を分類し、試験要項で数値・期限を照合してください。,「登記・権利の数値・期限」の覚え方・確認手順は？,覚え方：「数値・条件・登記・権利」。 早見の要点：登記・権利;要項確認 用語集→本ページ→過去問の順で往復し、正誤理由をメモに残してください。 過去問で正誤の型を分類し、試験要項で数値・期限を照合してください。,「登記・権利の数値・期限」の公式情報はどこで確認しますか？,試験論点・条文・数値の対応を比較表に整理し、過去問で正誤の型を分類してください。 過去問で正誤の型を分類し、試験要項で数値・期限を照合してください。 試験では登記・権利をセットで確認してください。 誤答では数値のみ暗記に注意してください。,2026-05-28
s44-keiyaku-sekinin-suuchi,契約不適合責任の数値・期限,権利関係,契約不適合責任;S44;数値,契約不適合責任で押さえる代表数値・期限を整理します。,契約不適合責任;要項確認,"[{""item"": ""代表"", ""value"": ""要項・法令で確認"", ""note"": ""年度更新""}, {""item"": ""条件"", ""value"": ""主語・手続"", ""note"": ""取り違え防止""}, {""item"": ""記録"", ""value"": ""学習ノート"", ""note"": ""誤答原因併記""}, {""item"": ""試験"", ""value"": ""数値+条件"", ""note"": ""単独暗記回避""}]",契約不適合責任数値早見｜S44,契約不適合責任の数値は条件のセットで覚えてください。5日・8日・報酬上限等と混同しないよう表で整理します。数値・手続の最新は公益財団法人 全日本不動産協会・公益財団法人 不動産流通推進センターの試験要項・法令改正情報で必ずご確認ください。,契約不適合責任;数値+条件;S44,数値のみ暗記;条件省略（試験では条件文の主語確認が得点の分かれ目）,「数値・条件・契約不適合責任」。,契約不適合責任;契約不適合責任の特約制限;37条書面,「契約不適合責任の数値・期限」の試験での位置づけは？,契約不適合責任の数値は条件のセットで覚えてください。5日・8日・報酬上限等と混同しないよう表で整理します。数値・手続の最新は公益財団法人 全日本不動産協会・公益財団法人 不動産流通推進センターの試験要項・法令改正情報で必ずご確認ください。 試験では契約不適合責任を軸に、関連条文・数値・主体の取り違えを照合してください。,「契約不適合責任の数値・期限」でよくある誤答パターンは？,数値のみ暗記;条件省略（試験では条件文の主語確認が得点の分かれ目） 誤答肢では数値+条件の主語や条件が入れ替わることが多いので、比較表で整理してください。 過去問で正誤の型を分類し、試験要項で数値・期限を照合してください。,「契約不適合責任の数値・期限」の覚え方・確認手順は？,覚え方：「数値・条件・契約不適合責任」。 早見の要点：契約不適合責任;要項確認 用語集→本ページ→過去問の順で往復し、正誤理由をメモに残してください。 過去問で正誤の型を分類し、試験要項で数値・期限を照合してください。,「契約不適合責任の数値・期限」の公式情報はどこで確認しますか？,試験論点・条文・数値の対応を比較表に整理し、過去問で正誤の型を分類してください。 過去問で正誤の型を分類し、試験要項で数値・期限を照合してください。 試験では契約不適合責任をセットで確認してください。,2026-05-28
s44-cooling-off-suuchi,クーリングオフの数値・期限,宅建業法,クーリングオフ;S44;数値,クーリングオフで押さえる代表数値・期限を整理します。,クーリングオフ;要項確認,"[{""item"": ""代表"", ""value"": ""要項・法令で確認"", ""note"": ""年度更新""}, {""item"": ""条件"", ""value"": ""主語・手続"", ""note"": ""取り違え防止""}, {""item"": ""記録"", ""value"": ""学習ノート"", ""note"": ""誤答原因併記""}, {""item"": ""試験"", ""value"": ""数値+条件"", ""note"": ""単独暗記回避""}]",クーリングオフ数値早見｜S44,クーリングオフの数値は条件のセットで覚えてください。5日・8日・報酬上限等と混同しないよう表で整理します。数値・手続の最新は公益財団法人 全日本不動産協会・公益財団法人 不動産流通推進センターの試験要項・法令改正情報で必ずご確認ください。,クーリングオフ;数値+条件;S44,数値のみ暗記;条件省略（試験では条件文の主語確認が得点の分かれ目）,「数値・条件・クーリングオフ」。,クーリングオフ;手付解除;手付金等の保全措置,「クーリングオフの数値・期限」の試験での位置づけは？,クーリングオフの数値は条件のセットで覚えてください。5日・8日・報酬上限等と混同しないよう表で整理します。数値・手続の最新は公益財団法人 全日本不動産協会・公益財団法人 不動産流通推進センターの試験要項・法令改正情報で必ずご確認ください。 試験ではクーリングオフを軸に、関連条文・数値・主体の取り違えを照合してください。,「クーリングオフの数値・期限」でよくある誤答パターンは？,数値のみ暗記;条件省略（試験では条件文の主語確認が得点の分かれ目） 誤答肢では数値+条件の主語や条件が入れ替わることが多いので、比較表で整理してください。 過去問で正誤の型を分類し、試験要項で数値・期限を照合してください。,「クーリングオフの数値・期限」の覚え方・確認手順は？,覚え方：「数値・条件・クーリングオフ」。 早見の要点：クーリングオフ;要項確認 用語集→本ページ→過去問の順で往復し、正誤理由をメモに残してください。 過去問で正誤の型を分類し、試験要項で数値・期限を照合してください。,「クーリングオフの数値・期限」の公式情報はどこで確認しますか？,試験論点・条文・数値の対応を比較表に整理し、過去問で正誤の型を分類してください。 過去問で正誤の型を分類し、試験要項で数値・期限を照合してください。 試験ではクーリングオフをセットで確認してください。,2026-05-28
s44-jusetsu-tsuika-suuchi,重要事項追加の数値・期限,宅建業法,重要事項追加;S44;数値,重要事項追加で押さえる代表数値・期限を整理します。,重要事項追加;要項確認,"[{""item"": ""代表"", ""value"": ""要項・法令で確認"", ""note"": ""年度更新""}, {""item"": ""条件"", ""value"": ""主語・手続"", ""note"": ""取り違え防止""}, {""item"": ""記録"", ""value"": ""学習ノート"", ""note"": ""誤答原因併記""}, {""item"": ""試験"", ""value"": ""数値+条件"", ""note"": ""単独暗記回避""}]",重要事項追加数値早見｜S44,重要事項追加の数値は条件のセットで覚えてください。5日・8日・報酬上限等と混同しないよう表で整理します。数値・手続の最新は公益財団法人 全日本不動産協会・公益財団法人 不動産流通推進センターの試験要項・法令改正情報で必ずご確認ください。,重要事項追加;数値+条件;S44,数値のみ暗記;条件省略（試験では条件文の主語確認が得点の分かれ目）,「数値・条件・重要事項追加」。,重要事項説明（35条書面）;37条書面;35条書面,「重要事項追加の数値・期限」の試験での位置づけは？,重要事項追加の数値は条件のセットで覚えてください。5日・8日・報酬上限等と混同しないよう表で整理します。数値・手続の最新は公益財団法人 全日本不動産協会・公益財団法人 不動産流通推進センターの試験要項・法令改正情報で必ずご確認ください。 試験では重要事項追加を軸に、関連条文・数値・主体の取り違えを照合してください。,「重要事項追加の数値・期限」でよくある誤答パターンは？,数値のみ暗記;条件省略（試験では条件文の主語確認が得点の分かれ目） 誤答肢では数値+条件の主語や条件が入れ替わることが多いので、比較表で整理してください。 過去問で正誤の型を分類し、試験要項で数値・期限を照合してください。,「重要事項追加の数値・期限」の覚え方・確認手順は？,覚え方：「数値・条件・重要事項追加」。 早見の要点：重要事項追加;要項確認 用語集→本ページ→過去問の順で往復し、正誤理由をメモに残してください。 過去問で正誤の型を分類し、試験要項で数値・期限を照合してください。,「重要事項追加の数値・期限」の公式情報はどこで確認しますか？,試験論点・条文・数値の対応を比較表に整理し、過去問で正誤の型を分類してください。 過去問で正誤の型を分類し、試験要項で数値・期限を照合してください。 試験では重要事項追加をセットで確認してください。 誤答では数値のみ暗記に注意してください。,2026-05-28
