exam_year,exam_wareki,question_no,type,category,tags,stem,preamble,statement_a,statement_b,statement_c,statement_d,choice_1,choice_2,choice_3,choice_4,correct,is_exempt,is_invalidated,note,explanation,explanation_choices,explanation_correct,explanation_summary,explanation_point
2015,平成27年度,1,single,権利関係,,以下の記述のうち、民法の条文に規定されているものはどれか。,,,,,,債務の不履行に基づく人の生命又は身体の侵害による損害賠償請求権は、権利を行使できる時から20年間行使しないときは、時効によって消滅する旨,事業のために負担した貸金債務を主たる債務とする保証契約は、保証人になろうとする者が、契約締結の日の前1か月以内に作成された公正証書で保証債務を履行する意思を表示していなければ無効となる旨,併存的債務引受は、債権者と引受人となる者との契約によってできる旨,債務の不履行に関して債権者に過失があったときは、裁判所は、これを考慮して、損害賠償の責任及びその額を定める旨,4,FALSE,FALSE,,正解は選択肢4です。この問は以下の記述について、問題文の条件を制度の要件・効果に当てはめる問題です。選択肢4の「債務の不履行に関して債権者に過失があったときは、裁判所は、これを考慮して、損害...」という内容が結論に合います。他の選択肢は、主体・手続・期間・効果などの点でずれています。,1:（1）「債務の不履行に基づく人の生命又は身体の侵害による損害賠償請求権は、権利を行使できる時から20年間…」について：他の選択肢は、主体・手続・期間・効果などの点でずれています。;2:（2）「事業のために負担した貸金債務を主たる債務とする保証契約は、保証人になろうとする者が、契約締結の日…」について：他の選択肢は、主体・手続・期間・効果などの点でずれています。;3:（3）「併存的債務引受は、債権者と引受人となる者との契約によってできる旨…」について：他の選択肢は、主体・手続・期間・効果などの点でずれています。,正解は選択肢4です。 選択肢4の「債務の不履行に関して債権者に過失があったときは、裁判所は、これを考慮して、損害...」という内容が結論に合います。,正解は選択肢4です。,
2015,平成27年度,2,single,権利関係,,Aは、その所有する甲土地を譲渡する意思がないのに、Bと通謀して、Aを売主、Bを買主とする甲土地の仮装の売買契約を締結した。この場合についての以下の記述のうち、民法の規定と判例に照らすと、誤っているものを選びなさい。なお、本問では「善意」又は「悪意」とは、虚偽表示の事実についての善意又は悪意とする。,,,,,,善意のCがBから甲土地を買い受けたとき、Cがいまだ登記を備えていなくても、AはAB間の売買契約の無効をCに主張できない。,善意のCが、Bとの間で、Bが甲土地上に建てた乙建物の賃貸借契約(貸主B、借主C)を締結したとき、AはAB間の売買契約の無効をCに主張できない。,Bの債権者である善意のCが、甲土地を差し押さえた場合、AはAB間の売買契約の無効をCに主張できない。,甲土地がBから悪意のCへ、Cから善意のDへと譲渡された場合、AはAB間の売買契約の無効をDに主張できない。,2,FALSE,FALSE,,正解は選択肢2です。この問は権利関係について、問題文の条件を制度の要件・効果に当てはめる問題です。選択肢2の「善意のCが、Bとの間で、Bが甲土地上に建てた乙建物の賃貸借契約(貸主B、借...」という内容が結論に合います。他の選択肢は、主体・手続・期間・効果などの点でずれています。,1:（1）「善意のCがBから甲土地を買い受けたとき、Cがいまだ登記を備えていなくても、AはAB間の売買契約の…」について：他の選択肢は、主体・手続・期間・効果などの点でずれています。;3:（3）「Bの債権者である善意のCが、甲土地を差し押さえた場合、AはAB間の売買契約の無効をCに主張できない。」は、作業主任者の選任が必要な作業の組合せ（CBBBCAABC）を含んでいません。解説のとおり、該当作業と非該当作業の区別を確認してください。 （3）「Bの債権者である善意のCが、甲土地を差し押さえた場合、AはAB間の売買契約の無効をCに主張できな…」について：他の選択肢は、主体・手続・期間・効果などの点でずれています。;4:（4）「甲土地がBから悪意のCへ、Cから善意のDへと譲渡された場合、AはAB間の売買契約の無効をDに主張…」について：他の選択肢は、主体・手続・期間・効果などの点でずれています。,正解は選択肢2です。 選択肢2の「善意のCが、Bとの間で、Bが甲土地上に建てた乙建物の賃貸借契約(貸主B、借...」という内容が結論に合います。,正解は選択肢2です。,
2015,平成27年度,3,single,権利関係,,AB間で、Aを貸主、Bを借主として、A所有の甲建物につき、①賃貸借契約を締結した場合と、②使用貸借契約を締結した場合についての以下の記述のうち、民法の規定に照らすと、誤っているものを選びなさい。,,,,,,Bが死亡したとき、①では契約は終了しないが、②では契約が終了する。,Bは、①では、甲建物のAの負担に属する必要費を支出したときは、Aに対しその償還を請求できるが、②では、甲建物の通常の必要費を負担する必要がある。,AB間の契約は、①では諾成契約であり、②では要物契約である。,AはBに対して、甲建物の瑕疵について、①では担保責任を負う場合があるが、②では担保責任を負わない。,4,FALSE,FALSE,,正解は選択肢4です。この問は権利関係について、問題文の条件を制度の要件・効果に当てはめる問題です。選択肢4の「AはBに対して、甲建物の瑕疵について、①では担保責任を負う場合があるが、②では...」という内容が結論に合います。他の選択肢は、主体・手続・期間・効果などの点でずれています。,1:（1）「Bが死亡したとき、①では契約は終了しないが、②では契約が終了する。」は、単独の記述としては法令上妥当な場合がありますが、本問で選ぶべき正答は（4）「AはBに対して、甲建物の瑕疵について、①では担保責任を負う場合があるが、②では担保責任を負わない。」です。問題文の条件と照らし、設問が問う論点に合う肢を選び直してください。;2:（2）「Bは、①では、甲建物のAの負担に属する必要費を支出したときは、Aに対しその償還を請求できるが、②では、甲建物の通常の必要費を負担する必要がある。」は、単独の記述としては法令上妥当な場合がありますが、本問で選ぶべき正答は（4）「AはBに対して、甲建物の瑕疵について、①では担保責任を負う場合があるが、②では担保責任を負わない。」です。問題文の条件と照らし、設問が問う論点に合う肢を選び直してください。;3:（3）「AB間の契約は、①では諾成契約であり、②では要物契約である。」は、単独の記述としては法令上妥当な場合がありますが、本問で選ぶべき正答は（4）「AはBに対して、甲建物の瑕疵について、①では担保責任を負う場合があるが、②では担保責任を負わない。」です。問題文の条件と照らし、設問が問う論点に合う肢を選び直してください。,正解は選択肢4です。 選択肢4の「AはBに対して、甲建物の瑕疵について、①では担保責任を負う場合があるが、②では...」という内容が結論に合います。,正解は選択肢4です。,
2015,平成27年度,4,single,権利関係,,A所有の甲土地を占有しているBによる権利の時効取得についての以下の記述のうち、 民法の規定と判例に照らすと、正しいものを選びなさい。,,,,,,Bが父から甲土地についての賃借権を相続により承継して賃料を払い続けているときであっても、相続から20年間甲土地を占有したときは、Bは、時効によって甲土地の所有権を取得できる。,Bの父が11年間所有の意思をもって平穏かつ公然に甲土地を占有した後、Bが相続によりその占有を承継し、引き続き9年間所有の意思をもって平穏かつ公然に占有していても、Bは、時効によって甲土地の所有権を取得できない。,Aから甲土地を買い受けたCが所有権の移転登記を備えた後に、Bについて甲土地所有権の取得時効が完成したとき、Bは、Cに対し、登記がなくても甲土地の所有者であることを主張できる。,甲土地が農地であるとき、BがAと甲土地につき賃貸借契約を締結して20年以上にわたって賃料を支払って継続的に耕作していても、農地法の許可がなければ、Bは、時効によって甲土地の賃借権を取得できない。,3,FALSE,FALSE,,正解は選択肢3です。この問はA所有の甲土地を占有しているBによる権利の時効取得について、問題文の条件を制度の要件・効果に当てはめる問題です。選択肢3の「Aから甲土地を買い受けたCが所有権の移転登記を備えた後に、Bについて甲土地所...」という内容が結論に合います。他の選択肢は、主体・手続・期間・効果などの点でずれています。,1:（1）「Bが父から甲土地についての賃借権を相続により承継して賃料を払い続けているときであっても、相続から20年間甲土地を占有したときは、Bは、時効によって甲土地の所有権を取得できる。」は、作業主任者の選任が必要な作業の組合せ（ACBBC）を含んでいません。解説のとおり、該当作業と非該当作業の区別を確認してください。 （1）「Bが父から甲土地についての賃借権を相続により承継して賃料を払い続けているときであっても、相続から…」について：他の選択肢は、主体・手続・期間・効果などの点でずれています。;2:（2）「Bの父が11年間所有の意思をもって平穏かつ公然に甲土地を占有した後、Bが相続によりその占有を承継し、引き続き9年間所有の意思をもって平穏かつ公然に占有していても、Bは、時効によって甲土地の所有権を取得できない。」は、作業主任者の選任が必要な作業の組合せ（ACBBC）を含んでいません。解説のとおり、該当作業と非該当作業の区別を確認してください。 （2）「Bの父が11年間所有の意思をもって平穏かつ公然に甲土地を占有した後、Bが相続によりその占有を承継…」について：他の選択肢は、主体・手続・期間・効果などの点でずれています。;4:（4）「甲土地が農地であるとき、BがAと甲土地につき賃貸借契約を締結して20年以上にわたって賃料を支払っ…」について：他の選択肢は、主体・手続・期間・効果などの点でずれています。,正解は選択肢3です。 選択肢3の「Aから甲土地を買い受けたCが所有権の移転登記を備えた後に、Bについて甲土地所...」という内容が結論に合います。,正解は選択肢3です。,
2015,平成27年度,5,single,権利関係,,占有についての以下の記述のうち、民法の規定と判例に照らすと、正しいものを選びなさい。,,,,,,甲建物の所有者Aが、甲建物の隣家に居住し、甲建物の裏口を常に監視して第三者の侵入を制止していたとしても、甲建物に錠をかけてその鍵を所持しない限り、Aが甲建物を占有しているとはいえない。,乙土地の所有者の相続人Bが、乙土地上の建物に居住しているCに対して乙土地の明渡しを求めた場合、Cは、占有者が占有物について行使する権利は適法であるとの推定規定を根拠として、明渡しを拒否できる。,丙土地の占有を代理しているDは、丙土地の占有が第三者に妨害されたときは、第三者に対して占有保持の訴えを提起できる。,占有回収の訴えは、占有を侵奪した者及びその特定承継人に対して当然に提起できる。,3,FALSE,FALSE,,正解は選択肢3です。この問は占有について、問題文の条件を制度の要件・効果に当てはめる問題です。選択肢3の「丙土地の占有を代理しているDは、丙土地の占有が第三者に妨害されたときは、第三者...」という内容が結論に合います。他の選択肢は、主体・手続・期間・効果などの点でずれています。,1:（1）「甲建物の所有者Aが、甲建物の隣家に居住し、甲建物の裏口を常に監視して第三者の侵入を制止していたと…」について：他の選択肢は、主体・手続・期間・効果などの点でずれています。;2:（2）「乙土地の所有者の相続人Bが、乙土地上の建物に居住しているCに対して乙土地の明渡しを求めた場合、C…」について：他の選択肢は、主体・手続・期間・効果などの点でずれています。;4:（4）「占有回収の訴えは、占有を侵奪した者及びその特定承継人に対して当然に提起できる。…」について：他の選択肢は、主体・手続・期間・効果などの点でずれています。,正解は選択肢3です。 選択肢3の「丙土地の占有を代理しているDは、丙土地の占有が第三者に妨害されたときは、第三者...」という内容が結論に合います。,正解は選択肢3です。,
2015,平成27年度,6,single,権利関係,,抵当権についての以下の記述のうち、民法の規定と判例に照らすと、誤っているものを選びなさい。,,,,,,賃借地上の建物が抵当権の目的となっているときは、一定の場合を除き、敷地の賃借権にも抵当権の効力が及ぶ。,抵当不動産の被担保債権の主債務者は、抵当権消滅請求をできないが、その債務について連帯保証をした者は、抵当権消滅請求をできる。,抵当不動産を買い受けた第三者が、抵当権者の請求に応じてその代価を抵当権者に弁済したときは、抵当権はその第三者のために消滅する。,土地に抵当権が設定された後に抵当地に建物が築造されたときは、一定の場合を除き、抵当権者は土地とともに建物を競売できるが、その優先権は土地の代価についてのみ行使できる。,2,FALSE,FALSE,,正解は選択肢2です。この問は抵当権について、問題文の条件を制度の要件・効果に当てはめる問題です。選択肢2の「抵当不動産の被担保債権の主債務者は、抵当権消滅請求をできないが、その債務につい...」という内容が結論に合います。他の選択肢は、主体・手続・期間・効果などの点でずれています。,1:（1）「賃借地上の建物が抵当権の目的となっているときは、一定の場合を除き、敷地の賃借権にも抵当権の効力が…」について：他の選択肢は、主体・手続・期間・効果などの点でずれています。;3:（3）「抵当不動産を買い受けた第三者が、抵当権者の請求に応じてその代価を抵当権者に弁済したときは、抵当権…」について：他の選択肢は、主体・手続・期間・効果などの点でずれています。;4:（4）「土地に抵当権が設定された後に抵当地に建物が築造されたときは、一定の場合を除き、抵当権者は土地とと…」について：他の選択肢は、主体・手続・期間・効果などの点でずれています。,正解は選択肢2です。 選択肢2の「抵当不動産の被担保債権の主債務者は、抵当権消滅請求をできないが、その債務につい...」という内容が結論に合います。,正解は選択肢2です。,
2015,平成27年度,7,single,権利関係,,"債務者Aが所有する甲土地には、債権者Bが一番抵当権(債権額2,000万円)、 債権者Cが二番抵当権(債権額2,400万円)、債権者Dが三番抵当権(債権額4,000万円)をそれぞれ有しており、Aにはその他に担保権を有しない債権者E(債権額2,000万円)がいる。 甲土地の競売に基づく売却代金5,400万円を配当する場合についての以下の記述のうち、民法の規定に照らすと、誤っているものを選びなさい。",,,,,,BがEの利益のため、抵当権を譲渡したとき、Bの受ける配当は0円である。,BがDの利益のため、抵当権の順位を譲渡したとき、Bの受ける配当は800万円である。,"BがEの利益のため、抵当権を放棄したとき、Bの受ける配当は1,000万円である。","BがDの利益のため、抵当権の順位を放棄したとき、Bの受ける配当は1,000万円である。",2,FALSE,FALSE,,正解は選択肢2です。この問は権利関係について、問題文の条件を制度の要件・効果に当てはめる問題です。選択肢2の「BがDの利益のため、抵当権の順位を譲渡したとき、Bの受ける配当は800万円である。」という内容が結論に合います。他の選択肢は、主体・手続・期間・効果などの点でずれています。,"1:（1）「BがEの利益のため、抵当権を譲渡したとき、Bの受ける配当は0円である。」は、作業主任者の選任が必要な作業の組合せ（BDB）を含んでいません。解説のとおり、該当作業と非該当作業の区別を確認してください。 （1）「BがEの利益のため、抵当権を譲渡したとき、Bの受ける配当は0円である。…」について：他の選択肢は、主体・手続・期間・効果などの点でずれています。;3:（3）「BがEの利益のため、抵当権を放棄したとき、Bの受ける配当は1,000万円である。」は、作業主任者の選任が必要な作業の組合せ（BDB）を含んでいません。解説のとおり、該当作業と非該当作業の区別を確認してください。 （3）「BがEの利益のため、抵当権を放棄したとき、Bの受ける配当は1,000万円である。…」について：他の選択肢は、主体・手続・期間・効果などの点でずれています。;4:（4）「BがDの利益のため、抵当権の順位を放棄したとき、Bの受ける配当は1,000万円である。」は、作業主任者の選任が必要な作業の組合せ（BDB）を含んでいません。解説のとおり、該当作業と非該当作業の区別を確認してください。 （4）「BがDの利益のため、抵当権の順位を放棄したとき、Bの受ける配当は1,000万円である。…」について：他の選択肢は、主体・手続・期間・効果などの点でずれています。",正解は選択肢2です。 選択肢2の「BがDの利益のため、抵当権の順位を譲渡したとき、Bの受ける配当は800万円である。,正解は選択肢2です。,
2015,平成27年度,8,single,権利関係,,同時履行の抗弁権についての以下の記述のうち、民法の規定と判例に照らすと、正しいものがいくつあるか選びなさい。 ア マンションの賃貸借契約終了に伴う賃貸人の敷金返還債務と、賃借人の明渡債務は、特別の約定のない限り、同時履行の関係に立つ。 イ マンションの売買契約がマンション引渡し後に債務不履行を理由に解除された場合、契約は遡及的に消滅するため、売主の代金返還債務と、買主の目的物返還債務は、同時履行の関係に立たない。 ウ マンションの売買契約に基づく買主の売買代金支払債務と、売主の所有権移転登記に協力する債務は、特別の事情のない限り、同時履行の関係に立つ。,,,,,,正しい記述は一つである。,正しい記述は二つである。,正しい記述は三つである。,正しい記述はない。,1,FALSE,FALSE,,正解は選択肢1です。正しい記述は一つである。 各記述を個別に判定し、正しいもの・誤っているもの・違反するものなどの数を数える問題です。,2:（2）「正しい記述は二つである。」は、単独の記述としては法令上妥当な場合がありますが、本問で選ぶべき正答は（1）「正しい記述は一つである。」です。問題文の条件（同時履行の抗弁権についての以下の記述のうち、民法の規定と判例に照らすと、正しいものがいくつあるか…）と照らし、設問が問う論点に合う肢を選び直してください。;3:（3）「正しい記述は三つである。」は、単独の記述としては法令上妥当な場合がありますが、本問で選ぶべき正答は（1）「正しい記述は一つである。」です。問題文の条件（同時履行の抗弁権についての以下の記述のうち、民法の規定と判例に照らすと、正しいものがいくつあるか…）と照らし、設問が問う論点に合う肢を選び直してください。;4:（4）「正しい記述はない。」は、単独の記述としては法令上妥当な場合がありますが、本問で選ぶべき正答は（1）「正しい記述は一つである。」です。問題文の条件（同時履行の抗弁権についての以下の記述のうち、民法の規定と判例に照らすと、正しいものがいくつあるか…）と照らし、設問が問う論点に合う肢を選び直してください。,正解は選択肢1です。 正しい記述は一つである。,正解は選択肢1です。,
2015,平成27年度,9,single,権利関係,,土地の転貸借に関する以下の1から4までの記述のうち、民法の規定、判例及び下記判決文によれば、誤っているものを選びなさい。 (判決文) 土地の賃借人が賃貸人の承諾を得ることなく右土地を他に転貸しても、転貸について賃貸人に対する背信行為と認めるに足りない特段の事情があるため賃貸人が民法第612条第2項により賃貸借を解除することができない場合において、賃貸人が賃借人(転貸人)と賃貸借を合意解除しても、これが賃借人の賃料不払等の債務不履行があるため賃貸人において、法定解除権の行使ができるときにされたものである等の事情のない限り、賃貸人は、転借人に対して右合意解除の効果を対抗することができず、したがって、転借人に対して賃貸土地の明渡を請求することはできないものと解するのが相当である。,,,,,,土地の賃借人が無断転貸したときに賃貸人に対する背信行為と認めるに足りない特段の事情があるため賃貸人が無断転貸を理由に賃貸借契約を解除できないときであっても、 賃貸借契約を合意解除したときは、賃貸人は転借人に対して賃貸土地の明渡しを請求できる。,土地の賃貸人が転貸借について承諾を与えたときは、賃貸人は、無断転貸を理由としては賃貸借契約を解除できないが、賃借人と賃貸借契約を合意解除することは可能である。,土地の賃借人が無断転貸したとき、賃貸人は、賃貸借契約を民法第612条第2項により解除できる場合とできない場合があり、土地の賃借人が賃料を支払わない場合にも、賃貸人において法定解除権を行使できる場合とできない場合がある。,土地の賃借人が無断転貸したとき、転借人は、賃貸人と賃借人との間で賃貸借契約が合意解除されたとしても、賃貸人からの賃貸土地の明渡し請求を拒絶できる場合がある。,1,FALSE,FALSE,,正解は選択肢1です。この問は土地の転貸借について、問題文の条件を制度の要件・効果に当てはめる問題です。選択肢1の「土地の賃借人が無断転貸したときに賃貸人に対する背信行為と認めるに足りない特段の...」という内容が結論に合います。他の選択肢は、主体・手続・期間・効果などの点でずれています。,2:（2）「土地の賃貸人が転貸借について承諾を与えたときは、賃貸人は、無断転貸を理由としては賃貸借契約を解除…」について：他の選択肢は、主体・手続・期間・効果などの点でずれています。;3:（3）「土地の賃借人が無断転貸したとき、賃貸人は、賃貸借契約を民法第612条第2項により解除できる場合と…」について：他の選択肢は、主体・手続・期間・効果などの点でずれています。;4:（4）「土地の賃借人が無断転貸したとき、転借人は、賃貸人と賃借人との間で賃貸借契約が合意解除されたとして…」について：他の選択肢は、主体・手続・期間・効果などの点でずれています。,正解は選択肢1です。 選択肢1の「土地の賃借人が無断転貸したときに賃貸人に対する背信行為と認めるに足りない特段の...」という内容が結論に合います。,正解は選択肢1です。,
2015,平成27年度,10,single,権利関係,,遺言及び遺留分についての以下の記述のうち、民法の規定と判例に照らすと、正しいものを選びなさい。,,,,,,自筆証書の内容を遺言者が一部削除する場合、遺言者が変更する箇所に二重線を引いて、 その箇所に押印するだけで、一部削除の効力が生ずる。,自筆証書による遺言をする場合、遺言書の本文の自署名下に押印がなければ、自署と離れた箇所に押印があっても、押印の要件として有効となることはない。,遺言執行者が管理する相続財産を相続人が無断で処分したとき、当該処分行為は、遺言執行者に対する関係で無効となるが、第三者に対する関係では無効とならない。,被相続人がした贈与が遺留分減殺請求により全部失効したとき、受贈者が贈与に基づいて目的物の占有を平穏かつ公然に20年間継続したとしても、その目的物を時効取得できない。,4,FALSE,FALSE,,正解は選択肢4です。この問は遺言及び遺留分について、問題文の条件を制度の要件・効果に当てはめる問題です。選択肢4の「被相続人がした贈与が遺留分減殺請求により全部失効したとき、受贈者が贈与に基づい...」という内容が結論に合います。他の選択肢は、主体・手続・期間・効果などの点でずれています。,1:（1）「自筆証書の内容を遺言者が一部削除する場合、遺言者が変更する箇所に二重線を引いて、 その箇所に押印…」について：他の選択肢は、主体・手続・期間・効果などの点でずれています。;2:（2）「自筆証書による遺言をする場合、遺言書の本文の自署名下に押印がなければ、自署と離れた箇所に押印があ…」について：他の選択肢は、主体・手続・期間・効果などの点でずれています。;3:（3）「遺言執行者が管理する相続財産を相続人が無断で処分したとき、当該処分行為は、遺言執行者に対する関係…」について：他の選択肢は、主体・手続・期間・効果などの点でずれています。,正解は選択肢4です。 選択肢4の「被相続人がした贈与が遺留分減殺請求により全部失効したとき、受贈者が贈与に基づい...」という内容が結論に合います。,正解は選択肢4です。,
2015,平成27年度,11,single,権利関係,,AがBとの間で、A所有の甲建物について、期間3年、賃料月額10万円と定めた賃貸借契約を締結した場合についての以下の記述のうち、民法及び借地借家法の規定並びに判例に照らすと、正しいものを選びなさい。,,,,,,AがBに対し、賃貸借契約の期間満了の6か月前までに更新しないという通知をしなかったときは、AとBは、期間3年、賃料月額10万円の条件で賃貸借契約を更新したものとみなされる。,賃貸借契約を期間を定めずに合意により更新した後に、AがBに書面で解約の申入れをしたときは、申入れの日から3か月後に賃貸借契約は終了する。,Cが、AB間の賃貸借契約締結前に、Aと甲建物の賃貸借契約を締結していた場合、Aが Bに甲建物を引き渡しても、Cは、甲建物の賃借権をBに対抗できる。,AB間の賃貸借契約がBの賃料不払を理由として解除された場合、BはAに対して、Aの同意を得てBが建物に付加した造作の買取りを請求できない。,4,FALSE,FALSE,,正解は選択肢4です。この問はAがBとの間で、A所有の甲建物について、問題文の条件を制度の要件・効果に当てはめる問題です。選択肢4の「AB間の賃貸借契約がBの賃料不払を理由として解除された場合、BはAに対して、...」という内容が結論に合います。他の選択肢は、主体・手続・期間・効果などの点でずれています。,1:（1）「AがBに対し、賃貸借契約の期間満了の6か月前までに更新しないという通知をしなかったときは、AとBは、期間3年、賃料月額10万円の条件で賃貸借契約を更新したものとみなされる。」は、作業主任者の選任が必要な作業の組合せ（ABBBAAB）を含んでいません。解説のとおり、該当作業と非該当作業の区別を確認してください。 （1）「AがBに対し、賃貸借契約の期間満了の6か月前までに更新しないという通知をしなかったときは、AとB…」について：他の選択肢は、主体・手続・期間・効果などの点でずれています。;2:（2）「賃貸借契約を期間を定めずに合意により更新した後に、AがBに書面で解約の申入れをしたときは、申入れ…」について：他の選択肢は、主体・手続・期間・効果などの点でずれています。;3:（3）「Cが、AB間の賃貸借契約締結前に、Aと甲建物の賃貸借契約を締結していた場合、Aが Bに甲建物を引き渡しても、Cは、甲建物の賃借権をBに対抗できる。」は、作業主任者の選任が必要な作業の組合せ（ABBBAAB）を含んでいません。解説のとおり、該当作業と非該当作業の区別を確認してください。 （3）「Cが、AB間の賃貸借契約締結前に、Aと甲建物の賃貸借契約を締結していた場合、Aが Bに甲建物を引…」について：他の選択肢は、主体・手続・期間・効果などの点でずれています。,正解は選択肢4です。 選択肢4の「AB間の賃貸借契約がBの賃料不払を理由として解除された場合、BはAに対して、...」という内容が結論に合います。,正解は選択肢4です。,
2015,平成27年度,12,single,権利関係,,賃貸人と賃借人との間で、建物につき、期間5年として借地借家法第38条に定める定期借家契約(以下「定期借家契約」という。)を締結する場合と、期間5年として定期借家契約ではない借家契約(以下「普通借家契約」という。)を締結する場合についての以下の記述のうち、民法及び借地借家法の規定に照らすと、正しいものを選びなさい。なお、借地借家法第40条に定める一時使用目的の賃貸借契約は考慮しないものとして扱う。,,,,,,賃借権の登記をしない限り賃借人は賃借権を第三者に対抗できないという内容の特約を定めた場合、定期借家契約においても、普通借家契約においても、当該特約は無効である。,賃貸借契約開始から3年間は賃料を増額しないという内容の特約を定めた場合、定期借家契約においても、普通借家契約においても、当該特約は無効である。,期間満了により賃貸借契約が終了する際に賃借人は造作買取請求をできない旨の規定は、定期借家契約では有効であるが、普通借家契約では無効である。,賃貸人も賃借人も契約期間中の中途解約をできない旨の規定は、定期借家契約では有効であるが、普通借家契約では無効である。,1,FALSE,FALSE,,正解は選択肢1です。この問は権利関係について、問題文の条件を制度の要件・効果に当てはめる問題です。選択肢1の「賃借権の登記をしない限り賃借人は賃借権を第三者に対抗できないという内容の特約を...」という内容が結論に合います。他の選択肢は、主体・手続・期間・効果などの点でずれています。,2:（2）「賃貸借契約開始から3年間は賃料を増額しないという内容の特約を定めた場合、定期借家契約においても、…」について：他の選択肢は、主体・手続・期間・効果などの点でずれています。;3:（3）「期間満了により賃貸借契約が終了する際に賃借人は造作買取請求をできない旨の規定は、定期借家契約では…」について：他の選択肢は、主体・手続・期間・効果などの点でずれています。;4:（4）「賃貸人も賃借人も契約期間中の中途解約をできない旨の規定は、定期借家契約では有効であるが、普通借家…」について：他の選択肢は、主体・手続・期間・効果などの点でずれています。,正解は選択肢1です。 選択肢1の「賃借権の登記をしない限り賃借人は賃借権を第三者に対抗できないという内容の特約を...」という内容が結論に合います。,正解は選択肢1です。,
2015,平成27年度,13,single,権利関係,,建物の区分所有等に関する法律についての以下の記述のうち、正しいものを選びなさい。,,,,,,管理者が選任されていない場合、集会においては、規約に別段の定めがあるとき及び別段の決議をしたときを除いて、集会を招集した区分所有者の1人が議長となる。,集会の招集の通知は、会日より少なくとも2週間前に発する必要があるが、この期間は規約で伸縮できる。,集会の議事録が書面で作成されているときは、議長及び集会に出席した区分所有者の1人がこれに署名し、押印をする必要がある。,区分所有者は、規約に別段の定めがない限り集会の決議によって、管理者を選任できる。このとき、任期は2年以内とする必要がある。,1,FALSE,FALSE,,正解は選択肢1です。この問は建物の区分所有等について、問題文の条件を制度の要件・効果に当てはめる問題です。選択肢1の「管理者が選任されていない場合、集会においては、規約に別段の定めがあるとき及び別...」という内容が結論に合います。他の選択肢は、主体・手続・期間・効果などの点でずれています。,2:（2）「集会の招集の通知は、会日より少なくとも2週間前に発する必要があるが、この期間は規約で伸縮できる。…」について：他の選択肢は、主体・手続・期間・効果などの点でずれています。;3:（3）「集会の議事録が書面で作成されているときは、議長及び集会に出席した区分所有者の1人がこれに署名し、…」について：他の選択肢は、主体・手続・期間・効果などの点でずれています。;4:（4）「区分所有者は、規約に別段の定めがない限り集会の決議によって、管理者を選任できる。このとき、任期は…」について：他の選択肢は、主体・手続・期間・効果などの点でずれています。,正解は選択肢1です。 選択肢1の「管理者が選任されていない場合、集会においては、規約に別段の定めがあるとき及び別...」という内容が結論に合います。,正解は選択肢1です。,
2015,平成27年度,14,single,権利関係,,不動産の登記についての以下の記述のうち、不動産登記法の規定に照らすと、誤っているものを選びなさい。,,,,,,登記事項証明書の交付の請求は、利害関係を有することを明らかにすることなしにできる。,土地所在図、地積測量図、地役権図面、建物図面及び各階平面図を除く登記簿の附属書類の閲覧の請求は、請求人が利害関係を有する部分に限り、できる。,登記事項証明書の交付の請求は、請求情報を電子情報処理組織を使用して登記所に提供する方法によりできる。,筆界特定書の写しの交付の請求は、請求人が利害関係を有する部分に限り、できる。,4,FALSE,FALSE,,正解は選択肢4です。この問は不動産の登記について、問題文の条件を制度の要件・効果に当てはめる問題です。選択肢4の「筆界特定書の写しの交付の請求は、請求人が利害関係を有する部分に限り、できる。」という内容が結論に合います。他の選択肢は、主体・手続・期間・効果などの点でずれています。,1:（1）「登記事項証明書の交付の請求は、利害関係を有することを明らかにすることなしにできる。…」について：他の選択肢は、主体・手続・期間・効果などの点でずれています。;2:（2）「土地所在図、地積測量図、地役権図面、建物図面及び各階平面図を除く登記簿の附属書類の閲覧の請求は、…」について：他の選択肢は、主体・手続・期間・効果などの点でずれています。;3:（3）「登記事項証明書の交付の請求は、請求情報を電子情報処理組織を使用して登記所に提供する方法によりでき…」について：他の選択肢は、主体・手続・期間・効果などの点でずれています。,正解は選択肢4です。 選択肢4の「筆界特定書の写しの交付の請求は、請求人が利害関係を有する部分に限り、できる。,正解は選択肢4です。,
2015,平成27年度,15,single,法令上の制限,,都市計画法についての以下の記述のうち、正しいものを選びなさい。なお、本問では「都道府県知事」とは、地方自治法に基づく指定都市、中核市及び、施行時特例市にあってはその長をいうものとして扱う。,,,,,,市街化区域内において開発許可を受けた者が、開発区域の規模を100㎡に縮小しようとするときには、都道府県知事の許可を受けなければならない。,開発許可を受けた開発区域内の土地において、当該開発許可に係る予定建築物を建築しようとする者は、当該建築行為に着手する日の30日前までに、一定の事項を都道府県知事に届け出なければならない。,開発許可を受けた開発区域内において、開発行為に関する工事の完了の公告があるまでの間に、当該開発区域内に土地所有権を有する者のうち、当該開発行為に関して同意をしていない者がその権利の行使として建築物を建築する場合については、都道府県知事が支障がないと認めたときでなければ、当該建築物を建築できない。,何人も、市街化調整区域のうち開発許可を受けた開発区域以外の区域内において、都道府県知事の許可を受けることなく、仮設建築物を新築できる。,4,FALSE,FALSE,,正解は選択肢4です。この問は都市計画法について、問題文の条件を制度の要件・効果に当てはめる問題です。選択肢4の「何人も、市街化調整区域のうち開発許可を受けた開発区域以外の区域内において、都道...」という内容が結論に合います。他の選択肢は、主体・手続・期間・効果などの点でずれています。,1:（1）「市街化区域内において開発許可を受けた者が、開発区域の規模を100㎡に縮小しようとするときには、都…」について：他の選択肢は、主体・手続・期間・効果などの点でずれています。;2:（2）「開発許可を受けた開発区域内の土地において、当該開発許可に係る予定建築物を建築しようとする者は、当…」について：他の選択肢は、主体・手続・期間・効果などの点でずれています。;3:（3）「開発許可を受けた開発区域内において、開発行為に関する工事の完了の公告があるまでの間に、当該開発区…」について：他の選択肢は、主体・手続・期間・効果などの点でずれています。,正解は選択肢4です。 選択肢4の「何人も、市街化調整区域のうち開発許可を受けた開発区域以外の区域内において、都道...」という内容が結論に合います。,正解は選択肢4です。,
2015,平成27年度,16,single,法令上の制限,,都市計画法についての以下の記述のうち、正しいものを選びなさい。,,,,,,第二種住居地域における地区計画については、一定の条件に該当する場合、開発整備促進区を都市計画に定めることができる。,準都市計画区域について無秩序な市街化を防止し、計画的な市街化を図るため必要があるときは、都市計画に、区域区分を定めることができる。,工業専用地域は、工業の利便を増進するため定める地域であり、風致地区に隣接してはいけない。,市町村が定めた都市計画が、都道府県が定めた都市計画と抵触するときは、その限りにおいて、市町村が定めた都市計画が優先する。,1,FALSE,FALSE,,正解は選択肢1です。この問は都市計画法について、問題文の条件を制度の要件・効果に当てはめる問題です。選択肢1の「第二種住居地域における地区計画については、一定の条件に該当する場合、開発整備促...」という内容が結論に合います。他の選択肢は、主体・手続・期間・効果などの点でずれています。,2:（2）「準都市計画区域について無秩序な市街化を防止し、計画的な市街化を図るため必要があるときは、都市計画…」について：他の選択肢は、主体・手続・期間・効果などの点でずれています。;3:（3）「工業専用地域は、工業の利便を増進するため定める地域であり、風致地区に隣接してはいけない。…」について：他の選択肢は、主体・手続・期間・効果などの点でずれています。;4:（4）「市町村が定めた都市計画が、都道府県が定めた都市計画と抵触するときは、その限りにおいて、市町村が定…」について：他の選択肢は、主体・手続・期間・効果などの点でずれています。,正解は選択肢1です。 選択肢1の「第二種住居地域における地区計画については、一定の条件に該当する場合、開発整備促...」という内容が結論に合います。,正解は選択肢1です。,
2015,平成27年度,17,single,法令上の制限,,建築基準法についての以下の記述のうち、誤っているものを選びなさい。,,,,,,防火地域及び準防火地域外において建築物を改築する場合で、その改築に係る部分の床面積の合計が10ぱ以内であるときは、建築確認は不要である。,都市計画区域外において高さ12m、階数が3階の木造建築物を新築する場合、建築確認が必要である。,事務所の用途に供する建築物をホテル(その用途に供する部分の床面積の合計が500ぱ) に用途変更する場合、建築確認は不要である。,映画館の用途に供する建築物で、その用途に供する部分の床面積の合計が300ばであるものの改築をしようとする場合、建築確認が必要である。,3,FALSE,FALSE,,正解は選択肢3です。この問は建築基準法について、問題文の条件を制度の要件・効果に当てはめる問題です。選択肢3の「事務所の用途に供する建築物をホテル(その用途に供する部分の床面積の合計が500...」という内容が結論に合います。他の選択肢は、主体・手続・期間・効果などの点でずれています。,1:（1）「防火地域及び準防火地域外において建築物を改築する場合で、その改築に係る部分の床面積の合計が10ぱ…」について：他の選択肢は、主体・手続・期間・効果などの点でずれています。;2:（2）「都市計画区域外において高さ12m、階数が3階の木造建築物を新築する場合、建築確認が必要である。…」について：他の選択肢は、主体・手続・期間・効果などの点でずれています。;4:（4）「映画館の用途に供する建築物で、その用途に供する部分の床面積の合計が300ばであるものの改築をしよ…」について：他の選択肢は、主体・手続・期間・効果などの点でずれています。,正解は選択肢3です。 選択肢3の「事務所の用途に供する建築物をホテル(その用途に供する部分の床面積の合計が500...」という内容が結論に合います。,正解は選択肢3です。,
2015,平成27年度,18,single,法令上の制限,,建築基準法についての以下の記述のうち、誤っているものを選びなさい。,,,,,,建築物の容積率の算定の基礎となる延べ面積には、エレベーターの昇降路の部分又は共同住宅の共用の廊下若しくは階段の用に供する部分の床面積は、一定の場合を除き、算入しない。,建築物の敷地が建ぺい率に関する制限を受ける地域又は区域の2以上にわたるときには、当該建築物の建ぺい率は、当該各地域又は区域内の建築物の建ぺい率の限度の合計の 2分の1以下でなければならない。,地盤面下に設ける建築物については、道路内に建築できる。,建築協定の目的となっている建築物に関する基準が建築物の借主の権限に係るときには、その建築協定については、当該建築物の借主は、土地の所有者等とみなす。,2,FALSE,FALSE,,正解は選択肢2です。この問は建築基準法について、問題文の条件を制度の要件・効果に当てはめる問題です。選択肢2の「建築物の敷地が建ぺい率に関する制限を受ける地域又は区域の2以上にわたるときには...」という内容が結論に合います。他の選択肢は、主体・手続・期間・効果などの点でずれています。,1:（1）「建築物の容積率の算定の基礎となる延べ面積には、エレベーターの昇降路の部分又は共同住宅の共用の廊下…」について：他の選択肢は、主体・手続・期間・効果などの点でずれています。;3:（3）「地盤面下に設ける建築物については、道路内に建築できる。…」について：他の選択肢は、主体・手続・期間・効果などの点でずれています。;4:（4）「建築協定の目的となっている建築物に関する基準が建築物の借主の権限に係るときには、その建築協定につ…」について：他の選択肢は、主体・手続・期間・効果などの点でずれています。,正解は選択肢2です。 選択肢2の「建築物の敷地が建ぺい率に関する制限を受ける地域又は区域の2以上にわたるときには...」という内容が結論に合います。,正解は選択肢2です。,
2015,平成27年度,19,single,法令上の制限,,宅地造成等規制法についての以下の記述のうち、誤っているものを選びなさい。なお、本問では「都道府県知事」とは、地方自治法に基づく指定都市、中核市及び施行時特例市にあってはその長をいうものとして扱う。,,,,,,都道府県知事は、宅地造成工事規制区域内の宅地について、宅地造成に伴う災害を防止するために必要があると認めるときは、その宅地の所有者に対して、擁壁等の設置等の措置をとることを勧告できる。,宅地造成工事規制区域の指定の際に、当該宅地造成工事規制区域内において宅地造成工事を行っている者は、当該工事について改めて都道府県知事の許可を受けなければならない。,宅地造成に関する工事の許可を受けた者が、工事施行者を変更するときは、遅滞なくその内容を都道府県知事に届け出ればよく、改めて許可を受ける必要はない。,宅地造成工事規制区域内において、宅地を造成するために切土をする土地の面積が500ばであって盛土が生じない場合、切土をした部分に生じる崖の高さが1.5mであれば、都道府県知事の許可は必要ない。,2,FALSE,FALSE,,正解は選択肢2です。この問は宅地造成等規制法について、問題文の条件を制度の要件・効果に当てはめる問題です。選択肢2の「宅地造成工事規制区域の指定の際に、当該宅地造成工事規制区域内において宅地造成工...」という内容が結論に合います。他の選択肢は、主体・手続・期間・効果などの点でずれています。,1:（1）「都道府県知事は、宅地造成工事規制区域内の宅地について、宅地造成に伴う災害を防止するために必要があ…」について：他の選択肢は、主体・手続・期間・効果などの点でずれています。;3:（3）「宅地造成に関する工事の許可を受けた者が、工事施行者を変更するときは、遅滞なくその内容を都道府県知…」について：他の選択肢は、主体・手続・期間・効果などの点でずれています。;4:（4）「宅地造成工事規制区域内において、宅地を造成するために切土をする土地の面積が500ばであって盛土が…」について：他の選択肢は、主体・手続・期間・効果などの点でずれています。,正解は選択肢2です。 選択肢2の「宅地造成工事規制区域の指定の際に、当該宅地造成工事規制区域内において宅地造成工...」という内容が結論に合います。,正解は選択肢2です。,
2015,平成27年度,20,single,法令上の制限,,土地区画整理法についての以下の記述のうち、誤っているものを選びなさい。,,,,,,仮換地の指定は、その仮換地となるべき土地の所有者及び従前の宅地の所有者に対し、仮換地の位置及び地積並びに仮換地の指定の効力発生の日を通知してする。,施行地区内の宅地について存する地役権は、土地区画整理事業の施行により行使する利益がなくなった場合を除き、換地処分があった旨の公告があった日の翌日以後においても、なお従前の宅地の上に存する。,換地計画において定められた保留地は、換地処分があった旨の公告があった日の翌日において、施行者が取得する。,土地区画整理事業の施行により生じた公共施設の用に供する土地は、換地処分があった旨の公告があった日の翌日において、すべて市町村に帰属する。,4,FALSE,FALSE,,正解は選択肢4です。この問は土地区画整理法について、問題文の条件を制度の要件・効果に当てはめる問題です。選択肢4の「土地区画整理事業の施行により生じた公共施設の用に供する土地は、換地処分があった...」という内容が結論に合います。他の選択肢は、主体・手続・期間・効果などの点でずれています。,1:（1）「仮換地の指定は、その仮換地となるべき土地の所有者及び従前の宅地の所有者に対し、仮換地の位置及び地…」について：他の選択肢は、主体・手続・期間・効果などの点でずれています。;2:（2）「施行地区内の宅地について存する地役権は、土地区画整理事業の施行により行使する利益がなくなった場合…」について：他の選択肢は、主体・手続・期間・効果などの点でずれています。;3:（3）「換地計画において定められた保留地は、換地処分があった旨の公告があった日の翌日において、施行者が取…」について：他の選択肢は、主体・手続・期間・効果などの点でずれています。,正解は選択肢4です。 選択肢4の「土地区画整理事業の施行により生じた公共施設の用に供する土地は、換地処分があった...」という内容が結論に合います。,正解は選択肢4です。,
2015,平成27年度,21,single,法令上の制限,,国土利用計画法第23条の事後届出(以下、本問では「事後届出」という。) についての以下の記述のうち、正しいものを選びなさい。,,,,,,都市計画区域外においてAが所有する面積12.000ぱの土地について、Aの死亡により当該土地を相続したBは、事後届出を行う必要はない。,"市街化区域においてAが所有する面積3,000㎡の土地について、Bが購入したとき、A及びBは事後届出を行わなければならない。",市街化調整区域に所在する農地法第3条第1項の許可を受けた面積6.000ぱの農地を購入したAは、事後届出を行わなければならない。,"市街化区域に所在する一団の土地である甲土地(面積1,500㎡)と乙土地(面積1,500㎡)について、甲土地については売買によって所有権を取得し、乙土地については対価の授受を伴わず賃借権の設定を受けたAは、事後届出を行わなければならない。",1,FALSE,FALSE,,正解は選択肢1です。この問は国土利用計画法第23条の事後届出(以下、本問では「事後届出」という。)について、問題文の条件を制度の要件・効果に当てはめる問題です。選択肢1の「都市計画区域外においてAが所有する面積12.000ぱの土地について、Aの死亡...」という内容が結論に合います。他の選択肢は、主体・手続・期間・効果などの点でずれています。,"2:（2）「市街化区域においてAが所有する面積3,000㎡の土地について、Bが購入したとき、A及びBは事後届…」について：他の選択肢は、主体・手続・期間・効果などの点でずれています。;3:（3）「市街化調整区域に所在する農地法第3条第1項の許可を受けた面積6.000ぱの農地を購入したAは、事…」について：他の選択肢は、主体・手続・期間・効果などの点でずれています。;4:（4）「市街化区域に所在する一団の土地である甲土地(面積1,500㎡)と乙土地(面積1,500㎡)につい…」について：他の選択肢は、主体・手続・期間・効果などの点でずれています。",正解は選択肢1です。 選択肢1の「都市計画区域外においてAが所有する面積12.000ぱの土地について、Aの死亡...」という内容が結論に合います。,正解は選択肢1です。,
2015,平成27年度,22,single,法令上の制限,,農地についての以下の記述のうち、農地法(以下、本問では「法」という。)の規定に照らすと、正しいものを選びなさい。,,,,,,市街化区域内の農地を耕作目的で取得するときは、あらかじめ農業委員会に届け出れば、 法第3条第1項の許可を受ける必要はない。,農業者が自己所有の市街化区域外の農地に賃貸住宅を建設するため転用するときは、法第4条第1項の許可を受ける必要はない。,農業者が自己所有の市街化区域外の農地に自己の居住用の住宅を建設するため転用するときは、法第4条第1項の許可を受ける必要はない。,農業者が住宅の改築に必要な資金を銀行から借りるため、市街化区域外の農地に抵当権の設定が行わが、その後、返済が滞ったため当該抵当権に基づき競売が行われ第三者が当該農地を取得するときであっても、法第3条第1項又は法第5条第1項の許可を受ける必要がある。,4,FALSE,FALSE,,正解は選択肢4です。この問は農地について、問題文の条件を制度の要件・効果に当てはめる問題です。選択肢4の「農業者が住宅の改築に必要な資金を銀行から借りるため、市街化区域外の農地に抵当権...」という内容が結論に合います。他の選択肢は、主体・手続・期間・効果などの点でずれています。,1:（1）「市街化区域内の農地を耕作目的で取得するときは、あらかじめ農業委員会に届け出れば、 法第3条第1項…」について：他の選択肢は、主体・手続・期間・効果などの点でずれています。;2:（2）「農業者が自己所有の市街化区域外の農地に賃貸住宅を建設するため転用するときは、法第4条第1項の許可…」について：他の選択肢は、主体・手続・期間・効果などの点でずれています。;3:（3）「農業者が自己所有の市街化区域外の農地に自己の居住用の住宅を建設するため転用するときは、法第4条第…」について：他の選択肢は、主体・手続・期間・効果などの点でずれています。,正解は選択肢4です。 選択肢4の「農業者が住宅の改築に必要な資金を銀行から借りるため、市街化区域外の農地に抵当権...」という内容が結論に合います。,正解は選択肢4です。,
2015,平成27年度,23,single,税・その他,,i直系尊属から住宅取得等資金の贈与を受けた場合の贈与税の非課税」についての以下の記述のうち、正しいものを選びなさい。,,,,,,直系尊属から住宅用の家屋の贈与を受けたときでも、この特例の適用を受けることができる。,日本国外に住宅用の家屋を新築したときでも、この特例の適用を受けることができる。,贈与者が住宅取得等資金の贈与をLた年の1月1日において60歳未満の場合でも、この特例の適用を受けることができる。,"受贈者について、住宅取得等資金の贈与を受けた年の所得税法に定める合計所得金額が 2,000万円を超える場合でも、この特例の適用を受けることができる。",3,FALSE,FALSE,,正解は選択肢3です。この問はi直系尊属から住宅取得等資金の贈与を受けた場合の贈与税の非課税」について、問題文の条件を制度の要件・効果に当てはめる問題です。選択肢3の「贈与者が住宅取得等資金の贈与をLた年の1月1日において60歳未満の場合でも、こ...」という内容が結論に合います。他の選択肢は、主体・手続・期間・効果などの点でずれています。,"1:（1）「直系尊属から住宅用の家屋の贈与を受けたときでも、この特例の適用を受けることができる。…」について：他の選択肢は、主体・手続・期間・効果などの点でずれています。;2:（2）「日本国外に住宅用の家屋を新築したときでも、この特例の適用を受けることができる。…」について：他の選択肢は、主体・手続・期間・効果などの点でずれています。;4:（4）「受贈者について、住宅取得等資金の贈与を受けた年の所得税法に定める合計所得金額が 2,000万円を…」について：他の選択肢は、主体・手続・期間・効果などの点でずれています。",正解は選択肢3です。 選択肢3の「贈与者が住宅取得等資金の贈与をLた年の1月1日において60歳未満の場合でも、こ...」という内容が結論に合います。,正解は選択肢3です。,
2015,平成27年度,24,single,税・その他,,固定資産税についての以下の記述のうち、正しいものを選びなさい。,,,,,,平成27年1月15日に新築された家屋に対する平成27年度分の固定資産税は、新築住宅に係る特例措置により税額の2分の1が減額される。,固定資産税の税率は、1.7%を超えることができない。,区分所有家屋の土地に対して課される固定資産税は、各区分所有者が連帯して納税義務を負う。,市町村は、財政上その他特別の必要があるときを除き、当該市町村の区域内において同一の者が所有する土地に係る固定資産税の課税標準額が30万円未満のときは課税できない。,4,FALSE,FALSE,,正解は選択肢4です。この問は固定資産税について、問題文の条件を制度の要件・効果に当てはめる問題です。選択肢4の「市町村は、財政上その他特別の必要があるときを除き、当該市町村の区域内において同...」という内容が結論に合います。他の選択肢は、主体・手続・期間・効果などの点でずれています。,1:（1）「平成27年1月15日に新築された家屋に対する平成27年度分の固定資産税は、新築住宅に係る特例措置…」について：他の選択肢は、主体・手続・期間・効果などの点でずれています。;2:（2）「固定資産税の税率は、1.7%を超えることができない。…」について：他の選択肢は、主体・手続・期間・効果などの点でずれています。;3:（3）「区分所有家屋の土地に対して課される固定資産税は、各区分所有者が連帯して納税義務を負う。…」について：他の選択肢は、主体・手続・期間・効果などの点でずれています。,正解は選択肢4です。 選択肢4の「市町村は、財政上その他特別の必要があるときを除き、当該市町村の区域内において同...」という内容が結論に合います。,正解は選択肢4です。,
2015,平成27年度,25,single,税・その他,,地価公示法についての以下の記述のうち、誤っているものを選びなさい。,,,,,,都市計画区域外の区域を公示区域とできない。,正常な価格とは、土地について、自由な取引が行われるとしたときにおけるその取引において通常成立すると認められる価格をいい、この「取ヲI」には住宅地とするための森林の取引も含まれる。,土地鑑定委員会が標準地の単位面積当たりの正常な価格を判定する際は、二人以上の不動産鑑定士の鑑定評価を求めなければならない。,土地鑑定委員会が標準地の単位面積当たりの正常な価格を判定したときは、標準地の形状についても公示する必要がある。,1,FALSE,FALSE,,正解は選択肢1です。この問は地価公示法について、問題文の条件を制度の要件・効果に当てはめる問題です。選択肢1の「都市計画区域外の区域を公示区域とできない。」という内容が結論に合います。他の選択肢は、主体・手続・期間・効果などの点でずれています。,2:（2）「正常な価格とは、土地について、自由な取引が行われるとしたときにおけるその取引において通常成立すると認められる価格をいい、この「取ヲI」には住宅地とするための森林…」は、単独の記述としては法令上妥当な場合がありますが、本問で選ぶべき正答は（1）「都市計画区域外の区域を公示区域とできない。」です。問題文の条件（地価公示法についての以下の記述のうち、誤っているものを選びなさい。…）と照らし、設問が問う論点に合う肢を選び直してください。;3:（3）「土地鑑定委員会が標準地の単位面積当たりの正常な価格を判定する際は、二人以上の不動産鑑定士の鑑定評価を求めなければならない。」は、単独の記述としては法令上妥当な場合がありますが、本問で選ぶべき正答は（1）「都市計画区域外の区域を公示区域とできない。」です。問題文の条件（地価公示法についての以下の記述のうち、誤っているものを選びなさい。…）と照らし、設問が問う論点に合う肢を選び直してください。;4:（4）「土地鑑定委員会が標準地の単位面積当たりの正常な価格を判定したときは、標準地の形状についても公示する必要がある。」は、単独の記述としては法令上妥当な場合がありますが、本問で選ぶべき正答は（1）「都市計画区域外の区域を公示区域とできない。」です。問題文の条件（地価公示法についての以下の記述のうち、誤っているものを選びなさい。…）と照らし、設問が問う論点に合う肢を選び直してください。,正解は選択肢1です。 選択肢1の「都市計画区域外の区域を公示区域とできない。,正解は選択肢1です。,
2015,平成27年度,26,single,宅建業法,,以下の記述のうち、宅地建物取引業法(以下、本問では「法」という。)の規定に照らすと、正Lいものはいくつあるか。 ア 都市計画法に規定する工業専用地域内の土地で、建築資材置き場の用に供されているものは、法第2条第1号に規定する宅地に該当する。 イ 社会福祉法人が、高齢者の居住の安定確保に関する法律に規定するサービス付き高齢者向け住宅の貸借の媒介を反復継続して営む場合は、宅地建物取引業の免許を必要としない。 ウ 都市計画法に規定する用途地域外の土地で、倉庫の用に供されているものは、法第2条第 1号に規定する宅地に該当しない。 エ 賃貸住宅の管理業者が、貸主から管理業務とあわせて入居者募集の依頼を受けて、貸借の媒介を反復継続して営む場合は、宅地建物取引業の免許を必要としない。,,,,,,該当する記述は一つである。,該当する記述は二つである。,該当する記述は三つである。,該当する記述は四つである。,1,FALSE,FALSE,,正解は選択肢1です。該当する記述は一つである。 各記述を個別に判定し、正しいもの・誤っているもの・違反するものなどの数を数える問題です。,2:（2）「該当する記述は二つである。」は、単独の記述としては法令上妥当な場合がありますが、本問で選ぶべき正答は（1）「該当する記述は一つである。」です。問題文の条件（以下の記述のうち、宅地建物取引業法(以下、本問では「法」という。)の規定に照らすと、正Lいものは…）と照らし、設問が問う論点に合う肢を選び直してください。;3:（3）「該当する記述は三つである。」は、単独の記述としては法令上妥当な場合がありますが、本問で選ぶべき正答は（1）「該当する記述は一つである。」です。問題文の条件（以下の記述のうち、宅地建物取引業法(以下、本問では「法」という。)の規定に照らすと、正Lいものは…）と照らし、設問が問う論点に合う肢を選び直してください。;4:（4）「該当する記述は四つである。」は、単独の記述としては法令上妥当な場合がありますが、本問で選ぶべき正答は（1）「該当する記述は一つである。」です。問題文の条件（以下の記述のうち、宅地建物取引業法(以下、本問では「法」という。)の規定に照らすと、正Lいものは…）と照らし、設問が問う論点に合う肢を選び直してください。,正解は選択肢1です。 該当する記述は一つである。,正解は選択肢1です。,
2015,平成27年度,27,single,宅建業法,,宅地建物取引業の免許(以下、本問では「免許」という。)についての以下の記述のうち、宅地建物取引業法の規定に照らすと、誤っているものを選びなさい。,,,,,,A社は、不正の手段により免許を取得したことによる免許の取消処分に係る聴聞の期日及び場所が公示された日から当該処分がなされるまでの間に、合併により消滅したが、合併に相当の理由がなかった。このときには、当該公示の日の50日前にA社の取締役を退任したBは、当該消滅の日から5年を経過しなければ、免許を受けることができない。,C社の政令で定める使用人Dは、刑法第234条(威力業務妨害)の罪により、拘禁刑1年、 執行猶予2年の刑に処せられた後、C社を退任し、新たにE社の政令で定める使用人に就任した。このときにE社が免許を申請しても、Dの執行猶予期間が満了していなければ、E社は免許を受けることができない。,営業に関し成年者と同一の行為能力を有しない未成年者であるFの法定代理人であるGが、 刑法第247条(背任)の罪により罰金の刑に処せられていた場合、その刑の執行が終わった日から5年を経過していなければ、Fは免許を受けることができない。,H社の取締役Iが、暴力団員による不当な行為の防止等に関する法律に規定する暴力団員に該当することが判明し、宅地建物取引業法第66条第1項第3号の規定に該当することにより、H社の免許は取り消された。その後、Iは退任したが、当該取消しの日から5年を経過しなければ、H社は免許を受けることができない。,4,FALSE,FALSE,,正解は選択肢4です。この問は宅地建物取引業の免許(以下、本問では「免許」という。)について、問題文の条件を制度の要件・効果に当てはめる問題です。選択肢4の「H社の取締役Iが、暴力団員による不当な行為の防止等に関する法律に規定する暴力団...」という内容が結論に合います。他の選択肢は、主体・手続・期間・効果などの点でずれています。,1:（1）「A社は、不正の手段により免許を取得したことによる免許の取消処分に係る聴聞の期日及び場所が公示された日から当該処分がなされるまでの間に、合併により消滅したが、合併に相当の理由がなかった。このときには、当該公示の日の50日前にA社の取締役を退任したBは、当該消滅の日から5年を経過しなければ、免許を受けることができない。」は、作業主任者の選任が必要な作業の組合せ（）を含んでいません。解説のとおり、該当作業と非該当作業の区別を確認してください。 （1）「A社は、不正の手段により免許を取得したことによる免許の取消処分に係る聴聞の期日及び場所が公示され…」について：他の選択肢は、主体・手続・期間・効果などの点でずれています。;2:（2）「C社の政令で定める使用人Dは、刑法第234条(威力業務妨害)の罪により、拘禁刑1年、 執行猶予2年の刑に処せられた後、C社を退任し、新たにE社の政令で定める使用人に就任した。このときにE社が免許を申請しても、Dの執行猶予期間が満了していなければ、E社は免許を受けることができない。」は、作業主任者の選任が必要な作業の組合せ（）を含んでいません。解説のとおり、該当作業と非該当作業の区別を確認してください。 （2）「C社の政令で定める使用人Dは、刑法第234条(威力業務妨害)の罪により、拘禁刑1年、 執行猶予2…」について：他の選択肢は、主体・手続・期間・効果などの点でずれています。;3:（3）「営業に関し成年者と同一の行為能力を有しない未成年者であるFの法定代理人であるGが、 刑法第247…」について：他の選択肢は、主体・手続・期間・効果などの点でずれています。,正解は選択肢4です。 選択肢4の「H社の取締役Iが、暴力団員による不当な行為の防止等に関する法律に規定する暴力団...」という内容が結論に合います。,正解は選択肢4です。,
2015,平成27年度,28,single,宅建業法,,"宅地建物取引業者Aが行う業務についての以下の記述のうち、宅地建物取引業法(以下、本問では「法」という。)の規定に照らすと、正しいものがいくつあるか選びなさい。 7 Aは、Bが所有する甲宅地の売却に係る媒介の依頼を受け、Bと専任媒介契約を締結した。 このとき、Aは、法第34条の2第1項に規定する書面に記名押印し、Bに交付のうえ、宅地建物取引士をしてその内容を説明させなければならない。 イ Aは、Cが所有する乙アパートの売却に係る媒介の依頼を受け、Cと専任媒介契約を締結した。このとき、Aは、乙アパートの所在、規模、形質、売買すべき価額、依頼者の氏名、 都市計画法その他の法令に基づく制限で主要なものを指定流通機構に登録しなければならな ""，。 ウ Aは、Dが所有する丙宅地の貸借に係る媒介の依頼を受け、Dと専任媒介契約を締結した。 このとき、Aは、Dに法第34条の2第1項に規定する書面を交付しなければならない。",,,,,,正しい記述は一つである。,正しい記述は二つである。,正しい記述は三つである。,正しい記述はない。,4,FALSE,FALSE,,正解は選択肢4です。正しい記述はない。 各記述を個別に判定し、正しいもの・誤っているもの・違反するものなどの数を数える問題です。,1:（1）「正しい記述は一つである。」は、単独の記述としては法令上妥当な場合がありますが、本問で選ぶべき正答は（4）「正しい記述はない。」です。問題文の条件（宅地建物取引業者Aが行う業務についての以下の記述のうち、宅地建物取引業法(以下、本問では「法」と…）と照らし、設問が問う論点に合う肢を選び直してください。;2:（2）「正しい記述は二つである。」は、単独の記述としては法令上妥当な場合がありますが、本問で選ぶべき正答は（4）「正しい記述はない。」です。問題文の条件（宅地建物取引業者Aが行う業務についての以下の記述のうち、宅地建物取引業法(以下、本問では「法」と…）と照らし、設問が問う論点に合う肢を選び直してください。;3:（3）「正しい記述は三つである。」は、単独の記述としては法令上妥当な場合がありますが、本問で選ぶべき正答は（4）「正しい記述はない。」です。問題文の条件（宅地建物取引業者Aが行う業務についての以下の記述のうち、宅地建物取引業法(以下、本問では「法」と…）と照らし、設問が問う論点に合う肢を選び直してください。,正解は選択肢4です。 正しい記述はない。,正解は選択肢4です。,
2015,平成27年度,29,single,宅建業法,,宅地建物取引業者が行う宅地建物取引業法第35条に規定する重要事項の説明及び書面の交付についての以下の記述のうち、正しいものを選びなさい。,,,,,,宅地建物取引業者ではない売主に対しては、買主に対してと同様に、宅地建物取引士をして、契約締結時までに重要事項を記載した書面を交付して、その説明をさせなければならない。,重要事項の説明及び書面の交付は、取引の相手方の自宅又は勤務する場所等、宅地建物取引業者の事務所以外の場所において行うことができる。,宅地建物取引業者が代理人として売買契約を締結し、建物の購入を行うときは、代理を依頼した者に対して重要事項の説明をする必要はない。,重要事項の説明を行う宅地建物取引士は専任の宅地建物取引士でなくてもよいが、書面に記名押印する宅地建物取引士は専任の宅地建物取引士でなければならない。,2,FALSE,FALSE,,正解は選択肢2です。この問は宅地建物取引業者が行う宅地建物取引業法第35条に規定する重要事項の説明及び書面の交付について、問題文の条件を制度の要件・効果に当てはめる問題です。選択肢2の「重要事項の説明及び書面の交付は、取引の相手方の自宅又は勤務する場所等、宅地建物...」という内容が結論に合います。他の選択肢は、主体・手続・期間・効果などの点でずれています。,1:（1）「宅地建物取引業者ではない売主に対しては、買主に対してと同様に、宅地建物取引士をして、契約締結時ま…」について：他の選択肢は、主体・手続・期間・効果などの点でずれています。;3:（3）「宅地建物取引業者が代理人として売買契約を締結し、建物の購入を行うときは、代理を依頼した者に対して…」について：他の選択肢は、主体・手続・期間・効果などの点でずれています。;4:（4）「重要事項の説明を行う宅地建物取引士は専任の宅地建物取引士でなくてもよいが、書面に記名押印する宅地…」について：他の選択肢は、主体・手続・期間・効果などの点でずれています。,正解は選択肢2です。 選択肢2の「重要事項の説明及び書面の交付は、取引の相手方の自宅又は勤務する場所等、宅地建物...」という内容が結論に合います。,正解は選択肢2です。,
2015,平成27年度,30,single,宅建業法,,宅地建物取引業者Aは、Bが所有する宅地の売却を依頼され、専任媒介契約を締結した。この場合における以下の記述のうち、宅地建物取引業法の規定に違反するものはいくつあるか。 ア Aは、Bが宅地建物取引業者であったので、宅地建物取引業法第34条の2第1項に規定する書面を作成しなかった。 イ Aは、Bの要望により、指定流通機構に当該宅地を登録しない旨の特約をし、指定流通機構に登録しなかった。 ウ Aは、短期間で売買契約を成立させることができると判断したので指定流通機構に登録せず、専任媒介契約締結の日の9日後に当該売買契約を成立させた。 エ Aは、当該契約に係る業務の処理状況の報告日を毎週金曜日とする旨の特約をした。,,,,,,違反する記述は一つである。,違反する記述は二つである。,違反する記述は三つである。,違反する記述は四つである。,3,FALSE,FALSE,,正解は選択肢3です。違反する記述は三つである。 各記述を個別に判定し、正しいもの・誤っているもの・違反するものなどの数を数える問題です。,1:（1）「違反する記述は一つである。」は、単独の記述としては法令上妥当な場合がありますが、本問で選ぶべき正答は（3）「違反する記述は三つである。」です。問題文の条件（宅地建物取引業者Aは、Bが所有する宅地の売却を依頼され、専任媒介契約を締結した。この場合における…）と照らし、設問が問う論点に合う肢を選び直してください。;2:（2）「違反する記述は二つである。」は、単独の記述としては法令上妥当な場合がありますが、本問で選ぶべき正答は（3）「違反する記述は三つである。」です。問題文の条件（宅地建物取引業者Aは、Bが所有する宅地の売却を依頼され、専任媒介契約を締結した。この場合における…）と照らし、設問が問う論点に合う肢を選び直してください。;4:（4）「違反する記述は四つである。」は、単独の記述としては法令上妥当な場合がありますが、本問で選ぶべき正答は（3）「違反する記述は三つである。」です。問題文の条件（宅地建物取引業者Aは、Bが所有する宅地の売却を依頼され、専任媒介契約を締結した。この場合における…）と照らし、設問が問う論点に合う肢を選び直してください。,正解は選択肢3です。 違反する記述は三つである。,正解は選択肢3です。,
2015,平成27年度,31,single,宅建業法,,宅地建物取引業者が、宅地建物取引業法第35条に規定する重要事項の説明を行う場合における以下の記述のうち、宅地建物取引業法の規定に違反するものはいくつあるか。 ア 宅地の貸借の媒介の場合、当該宅地が都市計画法の第一種低層住居専用地域内にあり、建築基準法第56条第1項第1号に基づく道路斜線制限があるときに、その概要を説明しなかった。 イ 建物の貸借の媒介の場合、当該建物が新住宅市街地開発事業により造成された宅地上にあり、新住宅市街地開発法第32条第1項に基づく建物の使用及び収益を目的とする権利の設定又は移転について都道府県知事の承認を要する旨の制限があるときに、その概要を説明しなかった。 ウ 建物の貸借の媒介の場合、当該建物が都市計画法の準防火地域内にあり、建築基準法第62条第1項に基づく建物の構造に係る制限があるときに、その概要を説明しなかった。,,,,,,違反する記述は一つである。,違反する記述は二つである。,違反する記述は三つである。,違反する記述はない。,2,FALSE,FALSE,,正解は選択肢2です。違反する記述は二つである。 各記述を個別に判定し、正しいもの・誤っているもの・違反するものなどの数を数える問題です。,1:（1）「違反する記述は一つである。」は、単独の記述としては法令上妥当な場合がありますが、本問で選ぶべき正答は（2）「違反する記述は二つである。」です。問題文の条件（宅地建物取引業者が、宅地建物取引業法第35条に規定する重要事項の説明を行う場合における以下の記述…）と照らし、設問が問う論点に合う肢を選び直してください。;3:（3）「違反する記述は三つである。」は、単独の記述としては法令上妥当な場合がありますが、本問で選ぶべき正答は（2）「違反する記述は二つである。」です。問題文の条件（宅地建物取引業者が、宅地建物取引業法第35条に規定する重要事項の説明を行う場合における以下の記述…）と照らし、設問が問う論点に合う肢を選び直してください。;4:（4）「違反する記述はない。」は、単独の記述としては法令上妥当な場合がありますが、本問で選ぶべき正答は（2）「違反する記述は二つである。」です。問題文の条件（宅地建物取引業者が、宅地建物取引業法第35条に規定する重要事項の説明を行う場合における以下の記述…）と照らし、設問が問う論点に合う肢を選び直してください。,正解は選択肢2です。 違反する記述は二つである。,正解は選択肢2です。,
2015,平成27年度,32,single,宅建業法,,宅地建物取引業者が行う宅地建物取引業法第35条に規定する重要事項の説明についての以下の記述のうち、正しいものを選びなさい。,,,,,,建物の売買の媒介に関し、受領しようとする預り金について保全措置を講ずるときに、預り金の額が売買代金の額の100分の10以下であるときは、その措置の概要を説明する必要はない。,宅地の貸借の媒介を行う場合、当該宅地について借地借家法第22条に規定する定期借地権を設定しようとするときは、その内容を説明する必要がある。,建物の貸借の媒介を行う場合、消費生活用製品安全法に規定する特定保守製品の保守点検に関する事項を説明する必要がある。,建物の貸借の媒介を行う場合、契約の期間については説明する必要があるが、契約の更新については、宅地建物取引業法第37条の規定により交付すべき書面への記載事項であり、説明する必要はない。,2,FALSE,FALSE,,正解は選択肢2です。この問は宅地建物取引業者が行う宅地建物取引業法第35条に規定する重要事項の説明について、問題文の条件を制度の要件・効果に当てはめる問題です。選択肢2の「宅地の貸借の媒介を行う場合、当該宅地について借地借家法第22条に規定する定期借...」という内容が結論に合います。他の選択肢は、主体・手続・期間・効果などの点でずれています。,1:（1）「建物の売買の媒介に関し、受領しようとする預り金について保全措置を講ずるときに、預り金の額が売買代…」について：他の選択肢は、主体・手続・期間・効果などの点でずれています。;3:（3）「建物の貸借の媒介を行う場合、消費生活用製品安全法に規定する特定保守製品の保守点検に関する事項を説…」について：他の選択肢は、主体・手続・期間・効果などの点でずれています。;4:（4）「建物の貸借の媒介を行う場合、契約の期間については説明する必要があるが、契約の更新については、宅地…」について：他の選択肢は、主体・手続・期間・効果などの点でずれています。,正解は選択肢2です。 選択肢2の「宅地の貸借の媒介を行う場合、当該宅地について借地借家法第22条に規定する定期借...」という内容が結論に合います。,正解は選択肢2です。,
2015,平成27年度,33,single,宅建業法,,"宅地建物取引業者A及びB(ともに消費税課税事業者)が受領した報酬についての以下の記述のうち、宅地建物取引業法の規定に違反するものの組合せはどれか。なお、本問では「消費税等相当額」とは、消費税額及び地方消費税額に相当する金額をいうものとして扱う。ア 土地付新築住宅(代金3,000万円。消費税等相当額を含まない。)の売買について、Aは売主から代理を、Bは買主から媒介を依頼され、Aは売主から207万3,600円を、Bは買主から103万6,800円を報酬として受領した。イ Aは、店舗用建物について、貸主と借主双方から媒介を依頼され、借賃1か月分20万円(消費税等相当額を含まない。)、権利金500万円(権利設定の対価として支払われる金銭であって返還されないもので、消費税等相当額を含まない。)の賃貸借契約を成立させ、貸主と借主からそれぞれ22万5,000円を報酬として受領した。ウ 居住用建物(借賃1か月分10万円)について、Aは貸主から媒介を依頼され、Bは借主から媒介を依頼され、Aは貸主から8万円、Bは借主から5万4,000円を報酬として受領した。なお、Aは、媒介の依頼を受けるに当たって、報酬が借賃の0.54か月分を超えることについて貸主から承諾を得ていた。",,,,,,ア、イ,イ、ウ,ア、ウ,ア、イ、ウ,3,FALSE,FALSE,,正解は選択肢3です。この問は宅地建物取引業者A及びB(ともに消費税課税事業者)が受領した報酬について、問題文の条件を制度の要件・効果に当てはめる問題です。選択肢3の「ア、ウ」という内容が結論に合います。他の選択肢は、主体・手続・期間・効果などの点でずれています。,1:（1）「ア、イ」は、単独の記述としては法令上妥当な場合がありますが、本問で選ぶべき正答は（3）「ア、ウ」です。問題文の条件（宅地建物取引業者A及びB(ともに消費税課税事業者)が受領した報酬についての以下の記述のうち、宅地…）と照らし、設問が問う論点に合う肢を選び直してください。;2:（2）「イ、ウ」は、単独の記述としては法令上妥当な場合がありますが、本問で選ぶべき正答は（3）「ア、ウ」です。問題文の条件（宅地建物取引業者A及びB(ともに消費税課税事業者)が受領した報酬についての以下の記述のうち、宅地…）と照らし、設問が問う論点に合う肢を選び直してください。;4:（4）「ア、イ、ウ」は、単独の記述としては法令上妥当な場合がありますが、本問で選ぶべき正答は（3）「ア、ウ」です。問題文の条件（宅地建物取引業者A及びB(ともに消費税課税事業者)が受領した報酬についての以下の記述のうち、宅地…）と照らし、設問が問う論点に合う肢を選び直してください。,正解は選択肢3です。 選択肢3の「ア、ウ」という内容が結論に合います。,正解は選択肢3です。,
2015,平成27年度,34,single,宅建業法,,宅地建物取引業者Aが、自ら売主として、宅地建物取引業者でないBとの間で建物の売買契約を締結する場合における以下の記述のうち、民法及び宅地建物取引業法の規定に照らすと、正しいものを選びなさい。,,,,,,Cが建物の所有権を有している場合、AはBとの間で当該建物の売買契約を締結してはいけない。ただし、AがCとの間で、すでに当該建物を取得する契約(当該建物を取得する契約の効力の発生に一定の条件が付されている。)を締結しているときは、この限りではない。,Aは、Bとの間における建物の売買契約において、 「AがBに対して瑕疵担保責任を負う期間は、建物の引渡しの日から1年間とする」という内容の特約を付した。このとき、当該特約は無効となり、BがAに対して瑕疵担保責任を追及できる期間は、当該建物の引渡しの日から2年間となる。,Aは、Bから喫茶店で建物の買受けの申込みを受け、翌日、同じ喫茶店で当該建物の売買契約を締結した際に、その場で契約代金の2割を受領するとともに、残代金は5日後に決済することとした。契約を締結した日の翌日、AはBに当該建物を引き渡したが、引渡日から 3日後にBから宅地建物取引業法第37条の2の規定に基づくクーリング・オフによる契約の解除が書面によって通知された。このとき、Aは、契約の解除を拒むことができない。,AB間の建物の売買契約における「宅地建物取引業法第37条の2の規定に基づくクーリング・オフによる契約の解除の際に、AからBに対して損害賠償を請求できる」 という内容の特約は有効である。,3,FALSE,FALSE,,正解は選択肢3です。この問は宅建業法について、問題文の条件を制度の要件・効果に当てはめる問題です。選択肢3の「Aは、Bから喫茶店で建物の買受けの申込みを受け、翌日、同じ喫茶店で当該建物の...」という内容が結論に合います。他の選択肢は、主体・手続・期間・効果などの点でずれています。,1:（1）「Cが建物の所有権を有している場合、AはBとの間で当該建物の売買契約を締結してはいけない。ただし、AがCとの間で、すでに当該建物を取得する契約(当該建物を取得する契約の効力の発生に一定の条件が付されている。)を締結しているときは、この限りではない。」は、作業主任者の選任が必要な作業の組合せ（ABABBA）を含んでいません。解説のとおり、該当作業と非該当作業の区別を確認してください。 （1）「Cが建物の所有権を有している場合、AはBとの間で当該建物の売買契約を締結してはいけない。ただし、…」について：他の選択肢は、主体・手続・期間・効果などの点でずれています。;2:（2）「Aは、Bとの間における建物の売買契約において、 「AがBに対して瑕疵担保責任を負う期間は、建物の引渡しの日から1年間とする」という内容の特約を付した。このとき、当該特約は無効となり、BがAに対して瑕疵担保責任を追及できる期間は、当該建物の引渡しの日から2年間となる。」は、作業主任者の選任が必要な作業の組合せ（ABABBA）を含んでいません。解説のとおり、該当作業と非該当作業の区別を確認してください。 （2）「Aは、Bとの間における建物の売買契約において、 「AがBに対して瑕疵担保責任を負う期間は、建物の…」について：他の選択肢は、主体・手続・期間・効果などの点でずれています。;4:（4）「AB間の建物の売買契約における「宅地建物取引業法第37条の2の規定に基づくクーリング・オフによる契約の解除の際に、AからBに対して損害賠償を請求できる」 という内容の特約は有効である。」は、作業主任者の選任が必要な作業の組合せ（ABABBA）を含んでいません。解説のとおり、該当作業と非該当作業の区別を確認してください。 （4）「AB間の建物の売買契約における「宅地建物取引業法第37条の2の規定に基づくクーリング・オフによる…」について：他の選択肢は、主体・手続・期間・効果などの点でずれています。,正解は選択肢3です。 選択肢3の「Aは、Bから喫茶店で建物の買受けの申込みを受け、翌日、同じ喫茶店で当該建物の...」という内容が結論に合います。,正解は選択肢3です。,
2015,平成27年度,35,single,宅建業法,,宅地建物取引業法の規定についての以下の記述のうち、正しいものを選びなさい。,,,,,,「宅地建物取引業者は、取引の関係者に対し、信義を旨とし、誠実にその業務を行わなければならない」との規定があるが、宅地建物取引士については、規定はないものの、公正かつ誠実に宅地建物取引業法に定める事務を行うとともに、宅地建物取引業に関連する業務に従事する者との連携に努めなければならないものと解されている。,「宅地建物取引士は、宅地建物取引業の業務に従事するときは、宅地建物取引士の信用又は品位を害するような行為をしてはいけない」との規定がある。,「宅地建物取引士は、宅地建物取引業を営む事務所において、専ら宅地建物取引業に従事し、これに専念する必要がある」との規定がある。,「宅地建物取引業者は、その従業者に対し、その業務を適正に実施させるため、必要な教育を行うよう努めなければならない」との規定があり、「宅地建物取引士は、宅地又は建物の取引に係る事務に必要な知識及び能力の維持向上に努めなければならない」との規定がある。,4,FALSE,FALSE,,正解は選択肢4です。この問は宅地建物取引業法の規定について、問題文の条件を制度の要件・効果に当てはめる問題です。選択肢4の「「宅地建物取引業者は、その従業者に対し、その業務を適正に実施させるため、必要...」という内容が結論に合います。他の選択肢は、主体・手続・期間・効果などの点でずれています。,1:（1）「「宅地建物取引業者は、取引の関係者に対し、信義を旨とし、誠実にその業務を行わなければならない」と…」について：他の選択肢は、主体・手続・期間・効果などの点でずれています。;2:（2）「「宅地建物取引士は、宅地建物取引業の業務に従事するときは、宅地建物取引士の信用又は品位を害するよ…」について：他の選択肢は、主体・手続・期間・効果などの点でずれています。;3:（3）「「宅地建物取引士は、宅地建物取引業を営む事務所において、専ら宅地建物取引業に従事し、これに専念す…」について：他の選択肢は、主体・手続・期間・効果などの点でずれています。,正解は選択肢4です。 選択肢4の「「宅地建物取引業者は、その従業者に対し、その業務を適正に実施させるため、必要...」という内容が結論に合います。,正解は選択肢4です。,
2015,平成27年度,36,single,宅建業法,,"宅地建物取引業者Aが、自ら売主として、宅地建物取引業者でないBとの間で建物(代金2,400万円)の売買契約を締結する場合における以下の記述のうち、宅地建物取引業法の規定に照らすと、正しいものがいくつあるか選びなさい。 ア Aは、Bとの間における建物の売買契約において、当事者の債務の不履行を理由とする契約の解除に伴う損害賠償の予定額を480万円とし、かつ、違約金の額を240万円とする特約を定めた。この場合、当該特約は全体として無効となる。 イ Aは、Bとの間における建物の売買契約の締結の際、原則として480万円を超える手付金を受領することができない。ただし、あらかじめBの承諾を得た場合に限り、 720万円を限度として、 480万円を超える手付金を受領することができる。 ウ AがBとの間で締結する売買契約の目的物たる建物が未完成であり、AからBに所有権の移転登記がなされていない場合において、手付金の額が120万円以下であるときは、Aは手付金の保全措置を講じることなく手付金を受領することができる。",,,,,,正しい記述は一つである。,正しい記述は二つである。,正しい記述は三つである。,正しい記述はない。,1,FALSE,FALSE,,正解は選択肢1です。正しい記述は一つである。 各記述を個別に判定し、正しいもの・誤っているもの・違反するものなどの数を数える問題です。,"2:（2）「正しい記述は二つである。」は、単独の記述としては法令上妥当な場合がありますが、本問で選ぶべき正答は（1）「正しい記述は一つである。」です。問題文の条件（宅地建物取引業者Aが、自ら売主として、宅地建物取引業者でないBとの間で建物(代金2,400万円)…）と照らし、設問が問う論点に合う肢を選び直してください。;3:（3）「正しい記述は三つである。」は、単独の記述としては法令上妥当な場合がありますが、本問で選ぶべき正答は（1）「正しい記述は一つである。」です。問題文の条件（宅地建物取引業者Aが、自ら売主として、宅地建物取引業者でないBとの間で建物(代金2,400万円)…）と照らし、設問が問う論点に合う肢を選び直してください。;4:（4）「正しい記述はない。」は、単独の記述としては法令上妥当な場合がありますが、本問で選ぶべき正答は（1）「正しい記述は一つである。」です。問題文の条件（宅地建物取引業者Aが、自ら売主として、宅地建物取引業者でないBとの間で建物(代金2,400万円)…）と照らし、設問が問う論点に合う肢を選び直してください。",正解は選択肢1です。 正しい記述は一つである。,正解は選択肢1です。,
2015,平成27年度,37,single,宅建業法,,以下の記述のうち、宅地建物取引業法の規定に照らすと、正しいものを選びなさい。なお、 この問において「建築確認」とは、建築基準法第6条第1項の確認をいうものとして扱う。,,,,,,宅地建物取引業者は、建築確認が必要とされる建物の建築に関する工事の完了前においては、建築確認を受けた後でなければ、当該建物の貸借の媒介をしてはいけない。,宅地建物取引業者は、建築確認が必要とされる建物の建築に関する工事の完了前において、 建築確認の申請中であるときは、その内容を表示すれば、自ら売主として当該建物を販売する旨の広告をできる。,宅地建物取引業者は、建築確認が必要とされる建物の建築に関する工事の完了前においては、建築確認を受けた後でなければ、当該建物の貸借の代理を行う旨の広告をしてはいけない。,宅地建物取引業者は、建築確認が必要とされる建物の建築に関する工事の完了前において、 建築確認の申請中であるときは、建築確認を受けることを停止条件という特約を付ければ、 自ら売主として当該建物の売買契約を締結できる。,3,FALSE,FALSE,,正解は選択肢3です。この問は以下の記述について、問題文の条件を制度の要件・効果に当てはめる問題です。選択肢3の「宅地建物取引業者は、建築確認が必要とされる建物の建築に関する工事の完了前におい...」という内容が結論に合います。他の選択肢は、主体・手続・期間・効果などの点でずれています。,,正解は選択肢3です。 選択肢3の「宅地建物取引業者は、建築確認が必要とされる建物の建築に関する工事の完了前におい...」という内容が結論に合います。,正解は選択肢3です。,
2015,平成27年度,38,single,宅建業法,,宅地建物取引業者Aが宅地建物取引業法第37条の規定により交付すべき書面(以下、本問では「37条書面」という。)についての以下の記述のうち、宅地建物取引業法の規定に照らすと、正しいものがいくつあるか選びなさい。ア Aが売主を代理して中古マンションの売買契約を締結した場合において、瑕疵担保責任の履行に関して講ずべき保証保険契約の締結その他の措置についての定めがあるときは、Aは、その内容を37条書面に記載しなければならず、当該書面を、売主及び買主に交付しなければならない。イ Aが媒介により中古戸建住宅の売買契約を締結させた場合、Aは、引渡しの時期又は移転登記の申請の時期のいずれかを37条書面に記載する必要があり、売主及び買主が宅地建物取引業者であっても、当該書面を交付する必要がある。ウ Aが自ら貸主として宅地の定期賃貸借契約を締結したときに、借賃の支払方法についての定めがあるときは、Aは、その内容を37条書面に記載する必要があり、借主が宅地建物取引業者であっても、当該書面を交付する必要がある。エ Aが自ら買主として宅地の売買契約を締結したときに、当該宅地に係る租税その他の公課の負担に関する定めがあるときは、Aは、その内容を37条書面に記載する必要があり、売主が宅地建物取引業者であっても、当該書面を交付する必要がある。,,,,,,正しい記述は一つである。,正しい記述は二つである。,正しい記述は三つである。,正しい記述は四つである。,2,FALSE,FALSE,,正解は選択肢2です。正しい記述は二つである。 各記述を個別に判定し、正しいもの・誤っているもの・違反するものなどの数を数える問題です。,1:（1）「正しい記述は一つである。」は、単独の記述としては法令上妥当な場合がありますが、本問で選ぶべき正答は（2）「正しい記述は二つである。」です。問題文の条件（宅地建物取引業者Aが宅地建物取引業法第37条の規定により交付すべき書面(以下、本問では「37条書…）と照らし、設問が問う論点に合う肢を選び直してください。;3:（3）「正しい記述は三つである。」は、単独の記述としては法令上妥当な場合がありますが、本問で選ぶべき正答は（2）「正しい記述は二つである。」です。問題文の条件（宅地建物取引業者Aが宅地建物取引業法第37条の規定により交付すべき書面(以下、本問では「37条書…）と照らし、設問が問う論点に合う肢を選び直してください。;4:（4）「正しい記述は四つである。」は、単独の記述としては法令上妥当な場合がありますが、本問で選ぶべき正答は（2）「正しい記述は二つである。」です。問題文の条件（宅地建物取引業者Aが宅地建物取引業法第37条の規定により交付すべき書面(以下、本問では「37条書…）と照らし、設問が問う論点に合う肢を選び直してください。,正解は選択肢2です。 正しい記述は二つである。,正解は選択肢2です。,
2015,平成27年度,39,single,宅建業法,,宅地建物取引業者Aが自ら売主となる売買契約についての以下の記述のうち、宅地建物取引業法(以下、本問では「法」という。)の規定に照らすと、正しいものを選びなさい。,,,,,,宅地建物取引業者でない買主Bが、法第37条の2の規定に基づくクーリング・オフについてAより書面で告げられた日から7日目にクーリング・オフによる契約の解除の書面を発送し、9日目にAに到達したときは、クーリング・オフによる契約の解除をできない。,宅地建物取引業者でない買主Cとの間で土地付建物の売買契約を締結するに当たって、Cが建物を短期間使用後取り壊す予定であるときは、建物についての瑕疵担保責任を負わないという内容の特約を定めることができる。,宅地建物取引業者Dとの間で締結した建築工事完了前の建物の売買契約において、当事者の債務の不履行を理由とする契約の解除に伴う損害賠償の予定額を代金の額の30%と定めることができる。,宅地建物取引業者でない買主Eとの間で締結した宅地の売買契約において、当該宅地の引渡しを当該売買契約締結の日の1月後とし、当該宅地の瑕疵を担保すべき責任を負う期間について、当該売買契約を締結した日から2年間という特約を定めることができる。,3,FALSE,FALSE,,正解は選択肢3です。この問は宅地建物取引業者Aが自ら売主となる売買契約について、問題文の条件を制度の要件・効果に当てはめる問題です。選択肢3の「宅地建物取引業者Dとの間で締結した建築工事完了前の建物の売買契約において、当事...」という内容が結論に合います。他の選択肢は、主体・手続・期間・効果などの点でずれています。,1:（1）「宅地建物取引業者でない買主Bが、法第37条の2の規定に基づくクーリング・オフについてAより書面で…」について：他の選択肢は、主体・手続・期間・効果などの点でずれています。;2:（2）「宅地建物取引業者でない買主Cとの間で土地付建物の売買契約を締結するに当たって、Cが建物を短期間使…」について：他の選択肢は、主体・手続・期間・効果などの点でずれています。;4:（4）「宅地建物取引業者でない買主Eとの間で締結した宅地の売買契約において、当該宅地の引渡しを当該売買契…」について：他の選択肢は、主体・手続・期間・効果などの点でずれています。,正解は選択肢3です。 選択肢3の「宅地建物取引業者Dとの間で締結した建築工事完了前の建物の売買契約において、当事...」という内容が結論に合います。,正解は選択肢3です。,
2015,平成27年度,40,single,宅建業法,,"宅地建物取引業者Aが、自ら売主として宅地建物取引業者でない買主Bとの間で締結した売買契約についての以下の記述のうち、宅地建物取引業法の規定に照らすと、正しいものがいくつあるか選びなさい。 ア Aは、Bとの間で建築工事完了後の建物に係る売買契約(代金3,000万円)において、「Aが契約の履行に着手するまでは、Bは、売買代金の1割を支払うことで契約の解除ができる」とする特約を定め、Bから手付金10万円を受領した。この場合、この特約は有効である。 イ Bとの間で建築工事完了前の建物に係る売買契約(代金3,000万円)を締結するに Aは、 当たり、保険事業者との間において、手付金等について保証保険契約を締結して、手付金 300万円を受領し、後日保険証券をBに交付した。ウ Aは、Bとの間で建築工事完了前のマンションに係る売買契約(代金3,000万円)を締結し、その際に手付金150万円を、建築工事完了後、引渡し及び所有権の登記までの間に、中間金150万円を受領したが、合計額が代金の10分の1以下であるので保全措置を講じなかった。",,,,,,正しい記述は一つである。,正しい記述は二つである。,正しい記述は二つである。,正しい記述はない。,4,FALSE,FALSE,,正解は選択肢4です。正しい記述はない。 各記述を個別に判定し、正しいもの・誤っているもの・違反するものなどの数を数える問題です。,1:（1）「正しい記述は一つである。」は、単独の記述としては法令上妥当な場合がありますが、本問で選ぶべき正答は（4）「正しい記述はない。」です。問題文の条件（宅地建物取引業者Aが、自ら売主として宅地建物取引業者でない買主Bとの間で締結した売買契約について…）と照らし、設問が問う論点に合う肢を選び直してください。;2:（2）「正しい記述は二つである。」は、単独の記述としては法令上妥当な場合がありますが、本問で選ぶべき正答は（4）「正しい記述はない。」です。問題文の条件（宅地建物取引業者Aが、自ら売主として宅地建物取引業者でない買主Bとの間で締結した売買契約について…）と照らし、設問が問う論点に合う肢を選び直してください。;3:（3）「正しい記述は二つである。」は、単独の記述としては法令上妥当な場合がありますが、本問で選ぶべき正答は（4）「正しい記述はない。」です。問題文の条件（宅地建物取引業者Aが、自ら売主として宅地建物取引業者でない買主Bとの間で締結した売買契約について…）と照らし、設問が問う論点に合う肢を選び直してください。,正解は選択肢4です。 正しい記述はない。,正解は選択肢4です。,
2015,平成27年度,41,single,宅建業法,,"宅地建物取引業者が売主である新築分譲マンションを訪れた買主Aに対して、当該宅地建物取引業者の従業者Bが行った次の発言内容のうち、宅地建物取引業法の規定に違反しないものはいくつあるか。 ア A:眺望の良さが気に入った。隣接地は空地だが、将来の眺望は大丈夫なのか。B:隣接地は、市有地で、現在、建築計画や売却の予定がないことを市に確認しました。 将来、建つとしても公共施設なので、市が眺望を遮るような建物を建てることは絶対ありません。ご安心ください。 イ A:先日来たとき、 5年後の転売で利益が生じるのが確実だと言われたが本当か。B:弊社が数年前に分譲したマンションが、先日高値で売れました。このマンションはそれより立地条件が良く、また、近隣のマンション価格の動向から見ても、 5年後値上がりするのは間違いありません。 ウ A:購入を検討している。貯金が少なく、手付金の負担が重いのだが。B:弊社と提携している銀行の担当者から、手付金も融資の対象になっていると聞いております。ご検討ください。 エ A:昨日、申込証拠金10万円を支払ったが、都合により撤回したいので申込証拠金を返してほしい。B:お預かりした10万円のうち、社内規程上、お客様の個人情報保護のため、申込書の処分手数料として、 5,000円はお返しできませんが、残金につきましては法令に従いお返しします。",,,,,,違反しない記述は一つである。,違反しない記述は二つである。,違反しない記述は三つである。,違反しない記述はない。,1,FALSE,FALSE,,正解は選択肢1です。違反しない記述は一つである。 各記述を個別に判定し、正しいもの・誤っているもの・違反するものなどの数を数える問題です。,2:（2）「違反しない記述は二つである。」は、単独の記述としては法令上妥当な場合がありますが、本問で選ぶべき正答は（1）「違反しない記述は一つである。」です。問題文の条件（宅地建物取引業者が売主である新築分譲マンションを訪れた買主Aに対して、当該宅地建物取引業者の従業…）と照らし、設問が問う論点に合う肢を選び直してください。;3:（3）「違反しない記述は三つである。」は、単独の記述としては法令上妥当な場合がありますが、本問で選ぶべき正答は（1）「違反しない記述は一つである。」です。問題文の条件（宅地建物取引業者が売主である新築分譲マンションを訪れた買主Aに対して、当該宅地建物取引業者の従業…）と照らし、設問が問う論点に合う肢を選び直してください。;4:（4）「違反しない記述はない。」は、単独の記述としては法令上妥当な場合がありますが、本問で選ぶべき正答は（1）「違反しない記述は一つである。」です。問題文の条件（宅地建物取引業者が売主である新築分譲マンションを訪れた買主Aに対して、当該宅地建物取引業者の従業…）と照らし、設問が問う論点に合う肢を選び直してください。,正解は選択肢1です。 違反しない記述は一つである。,正解は選択肢1です。,
2015,平成27年度,42,single,宅建業法,,営業保証金を供託している宅地建物取引業者Aと宅地建物取引業保証協会(以下、本問では「保証協会」という。)の社員である宅地建物取引業者Bについての以下の記述のうち、宅地建物取引業法の規定に照らすと、正しいものを選びなさい。,,,,,,新たに事務所を設置する場合、Aは、主たる事務所の最寄りの供託所に供託すべき営業保証金に、Bは、保証協会に納付すべき弁済業務保証金分担金に、それぞれ金銭又は有価証券をもって充てることができる。,一部の事務所を廃止したときに、営業保証金又は弁済業務保証金を取り戻すときは、A、Bはそれぞれ還付を請求する権利を有する者に対して6か月以内に申し出るべき旨を官報に公告する必要がある。,"AとBが、それぞれ主たる事務所の他に3か所の従たる事務所を有している場合、Aは営業保証金として2,500万円の供託を、Bは弁済業務保証金分担金として150万円の納付をする必要がある。",宅地建物取引業に関する取引により生じた債権を有する者は、Aに関する債権にあっては Aが供託した営業保証金についてその額を上限として弁済を受ける権利を有し、Bに関する債権にあってはBが納付した弁済業務保証金分担金についてその額を上限として弁済を受ける権利を有する。,3,FALSE,FALSE,,正解は選択肢3です。この問は宅建業法について、問題文の条件を制度の要件・効果に当てはめる問題です。選択肢3の「AとBが、それぞれ主たる事務所の他に3か所の従たる事務所を有している場合、A...」という内容が結論に合います。他の選択肢は、主体・手続・期間・効果などの点でずれています。,1:（1）「新たに事務所を設置する場合、Aは、主たる事務所の最寄りの供託所に供託すべき営業保証金に、Bは、保…」について：他の選択肢は、主体・手続・期間・効果などの点でずれています。;2:（2）「一部の事務所を廃止したときに、営業保証金又は弁済業務保証金を取り戻すときは、A、Bはそれぞれ還付…」について：他の選択肢は、主体・手続・期間・効果などの点でずれています。;4:（4）「宅地建物取引業に関する取引により生じた債権を有する者は、Aに関する債権にあっては Aが供託した営…」について：他の選択肢は、主体・手続・期間・効果などの点でずれています。,正解は選択肢3です。 選択肢3の「AとBが、それぞれ主たる事務所の他に3か所の従たる事務所を有している場合、A...」という内容が結論に合います。,正解は選択肢3です。,
2015,平成27年度,43,single,宅建業法,,宅地建物取引業法の規定に基づく監督処分等についての以下の記述のうち、誤っているものを選びなさい。,,,,,,宅地建物取引業者A(甲県知事免許)は、自ら売主となる乙県内に所在する中古住宅の売買の業務に関し、当該売買の契約においてその目的物の瑕疵を担保すべき責任を負わないという内容の特約を付した。このとき、Aは、乙県知事から指示処分を受けることがある。,甲県に本店、乙県に支店を設置する宅地建物取引業者B(国土交通大臣免許)は、自ら売主となる乙県内におけるマンションの売買の業務に関し、乙県の支店において当該売買の契約を締結するに際して、代金の30%の手付金を受領した。このとき、Bは、甲県知事から著しく不当な行為をしたとして、業務停止の処分を受けることがある。,宅地建物取引業者c(甲県知事免許)は、乙県内に所在する土地の売買の媒介業務に関し、 契約の相手方の自宅において相手を威迫し、契約締結を強要していたことが判明した。このとき、甲県知事は、情状が特に重いと判断したときは、Cの宅地建物取引業の免許を取り消さなければならない。,宅地建物取引業者D(国土交通大臣免許)は、甲県内に所在する事務所について、業務に関する帳簿を備えていないことが判明した。このとき、Dは、甲県知事から必要な報告を求められ、かつ、指導を受けることがある。,2,FALSE,FALSE,,正解は選択肢2です。この問は宅地建物取引業法の規定に基づく監督処分等について、問題文の条件を制度の要件・効果に当てはめる問題です。選択肢2の「甲県に本店、乙県に支店を設置する宅地建物取引業者B(国土交通大臣免許)は、自ら...」という内容が結論に合います。他の選択肢は、主体・手続・期間・効果などの点でずれています。,1:（1）「宅地建物取引業者A(甲県知事免許)は、自ら売主となる乙県内に所在する中古住宅の売買の業務に関し、…」について：他の選択肢は、主体・手続・期間・効果などの点でずれています。;3:（3）「宅地建物取引業者c(甲県知事免許)は、乙県内に所在する土地の売買の媒介業務に関し、 契約の相手方…」について：他の選択肢は、主体・手続・期間・効果などの点でずれています。;4:（4）「宅地建物取引業者D(国土交通大臣免許)は、甲県内に所在する事務所について、業務に関する帳簿を備え…」について：他の選択肢は、主体・手続・期間・効果などの点でずれています。,正解は選択肢2です。 選択肢2の「甲県に本店、乙県に支店を設置する宅地建物取引業者B(国土交通大臣免許)は、自ら...」という内容が結論に合います。,正解は選択肢2です。,
2015,平成27年度,44,single,宅建業法,,宅地建物取引業者A(甲県知事免許)が乙県内に所在するマンション(100戸)を分譲する場合における以下の記述のうち、宅地建物取引業法(以下、本問では「法」という。)の規定に照らすと、正しいものを選びなさい。,,,,,,Aが宅地建物取引業者Bに販売の代理を依頼し、Bが乙県内に案内所を設置する場合、Aは、その案内所に、法第50条第1項の規定に基づく標識を掲げなければならない。,Aが案内所を設置して分譲を行うときに、契約の締結又は契約の申込みの受付を行うか否かにかかわらず、その案内所に法第50条第1項の規定に基づく標識を掲げなければならない。,Aが宅地建物取引業者Cに販売の代理を依頼し、Cが乙県内に案内所を設置して契約締結業務を行う場合、A又はCが専任の宅地建物取引士を置けばよいが、法第50条第2項の規定に基づく届出はCがする必要がある。,Aが甲県内に案内所を設置して分譲を行うときに、Aは甲県知事及び乙県知事に、業務を開始する日の10日前までに法第50条第2項の規定に基づく届出をする必要がある。,2,FALSE,FALSE,,正解は選択肢2です。この問は宅建業法について、問題文の条件を制度の要件・効果に当てはめる問題です。選択肢2の「Aが案内所を設置して分譲を行うときに、契約の締結又は契約の申込みの受付を行うか...」という内容が結論に合います。他の選択肢は、主体・手続・期間・効果などの点でずれています。,1:（1）「Aが宅地建物取引業者Bに販売の代理を依頼し、Bが乙県内に案内所を設置する場合、Aは、その案内所に、法第50条第1項の規定に基づく標識を掲げなければならない。」は、作業主任者の選任が必要な作業の組合せ（A）を含んでいません。解説のとおり、該当作業と非該当作業の区別を確認してください。 （1）「Aが宅地建物取引業者Bに販売の代理を依頼し、Bが乙県内に案内所を設置する場合、Aは、その案内所に…」について：他の選択肢は、主体・手続・期間・効果などの点でずれています。;3:（3）「Aが宅地建物取引業者Cに販売の代理を依頼し、Cが乙県内に案内所を設置して契約締結業務を行う場合、A又はCが専任の宅地建物取引士を置けばよいが、法第50条第2項の規定に基づく届出はCがする必要がある。」は、作業主任者の選任が必要な作業の組合せ（A）を含んでいません。解説のとおり、該当作業と非該当作業の区別を確認してください。 （3）「Aが宅地建物取引業者Cに販売の代理を依頼し、Cが乙県内に案内所を設置して契約締結業務を行う場合、…」について：他の選択肢は、主体・手続・期間・効果などの点でずれています。;4:（4）「Aが甲県内に案内所を設置して分譲を行うときに、Aは甲県知事及び乙県知事に、業務を開始する日の10日前までに法第50条第2項の規定に基づく届出をする必要がある。」は、作業主任者の選任が必要な作業の組合せ（A）を含んでいません。解説のとおり、該当作業と非該当作業の区別を確認してください。 （4）「Aが甲県内に案内所を設置して分譲を行うときに、Aは甲県知事及び乙県知事に、業務を開始する日の10…」について：他の選択肢は、主体・手続・期間・効果などの点でずれています。,正解は選択肢2です。 選択肢2の「Aが案内所を設置して分譲を行うときに、契約の締結又は契約の申込みの受付を行うか...」という内容が結論に合います。,正解は選択肢2です。,
2015,平成27年度,45,single,宅建業法,,特定住宅瑕疵担保責任の履行の確保等に関する法律に基づく住宅販売瑕疵担保保証金の供託又は住宅販売瑕疵担保責任保険契約の締結についての以下の記述のうち、正しいものを選びなさい。,,,,,,宅地建物取引業者は、自ら売主として宅地建物取引業者である買主との間で新築住宅の売買契約を締結し、その住宅を引き渡す場合、住宅販売瑕疵担保保証金の供託又は住宅販売瑕疵担保責任保険契約の締結を行う義務を負う。,自ら売主として新築住宅を販売する宅地建物取引業者は、住宅販売瑕疵担保保証金の供託をする場合、宅地建物取引業者でない買主へのその住宅の引渡しまでに、買主に対し、保証金を供託している供託所の所在地等について記載した書面を交付して説明する必要がある。,自ら売主として新築住宅を宅地建物取引業者でない買主に引き渡した宅地建物取引業者は、基準日に係る住宅販売瑕疵担保保証金の供託及び住宅販売瑕疵担保責任保険契約の締結の状況について届出をしなければ、当該基準日以後、新たに自ら売主となる新築住宅の売買契約を締結できない。,住宅販売瑕疵担保責任保険契約を締結している宅地建物取引業者は、当該保険に係る新築住宅に、構造耐力上主要な部分及び雨水の浸入を防止する部分の隠れた瑕疵(構造耐力又は雨水の浸入に影響のないものを除く。)があるときに、特定住宅販売瑕疵担保責任の履行によって生じた損害について保険金を請求できる。,4,FALSE,FALSE,,正解は選択肢4です。この問は特定住宅瑕疵担保責任の履行の確保等について、問題文の条件を制度の要件・効果に当てはめる問題です。選択肢4の「住宅販売瑕疵担保責任保険契約を締結している宅地建物取引業者は、当該保険に係る新...」という内容が結論に合います。他の選択肢は、主体・手続・期間・効果などの点でずれています。,1:（1）「宅地建物取引業者は、自ら売主として宅地建物取引業者である買主との間で新築住宅の売買契約を締結し、…」について：他の選択肢は、主体・手続・期間・効果などの点でずれています。;2:（2）「自ら売主として新築住宅を販売する宅地建物取引業者は、住宅販売瑕疵担保保証金の供託をする場合、宅地…」について：他の選択肢は、主体・手続・期間・効果などの点でずれています。;3:（3）「自ら売主として新築住宅を宅地建物取引業者でない買主に引き渡した宅地建物取引業者は、基準日に係る住…」について：他の選択肢は、主体・手続・期間・効果などの点でずれています。,正解は選択肢4です。 選択肢4の「住宅販売瑕疵担保責任保険契約を締結している宅地建物取引業者は、当該保険に係る新...」という内容が結論に合います。,正解は選択肢4です。,
2015,平成27年度,46,single,税・その他,,独立行政法人住宅金融支援機構(以下、本問では「機構」という。)についての以下の記述のうち、誤っているものを選びなさい。,,,,,,機構は、高齢者が自ら居住する住宅に対して行うバリアフリー工事又は耐震改修工事に係る貸付けについて、貸付金の償還を高齢者の死亡時に一括して行うという制度を設けている。,証券化支援事業(買取型)において、機構による譲受けの対象となる貸付債権は、償還方法が毎月払いの元利均等の方法であるものに加え、毎月払いの元金均等の方法であるものもある。,証券化支援事業(買取型)において、機構は、いずれの金融機関に対しでも、譲り受けた貸付債権に係る元金及び利息の回収その他国収に関する業務を委託できない。,機構は、災害により住宅が滅失したときにおけるその住宅に代わるべき住宅の建設又は購入に係る貸付金について、一定の元金返済の据置期間を設けることができる。,3,FALSE,FALSE,,正解は選択肢3です。この問は独立行政法人住宅金融支援機構(以下、本問では「機構」という。)について、問題文の条件を制度の要件・効果に当てはめる問題です。選択肢3の「証券化支援事業(買取型)において、機構は、いずれの金融機関に対しでも、譲り受け...」という内容が結論に合います。他の選択肢は、主体・手続・期間・効果などの点でずれています。,1:（1）「機構は、高齢者が自ら居住する住宅に対して行うバリアフリー工事又は耐震改修工事に係る貸付けについて…」について：他の選択肢は、主体・手続・期間・効果などの点でずれています。;2:選択肢3の「証券化支援事業(買取型)において、機構は、いずれの金融機関に対しでも、譲り受け...」という内容が結論に合います。;4:（4）「機構は、災害により住宅が滅失したときにおけるその住宅に代わるべき住宅の建設又は購入に係る貸付金に…」について：他の選択肢は、主体・手続・期間・効果などの点でずれています。,正解は選択肢3です。 選択肢3の「証券化支援事業(買取型)において、機構は、いずれの金融機関に対しでも、譲り受け...」という内容が結論に合います。,正解は選択肢3です。,
2015,平成27年度,47,single,税・その他,,宅地建物取引業者が行う広告についての以下の記述のうち、不当景品類及び不当表示防止法(不動産の表示に関する公正競争規約を含む。)の規定に照らすと、正しいものを選びなさい。,,,,,,新築分譲マンションを数期に分けて販売する場合に、第1期の販売分に売れ残りがあるにもかかわらず、第2期販売の広告に「第1期完売御礼!いよいよ第2期販売開始!」と表示しても、結果として第2期販売期間中に第1期の売れ残り分を売り切っていれば、不当表示にはならない。,新築分譲マンションの広告に住宅ローンについても記載する場合、返済例を表示すれば、 当該ローンを扱っている金融機関や融資限度額等について表示する必要はない。,販売しようとしている土地が、都市計画法に基づく告示が行われた都市計画道路の区域に含まれているときは、都市計画道路の工事が未着手であっても、広告においてその内容を明示する必要がある。,築15年の企業の社宅を買い取って大規模にリフォームし、分譲マンションとして販売する場合、一般消費者に販売することは初めてであるため、「新発売」と表示して広告を出すことができる。,3,FALSE,FALSE,,正解は選択肢3です。この問は宅地建物取引業者が行う広告について、問題文の条件を制度の要件・効果に当てはめる問題です。選択肢3の「販売しようとしている土地が、都市計画法に基づく告示が行われた都市計画道路の区域...」という内容が結論に合います。他の選択肢は、主体・手続・期間・効果などの点でずれています。,1:（1）「新築分譲マンションを数期に分けて販売する場合に、第1期の販売分に売れ残りがあるにもかかわらず、第…」について：他の選択肢は、主体・手続・期間・効果などの点でずれています。;2:（2）「新築分譲マンションの広告に住宅ローンについても記載する場合、返済例を表示すれば、 当該ローンを扱…」について：他の選択肢は、主体・手続・期間・効果などの点でずれています。;4:（4）「築15年の企業の社宅を買い取って大規模にリフォームし、分譲マンションとして販売する場合、一般消費…」について：他の選択肢は、主体・手続・期間・効果などの点でずれています。,正解は選択肢3です。 選択肢3の「販売しようとしている土地が、都市計画法に基づく告示が行われた都市計画道路の区域...」という内容が結論に合います。,正解は選択肢3です。,
2015,平成27年度,48,single,税・その他,,以下の記述のうち、正しいものを選びなさい。,,,,,,国土交通省が毎月公表する不動産価格指数(住宅)のうち、全国のマンション指数は、リ ーマンショックが発生した年である2008年以降2015年3月まで一貫して下落基調となっている。,建築着工統計(平成27年1月公表)によれば、平成26年の新設住宅着工戸数は、消費税率引上げ前の駆け込み需要の影響が大きかった平成25年と比較すると減少したが、平成24 年の新設住宅着工戸数を上回っていた。,平成25年度法人企業統計年報(平成26年9月公表)によれば、平成25年度の不動産業の売上高経常利益率は、消費税率引上げの影響もあり、前年度と比べて低下し、全産業の売上高経常利益率よりも低くなった。,平成27年版主地白書(平成27年6月公表)によれば、土地取引について、売買による所有権の移転登記の件数でその動向を見ると、平成26年の全国の土地取引件数は3年連続の減少となった。,2,FALSE,FALSE,,正解は選択肢2です。この問は以下の記述について、問題文の条件を制度の要件・効果に当てはめる問題です。選択肢2の「建築着工統計(平成27年1月公表)によれば、平成26年の新設住宅着工戸数は、消...」という内容が結論に合います。他の選択肢は、主体・手続・期間・効果などの点でずれています。,1:（1）「国土交通省が毎月公表する不動産価格指数(住宅)のうち、全国のマンション指数は、リ ーマンショック…」について：他の選択肢は、主体・手続・期間・効果などの点でずれています。;3:（3）「平成25年度法人企業統計年報(平成26年9月公表)によれば、平成25年度の不動産業の売上高経常利…」について：他の選択肢は、主体・手続・期間・効果などの点でずれています。;4:（4）「平成27年版主地白書(平成27年6月公表)によれば、土地取引について、売買による所有権の移転登記…」について：他の選択肢は、主体・手続・期間・効果などの点でずれています。,正解は選択肢2です。 選択肢2の「建築着工統計(平成27年1月公表)によれば、平成26年の新設住宅着工戸数は、消...」という内容が結論に合います。,正解は選択肢2です。,
2015,平成27年度,49,single,税・その他,,土地についての以下の記述のうち、最も適当でないものを選びなさい。,,,,,,我が国の低地は、ここ数千年の間に形成され、湿地や旧河道であった若い軟弱な地盤の地域がほとんどである。,臨海部の低地は、洪水、高潮、地震による津波などの災害が多く、住宅地として利用するには、十分な防災対策と注意が必要である。,台地上の池沼を埋め立てた地盤は、液状化に対して安全である。,都市周辺の丘陵や山麓に広がった住宅地は、土砂災害が起こる場合があり、注意する必要がある。,3,FALSE,FALSE,,正解は選択肢3です。この問は土地について、問題文の条件を制度の要件・効果に当てはめる問題です。選択肢3の「台地上の池沼を埋め立てた地盤は、液状化に対して安全である。」という内容が結論に合います。他の選択肢は、主体・手続・期間・効果などの点でずれています。,1:（1）「我が国の低地は、ここ数千年の間に形成され、湿地や旧河道であった若い軟弱な地盤の地域がほとんどであ…」について：他の選択肢は、主体・手続・期間・効果などの点でずれています。;2:（2）「臨海部の低地は、洪水、高潮、地震による津波などの災害が多く、住宅地として利用するには、十分な防災…」について：他の選択肢は、主体・手続・期間・効果などの点でずれています。;4:（4）「都市周辺の丘陵や山麓に広がった住宅地は、土砂災害が起こる場合があり、注意する必要がある。…」について：他の選択肢は、主体・手続・期間・効果などの点でずれています。,正解は選択肢3です。 選択肢3の「台地上の池沼を埋め立てた地盤は、液状化に対して安全である。,正解は選択肢3です。,
2015,平成27年度,50,single,税・その他,,建物の構造についての以下の記述のうち、最も適当でないものを選びなさい。,,,,,,木造は湿気に強い構造であり、地盤面からの基礎の立上がりをとる必要はない。,基礎の種類には、直接基礎、杭基礎等がある。,杭基礎には、木杭、既製コンクリート杭、鋼杭等がある。,建物は、上部構造と基礎構造からなり、基礎構造は上部構造を支持する役目を負うものである。,1,FALSE,FALSE,,正解は選択肢1です。この問は建物の構造について、問題文の条件を制度の要件・効果に当てはめる問題です。選択肢1の「木造は湿気に強い構造であり、地盤面からの基礎の立上がりをとる必要はない。」という内容が結論に合います。他の選択肢は、主体・手続・期間・効果などの点でずれています。,2:（2）「基礎の種類には、直接基礎、杭基礎等がある。…」について：他の選択肢は、主体・手続・期間・効果などの点でずれています。;3:（3）「杭基礎には、木杭、既製コンクリート杭、鋼杭等がある。…」について：他の選択肢は、主体・手続・期間・効果などの点でずれています。;4:（4）「建物は、上部構造と基礎構造からなり、基礎構造は上部構造を支持する役目を負うものである。…」について：他の選択肢は、主体・手続・期間・効果などの点でずれています。,正解は選択肢1です。 選択肢1の「木造は湿気に強い構造であり、地盤面からの基礎の立上がりをとる必要はない。,正解は選択肢1です。,
2014,平成26年度,1,single,権利関係,,以下の記述のうち、民法の条文に規定されているものはどれか。,,,,,,賃借人の債務不履行を理由に、賃貸人が不動産の賃貸借契約を解除するには、信頼関係が破壊されていなければならない旨,当事者は、債務の不履行について損害賠償の額を予定できる旨,債務の履行のために債務者が使用する者の故意又は過失は、債務者の責めに帰すべき事由に含まれる旨,債務不履行によって生じた特別の損害のうち、債務者が、債務不履行時に予見し、又は予見することができた損害のみが賠償範囲に含まれる旨,2,FALSE,FALSE,,正解は選択肢2です。この問は以下の記述について、問題文の条件を制度の要件・効果に当てはめる問題です。選択肢2の「当事者は、債務の不履行について損害賠償の額を予定できる旨」という内容が結論に合います。他の選択肢は、主体・手続・期間・効果などの点でずれています。,1:（1）「賃借人の債務不履行を理由に、賃貸人が不動産の賃貸借契約を解除するには、信頼関係が破壊されていなけ…」について：他の選択肢は、主体・手続・期間・効果などの点でずれています。;3:（3）「債務の履行のために債務者が使用する者の故意又は過失は、債務者の責めに帰すべき事由に含まれる旨…」について：他の選択肢は、主体・手続・期間・効果などの点でずれています。;4:（4）「債務不履行によって生じた特別の損害のうち、債務者が、債務不履行時に予見し、又は予見することができ…」について：他の選択肢は、主体・手続・期間・効果などの点でずれています。,正解は選択肢2です。 選択肢2の「当事者は、債務の不履行について損害賠償の額を予定できる旨」という内容が結論に合います。,正解は選択肢2です。,
2014,平成26年度,2,single,権利関係,,代理についての以下の記述のうち、民法の規定と判例に照らすと、誤っているものがいくつあるか選びなさい。 ア 代理権を有しない者がした契約を本人が追認する場合、その契約の効力は、別段の意思表示がない限り、追認をした時から将来に向かって生ずる。 イ 不動産を担保に金員を借り入れる代理権を与えられた代理人が、本人の名において当該不動産を売却した場合、相手方において本人自身の行為であると信じたことについて正当な理由があるときは、表見代理の規定を類推適用することができる。 ウ 代理人は、行為能力者であることを要しないが、代理人が後見開始の審判を受けたときは、 代理権が消滅する。 エ 代理人の意思表示の効力が意思の不存在、詐欺、強迫又はある事情を知っていたこと若しくは知らなかったことにつき過失があったことによって影響を受けるべき場合には、その事実の有無は、本人の選択に従い、本人又は代理人のいずれかについて決する。,,,,,,誤っている記述は一つである。,誤っている記述は二つである。,誤っている記述は三つである。,誤っている記述は四つである。,2,FALSE,FALSE,,正解は選択肢2です。誤っている記述は二つである。 各記述を個別に判定し、正しいもの・誤っているもの・違反するものなどの数を数える問題です。,1:解説では「誤っている記述は二つである。」とある一方、（1）の記述はそれと矛盾します。 解説の要点：正解は選択肢2です。誤っている記述は二つである。 各記述を個別に判定し、正しいもの・誤っているもの・違反するものなどの数を数える問題です。 正答（2）との違いを確認し直してください。;3:解説では「誤っている記述は二つである。」とある一方、（3）の記述はそれと矛盾します。 解説の要点：正解は選択肢2です。誤っている記述は二つである。 各記述を個別に判定し、正しいもの・誤っているもの・違反するものなどの数を数える問題です。 正答（2）との違いを確認し直してください。;4:解説では「誤っている記述は二つである。」とある一方、（4）の記述はそれと矛盾します。 解説の要点：正解は選択肢2です。誤っている記述は二つである。 各記述を個別に判定し、正しいもの・誤っているもの・違反するものなどの数を数える問題です。 正答（2）との違いを確認し直してください。,正解は選択肢2です。 誤っている記述は二つである。,正解は選択肢2です。,
2014,平成26年度,3,single,権利関係,,権利の取得や消滅についての以下の記述のうち、民法の規定と判例に照らすと、正しいものを選びなさい。,,,,,,売買契約に基づいて土地の引渡しを受け、平穏に、かつ、公然と当該土地の占有を始めた一買主は、当該土地が売主の所有物でなくても、売主が無権利者であることにつき善意で無過失であれば、即時に当該不動産の所有権を取得する。,所有権は、権利を行使できる時から20年間行使しないときは消滅し、その目的物は国庫に帰属する。,買主の売主に対する瑕疵担保による損害賠償請求権には消滅時効の規定の適用があり、この消滅時効は、買主が売買の目的物の引渡しを受けた時から進行する。,20年間、平穏に、かつ、公然と他人が所有する土地を占有した者は、占有取得の原因たる事実のいかんにかかわらず、当該土地の所有権を取得する。,3,FALSE,FALSE,,正解は選択肢3です。この問は権利の取得や消滅について、問題文の条件を制度の要件・効果に当てはめる問題です。選択肢3の「買主の売主に対する瑕疵担保による損害賠償請求権には消滅時効の規定の適用があり、...」という内容が結論に合います。他の選択肢は、主体・手続・期間・効果などの点でずれています。,1:（1）「売買契約に基づいて土地の引渡しを受け、平穏に、かつ、公然と当該土地の占有を始めた一買主は、当該土…」について：他の選択肢は、主体・手続・期間・効果などの点でずれています。;2:（2）「所有権は、権利を行使できる時から20年間行使しないときは消滅し、その目的物は国庫に帰属する。…」について：他の選択肢は、主体・手続・期間・効果などの点でずれています。;4:（4）「20年間、平穏に、かつ、公然と他人が所有する土地を占有した者は、占有取得の原因たる事実のいかんに…」について：他の選択肢は、主体・手続・期間・効果などの点でずれています。,正解は選択肢3です。 選択肢3の「買主の売主に対する瑕疵担保による損害賠償請求権には消滅時効の規定の適用があり、...」という内容が結論に合います。,正解は選択肢3です。,
2014,平成26年度,4,single,権利関係,,AがBとの間で、CのBに対する債務を担保するためにA所有の甲土地に抵当権を設定する場合と根抵当権を設定する場合における以下の記述のうち、民法の規定に照らすと、正しいものを選びなさい。,,,,,,抵当権を設定するときは、被担保債権を特定する必要があるが、根抵当権を設定するときは、BC間のあらゆる範囲の不特定の債権を極度額の限度で被担保債権とできる。,抵当権を設定した旨を第三者に対抗するときは登記が必要であるが、根抵当権を設定した旨を第三者に対抗するときは、登記に加えて、債務者Cの異議を留めない承諾が必要である。,Bが抵当権を実行するときは、AはまずCに催告するように請求できるが、Bが根抵当権を実行するときは、AはまずCに催告するように請求できない。,抵当権のときは、BはCに対する他の債権者の利益のために抵当権の瀬位を譲渡できるが、元本の確定前の根抵当権のときは、Bは根抵当権の順位を譲渡できない。,4,FALSE,FALSE,,正解は選択肢4です。この問は権利関係について、問題文の条件を制度の要件・効果に当てはめる問題です。選択肢4の「抵当権のときは、BはCに対する他の債権者の利益のために抵当権の瀬位を譲渡でき...」という内容が結論に合います。他の選択肢は、主体・手続・期間・効果などの点でずれています。,1:（1）「抵当権を設定するときは、被担保債権を特定する必要があるが、根抵当権を設定するときは、BC間のあら…」について：他の選択肢は、主体・手続・期間・効果などの点でずれています。;2:（2）「抵当権を設定した旨を第三者に対抗するときは登記が必要であるが、根抵当権を設定した旨を第三者に対抗…」について：他の選択肢は、主体・手続・期間・効果などの点でずれています。;3:（3）「Bが抵当権を実行するときは、AはまずCに催告するように請求できるが、Bが根抵当権を実行するときは、AはまずCに催告するように請求できない。」は、作業主任者の選任が必要な作業の組合せ（BCB）を含んでいません。解説のとおり、該当作業と非該当作業の区別を確認してください。 （3）「Bが抵当権を実行するときは、AはまずCに催告するように請求できるが、Bが根抵当権を実行するときは…」について：他の選択肢は、主体・手続・期間・効果などの点でずれています。,正解は選択肢4です。 選択肢4の「抵当権のときは、BはCに対する他の債権者の利益のために抵当権の瀬位を譲渡でき...」という内容が結論に合います。,正解は選択肢4です。,
2014,平成26年度,5,single,権利関係,,債権譲渡に関する以下の1から4までの記述のうち、下記判決文によれば、正しいものを選びなさい。 (判決文) 民法は、原則として債権の譲渡性を認め(民法第466条第1項)、当事者が反対の意思を表示した場合にはこれを認めない旨定めている(同条第2項本文)ところ、債権の譲渡性を否定する意思を表示した譲渡禁止の特約は、債務者の利益を保護するために付されるものと解される。そうすると、譲渡禁止の特約に反して債権を譲渡した債権者は、同特約の存在を理由に譲渡の無効を主張する独自の利益を有しないのであって、債務者に譲渡の無効を主張する意思があることが明らかであるなどの特段の事情がない限り、その無効を主張することは許されないと解するのが相当である。,,,,,,債権譲渡禁止特約が付されている債権が債権者から第三者に対して譲渡された場合、債権者に譲渡の無効を主張する意思があることが明らかであるときに限り、債務者が当該譲渡は無効である旨の主張をすることは許される。,債権譲渡禁止特約が付されている債権が債権者から第三者に対して譲渡された場合、債権者に譲渡の無効を主張する意思があることが明らかであれば、譲渡した債権者が当該譲渡は無効である旨の主張をすることは許される。,債権譲渡禁止特約が付されている債権が債権者から第三者に対して譲渡された場合、債務者に譲渡の無効を主張する意思があることが明らかであれば、譲渡した債権者が当該譲渡は無効である旨の主張をすることは許される。,債権譲渡禁止特約が付されている債権が債権者から第三者に対して一誠度された場合、債権譲渡禁止の特約は債務者の利益を保護するために付されるものであるので、債権者はいかなるときも当該譲渡が無効であることを主張することは許されない。,3,FALSE,FALSE,,正解は選択肢3です。この問は債権譲渡について、問題文の条件を制度の要件・効果に当てはめる問題です。選択肢3の「債権譲渡禁止特約が付されている債権が債権者から第三者に対して譲渡された場合、債...」という内容が結論に合います。他の選択肢は、主体・手続・期間・効果などの点でずれています。,,正解は選択肢3です。 選択肢3の「債権譲渡禁止特約が付されている債権が債権者から第三者に対して譲渡された場合、債...」という内容が結論に合います。,正解は選択肢3です。,
2014,平成26年度,6,single,権利関係,,Aは、Bに建物の建築を注文し、完成して引渡しを受けた建物をCに対して売却した。本件建物に瑕疵があった場合についての以下の記述のうち、民法の規定と判例に照らすと、正しいものを選びなさい。,,,,,,Cは、売買契約の締結の当時、本件建物に瑕疵があることを知っていたときであっても、瑕疵の存在を知ってから1年以内であれば、Aに対して売買契約に基づく瑕疵担保責任を追及できる。,Bが建物としての基本的な安全性が欠けることがないように配慮すべき義務を怠ったために本件建物に基本的な安全性を損なう瑕疵があるときは、当該瑕疵によって損害を被ったCは、特段の事情がない限り、Bに対して不法行為責任に基づく損害賠償を請求できる。,CがBに対して本件建物の瑕疵に関して不法行為責任に基づく損害賠償を請求する場合、当該請求ができる期間は、Cが瑕疵の存在に気付いてから1年以内である。,本件建物に存在している瑕疵のために請負契約を締結した目的を達成できない場合、AはBとの契約を一方的に解除できる。,2,FALSE,FALSE,,正解は選択肢2です。この問は権利関係について、問題文の条件を制度の要件・効果に当てはめる問題です。選択肢2の「Bが建物としての基本的な安全性が欠けることがないように配慮すべき義務を怠ったた...」という内容が結論に合います。他の選択肢は、主体・手続・期間・効果などの点でずれています。,1:（1）「Cは、売買契約の締結の当時、本件建物に瑕疵があることを知っていたときであっても、瑕疵の存在を知ってから1年以内であれば、Aに対して売買契約に基づく瑕疵担保責任を追及できる。」は、作業主任者の選任が必要な作業の組合せ（BCB）を含んでいません。解説のとおり、該当作業と非該当作業の区別を確認してください。 （1）「Cは、売買契約の締結の当時、本件建物に瑕疵があることを知っていたときであっても、瑕疵の存在を知っ…」について：他の選択肢は、主体・手続・期間・効果などの点でずれています。;3:（3）「CがBに対して本件建物の瑕疵に関して不法行為責任に基づく損害賠償を請求する場合、当該請求ができる期間は、Cが瑕疵の存在に気付いてから1年以内である。」は、作業主任者の選任が必要な作業の組合せ（BCB）を含んでいません。解説のとおり、該当作業と非該当作業の区別を確認してください。 （3）「CがBに対して本件建物の瑕疵に関して不法行為責任に基づく損害賠償を請求する場合、当該請求ができる…」について：他の選択肢は、主体・手続・期間・効果などの点でずれています。;4:（4）「本件建物に存在している瑕疵のために請負契約を締結した目的を達成できない場合、AはBとの契約を一方…」について：他の選択肢は、主体・手続・期間・効果などの点でずれています。,正解は選択肢2です。 選択肢2の「Bが建物としての基本的な安全性が欠けることがないように配慮すべき義務を怠ったた...」という内容が結論に合います。,正解は選択肢2です。,
2014,平成26年度,7,single,権利関係,,賃貸人Aから賃借人Bが借りたA所有の甲土地の上に、Bが乙建物を所有する場合における以下の記述のうち、民法の規定と判例に照らすと、正しいものを選びなさい。なお、Bは、 自己名義で乙建物の保存登記をしているものとして扱う。,,,,,,BがAに無断で乙建物をCに月額10万円の賃料で貸したとき、Aは、借地の無断転貸を理由に、甲土地の賃貸借契約を解除できる。,Cが甲土地を不法占拠してBの土地利用を妨害している場合、Bは、Aの有する甲土地の所有権に基づく妨害排除請求権を代位行使してCの妨害の排除を求めることができるほか、 自己の有する甲土地の賃借権に基づいてCの妨害の排除を求めることができる。,BがAの承諾を得て甲土地を月額15万円の賃料でCに転貸したとき、AB間の賃貸借契約がBの債務不履行で解除されても、AはCに解除を対抗できない。,AB間で賃料の支払時期について特約がない場合、Bは、当月末日までに、翌月分の賃料を支払わなければならない。,2,FALSE,FALSE,,正解は選択肢2です。この問は権利関係について、問題文の条件を制度の要件・効果に当てはめる問題です。選択肢2の「Cが甲土地を不法占拠してBの土地利用を妨害している場合、Bは、Aの有する...」という内容が結論に合います。他の選択肢は、主体・手続・期間・効果などの点でずれています。,1:（1）「BがAに無断で乙建物をCに月額10万円の賃料で貸したとき、Aは、借地の無断転貸を理由に、甲土地の賃貸借契約を解除できる。」は、作業主任者の選任が必要な作業の組合せ（CBBACC）を含んでいません。解説のとおり、該当作業と非該当作業の区別を確認してください。 （1）「BがAに無断で乙建物をCに月額10万円の賃料で貸したとき、Aは、借地の無断転貸を理由に、甲土地の…」について：他の選択肢は、主体・手続・期間・効果などの点でずれています。;3:（3）「BがAの承諾を得て甲土地を月額15万円の賃料でCに転貸したとき、AB間の賃貸借契約がBの債務不履行で解除されても、AはCに解除を対抗できない。」は、作業主任者の選任が必要な作業の組合せ（CBBACC）を含んでいません。解説のとおり、該当作業と非該当作業の区別を確認してください。 （3）「BがAの承諾を得て甲土地を月額15万円の賃料でCに転貸したとき、AB間の賃貸借契約がBの債務不履…」について：他の選択肢は、主体・手続・期間・効果などの点でずれています。;4:（4）「AB間で賃料の支払時期について特約がない場合、Bは、当月末日までに、翌月分の賃料を支払わなければならない。」は、作業主任者の選任が必要な作業の組合せ（CBBACC）を含んでいません。解説のとおり、該当作業と非該当作業の区別を確認してください。 （4）「AB間で賃料の支払時期について特約がない場合、Bは、当月末日までに、翌月分の賃料を支払わなければ…」について：他の選択肢は、主体・手続・期間・効果などの点でずれています。,正解は選択肢2です。 選択肢2の「Cが甲土地を不法占拠してBの土地利用を妨害している場合、Bは、Aの有する...」という内容が結論に合います。,正解は選択肢2です。,
2014,平成26年度,8,single,権利関係,,不法行為についての以下の記述のうち、民法の規定と判例に照らすと、正しいものを選びなさい。,,,,,,不法行為による損害賠償請求権の期間の制限を定める民法第724条における、被害者が損害を知った時とは、被害者が損害の発生を現実に認識した時をいう。,不法行為による損害賠償債務の不履行に基づく遅延損害金債権は、当該債権が発生した時から10年間行使しないことにより、時効によって消滅する。,不法占拠により日々発生する損害については、加害行為が終わった時から一括して消滅時効が進行し、日々発生する損害を知った時から別個に消滅時効が進行することはない。,不法行為の加害者が海外に在住している聞は、民法第724条後段の20年の時効期間は進行しない。,1,FALSE,FALSE,,正解は選択肢1です。この問は不法行為について、問題文の条件を制度の要件・効果に当てはめる問題です。選択肢1の「不法行為による損害賠償請求権の期間の制限を定める民法第724条における、被害者...」という内容が結論に合います。他の選択肢は、主体・手続・期間・効果などの点でずれています。,2:（2）「不法行為による損害賠償債務の不履行に基づく遅延損害金債権は、当該債権が発生した時から10年間行使…」について：他の選択肢は、主体・手続・期間・効果などの点でずれています。;3:（3）「不法占拠により日々発生する損害については、加害行為が終わった時から一括して消滅時効が進行し、日々…」について：他の選択肢は、主体・手続・期間・効果などの点でずれています。;4:（4）「不法行為の加害者が海外に在住している聞は、民法第724条後段の20年の時効期間は進行しない。…」について：他の選択肢は、主体・手続・期間・効果などの点でずれています。,正解は選択肢1です。 選択肢1の「不法行為による損害賠償請求権の期間の制限を定める民法第724条における、被害者...」という内容が結論に合います。,正解は選択肢1です。,
2014,平成26年度,9,single,権利関係,,後見人制度についての以下の記述のうち、民法の規定に照らすと、正しいものを選びなさい。,,,,,,成年被後見人が第三者との間で建物の贈与を受ける契約をしたときは、成年後見人は、 当該法律行為を取り消すことができない。,成年後見人が、成年被後見人に代わって、成年被後見人が居住している建物を売却するときは、家庭裁判所の許可を要しない。,未成年後見人は、自ら後見する未成年者について、後見開始の審判を請求できない。 ー,成年後見人は家庭裁判所が選任する者であるが、未成年後見人は必ずしも家庭裁判所が選任する者とは限らない。 、,4,FALSE,FALSE,,正解は選択肢4です。この問は後見人制度について、問題文の条件を制度の要件・効果に当てはめる問題です。選択肢4の「成年後見人は家庭裁判所が選任する者であるが、未成年後見人は必ずしも家庭裁判所が...」という内容が結論に合います。他の選択肢は、主体・手続・期間・効果などの点でずれています。,1:（1）「成年被後見人が第三者との間で建物の贈与を受ける契約をしたときは、成年後見人は、 当該法律行為を取…」について：他の選択肢は、主体・手続・期間・効果などの点でずれています。;2:（2）「成年後見人が、成年被後見人に代わって、成年被後見人が居住している建物を売却するときは、家庭裁判所…」について：他の選択肢は、主体・手続・期間・効果などの点でずれています。;3:（3）「未成年後見人は、自ら後見する未成年者について、後見開始の審判を請求できない。 ー…」について：他の選択肢は、主体・手続・期間・効果などの点でずれています。,正解は選択肢4です。 選択肢4の「成年後見人は家庭裁判所が選任する者であるが、未成年後見人は必ずしも家庭裁判所が...」という内容が結論に合います。,正解は選択肢4です。,
2014,平成26年度,10,single,権利関係,,Aには、父のみを同じくする兄Bと、両親を同じくする弟C及び弟Dがいたが、C及びDは、Aより先に死亡した。Aの両親は既に死亡しており、Aには内縁の妻Eがいるが、 子はいない。Cには子F及び子Gが、Dには子Hがいる。Aが、平成26年8月1日に遺言を残さずに死亡した場合の相続財産の法定相続分として、民法の規定に照らすと、正しいものを選びなさい。,,,,,,Eが2分の1、Bが6分のl、Fが9分のl、Gが9分のl、Hが9分の1である。,Bが3分のl、Fが9分の2、Gが9分の2、Hが9分の2である。,Bが5分の1、Fが5分の1、Gが5分の1、Hが5分の2である。,Bが5分の1、Fが15分の4、Gが15分の4、Hが15分の4である。,3,FALSE,FALSE,,正解は選択肢3です。この問は権利関係について、問題文の条件を制度の要件・効果に当てはめる問題です。選択肢3の「Bが5分の1、Fが5分の1、Gが5分の1、Hが5分の2である。」という内容が結論に合います。他の選択肢は、主体・手続・期間・効果などの点でずれています。,1:（1）「Eが2分の1、Bが6分のl、Fが9分のl、Gが9分のl、Hが9分の1である。」は、作業主任者の選任が必要な作業の組合せ（B）を含んでいません。解説のとおり、該当作業と非該当作業の区別を確認してください。 （1）「Eが2分の1、Bが6分のl、Fが9分のl、Gが9分のl、Hが9分の1である。…」について：他の選択肢は、主体・手続・期間・効果などの点でずれています。;2:（2）「Bが3分のl、Fが9分の2、Gが9分の2、Hが9分の2である。」は、作業主任者の選任が必要な作業の組合せ（B）を含んでいません。解説のとおり、該当作業と非該当作業の区別を確認してください。 （2）「Bが3分のl、Fが9分の2、Gが9分の2、Hが9分の2である。…」について：他の選択肢は、主体・手続・期間・効果などの点でずれています。;4:（4）「Bが5分の1、Fが15分の4、Gが15分の4、Hが15分の4である。」は、作業主任者の選任が必要な作業の組合せ（B）を含んでいません。解説のとおり、該当作業と非該当作業の区別を確認してください。 （4）「Bが5分の1、Fが15分の4、Gが15分の4、Hが15分の4である。…」について：他の選択肢は、主体・手続・期間・効果などの点でずれています。,正解は選択肢3です。 選択肢3の「Bが5分の1、Fが5分の1、Gが5分の1、Hが5分の2である。,正解は選択肢3です。,
2014,平成26年度,11,single,権利関係,,甲土地の所有者が甲土地につき、建物の所有を目的として賃貸する場合(以下 「ケース①」という。)と、建物の所有を目的とせずに資材置場として賃貸する場合(以下「ケ ース②」という。)についての以下の記述のうち、民法及び借地借家法の規定に照らすと、正しいものを選びなさい。,,,,,,賃貸借の存続期間を40年と定めたときは、ケース①では書面で契約を締結しなければ期間が30年となってしまうのに対し、ケース②では口頭による合意であっても期間は40年となる。,ケース①では、賃借人は、甲土地の上に登記されている建物を所有しているときは、甲土地が第三者に売却されても賃借人であることを当該第三者に対抗できるが、ケース②では、 甲土地が第三者に売却された場合に賃借人であることを当該第三者に対抗する方法はない。,期間を定めない契約を締結した後に賃貸人が甲土地を使用する事情が生じたときに、 ケース①では賃貸人が解約の申入れをしても合意がなければ契約は終了しないのに対し、ケ ース②では賃貸人が解約の申入れをすれば契約は申入れの日から1年を経過することによって終了する。,賃貸借の期間を定めた場合であって当事者が期間内に解約する権利を留保していないとき、 ケース①では賃借人側は期間内であっても1年前に予告することによって中途解約できるのに対し、ケース②では賃貸人も賃借人もいつでも一方的に中途解約できる。,3,FALSE,FALSE,,正解は選択肢3です。この問は権利関係について、問題文の条件を制度の要件・効果に当てはめる問題です。選択肢3の「期間を定めない契約を締結した後に賃貸人が甲土地を使用する事情が生じたときに、 ...」という内容が結論に合います。他の選択肢は、主体・手続・期間・効果などの点でずれています。,1:（1）「賃貸借の存続期間を40年と定めたときは、ケース①では書面で契約を締結しなければ期間が30年となっ…」について：他の選択肢は、主体・手続・期間・効果などの点でずれています。;2:（2）「ケース①では、賃借人は、甲土地の上に登記されている建物を所有しているときは、甲土地が第三者に売却…」について：他の選択肢は、主体・手続・期間・効果などの点でずれています。;4:（4）「賃貸借の期間を定めた場合であって当事者が期間内に解約する権利を留保していないとき、 ケース①では…」について：他の選択肢は、主体・手続・期間・効果などの点でずれています。,正解は選択肢3です。 選択肢3の「期間を定めない契約を締結した後に賃貸人が甲土地を使用する事情が生じたときに、 ...」という内容が結論に合います。,正解は選択肢3です。,
2014,平成26年度,12,single,権利関係,,借地借家法第38条の定期建物賃貸借(以下、本問では「定期建物賃貸借」 という。)についての以下の記述のうち、借地借家法の規定及び判例に照らすと、誤っているものを選びなさい。,,,,,,定期建物賃貸借契約を締結するには、公正証書による等書面によらなければならない。,定期建物賃貸借契約を締結するときは、期間を1年未満としても、期間の定めがない建物の賃貸借契約とはみなされない。,定期建物賃貸借契約を締結するには、当該契約に係る賃貸借は契約の更新がなく、期間の満了によって終了することを、当該契約書と同じ書面内に記載して説明すれば足りる。,定期建物賃貸借契約を締結しようとする場合、賃貸人が、当該契約に係る賃貸借は契約の更新がなく、期間の満了によって終了することを説明しなかったときは、契約の更新がない旨の定めは無効となる。,3,FALSE,FALSE,,正解は選択肢3です。この問は借地借家法第38条の定期建物賃貸借(以下、本問では「定期建物賃貸借」 という。)について、問題文の条件を制度の要件・効果に当てはめる問題です。選択肢3の「定期建物賃貸借契約を締結するには、当該契約に係る賃貸借は契約の更新がなく、期間...」という内容が結論に合います。他の選択肢は、主体・手続・期間・効果などの点でずれています。,1:（1）「定期建物賃貸借契約を締結するには、公正証書による等書面によらなければならない。」は、単独の記述としては法令上妥当な場合がありますが、本問で選ぶべき正答は（3）「定期建物賃貸借契約を締結するには、当該契約に係る賃貸借は契約の更新がなく、期間の満了によって終了することを、当該契約書と同じ書面内に記載して説明すれば足りる。」です。問題文の条件（借地借家法第38条の定期建物賃貸借(以下、本問では「定期建物賃貸借」 という。)についての以下の…）と照らし、設問が問う論点に合う肢を選び直してください。;2:（2）「定期建物賃貸借契約を締結するときは、期間を1年未満としても、期間の定めがない建物の賃貸借契約とは…」について：他の選択肢は、主体・手続・期間・効果などの点でずれています。;4:（4）「定期建物賃貸借契約を締結しようとする場合、賃貸人が、当該契約に係る賃貸借は契約の更新がなく、期間…」について：他の選択肢は、主体・手続・期間・効果などの点でずれています。,正解は選択肢3です。 選択肢3の「定期建物賃貸借契約を締結するには、当該契約に係る賃貸借は契約の更新がなく、期間...」という内容が結論に合います。,正解は選択肢3です。,
2014,平成26年度,13,single,権利関係,,建物の区分所有等に関する法律(以下、本問では「法」という。)についての以下の記述のうち、誤っているものを選びなさい。,,,,,,区分所有者の団体は、区分所有建物が存在すれば、区分所有者を構成員として当然に成立する団体であるが、管理組合法人になることができるものは、区分所有者の数が30人以上のものに限られる。,専有部分が数人の共有に属するときの集会の招集の通知は、法第40条の規定に基づく議決権を行使すべき者にすればよく、共有者間で議決権を行使すべき者が定められていないときは、共有者のいずれか一人にすればよい。,建物の価格の2分の1以下に相当する部分が滅失したとき、規約で別段の定めがない限り、 各区分所有者は、滅失した共用部分について、復旧の工事に着手するまでに復旧決議、建替え決議又は一括建替え決議があったときは、復旧できない。,管理者が、規約の保管を怠った場合や、利害関係人からの請求に対して正当な理由がないのに規約の閲覧を拒んだときは、 20万円以下の過料に処せられる。,1,FALSE,FALSE,,正解は選択肢1です。この問は建物の区分所有等について、問題文の条件を制度の要件・効果に当てはめる問題です。選択肢1の「区分所有者の団体は、区分所有建物が存在すれば、区分所有者を構成員として当然に成...」という内容が結論に合います。他の選択肢は、主体・手続・期間・効果などの点でずれています。,2:（2）「専有部分が数人の共有に属するときの集会の招集の通知は、法第40条の規定に基づく議決権を行使すべき…」について：他の選択肢は、主体・手続・期間・効果などの点でずれています。;3:（3）「建物の価格の2分の1以下に相当する部分が滅失したとき、規約で別段の定めがない限り、 各区分所有者…」について：他の選択肢は、主体・手続・期間・効果などの点でずれています。;4:（4）「管理者が、規約の保管を怠った場合や、利害関係人からの請求に対して正当な理由がないのに規約の閲覧を拒んだときは、 20万円以下の過料に処せられる。」は、単独の記述としては法令上妥当な場合がありますが、本問で選ぶべき正答は（1）「区分所有者の団体は、区分所有建物が存在すれば、区分所有者を構成員として当然に成立する団体であるが、管理組合法人になることができるものは、区分所有者の数が30人以…」です。問題文の条件（建物の区分所有等に関する法律(以下、本問では「法」という。)についての以下の記述のうち、誤ってい…）と照らし、設問が問う論点に合う肢を選び直してください。,正解は選択肢1です。 選択肢1の「区分所有者の団体は、区分所有建物が存在すれば、区分所有者を構成員として当然に成...」という内容が結論に合います。,正解は選択肢1です。,
2014,平成26年度,14,single,権利関係,,不動産の登記についての以下の記述のうち、誤っているものを選びなさい。,,,,,,表示に関する登記を申請するときは、申請人は、その申請情報と併せて登記原因を証する情報を提供する必要がある。,新たに生じた土地又は表題登記がない土地の所有権を取得した者は、その所有権の取得の日から1月以内に、表題登記を申請する必要がある。,信託の登記の申請は、当該信託に係る権利の保存、設定、移転又は変更の登記の申請と同時にする必要がある。,仮登記は、仮登記の登記義務者の承諾があるときは、当該仮登記の登記権利者が単独で申請できる。,1,FALSE,FALSE,,正解は選択肢1です。この問は不動産の登記について、問題文の条件を制度の要件・効果に当てはめる問題です。選択肢1の「表示に関する登記を申請するときは、申請人は、その申請情報と併せて登記原因を証す...」という内容が結論に合います。他の選択肢は、主体・手続・期間・効果などの点でずれています。,2:（2）「新たに生じた土地又は表題登記がない土地の所有権を取得した者は、その所有権の取得の日から1月以内に…」について：他の選択肢は、主体・手続・期間・効果などの点でずれています。;3:（3）「信託の登記の申請は、当該信託に係る権利の保存、設定、移転又は変更の登記の申請と同時にする必要があ…」について：他の選択肢は、主体・手続・期間・効果などの点でずれています。;4:（4）「仮登記は、仮登記の登記義務者の承諾があるときは、当該仮登記の登記権利者が単独で申請できる。…」について：他の選択肢は、主体・手続・期間・効果などの点でずれています。,正解は選択肢1です。 選択肢1の「表示に関する登記を申請するときは、申請人は、その申請情報と併せて登記原因を証す...」という内容が結論に合います。,正解は選択肢1です。,
2014,平成26年度,15,single,法令上の制限,,都市計画法についての以下の記述のうち、誤っているものを選びなさい。,,,,,,都市計画区域については、用途地域が定められていない土地の区域であっても、一定のときは、都市計画に、地区計画を定めることができる。,高度利用地区は、市街地における土地の合理的かつ健全な高度利用と都市機能の更新とを図るため定められる地区であり、用途地域内において定めることができる。,準都市計画区域においても、用途地域が定められている土地の区域については、市街地開発事業を定めることができる。,高層住居誘導地区は、住居と住居以外の用途とを適正に配分し、利便性の高い高層住宅の建設を誘導するために定められる地区であり、近隣商業地域及び準工業地域においても定めることができる。,3,FALSE,FALSE,,正解は選択肢3です。この問は都市計画法について、問題文の条件を制度の要件・効果に当てはめる問題です。選択肢3の「準都市計画区域においても、用途地域が定められている土地の区域については、市街地...」という内容が結論に合います。他の選択肢は、主体・手続・期間・効果などの点でずれています。,1:（1）「都市計画区域については、用途地域が定められていない土地の区域であっても、一定のときは、都市計画に…」について：他の選択肢は、主体・手続・期間・効果などの点でずれています。;2:（2）「高度利用地区は、市街地における土地の合理的かつ健全な高度利用と都市機能の更新とを図るため定められ…」について：他の選択肢は、主体・手続・期間・効果などの点でずれています。;4:（4）「高層住居誘導地区は、住居と住居以外の用途とを適正に配分し、利便性の高い高層住宅の建設を誘導するために定められる地区であり、近隣商業地域及び準工業地域においても定…」は、単独の記述としては法令上妥当な場合がありますが、本問で選ぶべき正答は（3）「準都市計画区域においても、用途地域が定められている土地の区域については、市街地開発事業を定めることができる。」です。問題文の条件（都市計画法についての以下の記述のうち、誤っているものを選びなさい。…）と照らし、設問が問う論点に合う肢を選び直してください。,正解は選択肢3です。 選択肢3の「準都市計画区域においても、用途地域が定められている土地の区域については、市街地...」という内容が結論に合います。,正解は選択肢3です。,
2014,平成26年度,16,single,法令上の制限,,"次のアからウまでの記述のうち、都市計画法による開発許可を受ける必要のある、 又は同法第34条の2の規定に基づき協議する必要のある開発行為の組合せとして、正しいものを選びなさい。ただし、開発許可を受ける必要のある、又は協議する必要のある開発行為の面積については、条例による定めはないものとして扱う。 ア 市街化調整区域において、国が設置する医療法に規定する病院の用に供する施設である建築物の建築の用に供する目的で行われる1.500ぱの開発行為イ 市街化区域において、農林漁業を営む者の居住の用に供する建築物の建築の用に供する目的で行われる1,200ぱの開発行為ウ 区域区分が定められていない都市計画区域において、社会教育法に規定する公民館の用に供する施設である建築物の建築の用に供する目的で行われる4,000ぱの開発行為",,,,,,ア、イ,ア、ウ,イ、ウ,ア、イ、ウ,1,FALSE,FALSE,,正解は選択肢1です。この問は次のアからウまでの記述について、問題文の条件を制度の要件・効果に当てはめる問題です。選択肢1の「ア、イ」という内容が結論に合います。他の選択肢は、主体・手続・期間・効果などの点でずれています。,2:（2）「ア、ウ」は、単独の記述としては法令上妥当な場合がありますが、本問で選ぶべき正答は（1）「ア、イ」です。問題文の条件（次のアからウまでの記述のうち、都市計画法による開発許可を受ける必要のある、 又は同法第34条の2…）と照らし、設問が問う論点に合う肢を選び直してください。;3:（3）「イ、ウ」は、単独の記述としては法令上妥当な場合がありますが、本問で選ぶべき正答は（1）「ア、イ」です。問題文の条件（次のアからウまでの記述のうち、都市計画法による開発許可を受ける必要のある、 又は同法第34条の2…）と照らし、設問が問う論点に合う肢を選び直してください。;4:（4）「ア、イ、ウ」は、単独の記述としては法令上妥当な場合がありますが、本問で選ぶべき正答は（1）「ア、イ」です。問題文の条件（次のアからウまでの記述のうち、都市計画法による開発許可を受ける必要のある、 又は同法第34条の2…）と照らし、設問が問う論点に合う肢を選び直してください。,正解は選択肢1です。 選択肢1の「ア、イ」という内容が結論に合います。,正解は選択肢1です。,
2014,平成26年度,17,single,法令上の制限,,建築基準法についての以下の記述のうち、正しいものを選びなさい。,,,,,,"住宅の地上階における居住のための居室には、採光のための窓その他の開口部を設け、その採光に有効な部分の面積は、その居室の床面積に対して7分の1以上としなければならな ""'0",建築確認の対象となり得る工事は、建築物の建築、大規模の修繕及び大規模の模様替であり、建築物の移転は対象外である。,高さ15mの建築物には、周囲の状況によって安全上支障がない場合を除き、有効に避雷設備を設けなければならない。,準防火地域内において建築物の屋上に看板を設けるときは、その主要な部分を不燃材料で造り、又は覆わなければならない。,1,FALSE,FALSE,,正解は選択肢1です。この問は建築基準法について、問題文の条件を制度の要件・効果に当てはめる問題です。選択肢1の「住宅の地上階における居住のための居室には、採光のための窓その他の開口部を設け、...」という内容が結論に合います。他の選択肢は、主体・手続・期間・効果などの点でずれています。,2:（2）「建築確認の対象となり得る工事は、建築物の建築、大規模の修繕及び大規模の模様替であり、建築物の移転…」について：他の選択肢は、主体・手続・期間・効果などの点でずれています。;3:（3）「高さ15mの建築物には、周囲の状況によって安全上支障がない場合を除き、有効に避雷設備を設けなけれ…」について：他の選択肢は、主体・手続・期間・効果などの点でずれています。;4:（4）「準防火地域内において建築物の屋上に看板を設けるときは、その主要な部分を不燃材料で造り、又は覆わな…」について：他の選択肢は、主体・手続・期間・効果などの点でずれています。,正解は選択肢1です。 選択肢1の「住宅の地上階における居住のための居室には、採光のための窓その他の開口部を設け、...」という内容が結論に合います。,正解は選択肢1です。,
2014,平成26年度,18,single,法令上の制限,,建築基準法(以下、本問では「法」という。)についての以下の記述のうち、誤っているものを選びなさい。,,,,,,"店舗の用途に供する建築物で当該用途に供する部分の床面積の合計が10,000㎡を超えるものは、原則として工業地域内では建築できない。",学校を新築しようとするときは、法第48条の規定による用途制限に適合するとともに、 都市計画により敷地の位置が決定されていなければ新築できない。,特別用途地区内においては、地方公共団体は、国土交通大臣の承認を得て、条例で、法第48条の規定による建築物の用途制限を緩和できる。,都市計画において定められた建ぺい率の限度が10分の8とされている地域外で、かつ、 防火地域内にある耐火建築物の建ぺい率については、都市計画において定められた建ぺい率の数値に10分の1を加えた数値が限度となる。,2,FALSE,FALSE,,正解は選択肢2です。この問は建築基準法(以下、本問では「法」という。)について、問題文の条件を制度の要件・効果に当てはめる問題です。選択肢2の「学校を新築しようとするときは、法第48条の規定による用途制限に適合するとともに...」という内容が結論に合います。他の選択肢は、主体・手続・期間・効果などの点でずれています。,"1:（1）「店舗の用途に供する建築物で当該用途に供する部分の床面積の合計が10,000㎡を超えるものは、原則…」について：他の選択肢は、主体・手続・期間・効果などの点でずれています。;3:（3）「特別用途地区内においては、地方公共団体は、国土交通大臣の承認を得て、条例で、法第48条の規定によ…」について：他の選択肢は、主体・手続・期間・効果などの点でずれています。;4:（4）「都市計画において定められた建ぺい率の限度が10分の8とされている地域外で、かつ、 防火地域内にあ…」について：他の選択肢は、主体・手続・期間・効果などの点でずれています。",正解は選択肢2です。 選択肢2の「学校を新築しようとするときは、法第48条の規定による用途制限に適合するとともに...」という内容が結論に合います。,正解は選択肢2です。,
2014,平成26年度,19,single,法令上の制限,,宅地造成等規制法についての以下の記述のうち、誤っているものを選びなさい。なお、本問では「都道府県知事」とは、地方自治法に基づく指定都市、中核市及び特例市にあってはその長をいうものとして扱う。,,,,,,宅地造成工事規制区域内において、宅地を宅地以外の土地にするために行われる切土であって、当該切土をする土地の面積が600㎡で、かつ、高さ3mの崖を生ずることとなるものに関する工事については、都道府県知事の許可は必要ない。,都道府県知事は、宅地造成工事規制区域内において行われる宅地造成に関する工事の許可に付した条件に違反した者に対して、その許可を取り消すことができる。,土地の占有者又は所有者は、都道府県知事又はその命じた者若しくは委任した者が、宅地造成工事規制区域の指定のために当該土地に立ち入って測量又は調査を行う場合、正当な理由がない限り、立入りを拒み、又は妨げてはならない。,宅地造成工事規制区域内において行われる宅地造成に関する工事の許可を受けた者は、国土交通省令で定める軽微な変更を除き、当該工事の計画を変更しようとするときは、遅滞なく、その内容を都道府県知事に届け出なければならない。,4,FALSE,FALSE,,正解は選択肢4です。この問は宅地造成等規制法について、問題文の条件を制度の要件・効果に当てはめる問題です。選択肢4の「宅地造成工事規制区域内において行われる宅地造成に関する工事の許可を受けた者は、...」という内容が結論に合います。他の選択肢は、主体・手続・期間・効果などの点でずれています。,1:（1）「宅地造成工事規制区域内において、宅地を宅地以外の土地にするために行われる切土であって、当該切土を…」について：他の選択肢は、主体・手続・期間・効果などの点でずれています。;2:（2）「都道府県知事は、宅地造成工事規制区域内において行われる宅地造成に関する工事の許可に付した条件に違…」について：他の選択肢は、主体・手続・期間・効果などの点でずれています。;3:（3）「土地の占有者又は所有者は、都道府県知事又はその命じた者若しくは委任した者が、宅地造成工事規制区域…」について：他の選択肢は、主体・手続・期間・効果などの点でずれています。,正解は選択肢4です。 選択肢4の「宅地造成工事規制区域内において行われる宅地造成に関する工事の許可を受けた者は、...」という内容が結論に合います。,正解は選択肢4です。,
2014,平成26年度,20,single,法令上の制限,,土地区画整理法についての以下の記述のうち、正しいものを選びなさい。,,,,,,施行者は、宅地の所有者の申出又は同意があったときには、その宅地を使用し、又は収益できる権利を有する者に補償をすれば、換地計画において、その宅地の全部又は一部について換地を定めないことができる。,施行者は、施行地区内の宅地について換地処分を行うため、換地計画を定めなければならない。このときに、当該施行者が土地区画整理組合であるときは、その換地計画について市町村長の認可を受けなければならない。,関係権利者は、換地処分があった旨の公告があった日以降いつでも、施行地区内の土地及び建物に関する登記を行うことができる。,土地区画整理事業の施行により公共施設が設置されたときには、その公共施設は、 換地処分があった旨の公告があった日の翌日において、原則としてその公共施設の所在する市町村の管理に属することになる。,4,FALSE,FALSE,,正解は選択肢4です。この問は土地区画整理法について、問題文の条件を制度の要件・効果に当てはめる問題です。選択肢4の「土地区画整理事業の施行により公共施設が設置されたときには、その公共施設は、 換...」という内容が結論に合います。他の選択肢は、主体・手続・期間・効果などの点でずれています。,1:（1）「施行者は、宅地の所有者の申出又は同意があったときには、その宅地を使用し、又は収益できる権利を有す…」について：他の選択肢は、主体・手続・期間・効果などの点でずれています。;2:（2）「施行者は、施行地区内の宅地について換地処分を行うため、換地計画を定めなければならない。このときに…」について：他の選択肢は、主体・手続・期間・効果などの点でずれています。;3:（3）「関係権利者は、換地処分があった旨の公告があった日以降いつでも、施行地区内の土地及び建物に関する登…」について：他の選択肢は、主体・手続・期間・効果などの点でずれています。,正解は選択肢4です。 選択肢4の「土地区画整理事業の施行により公共施設が設置されたときには、その公共施設は、 換...」という内容が結論に合います。,正解は選択肢4です。,
2014,平成26年度,21,single,法令上の制限,,農地法(以下、本問では「法」という。)についての以下の記述のうち、正しいものを選びなさい。,,,,,,農地について法第3条第1項の許可があったときは所有権が移転する旨の停止条件付売買契約を締結し、それを登記原因とする所有権移転の仮登記を申請するときは、その買受人は農業委員会に届出をする必要がある。,市街化区域内の農地について、耕作の目的に供するために競売により所有権を取得しようとするときは、その買受人は法第3条第1項の許可を受ける必要はない。,農業者が住宅の改築に必要な資金を銀行から借りるために、自己所有の農地に抵当権を設定するときは、法第3条第1項の許可を受ける必要はない。,山林を開墾し現に農地として耕作している土地であっても、土地登記簿上の地目が山林であれば、法の適用を受ける農地とはならない。,3,FALSE,FALSE,,正解は選択肢3です。この問は農地法(以下、本問では「法」という。)について、問題文の条件を制度の要件・効果に当てはめる問題です。選択肢3の「農業者が住宅の改築に必要な資金を銀行から借りるために、自己所有の農地に抵当権を...」という内容が結論に合います。他の選択肢は、主体・手続・期間・効果などの点でずれています。,1:（1）「農地について法第3条第1項の許可があったときは所有権が移転する旨の停止条件付売買契約を締結し、そ…」について：他の選択肢は、主体・手続・期間・効果などの点でずれています。;2:（2）「市街化区域内の農地について、耕作の目的に供するために競売により所有権を取得しようとするときは、そ…」について：他の選択肢は、主体・手続・期間・効果などの点でずれています。;4:（4）「山林を開墾し現に農地として耕作している土地であっても、土地登記簿上の地目が山林であれば、法の適用…」について：他の選択肢は、主体・手続・期間・効果などの点でずれています。,正解は選択肢3です。 選択肢3の「農業者が住宅の改築に必要な資金を銀行から借りるために、自己所有の農地に抵当権を...」という内容が結論に合います。,正解は選択肢3です。,
2014,平成26年度,22,single,法令上の制限,,以下の記述のうち、誤っているものを選びなさい。,,,,,,国土利用計画法によれば、同法第23条の届出に当たっては、土地売買等の対価の額についても都道府県知事(地方自治法に基づく指定都市にあっては、当該指定都市の長)に届け出なければならない。,森林法によれば、保安林において立木を伐採しようとする者は、一定の場合を除き、都道府県知事の許可を受けなければならない。,海岸法によれば、海岸保全区域内において土地の掘削、盛土又は切土を行おうとする者は、 一定の場合を除き、海岸管理者の許可を受けなければならない。,都市緑地法によれば、特別緑地保全地区内において建築物の新築、改築又は増築を行おうとする者は、一定の場合を除き、公園管理者の許可を受けなければならない。 e,4,FALSE,FALSE,,正解は選択肢4です。この問は以下の記述について、問題文の条件を制度の要件・効果に当てはめる問題です。選択肢4の「都市緑地法によれば、特別緑地保全地区内において建築物の新築、改築又は増築を行お...」という内容が結論に合います。他の選択肢は、主体・手続・期間・効果などの点でずれています。,1:（1）「国土利用計画法によれば、同法第23条の届出に当たっては、土地売買等の対価の額についても都道府県知…」について：他の選択肢は、主体・手続・期間・効果などの点でずれています。;2:（2）「森林法によれば、保安林において立木を伐採しようとする者は、一定の場合を除き、都道府県知事の許可を…」について：他の選択肢は、主体・手続・期間・効果などの点でずれています。;3:（3）「海岸法によれば、海岸保全区域内において土地の掘削、盛土又は切土を行おうとする者は、 一定の場合を…」について：他の選択肢は、主体・手続・期間・効果などの点でずれています。,正解は選択肢4です。 選択肢4の「都市緑地法によれば、特別緑地保全地区内において建築物の新築、改築又は増築を行お...」という内容が結論に合います。,正解は選択肢4です。,
2014,平成26年度,23,single,税・その他,,住宅用家屋の所有権の移転登記に係る登録免許税の税率の軽減措置についての以下の記述のうち、正しいものを選びなさい。,,,,,,この税率の軽減措置は、一定の要件を満たせばその住宅用家屋の敷地の用に供されている土地に係る所有権の移転の登記にも適用される。,この税率の軽減措置は、個人が自己の経営する会社の従業員の社宅として取得した住宅用家屋に係る所有権の移転の登記にも適用される。,この税率の軽減措置は、以前にこの措置の適用を受けたことがある者が新たに取得した住宅用家屋に係る所有権の移転の登記には適用されない。,この税率の軽減措置は、所有権の移転の登記に係る住宅用家屋が、築年数が25年以内の耐火建築物に該当していても、床面積が50ri未満のときは適用されない。,4,FALSE,FALSE,,正解は選択肢4です。この問は住宅用家屋の所有権の移転登記に係る登録免許税の税率の軽減措置について、問題文の条件を制度の要件・効果に当てはめる問題です。選択肢4の「この税率の軽減措置は、所有権の移転の登記に係る住宅用家屋が、築年数が25年以内...」という内容が結論に合います。他の選択肢は、主体・手続・期間・効果などの点でずれています。,1:（1）「この税率の軽減措置は、一定の要件を満たせばその住宅用家屋の敷地の用に供されている土地に係る所有権…」について：他の選択肢は、主体・手続・期間・効果などの点でずれています。;2:（2）「この税率の軽減措置は、個人が自己の経営する会社の従業員の社宅として取得した住宅用家屋に係る所有権…」について：他の選択肢は、主体・手続・期間・効果などの点でずれています。;3:（3）「この税率の軽減措置は、以前にこの措置の適用を受けたことがある者が新たに取得した住宅用家屋に係る所…」について：他の選択肢は、主体・手続・期間・効果などの点でずれています。,正解は選択肢4です。 選択肢4の「この税率の軽減措置は、所有権の移転の登記に係る住宅用家屋が、築年数が25年以内...」という内容が結論に合います。,正解は選択肢4です。,
2014,平成26年度,24,single,税・その他,,不動産取得税についての以下の記述のうち、正しいものを選びなさい。,,,,,,不動産取得税は、不動産の取得に対して、当該不動産の所在する市町村において課する税であり、その徴収は普通徴収の方法によらなければならない。,共有物の分割による不動産の取得については、当該不動産の取得者の分割前の当該共有物に係る持分の割合を超えなければ不動産取得税が課されない。,不動産取得税は、独立行政法人及び地方独立行政法人に対しては、課できない。,相続による不動産の取得については、不動産取得税が課される。,2,FALSE,FALSE,,正解は選択肢2です。この問は不動産取得税について、問題文の条件を制度の要件・効果に当てはめる問題です。選択肢2の「共有物の分割による不動産の取得については、当該不動産の取得者の分割前の当該共有...」という内容が結論に合います。他の選択肢は、主体・手続・期間・効果などの点でずれています。,1:（1）「不動産取得税は、不動産の取得に対して、当該不動産の所在する市町村において課する税であり、その徴収…」について：他の選択肢は、主体・手続・期間・効果などの点でずれています。;3:（3）「不動産取得税は、独立行政法人及び地方独立行政法人に対しては、課できない。…」について：他の選択肢は、主体・手続・期間・効果などの点でずれています。;4:（4）「相続による不動産の取得については、不動産取得税が課される。…」について：他の選択肢は、主体・手続・期間・効果などの点でずれています。,正解は選択肢2です。 選択肢2の「共有物の分割による不動産の取得については、当該不動産の取得者の分割前の当該共有...」という内容が結論に合います。,正解は選択肢2です。,
2014,平成26年度,25,single,税・その他,,地価公示法についての以下の記述のうち、正しいものを選びなさい。,,,,,,土地鑑定委員会は、標準地の価格の総額を官報で公示する必要はない。,土地の使用収益を制限する権利が存する土地を標準地として選定できない。,不動産鑑定士が土地鑑定委員会の求めに応じて標準地の鑑定評価を行うに当たっては、標準地の鑑定評価額が前年の鑑定評価額と変わらないときは、その内容を土地鑑定委員会に申告することにより、鑑定評価書の提出に代えることができる。,不動産鑑定士は、土地鑑定委員会の求めに応じて標準地の鑑定評価を行うに当たっては、 近傍類地の取引価格から算定される推定の価格を基本とし、必要に応じて、近傍類地の地代等から算定される推定の価格及び同等の効用を有する土地の造成に要する推定の費用の額を勘案する必要がある。 ， ，,1,FALSE,FALSE,,正解は選択肢1です。この問は地価公示法について、問題文の条件を制度の要件・効果に当てはめる問題です。選択肢1の「土地鑑定委員会は、標準地の価格の総額を官報で公示する必要はない。」という内容が結論に合います。他の選択肢は、主体・手続・期間・効果などの点でずれています。,2:（2）「土地の使用収益を制限する権利が存する土地を標準地として選定できない。…」について：他の選択肢は、主体・手続・期間・効果などの点でずれています。;3:（3）「不動産鑑定士が土地鑑定委員会の求めに応じて標準地の鑑定評価を行うに当たっては、標準地の鑑定評価額…」について：他の選択肢は、主体・手続・期間・効果などの点でずれています。;4:（4）「不動産鑑定士は、土地鑑定委員会の求めに応じて標準地の鑑定評価を行うに当たっては、 近傍類地の取引…」について：他の選択肢は、主体・手続・期間・効果などの点でずれています。,正解は選択肢1です。 選択肢1の「土地鑑定委員会は、標準地の価格の総額を官報で公示する必要はない。,正解は選択肢1です。,
2014,平成26年度,26,single,宅建業法,,宅地建物取引業の免許(以下、本問では「免許」 という。)についての以下の記述のうち、宅地建物取引業法の規定に照らすと、正しいものがいくつあるか選びなさい。 ア Aの所有する商業ビルを賃借しているBが、フロアごとに不特定多数の者に反復継続して転貸する場合、AとBは免許を受ける必要はない。 イ 宅地建物取引業者Cが、Dを代理して、Dの所有するマンション (30戸)を不特定多数の者に反復継続して分譲する場合、Dは免許を受ける必要はない。 ウ Eが転売目的で反復継続して宅地を購入する場合でも、売主が国その他宅地建物取引業法の適用がない者に限られているときは、Eは免許を受ける必要はない。 エ Fが借金の返済に充てるため、自己所有の宅地を10区画に区画割りして、不特定多数の者に反復継続して売却する場合、Fは免許を受ける必要はない。,,,,,,正しい記述は一つである。,正しい記述は二つである。,正しい記述は三つである。,正しい記述はない。,1,FALSE,FALSE,,正解は選択肢1です。正しい記述は一つである。 各記述を個別に判定し、正しいもの・誤っているもの・違反するものなどの数を数える問題です。,2:（2）「正しい記述は二つである。」は、単独の記述としては法令上妥当な場合がありますが、本問で選ぶべき正答は（1）「正しい記述は一つである。」です。問題文の条件（宅地建物取引業の免許(以下、本問では「免許」 という。)についての以下の記述のうち、宅地建物取引…）と照らし、設問が問う論点に合う肢を選び直してください。;3:（3）「正しい記述は三つである。」は、単独の記述としては法令上妥当な場合がありますが、本問で選ぶべき正答は（1）「正しい記述は一つである。」です。問題文の条件（宅地建物取引業の免許(以下、本問では「免許」 という。)についての以下の記述のうち、宅地建物取引…）と照らし、設問が問う論点に合う肢を選び直してください。;4:（4）「正しい記述はない。」は、単独の記述としては法令上妥当な場合がありますが、本問で選ぶべき正答は（1）「正しい記述は一つである。」です。問題文の条件（宅地建物取引業の免許(以下、本問では「免許」 という。)についての以下の記述のうち、宅地建物取引…）と照らし、設問が問う論点に合う肢を選び直してください。,正解は選択肢1です。 正しい記述は一つである。,正解は選択肢1です。,
2014,平成26年度,27,single,宅建業法,,宅地建物取引業法(以下、本問では「法」という。)についての以下の記述のうち、正しいものを選びなさい。,,,,,,契約締結権限を有する者を置き、継続的に業務を行う場所であっても、商業登記簿に登載されていない事務所は、法第3条第1項に規定する事務所には該当しない。,国土交通大臣又は都道府県知事は、免許に条件を付すことができるが、免許の更新に当たっても条件を付すことができる。,法人である宅地建物取引業者が株主総会の決議により解散することとなった場合、その法人を代表する役員であった者は、その内容を当該解散の日から30日以内に免許を受けた国土交通大臣又は都道府県知事に届け出なければならない。,免許申請中である者が、宅地建物取引業を営む目的をもって宅地の売買に関する新聞広告を行ったときであっても、当該宅地の売買契約の締結を免許を受けた後に行うのであれば、 法第12条に違反しない。,2,FALSE,FALSE,,正解は選択肢2です。この問は宅地建物取引業法(以下、本問では「法」という。)について、問題文の条件を制度の要件・効果に当てはめる問題です。選択肢2の「国土交通大臣又は都道府県知事は、免許に条件を付すことができるが、免許の更新に当...」という内容が結論に合います。他の選択肢は、主体・手続・期間・効果などの点でずれています。,1:（1）「契約締結権限を有する者を置き、継続的に業務を行う場所であっても、商業登記簿に登載されていない事務…」について：他の選択肢は、主体・手続・期間・効果などの点でずれています。;3:（3）「法人である宅地建物取引業者が株主総会の決議により解散することとなった場合、その法人を代表する役員…」について：他の選択肢は、主体・手続・期間・効果などの点でずれています。;4:（4）「免許申請中である者が、宅地建物取引業を営む目的をもって宅地の売買に関する新聞広告を行ったときであ…」について：他の選択肢は、主体・手続・期間・効果などの点でずれています。,正解は選択肢2です。 選択肢2の「国土交通大臣又は都道府県知事は、免許に条件を付すことができるが、免許の更新に当...」という内容が結論に合います。,正解は選択肢2です。,
2014,平成26年度,28,single,宅建業法,,宅地建物取引業者A(甲県知事免許)が乙県内に建設したマンション (100戸) の販売について、宅地建物取引業者B(国土交通大臣免許)及び宅地建物取引業者c(甲県知事免許)に媒介を依頼し、Bが当該マンションの所在する場所の隣接地(乙県内)に、Cが甲県内にそれぞれ案内所を設置し、売買契約の申込みを受ける業務を行う場合における以下の記述のうち、宅地建物取引業法(以下、本問では「法」という。)の規定に照らすと、誤っているものを選びなさい。,,,,,,Bは国土交通大臣及び乙県知事に、Cは甲県知事に、業務を開始する日の10日前までに法第50条第2項に定める届出をする必要がある。,Aは、法第50条第2項に定める届出を甲県知事及び乙県知事へ届け出る必要はないが、 当該マンションの所在する場所に法第50条第1項で定める標識を掲示する必要がある。,Bは、その設置した案内所の業務に従事する者の数5人に対して1人以上の割合となる数の専任の取引主任者を当該案内所に置かなければならない。,Aは、Cが設置した案内所においてCと共同して契約を締結する業務を行うこととなった。 このとき、Aが当該案内所に専任の取引主任者を設置すれば、Cは専任の取引主任者を設置する必要はない。,3,FALSE,FALSE,,正解は選択肢3です。この問は宅地建物取引業者A(甲県知事免許)が乙県内に建設したマンション (100戸) の販売について、問題文の条件を制度の要件・効果に当てはめる問題です。選択肢3の「Bは、その設置した案内所の業務に従事する者の数5人に対して1人以上の割合となる...」という内容が結論に合います。他の選択肢は、主体・手続・期間・効果などの点でずれています。,1:（1）「Bは国土交通大臣及び乙県知事に、Cは甲県知事に、業務を開始する日の10日前までに法第50条第2項に定める届出をする必要がある。」は、作業主任者の選任が必要な作業の組合せ（B）を含んでいません。解説のとおり、該当作業と非該当作業の区別を確認してください。 （1）「Bは国土交通大臣及び乙県知事に、Cは甲県知事に、業務を開始する日の10日前までに法第50条第2項…」について：他の選択肢は、主体・手続・期間・効果などの点でずれています。;2:（2）「Aは、法第50条第2項に定める届出を甲県知事及び乙県知事へ届け出る必要はないが、 当該マンションの所在する場所に法第50条第1項で定める標識を掲示する必要がある。」は、作業主任者の選任が必要な作業の組合せ（B）を含んでいません。解説のとおり、該当作業と非該当作業の区別を確認してください。 （2）「Aは、法第50条第2項に定める届出を甲県知事及び乙県知事へ届け出る必要はないが、 当該マンション…」について：他の選択肢は、主体・手続・期間・効果などの点でずれています。;4:（4）「Aは、Cが設置した案内所においてCと共同して契約を締結する業務を行うこととなった。 このとき、Aが当該案内所に専任の取引主任者を設置すれば、Cは専任の取引主任者を設置する必要はない。」は、作業主任者の選任が必要な作業の組合せ（B）を含んでいません。解説のとおり、該当作業と非該当作業の区別を確認してください。 （4）「Aは、Cが設置した案内所においてCと共同して契約を締結する業務を行うこととなった。 このとき、A…」について：他の選択肢は、主体・手続・期間・効果などの点でずれています。,正解は選択肢3です。 選択肢3の「Bは、その設置した案内所の業務に従事する者の数5人に対して1人以上の割合となる...」という内容が結論に合います。,正解は選択肢3です。,
2014,平成26年度,29,single,宅建業法,,宅地建物取引業法に規定する営業保証金についての以下の記述のうち、正しいものを選びなさい。,,,,,,新たに宅地建物取引業を営もうとする者は、営業保証金を金銭又は国土交通省令で定める有価証券により、主たる事務所の最寄りの供託所に供託した後に、国土交通大臣又は都道府県知事の免許を受けなければならない。,"宅地建物取引業者は、既に供託した額面金額1,000万円の国債証券と変換するため1,000 万円の金銭を新たに供託したとき、遅滞なく、その内容を免許を受けた国土交通大臣又は都道府県知事に届け出なければならない。",宅地建物取引業者は、事業の開始後新たに従たる事務所を設置したときは、その従たる事務所の最寄りの供託所に政令で定める額を供託し、その内容を免許を受けた国土交通大臣又は都道府県知事に届け出なければならない。,宅地建物取引業者が、営業保証金を金銭及び有価証券をもって供託している場合で、主たる事務所を移転したためその最寄りの供託所が変更したときは、金銭の部分に限り、移転後の主たる事務所の最寄りの供託所への営業保証金の保管替えを請求できる。,2,FALSE,FALSE,,"正解は選択肢2です。この問は宅地建物取引業法に規定する営業保証金について、問題文の条件を制度の要件・効果に当てはめる問題です。選択肢2の「宅地建物取引業者は、既に供託した額面金額1,000万円の国債証券と変換するため...」という内容が結論に合います。他の選択肢は、主体・手続・期間・効果などの点でずれています。",1:（1）「新たに宅地建物取引業を営もうとする者は、営業保証金を金銭又は国土交通省令で定める有価証券により、…」について：他の選択肢は、主体・手続・期間・効果などの点でずれています。;3:（3）「宅地建物取引業者は、事業の開始後新たに従たる事務所を設置したときは、その従たる事務所の最寄りの供…」について：他の選択肢は、主体・手続・期間・効果などの点でずれています。;4:（4）「宅地建物取引業者が、営業保証金を金銭及び有価証券をもって供託している場合で、主たる事務所を移転し…」について：他の選択肢は、主体・手続・期間・効果などの点でずれています。,"正解は選択肢2です。 選択肢2の「宅地建物取引業者は、既に供託した額面金額1,000万円の国債証券と変換するため...」という内容が結論に合います。",正解は選択肢2です。,
2014,平成26年度,30,single,宅建業法,,宅地建物取引業者Aが行う業務についての以下の記述のうち、宅地建物取引業法の規定に照らすと、正しいものを選びなさい。,,,,,,Aは、新築分譲マンションを建築工事の完了前に販売しようとする場合、建築基準法第6 条第1項の確認を受ける前において、当該マンションの売買契約の締結をできないが、当該販売に関する広告をできる。,Aは、宅地の売買に関する広告をするに当たり、当該宅地の形質について、実際のものよりも著しく優良であると人を誤認させる表示をしたとき、当該宅地に関する注文がなく、売買が成立しなかったときであっても、監督処分及び罰則の対象となる。,Aは、宅地又は建物の売買に関する広告をする際に取引態様の別を明示したとき、当該広告を見た者から売買に関する注文を受けたときは、改めて取引態様の別を明示する必要はなし'0,Aは、一団の宅地の販売について、数回に分けて広告をするときは、最初に行う広告以外は、取引態様の別を明示する必要はない。,2,FALSE,FALSE,,正解は選択肢2です。この問は宅地建物取引業者Aが行う業務について、問題文の条件を制度の要件・効果に当てはめる問題です。選択肢2の「Aは、宅地の売買に関する広告をするに当たり、当該宅地の形質について、実際のもの...」という内容が結論に合います。他の選択肢は、主体・手続・期間・効果などの点でずれています。,1:（1）「Aは、新築分譲マンションを建築工事の完了前に販売しようとする場合、建築基準法第6 条第1項の確認を受ける前において、当該マンションの売買契約の締結をできないが、当該販売に関する広告をできる。」は、作業主任者の選任が必要な作業の組合せ（A）を含んでいません。解説のとおり、該当作業と非該当作業の区別を確認してください。 （1）「Aは、新築分譲マンションを建築工事の完了前に販売しようとする場合、建築基準法第6 条第1項の確認…」について：他の選択肢は、主体・手続・期間・効果などの点でずれています。;3:（3）「Aは、宅地又は建物の売買に関する広告をする際に取引態様の別を明示したとき、当該広告を見た者から売買に関する注文を受けたときは、改めて取引態様の別を明示する必要はなし'0」は、作業主任者の選任が必要な作業の組合せ（A）を含んでいません。解説のとおり、該当作業と非該当作業の区別を確認してください。 （3）「Aは、宅地又は建物の売買に関する広告をする際に取引態様の別を明示したとき、当該広告を見た者から売…」について：他の選択肢は、主体・手続・期間・効果などの点でずれています。;4:（4）「Aは、一団の宅地の販売について、数回に分けて広告をするときは、最初に行う広告以外は、取引態様の別を明示する必要はない。」は、作業主任者の選任が必要な作業の組合せ（A）を含んでいません。解説のとおり、該当作業と非該当作業の区別を確認してください。 （4）「Aは、一団の宅地の販売について、数回に分けて広告をするときは、最初に行う広告以外は、取引態様の別…」について：他の選択肢は、主体・手続・期間・効果などの点でずれています。,正解は選択肢2です。 選択肢2の「Aは、宅地の売買に関する広告をするに当たり、当該宅地の形質について、実際のもの...」という内容が結論に合います。,正解は選択肢2です。,
2014,平成26年度,31,single,宅建業法,,宅地建物取引業者Aが、自ら売主として宅地建物取引業者ではない買主Bとの間で宅地の売買契約を締結する場合における以下の記述のうち、宅地建物取引業法の規定に照らすと、 誤っているものがいくつあるか選びなさい。 ア Aが瑕疵担保責任を負う期間を売買契約に係る宅地の引渡しの日から3年間とする特約は、 無効である。 イ Aは、Bに売却予定の宅地の一部に甲市所有の旧道路敷が含まれていることが判明したため、甲市に払下げを申請中である。この場合、Aは、重要事項説明書に払下申請書の写しを添付し、その旨をBに説明すれば、売買契約を締結することができる。 ウ 「手付放棄による契約の解除は、契約締結後30日以内に限る」旨の特約を定めた場合、 契約締結後30日を経過したときは、Aが契約の履行に着手していなかったとしても、Bは、 手付を放棄して契約の解除をすることができない。,,,,,,誤っている記述は一つである。,誤っている記述は二つである。,誤っている記述は三つである。,誤っている記述はない。,3,FALSE,FALSE,,正解は選択肢3です。誤っている記述は三つである。 各記述を個別に判定し、正しいもの・誤っているもの・違反するものなどの数を数える問題です。,1:解説では「誤っている記述は三つである。」とある一方、（1）の記述はそれと矛盾します。 解説の要点：正解は選択肢3です。誤っている記述は三つである。 各記述を個別に判定し、正しいもの・誤っているもの・違反するものなどの数を数える問題です。 正答（3）との違いを確認し直してください。;2:解説では「誤っている記述は三つである。」とある一方、（2）の記述はそれと矛盾します。 解説の要点：正解は選択肢3です。誤っている記述は三つである。 各記述を個別に判定し、正しいもの・誤っているもの・違反するものなどの数を数える問題です。 正答（3）との違いを確認し直してください。;4:解説では「誤っている記述は三つである。」とある一方、（4）の記述はそれと矛盾します。 解説の要点：正解は選択肢3です。誤っている記述は三つである。 各記述を個別に判定し、正しいもの・誤っているもの・違反するものなどの数を数える問題です。 正答（3）との違いを確認し直してください。,正解は選択肢3です。 誤っている記述は三つである。,正解は選択肢3です。,
2014,平成26年度,32,single,宅建業法,,宅地建物取引業者Aは、BからB所有の宅地の売却について媒介の依頼を受けた。 この場合における以下の記述のうち、宅地建物取引業法(以下、本問では「法」という。) の規定に照らすと、誤っているものがいくつあるか選びなさい。 ア AがBとの間で専任媒介契約を締結し、Bから「売却を秘密にしておきたいので指定流通機構への登録をしないでほしい」旨の申出があった場合、Aは、そのことを理由に登録をしなかったとしても法に違反しない。 イ AがBとの間で媒介契約を締結した場合、Aは、Bに対して遅滞なく法第34条の2第1 項の規定に基づく書面を交付しなければならないが、Bが宅地建物取引業者であるときは、 当該書面の交付を省略することができる。 ウ AがBとの間で有効期間を3月とする専任媒介契約を締結した場合、期間満了前にBから当該契約の更新をしない旨の申出がない限り、当該期間は自動的に更新される。 エ AがBとの間で一般媒介契約(専任媒介契約でない媒介契約)を締結し、当該媒介契約において、重ねて依頼する他の宅地建物取引業者を明示する義務がある場合、Aは、Bが明示していない他の宅地建物取引業者の媒介又は代理によって売買の契約を成立させたときの措置を法第34条の2第1項の規定に基づく書面に記載しなければならない。,,,,,,誤っている記述は一つである。,誤っている記述は二つである。,誤っている記述は三つである。,誤っている記述は四つである。,3,FALSE,FALSE,,正解は選択肢3です。誤っている記述は三つである。 各記述を個別に判定し、正しいもの・誤っているもの・違反するものなどの数を数える問題です。,1:解説では「誤っている記述は三つである。」とある一方、（1）の記述はそれと矛盾します。 解説の要点：正解は選択肢3です。誤っている記述は三つである。 各記述を個別に判定し、正しいもの・誤っているもの・違反するものなどの数を数える問題です。 正答（3）との違いを確認し直してください。;2:解説では「誤っている記述は三つである。」とある一方、（2）の記述はそれと矛盾します。 解説の要点：正解は選択肢3です。誤っている記述は三つである。 各記述を個別に判定し、正しいもの・誤っているもの・違反するものなどの数を数える問題です。 正答（3）との違いを確認し直してください。;4:解説では「誤っている記述は三つである。」とある一方、（4）の記述はそれと矛盾します。 解説の要点：正解は選択肢3です。誤っている記述は三つである。 各記述を個別に判定し、正しいもの・誤っているもの・違反するものなどの数を数える問題です。 正答（3）との違いを確認し直してください。,正解は選択肢3です。 誤っている記述は三つである。,正解は選択肢3です。,
2014,平成26年度,33,single,宅建業法,,"宅地建物取引業者Aが、自ら売主として買主との間で建築工事完了前の建物を 5,000万円で売買する契約をした場合において、宅地建物取引業法第41条第1項に規定する手付金等の保全措置(以下、本問では「保全措置」という。)についての以下の記述のうち、 同法に違反するものはどれか。",,,,,,"Aは、宅地建物取引業者であるBと契約を締結し、保全措置を講じずに、Bから手付金として1,000万円を受領した。","Aは、宅地建物取引業者でないCと契約を締結し、保全措置を講じた上でCから1,000万円の手付金を受領した。",Aは、宅地建物取引業者でないDと契約を締結し、保全措置を講じることなくDから手付金100万円を受領した後、 500万円の保全措置を講じた上で中間金500万円を受領した。,Aは、宅地建物取引業者でないEと契約を締結し、Eから手付金100万円と中間金500万円を受領したが、既に当該建物についてAからEへの所有権移転の登記を完了していたため、 保全措置を講じなかった。,3,FALSE,FALSE,,正解は選択肢3です。この問は宅建業法について、問題文の条件を制度の要件・効果に当てはめる問題です。選択肢3の「Aは、宅地建物取引業者でないDと契約を締結し、保全措置を講じることなくDから手...」という内容が結論に合います。他の選択肢は、主体・手続・期間・効果などの点でずれています。,"1:（1）「Aは、宅地建物取引業者であるBと契約を締結し、保全措置を講じずに、Bから手付金として1,000万円を受領した。」は、作業主任者の選任が必要な作業の組合せ（ADD）を含んでいません。解説のとおり、該当作業と非該当作業の区別を確認してください。 （1）「Aは、宅地建物取引業者であるBと契約を締結し、保全措置を講じずに、Bから手付金として1,000万…」について：他の選択肢は、主体・手続・期間・効果などの点でずれています。;2:（2）「Aは、宅地建物取引業者でないCと契約を締結し、保全措置を講じた上でCから1,000万円の手付金を受領した。」は、作業主任者の選任が必要な作業の組合せ（ADD）を含んでいません。解説のとおり、該当作業と非該当作業の区別を確認してください。 （2）「Aは、宅地建物取引業者でないCと契約を締結し、保全措置を講じた上でCから1,000万円の手付金を…」について：他の選択肢は、主体・手続・期間・効果などの点でずれています。;4:（4）「Aは、宅地建物取引業者でないEと契約を締結し、Eから手付金100万円と中間金500万円を受領したが、既に当該建物についてAからEへの所有権移転の登記を完了していたため、 保全措置を講じなかった。」は、作業主任者の選任が必要な作業の組合せ（ADD）を含んでいません。解説のとおり、該当作業と非該当作業の区別を確認してください。 （4）「Aは、宅地建物取引業者でないEと契約を締結し、Eから手付金100万円と中間金500万円を受領した…」について：他の選択肢は、主体・手続・期間・効果などの点でずれています。",正解は選択肢3です。 選択肢3の「Aは、宅地建物取引業者でないDと契約を締結し、保全措置を講じることなくDから手...」という内容が結論に合います。,正解は選択肢3です。,
2014,平成26年度,34,single,宅建業法,,宅地建物取引業者が行う宅地建物取引業法第35条に規定する重要事項の説明に関する、以下の記述のうち、正しいものを選びなさい。,,,,,,建物の売買の媒介を行う場合、当該建物の売主に耐震診断の記録の有無を照会したにもかかわらず、当該有無が判別しないときは、自ら耐震診断を実施し、その結果を説明する必要がある。,建物の貸借の媒介を行う場合、当該建物が津波防災地域づくりに関する法律第23条第1 項の規定に基づく津波防護施設区域に位置しているときはその内容を説明する必要があるが、 同法第53条第1項の規定に基づく津波災害警戒区域に位置しているときであってもその内容は説明する必要はない。,建物の売買の媒介を行う場合、売主が特定住宅瑕疵担保責任の履行の確保等に関する法律に基づく住宅販売瑕疵担保保証金の供託を行うときは、その措置の概要を説明する必要があるが、当該建物の瑕疵を担保すべき責任の履行に関し保証保険契約の締結を行うときは、その措置の概要を説明する必要はない。,区分所有権の目的である建物の貸借の媒介を行う場合、その専有部分の用途その他の利用制限に関する規約の定めがあるときはその内容を説明する必要があるが、I棟の建物又はその敷地の専用使用権に関する規約の定めについては説明する必要がない。,4,FALSE,FALSE,,正解は選択肢4です。この問は宅地建物取引業者が行う宅地建物取引業法第35条に規定する重要事項の説明について、問題文の条件を制度の要件・効果に当てはめる問題です。選択肢4の「区分所有権の目的である建物の貸借の媒介を行う場合、その専有部分の用途その他の利...」という内容が結論に合います。他の選択肢は、主体・手続・期間・効果などの点でずれています。,1:（1）「建物の売買の媒介を行う場合、当該建物の売主に耐震診断の記録の有無を照会したにもかかわらず、当該有…」について：他の選択肢は、主体・手続・期間・効果などの点でずれています。;2:（2）「建物の貸借の媒介を行う場合、当該建物が津波防災地域づくりに関する法律第23条第1 項の規定に基づ…」について：他の選択肢は、主体・手続・期間・効果などの点でずれています。;3:（3）「建物の売買の媒介を行う場合、売主が特定住宅瑕疵担保責任の履行の確保等に関する法律に基づく住宅販売…」について：他の選択肢は、主体・手続・期間・効果などの点でずれています。,正解は選択肢4です。 選択肢4の「区分所有権の目的である建物の貸借の媒介を行う場合、その専有部分の用途その他の利...」という内容が結論に合います。,正解は選択肢4です。,
2014,平成26年度,35,single,宅建業法,,宅地建物取引業法第35条に規定する重要事項の説明及び同条の規定により交付すべき書面(以下、本問では 135条書面」という。)についての以下の記述のうち、同法の規定に照らすと、誤っているものを選びなさい。,,,,,,宅地建物取引業者は、買主の自宅で35条書面を交付して説明を行うことができる。,宅地建物取引業者は、中古マンションの売買を行う場合、抵当権が設定されているときは、 契約日までにその登記が抹消される予定であっても、当該抵当権の内容について説明する必要がある。,取引主任者は、宅地建物取引主任者証の有効期間が満了している場合、 35条書面に記名押印できるが、取引の相手方に対し説明はできない。,宅地建物取引業者は、土地の割賦販売の媒介を行う場合、割賦販売価格のみならず、現金販売価格についても説明する必要がある。,3,FALSE,FALSE,,正解は選択肢3です。この問は宅建業法について、問題文の条件を制度の要件・効果に当てはめる問題です。選択肢3の「取引主任者は、宅地建物取引主任者証の有効期間が満了している場合、 35条書面に...」という内容が結論に合います。他の選択肢は、主体・手続・期間・効果などの点でずれています。,1:（1）「宅地建物取引業者は、買主の自宅で35条書面を交付して説明を行うことができる。…」について：他の選択肢は、主体・手続・期間・効果などの点でずれています。;2:（2）「宅地建物取引業者は、中古マンションの売買を行う場合、抵当権が設定されているときは、 契約日までに…」について：他の選択肢は、主体・手続・期間・効果などの点でずれています。;4:（4）「宅地建物取引業者は、土地の割賦販売の媒介を行う場合、割賦販売価格のみならず、現金販売価格について…」について：他の選択肢は、主体・手続・期間・効果などの点でずれています。,正解は選択肢3です。 選択肢3の「取引主任者は、宅地建物取引主任者証の有効期間が満了している場合、 35条書面に...」という内容が結論に合います。,正解は選択肢3です。,
2014,平成26年度,36,single,宅建業法,,建物の貸借の媒介を行う宅地建物取引業者が、その取引の相手方に対して行った次の発言内容のうち、宅地建物取引業法の規定に違反しないものはどれか。なお、本問では「重要事項説明」とは同法第35条の規定に基づく重要事項の説明をいい、「重要事項説明書」とは同条の規定により交付すべき書面をいうものとして扱う。,,,,,,重要事項説明のため、明日お宅にお伺いする当社の者は、取引主任者ではありませんが、 当社の最高責任者である代表取締役ですので、重要事項説明をする者として問題ございません。,この物件の契約条件につきましては、お手元のチラシに詳しく書いてありますので、重要事項説明は、内容が重複するため省略させていただきます。ただ、重要事項説明書の交付は、 法律上の義務ですので、入居後、郵便受けに入れておきます。,この物件の担当である取引主任者が急用のため対応できなくなりましたが、せっかくお越しいただきましたので、重要事項説明書にある取引主任者欄を訂正の上、取引主任者である私が記名押印をし、代わりに重要事項説明をさせていただきます。私の宅地建物取引主任者証をお見せします。,この物件は人気物件ですので、申込みをいただいた時点で契約成立とさせていただきます。 後日、重要事項説明書を兼ねた契約書を送付いたしますので、署名押印の上、返送していただければ、手続は全て完了いたします。,3,FALSE,FALSE,,正解は選択肢3です。この問は建物の貸借の媒介を行う宅地建物取引業者が、その取引の相手方に対して行った次の発言内容について、問題文の条件を制度の要件・効果に当てはめる問題です。選択肢3の「この物件の担当である取引主任者が急用のため対応できなくなりましたが、せっかくお...」という内容が結論に合います。他の選択肢は、主体・手続・期間・効果などの点でずれています。,1:（1）「重要事項説明のため、明日お宅にお伺いする当社の者は、取引主任者ではありませんが、 当社の最高責任…」について：他の選択肢は、主体・手続・期間・効果などの点でずれています。;2:（2）「この物件の契約条件につきましては、お手元のチラシに詳しく書いてありますので、重要事項説明は、内容…」について：他の選択肢は、主体・手続・期間・効果などの点でずれています。;4:（4）「この物件は人気物件ですので、申込みをいただいた時点で契約成立とさせていただきます。 後日、重要事…」について：他の選択肢は、主体・手続・期間・効果などの点でずれています。,正解は選択肢3です。 選択肢3の「この物件の担当である取引主任者が急用のため対応できなくなりましたが、せっかくお...」という内容が結論に合います。,正解は選択肢3です。,
2014,平成26年度,37,single,宅建業法,,"宅地建物取引業者A及び宅地建物取引業者B(共に消費税課税事業者)が受け取る報酬についての以下の記述のうち、正しいものがいくつあるか選びなさい。 ア Aが居住用建物の貸借の媒介をするに当たり、依頼者からの依頼に基づくことなく広告をした場合でも、その広告が貸借の契約の成立に寄与したとき、Aは、報酬とは別に、その広告料金に相当する額を請求できる。 イ Aは売主から代理の依頼を受け、Bは買主から媒介の依頼を受けて、代金4,000万円の宅地の売買契約を成立させた場合、Aは売主から272万1,600円、Bは買主から136万800円の報酬をそれぞれ受けることができる。 ウ Aは貸主から、Bは借主から、それぞれ媒介の依頼を受けて、共同して居住用建物の賃貸借契約を成立させた場合、貸主及び借主の承諾を得ていれば、Aは貸主から、Bは借主からそれぞれ借賃の1.08か月分の報酬を受けることができる。",,,,,,正しい記述は一つである。,正しい記述は二つである。,正しい記述は三つである。,正しい記述はない。,4,FALSE,FALSE,,正解は選択肢4です。正しい記述はない。 各記述を個別に判定し、正しいもの・誤っているもの・違反するものなどの数を数える問題です。,1:（1）「正しい記述は一つである。」は、単独の記述としては法令上妥当な場合がありますが、本問で選ぶべき正答は（4）「正しい記述はない。」です。問題文の条件（宅地建物取引業者A及び宅地建物取引業者B(共に消費税課税事業者)が受け取る報酬についての以下の記…）と照らし、設問が問う論点に合う肢を選び直してください。;2:（2）「正しい記述は二つである。」は、単独の記述としては法令上妥当な場合がありますが、本問で選ぶべき正答は（4）「正しい記述はない。」です。問題文の条件（宅地建物取引業者A及び宅地建物取引業者B(共に消費税課税事業者)が受け取る報酬についての以下の記…）と照らし、設問が問う論点に合う肢を選び直してください。;3:（3）「正しい記述は三つである。」は、単独の記述としては法令上妥当な場合がありますが、本問で選ぶべき正答は（4）「正しい記述はない。」です。問題文の条件（宅地建物取引業者A及び宅地建物取引業者B(共に消費税課税事業者)が受け取る報酬についての以下の記…）と照らし、設問が問う論点に合う肢を選び直してください。,正解は選択肢4です。 正しい記述はない。,正解は選択肢4です。,
2014,平成26年度,38,single,宅建業法,,宅地建物取引業者Aが、自ら売主として宅地建物取引業者でない買主Bとの間で締結した宅地の売買契約について、Bが宅地建物取引業法第37条の2の規定に基づき、いわゆるクーリング・オフによる契約の解除をする場合における以下の記述のうち、正しいものを選びなさい。,,,,,,Aは、喫茶店でBから買受けの申込みを受け、その際にクーリング・オフについて書面で告げた上で契約を締結した。その7日後にBから契約の解除の書面を受けたとき、Aは、代金全部の支払を受け、当該宅地をBに引き渡していても契約の解除を拒むことができない。,Aは、Bが指定した喫茶屈でBから買受けの申込みを受け、Bにクーリング・オフについて何も告げずに契約を締結し、 7日が経過した。このとき、Bが指定した場所で契約を締結しているので、Aは、契約の解除を拒むことができる。,Bは、Aの仮設テント張りの案内所で買受けの申込みをし、その3日後にAの事務所でク ーリング・オフについて書面で告げられた上で契約を締結した。このとき、Aの事務所で契約を締結しているので、Bは、契約の解除をできない。,Bは、Aの仮設テント張りの案内所で買受けの申込みをし、Aの事務所でクーリング・オ フについて書面で告げられた上で契約を締結した。この書面の中で、クーリング・オフによる契約の解除ができる期間を14日間としていた場合、Bは、契約の締結の日から10日後であっても契約の解除をできる。,4,FALSE,FALSE,,正解は選択肢4です。この問は宅建業法について、問題文の条件を制度の要件・効果に当てはめる問題です。選択肢4の「Bは、Aの仮設テント張りの案内所で買受けの申込みをし、Aの事務所でクーリン...」という内容が結論に合います。他の選択肢は、主体・手続・期間・効果などの点でずれています。,1:（1）「Aは、喫茶店でBから買受けの申込みを受け、その際にクーリング・オフについて書面で告げた上で契約を締結した。その7日後にBから契約の解除の書面を受けたとき、Aは、代金全部の支払を受け、当該宅地をBに引き渡していても契約の解除を拒むことができない。」は、作業主任者の選任が必要な作業の組合せ（BAAB）を含んでいません。解説のとおり、該当作業と非該当作業の区別を確認してください。 （1）「Aは、喫茶店でBから買受けの申込みを受け、その際にクーリング・オフについて書面で告げた上で契約を…」について：他の選択肢は、主体・手続・期間・効果などの点でずれています。;2:（2）「Aは、Bが指定した喫茶屈でBから買受けの申込みを受け、Bにクーリング・オフについて何も告げずに契約を締結し、 7日が経過した。このとき、Bが指定した場所で契約を締結しているので、Aは、契約の解除を拒むことができる。」は、作業主任者の選任が必要な作業の組合せ（BAAB）を含んでいません。解説のとおり、該当作業と非該当作業の区別を確認してください。 （2）「Aは、Bが指定した喫茶屈でBから買受けの申込みを受け、Bにクーリング・オフについて何も告げずに契…」について：他の選択肢は、主体・手続・期間・効果などの点でずれています。;3:（3）「Bは、Aの仮設テント張りの案内所で買受けの申込みをし、その3日後にAの事務所でク ーリング・オフについて書面で告げられた上で契約を締結した。このとき、Aの事務所で契約を締結しているので、Bは、契約の解除をできない。」は、作業主任者の選任が必要な作業の組合せ（BAAB）を含んでいません。解説のとおり、該当作業と非該当作業の区別を確認してください。,正解は選択肢4です。 選択肢4の「Bは、Aの仮設テント張りの案内所で買受けの申込みをし、Aの事務所でクーリン...」という内容が結論に合います。,正解は選択肢4です。,
2014,平成26年度,39,single,宅建業法,,宅地建物取引業保証協会(以下、本問では「保証協会」という。)についての以下の記述のうち、正しいものを選びなさい。,,,,,,還付充当金の未納により保証協会の社員の地位を失った宅地建物取引業者は、その地位を失った日から2週間以内に弁済業務保証金を供託すれば、その地位を回復する。,保証協会は、その社員である宅地建物取引業者から弁済業務保証金分担金の納付を受けたときは、その納付を受けた日から2週間以内に、その納付を受けた額に相当する額の弁済業務保証金を供託する必要がある。,保証協会は、弁済業務保証金の還付があったときは、当該還付に係る社員又は社員であった者に対して、当該還付額に相当する額の還付充当金を保証協会に納付すべきことを通知する必要がある。,宅地建物取引業者が保証協会の社員となる前に、当該宅地建物取引業者に建物の貸借の媒介を依頼した者は、その取引により生じた債権に関し、当該保証協会が供託した弁済業務保証金について弁済を受ける権利を有しない。,3,FALSE,FALSE,,正解は選択肢3です。この問は宅地建物取引業保証協会(以下、本問では「保証協会」という。)について、問題文の条件を制度の要件・効果に当てはめる問題です。選択肢3の「保証協会は、弁済業務保証金の還付があったときは、当該還付に係る社員又は社員であ...」という内容が結論に合います。他の選択肢は、主体・手続・期間・効果などの点でずれています。,1:（1）「還付充当金の未納により保証協会の社員の地位を失った宅地建物取引業者は、その地位を失った日から2週…」について：他の選択肢は、主体・手続・期間・効果などの点でずれています。;2:（2）「保証協会は、その社員である宅地建物取引業者から弁済業務保証金分担金の納付を受けたときは、その納付…」について：他の選択肢は、主体・手続・期間・効果などの点でずれています。;4:（4）「宅地建物取引業者が保証協会の社員となる前に、当該宅地建物取引業者に建物の貸借の媒介を依頼した者は…」について：他の選択肢は、主体・手続・期間・効果などの点でずれています。,正解は選択肢3です。 選択肢3の「保証協会は、弁済業務保証金の還付があったときは、当該還付に係る社員又は社員であ...」という内容が結論に合います。,正解は選択肢3です。,
2014,平成26年度,40,single,宅建業法,,宅地建物取引業者が行う業務についての以下の記述のうち、宅地建物取引業法の規定に照らすと、正しいものがいくつあるか選びなさい。なお、本問では「37条書面」とは、同法第37条の規定により交付すべき書面をいうものとして扱う。 ア 宅地建物取引業者は、自ら売主として宅地建物取引業者ではない買主との間で新築分譲住宅の売買契約を締結した場合において、瑕疵担保責任の履行に関して講ずべき保証保険契約の締結その他の措置について定めがあるときは、当該措置についても37条書面に記載しなければならない。 イ 宅地建物取引業者は、37条書面を交付するに当たり、取引主任者をして、その書面に記名押印の上、その内容を説明させなければならない。 ウ 宅地建物取引業者は、自ら売主として宅地の売買契約を締結した場合は、買主が宅地建物取引業者であっても、37条書面に当該宅地の引渡しの時期を記載しなければならない。 エ 宅地建物取引業者は、建物の売買の媒介において、当該建物に係る租税その他の公課の負担に関する定めがあるときは、その内容を37条書面に記載しなければならない。,,,,,,正しい記述は一つである。,正しい記述は二つである。,正しい記述は三つである。,正しい記述は四つである。,3,FALSE,FALSE,,正解は選択肢3です。正しい記述は三つである。 各記述を個別に判定し、正しいもの・誤っているもの・違反するものなどの数を数える問題です。,1:（1）「正しい記述は一つである。」は、単独の記述としては法令上妥当な場合がありますが、本問で選ぶべき正答は（3）「正しい記述は三つである。」です。問題文の条件（宅地建物取引業者が行う業務についての以下の記述のうち、宅地建物取引業法の規定に照らすと、正しいも…）と照らし、設問が問う論点に合う肢を選び直してください。;2:（2）「正しい記述は二つである。」は、単独の記述としては法令上妥当な場合がありますが、本問で選ぶべき正答は（3）「正しい記述は三つである。」です。問題文の条件（宅地建物取引業者が行う業務についての以下の記述のうち、宅地建物取引業法の規定に照らすと、正しいも…）と照らし、設問が問う論点に合う肢を選び直してください。;4:（4）「正しい記述は四つである。」は、単独の記述としては法令上妥当な場合がありますが、本問で選ぶべき正答は（3）「正しい記述は三つである。」です。問題文の条件（宅地建物取引業者が行う業務についての以下の記述のうち、宅地建物取引業法の規定に照らすと、正しいも…）と照らし、設問が問う論点に合う肢を選び直してください。,正解は選択肢3です。 正しい記述は三つである。,正解は選択肢3です。,
2014,平成26年度,41,single,宅建業法,,以下の記述のうち、宅地建物取引業法(以下、本問では「法」という。)の規定に照らすと、正しいものを選びなさい。,,,,,,宅地建物取引業者が、他の宅地建物取引業者が行う一団の宅地建物の分譲の代理又は媒介を、案内所を設置して行う場合で、その案内所が専任の取引主任者を置くべき場所に該当しないときは、当該案内所には、クーリング・オフ制度の適用がある旨を表示した標識を掲げなければならない。,宅地建物取引業者が、その従業者をして宅地の売買の勧誘を行わせたが、相手方が明確に買う意思がない旨を表明したとき、別の従業者をして、再度同じ相手方に勧誘を行わせることは法に違反しない。,宅地建物取引業者が、自ら売主となる宅地建物売買契約成立後、媒介を依頼した他の宅地建物取引業者へ報酬を支払うことを拒む行為は、不当な履行遅延(法第44条)に該当する。,宅地建物取引業者は、その事務所ごとに従業者名簿を備えなければならないが、退職した従業者に関する事項は従業者名簿への記載の対象ではない。,1,FALSE,FALSE,,正解は選択肢1です。この問は以下の記述について、問題文の条件を制度の要件・効果に当てはめる問題です。選択肢1の「宅地建物取引業者が、他の宅地建物取引業者が行う一団の宅地建物の分譲の代理又は媒...」という内容が結論に合います。他の選択肢は、主体・手続・期間・効果などの点でずれています。,2:（2）「宅地建物取引業者が、その従業者をして宅地の売買の勧誘を行わせたが、相手方が明確に買う意思がない旨…」について：他の選択肢は、主体・手続・期間・効果などの点でずれています。;3:（3）「宅地建物取引業者が、自ら売主となる宅地建物売買契約成立後、媒介を依頼した他の宅地建物取引業者へ報…」について：他の選択肢は、主体・手続・期間・効果などの点でずれています。;4:（4）「宅地建物取引業者は、その事務所ごとに従業者名簿を備えなければならないが、退職した従業者に関する事…」について：他の選択肢は、主体・手続・期間・効果などの点でずれています。,正解は選択肢1です。 選択肢1の「宅地建物取引業者が、他の宅地建物取引業者が行う一団の宅地建物の分譲の代理又は媒...」という内容が結論に合います。,正解は選択肢1です。,
2014,平成26年度,42,single,宅建業法,,宅地建物取引業者Aが宅地建物取引業法第37条の規定により交付すべき書面 (以下、本問では「37条書面」という。)についての以下の記述のうち、同法の規定に照らすと、 誤っているものの組合せはどれか。 ア Aが売主として宅地建物取引業者Bの媒介により、土地付建物の売買契約を締結した場合、Bが37条書面を作成し、その取引主任者をして当該書面に記名押印させれば、Aは、取引主任者による37条書面への記名押印を省略することができる。 イ Aがその媒介により、事業用宅地の定期賃貸借契約を公正証書によって成立させた場合、 当該公正証書とは別に37条書面を作成して交付するに当たって、取引主任者をして記名押印させる必要はない。 ウ Aが売主としてCとの間で売買契約を成立させた場合 (Cは自宅を売却して購入代金に充てる予定である。)、AC間の売買契約に ICは、自宅を一定の金額以上で売却できなかった場合、本件売買契約を無条件で解除できる」旨の定めがあるときは、Aは、37条書面にその内容を記載しなければならない。,,,,,,ア、イ,ア、ウ,イ、ウ,ア、イ、ウ,1,FALSE,FALSE,,正解は選択肢1です。この問は宅建業法について、問題文の条件を制度の要件・効果に当てはめる問題です。選択肢1の「ア、イ」という内容が結論に合います。他の選択肢は、主体・手続・期間・効果などの点でずれています。,2:（2）「ア、ウ」は、単独の記述としては法令上妥当な場合がありますが、本問で選ぶべき正答は（1）「ア、イ」です。問題文の条件（宅地建物取引業者Aが宅地建物取引業法第37条の規定により交付すべき書面 (以下、本問では「37条…）と照らし、設問が問う論点に合う肢を選び直してください。;3:（3）「イ、ウ」は、単独の記述としては法令上妥当な場合がありますが、本問で選ぶべき正答は（1）「ア、イ」です。問題文の条件（宅地建物取引業者Aが宅地建物取引業法第37条の規定により交付すべき書面 (以下、本問では「37条…）と照らし、設問が問う論点に合う肢を選び直してください。;4:（4）「ア、イ、ウ」は、単独の記述としては法令上妥当な場合がありますが、本問で選ぶべき正答は（1）「ア、イ」です。問題文の条件（宅地建物取引業者Aが宅地建物取引業法第37条の規定により交付すべき書面 (以下、本問では「37条…）と照らし、設問が問う論点に合う肢を選び直してください。,正解は選択肢1です。 選択肢1の「ア、イ」という内容が結論に合います。,正解は選択肢1です。,
2014,平成26年度,43,single,宅建業法,,宅地建物取引業者Aが行う業務についての以下の記述のうち、宅地建物取引業法の規定に違反しないものはどれか。,,,,,,Aは、買主Bとの間で建物の売買契約を締結する当日、Bが手付金を一部しか用意できなかったため、やむを得ず、残りの手付金を複数回に分けてBから受領することとし、契約の締結を誘引した。,Aの従業者は、投資用マンションの販売において、相手方に事前の連絡をしないまま自宅を訪問し、その際、勧誘に先立って、業者名、自己の氏名、契約締結の勧誘が目的である旨を告げた上で、勧誘を行った。,Aの従業者は、マンション建設に必要な甲土地の買受けに当たり、甲土地の所有者に対し、 電話により売買の勧誘を行った。その際、売却の意思は一切ない旨を告げられたが、その翌日、再度の勧誘を行った。,Aの従業者は、宅地の売買を勧誘する際、相手方に対して「近所に幹線道路の建設計画があるため、この土地は将来的に確実に値上がりする」と説明したが、実際には当該建設計画は存在せず、当該従業者の思い込みであったことが判明した。,2,FALSE,FALSE,,正解は選択肢2です。この問は宅地建物取引業者Aが行う業務について、問題文の条件を制度の要件・効果に当てはめる問題です。選択肢2の「Aの従業者は、投資用マンションの販売において、相手方に事前の連絡をしないまま自...」という内容が結論に合います。他の選択肢は、主体・手続・期間・効果などの点でずれています。,1:（1）「Aは、買主Bとの間で建物の売買契約を締結する当日、Bが手付金を一部しか用意できなかったため、やむを得ず、残りの手付金を複数回に分けてBから受領することとし、契約の締結を誘引した。」は、作業主任者の選任が必要な作業の組合せ（A）を含んでいません。解説のとおり、該当作業と非該当作業の区別を確認してください。 （1）「Aは、買主Bとの間で建物の売買契約を締結する当日、Bが手付金を一部しか用意できなかったため、やむ…」について：他の選択肢は、主体・手続・期間・効果などの点でずれています。;3:（3）「Aの従業者は、マンション建設に必要な甲土地の買受けに当たり、甲土地の所有者に対し、 電話により売買の勧誘を行った。その際、売却の意思は一切ない旨を告げられたが、その翌日、再度の勧誘を行った。」は、作業主任者の選任が必要な作業の組合せ（A）を含んでいません。解説のとおり、該当作業と非該当作業の区別を確認してください。 （3）「Aの従業者は、マンション建設に必要な甲土地の買受けに当たり、甲土地の所有者に対し、 電話により売…」について：他の選択肢は、主体・手続・期間・効果などの点でずれています。;4:（4）「Aの従業者は、宅地の売買を勧誘する際、相手方に対して「近所に幹線道路の建設計画があるため、この土地は将来的に確実に値上がりする」と説明したが、実際には当該建設計画は存在せず、当該従業者の思い込みであったことが判明した。」は、作業主任者の選任が必要な作業の組合せ（A）を含んでいません。解説のとおり、該当作業と非該当作業の区別を確認してください。 （4）「Aの従業者は、宅地の売買を勧誘する際、相手方に対して「近所に幹線道路の建設計画があるため、この土…」について：他の選択肢は、主体・手続・期間・効果などの点でずれています。,正解は選択肢2です。 選択肢2の「Aの従業者は、投資用マンションの販売において、相手方に事前の連絡をしないまま自...」という内容が結論に合います。,正解は選択肢2です。,
2014,平成26年度,44,single,宅建業法,,宅地建物取引業法(以下、本問では「法」という。)の規定に基づく監督処分についての以下の記述のうち、誤っているものがいくつあるか選びなさい。 ア 宅地建物取引業者A(甲県知事免許)が乙県内において法第32条違反となる広告を行った。この場合、乙県知事から業務停止の処分を受けることがある。 イ 宅地建物取引業者B(甲県知事免許)は、法第50条第2項の届出をし、乙県内にマンシ ョン分譲の案内所を設置して業務を行っていたが、当該案内所について法第15条第3項に違反している事実が判明した。この場合、乙県知事から指示処分を受けることがある。 ウ 宅地建物取引業者c(甲県知事免許)の事務所の所在地を確知できないため、甲県知事は確知できない旨を公告した。この場合、その公告の日から30日以内にCから申出がなければ、甲県知事は法第67条第1項により免許を取り消すことができる。 エ 宅地建物取引業者D(国土交通大臣免許)は、甲県知事から業務停止の処分を受けた。この場合、Dが当該処分に違反したとしても、国土交通大臣から免許を取り消されることはなし ~o,,,,,,誤っている記述は一つである。,誤っている記述は二つである。,誤っている記述は三つである。,誤っている記述はない。,1,FALSE,FALSE,,正解は選択肢1です。誤っている記述は一つである。 各記述を個別に判定し、正しいもの・誤っているもの・違反するものなどの数を数える問題です。,2:解説では「誤っている記述は一つである。」とある一方、（2）の記述はそれと矛盾します。 解説の要点：正解は選択肢1です。誤っている記述は一つである。 各記述を個別に判定し、正しいもの・誤っているもの・違反するものなどの数を数える問題です。 正答（1）との違いを確認し直してください。;3:解説では「誤っている記述は一つである。」とある一方、（3）の記述はそれと矛盾します。 解説の要点：正解は選択肢1です。誤っている記述は一つである。 各記述を個別に判定し、正しいもの・誤っているもの・違反するものなどの数を数える問題です。 正答（1）との違いを確認し直してください。;4:解説では「誤っている記述は一つである。」とある一方、（4）の記述はそれと矛盾します。 解説の要点：正解は選択肢1です。誤っている記述は一つである。 各記述を個別に判定し、正しいもの・誤っているもの・違反するものなどの数を数える問題です。 正答（1）との違いを確認し直してください。,正解は選択肢1です。 誤っている記述は一つである。,正解は選択肢1です。,
2014,平成26年度,45,single,宅建業法,,特定住宅瑕疵担保責任の履行の確保等に関する法律に基づく住宅販売瑕疵担保保証金の供託又は住宅販売瑕疵担保責任保険契約の締結についての以下の記述のうち、正しいものを選びなさい。,,,,,,自ら売主として新築住宅を宅地建物取引業者でない買主に引き渡した宅地建物取引業者は、 基準日に係る住宅販売瑕疵担保保証金の供託及び住宅販売瑕疵担保責任保険契約の締結の状況について届出をしなければ、当該基準日から起算して50日を経過した日以後、新たに自ら売主となる新築住宅の売買契約を締結してはいけない。,宅地建物取引業者は、自ら売主として新築住宅を販売する場合だけでなく、新築住宅の売買の媒介をするときにも、住宅販売瑕疵担保保証金の供託又は住宅販売瑕疵担保責任保険契約の締結を行う義務を負う。,住宅販売瑕疵担保責任保険契約は、新築住宅の買主が保険料を支払うことを約し、住宅瑕疵担保責任保険法人と締結する保険契約である。,自ら売主として新築住宅を販売する宅地建物取引業者は、住宅販売瑕疵担保保証金の供託をする場合、当該新築住宅の売買契約を締結するまでに、当該新築住宅の買主に対し、当該 ¥ 供託をしている供託所の所在地、供託所の表示等について記載した書面を交付して説明する必要がある。,4,FALSE,FALSE,,正解は選択肢4です。この問は特定住宅瑕疵担保責任の履行の確保等について、問題文の条件を制度の要件・効果に当てはめる問題です。選択肢4の「自ら売主として新築住宅を販売する宅地建物取引業者は、住宅販売瑕疵担保保証金の供...」という内容が結論に合います。他の選択肢は、主体・手続・期間・効果などの点でずれています。,1:（1）「自ら売主として新築住宅を宅地建物取引業者でない買主に引き渡した宅地建物取引業者は、 基準日に係る…」について：他の選択肢は、主体・手続・期間・効果などの点でずれています。;2:（2）「宅地建物取引業者は、自ら売主として新築住宅を販売する場合だけでなく、新築住宅の売買の媒介をすると…」について：他の選択肢は、主体・手続・期間・効果などの点でずれています。;3:（3）「住宅販売瑕疵担保責任保険契約は、新築住宅の買主が保険料を支払うことを約し、住宅瑕疵担保責任保険法…」について：他の選択肢は、主体・手続・期間・効果などの点でずれています。,正解は選択肢4です。 選択肢4の「自ら売主として新築住宅を販売する宅地建物取引業者は、住宅販売瑕疵担保保証金の供...」という内容が結論に合います。,正解は選択肢4です。,
2014,平成26年度,46,single,税・その他,,独立行政法人住宅金融支援機構(以下、本問では「機構」という。)についての以下の記述のうち、誤っているものを選びなさい。,,,,,,機構は、地震に対する安全性の向上を主たる目的とする住宅の改良に必要な資金の貸付けを業務として行っている。,機構は、証券化支援事業(買取型)において、住宅の改良に必要な資金の貸付けに係る貸付債権について譲受けの対象としている。,機構は、高齢者の家庭に適した良好な居住性能及び居住環境を有する住宅とすることを主たる目的とする住宅の改良(高齢者が自ら居住する住宅について行うものに限る。)に必要な資金の貸付けを業務として行っている。,機構は、市街地の土地の合理的な利用に寄与する一定の建築物の建設に必要な資金の貸付けを業務として行っている。,2,FALSE,FALSE,,正解は選択肢2です。この問は独立行政法人住宅金融支援機構(以下、本問では「機構」という。)について、問題文の条件を制度の要件・効果に当てはめる問題です。選択肢2の「機構は、証券化支援事業(買取型)において、住宅の改良に必要な資金の貸付けに係る...」という内容が結論に合います。他の選択肢は、主体・手続・期間・効果などの点でずれています。,1:（1）「機構は、地震に対する安全性の向上を主たる目的とする住宅の改良に必要な資金の貸付けを業務として行っ…」について：他の選択肢は、主体・手続・期間・効果などの点でずれています。;3:（3）「機構は、高齢者の家庭に適した良好な居住性能及び居住環境を有する住宅とすることを主たる目的とする住…」について：他の選択肢は、主体・手続・期間・効果などの点でずれています。;4:（4）「機構は、市街地の土地の合理的な利用に寄与する一定の建築物の建設に必要な資金の貸付けを業務として行…」について：他の選択肢は、主体・手続・期間・効果などの点でずれています。,正解は選択肢2です。 選択肢2の「機構は、証券化支援事業(買取型)において、住宅の改良に必要な資金の貸付けに係る...」という内容が結論に合います。,正解は選択肢2です。,
2014,平成26年度,47,single,税・その他,,宅地建物取引業者が行う広告についての以下の記述のうち、不当景品類及び不当表示防止法(不動産の表示に関する公正競争規約を含む。)の規定に照らすと、正しいものを選びなさい。,,,,,,建築基準法第28条(居室の採光及び換気)の規定に適合した採光及び換気のための窓等がなくても、居室として利用できる程度の広さがあれば、広告において居室として表示できる。,新築分譲マンションの販売広告において、住戸により修繕積立金の額が異なる場合であって、全ての住戸の修繕積立金を示すことが困難であるときは、全住戸の平均額のみ表示すればよい。,私道負担部分が含まれている新築住宅を販売する際、私道負担の面積が全体の5%以下であれば、私道負担部分がある旨を表示すれば足り、その面積までは表示する必要はない。,建築工事に着手した後に、その工事を相当の期間にわたり中断していた新築分譲マンショ ンについては、建築工事に着手した時期及び中断していた期間を明瞭に表示する必要がある。 -,4,FALSE,FALSE,,正解は選択肢4です。この問は宅地建物取引業者が行う広告について、問題文の条件を制度の要件・効果に当てはめる問題です。選択肢4の「建築工事に着手した後に、その工事を相当の期間にわたり中断していた新築分譲マンシ...」という内容が結論に合います。他の選択肢は、主体・手続・期間・効果などの点でずれています。,1:（1）「建築基準法第28条(居室の採光及び換気)の規定に適合した採光及び換気のための窓等がなくても、居室…」について：他の選択肢は、主体・手続・期間・効果などの点でずれています。;2:（2）「新築分譲マンションの販売広告において、住戸により修繕積立金の額が異なる場合であって、全ての住戸の…」について：他の選択肢は、主体・手続・期間・効果などの点でずれています。;3:（3）「私道負担部分が含まれている新築住宅を販売する際、私道負担の面積が全体の5%以下であれば、私道負担…」について：他の選択肢は、主体・手続・期間・効果などの点でずれています。,正解は選択肢4です。 選択肢4の「建築工事に着手した後に、その工事を相当の期間にわたり中断していた新築分譲マンシ...」という内容が結論に合います。,正解は選択肢4です。,
2014,平成26年度,48,single,税・その他,,宅地建物の統計等についての以下の記述のうち、正しいものを選びなさい。,,,,,,平成24年度法人企業統計年報(平成25年9月公表)によれば、平成24年度における不動産業の売上高は約32兆7.000億円と対前年度比で8.5%減少し、 3年連続で減少した。,建築着工統計(平成26年1月公表)によれば、平成25年の新設住宅着工戸数は持家、分譲住宅ともに前年に比べ増加したが、貸家は3年ぶりに減少した。,平成26年版土地白書(平成26年6月公表)によれば、土地取引について、売買による所有権の移転登記の件数でその動向を見ると、平成25年の全国の土地取引件数は128.1万件となり、前年に比べ減少した。,平成26年地価公示(平成26年3月公表)によれば、平成25年の1年間の地価変動率は、 全国平均で見ると全ての用途で前年に引き続き下落したが、地方平均で見ると商業地については上昇に転じた。,1,FALSE,FALSE,,正解は選択肢1です。この問は宅地建物の統計等について、問題文の条件を制度の要件・効果に当てはめる問題です。選択肢1の「平成24年度法人企業統計年報(平成25年9月公表)によれば、平成24年度におけ...」という内容が結論に合います。他の選択肢は、主体・手続・期間・効果などの点でずれています。,2:（2）「建築着工統計(平成26年1月公表)によれば、平成25年の新設住宅着工戸数は持家、分譲住宅ともに前…」について：他の選択肢は、主体・手続・期間・効果などの点でずれています。;3:（3）「平成26年版土地白書(平成26年6月公表)によれば、土地取引について、売買による所有権の移転登記…」について：他の選択肢は、主体・手続・期間・効果などの点でずれています。;4:（4）「平成26年地価公示(平成26年3月公表)によれば、平成25年の1年間の地価変動率は、 全国平均で…」について：他の選択肢は、主体・手続・期間・効果などの点でずれています。,正解は選択肢1です。 選択肢1の「平成24年度法人企業統計年報(平成25年9月公表)によれば、平成24年度におけ...」という内容が結論に合います。,正解は選択肢1です。,
2014,平成26年度,49,single,税・その他,,土地についての以下の記述のうち、最も適当でないものを選びなさい。,,,,,,旧河道は、地震や洪水などによる災害を受ける危険度が高い所である。,地盤の液状化は、地盤の条件と地震の揺れ方により、発生することがある。,沿岸地域は、津波や高潮などの被害を受けやすく、宅地の標高や避難経路を把握しておくことが必要である。,台地や丘陵の縁辺部は、豪雨などによる崖崩れに対しては、安全である。,4,FALSE,FALSE,,正解は選択肢4です。この問は土地について、問題文の条件を制度の要件・効果に当てはめる問題です。選択肢4の「台地や丘陵の縁辺部は、豪雨などによる崖崩れに対しては、安全である。」という内容が結論に合います。他の選択肢は、主体・手続・期間・効果などの点でずれています。,1:（1）「旧河道は、地震や洪水などによる災害を受ける危険度が高い所である。…」について：他の選択肢は、主体・手続・期間・効果などの点でずれています。;2:（2）「地盤の液状化は、地盤の条件と地震の揺れ方により、発生することがある。…」について：他の選択肢は、主体・手続・期間・効果などの点でずれています。;3:（3）「沿岸地域は、津波や高潮などの被害を受けやすく、宅地の標高や避難経路を把握しておくことが必要である…」について：他の選択肢は、主体・手続・期間・効果などの点でずれています。,正解は選択肢4です。 選択肢4の「台地や丘陵の縁辺部は、豪雨などによる崖崩れに対しては、安全である。,正解は選択肢4です。,
2014,平成26年度,50,single,税・その他,,建築物の構造と材料についての以下の記述のうち、最も適当でないものを選びなさい。,,,,,,鉄筋コンクリート構造におけるコンクリートのひび割れは、鉄筋の腐食に関係する。,モルタルは、一般に水、セメント及び砂利を練り混ぜたものである。,骨材とは、砂と砂利をいい、砂を細骨材、砂利を粗骨材と呼んでいる。,コンクリートは、水、セメント、砂及び砂利を混練したものである。 、.,2,FALSE,FALSE,,正解は選択肢2です。この問は建築物の構造と材料について、問題文の条件を制度の要件・効果に当てはめる問題です。選択肢2の「モルタルは、一般に水、セメント及び砂利を練り混ぜたものである。」という内容が結論に合います。他の選択肢は、主体・手続・期間・効果などの点でずれています。,1:（1）「鉄筋コンクリート構造におけるコンクリートのひび割れは、鉄筋の腐食に関係する。…」について：他の選択肢は、主体・手続・期間・効果などの点でずれています。;3:（3）「骨材とは、砂と砂利をいい、砂を細骨材、砂利を粗骨材と呼んでいる。…」について：他の選択肢は、主体・手続・期間・効果などの点でずれています。;4:（4）「コンクリートは、水、セメント、砂及び砂利を混練したものである。 、.…」について：他の選択肢は、主体・手続・期間・効果などの点でずれています。,正解は選択肢2です。 選択肢2の「モルタルは、一般に水、セメント及び砂利を練り混ぜたものである。,正解は選択肢2です。,
2013,平成25年度,1,single,権利関係,,以下の記述のうち、民法の条文に規定されているものはどれか。,,,,,,意思表示に法律行為の要素の錯誤があったときは、表意者は、その意思表示を取り消すことができる旨,贈与者は、贈与の目的である物又は権利の瑕疵又は不存在を知りながら受贈者に告げなかったときは、その物又は権利の瑕疵又は不存在の責任を負う旨,売買契約の目的物に隠れた瑕疵があるときは、買主は、その程度に応じて代金の減額を請求できる旨,多数の相手方との契約の締結を予定してあらかじめ準備される契約条項の総体であって、 それらの契約の内容を画一的に定めることを目的とするものを約款と定義する旨,2,FALSE,FALSE,,正解は選択肢2です。この問は以下の記述について、問題文の条件を制度の要件・効果に当てはめる問題です。選択肢2の「贈与者は、贈与の目的である物又は権利の瑕疵又は不存在を知りながら受贈者に告げな...」という内容が結論に合います。他の選択肢は、主体・手続・期間・効果などの点でずれています。,1:（1）「意思表示に法律行為の要素の錯誤があったときは、表意者は、その意思表示を取り消すことができる旨…」について：他の選択肢は、主体・手続・期間・効果などの点でずれています。;3:（3）「売買契約の目的物に隠れた瑕疵があるときは、買主は、その程度に応じて代金の減額を請求できる旨…」について：他の選択肢は、主体・手続・期間・効果などの点でずれています。;4:（4）「多数の相手方との契約の締結を予定してあらかじめ準備される契約条項の総体であって、 それらの契約の…」について：他の選択肢は、主体・手続・期間・効果などの点でずれています。,正解は選択肢2です。 選択肢2の「贈与者は、贈与の目的である物又は権利の瑕疵又は不存在を知りながら受贈者に告げな...」という内容が結論に合います。,正解は選択肢2です。,
2013,平成25年度,2,single,権利関係,,未成年者についての以下の記述のうち、民法の規定と判例に照らすと、正しいものを選びなさい。,,,,,,父母とまだ意思疎通できない乳児は、不動産を所有できない。,営業を許可された未成年者が、その営業のための商品を仕入れる売買契約を有効に締結するには、父母双方がいる場合、父母のどちらか一方の同意が必要である。,男は18歳に、女は16歳になれば婚姻できるが、父母双方がいるときは、必ず父母双方の同意が必要である。,Aが死亡し、Aの妻Bと嫡出でない未成年の子CとDが相続人となった場合に、CとDの親権者である母EがCとDを代理してBとの間で遺産分割協議を行っても、有効な追認がない限り無効である。,4,FALSE,FALSE,,正解は選択肢4です。この問は未成年者について、問題文の条件を制度の要件・効果に当てはめる問題です。選択肢4の「Aが死亡し、Aの妻Bと嫡出でない未成年の子CとDが相続人となった場合に、C...」という内容が結論に合います。他の選択肢は、主体・手続・期間・効果などの点でずれています。,1:（1）「父母とまだ意思疎通できない乳児は、不動産を所有できない。…」について：他の選択肢は、主体・手続・期間・効果などの点でずれています。;2:（2）「営業を許可された未成年者が、その営業のための商品を仕入れる売買契約を有効に締結するには、父母双方…」について：他の選択肢は、主体・手続・期間・効果などの点でずれています。;3:（3）「男は18歳に、女は16歳になれば婚姻できるが、父母双方がいるときは、必ず父母双方の同意が必要であ…」について：他の選択肢は、主体・手続・期間・効果などの点でずれています。,正解は選択肢4です。 選択肢4の「Aが死亡し、Aの妻Bと嫡出でない未成年の子CとDが相続人となった場合に、C...」という内容が結論に合います。,正解は選択肢4です。,
2013,平成25年度,3,single,権利関係,,甲土地の所有者Aが、他人が所有している土地を通行することについての以下の記述のうち、民法の規定と判例に照らすと、誤っているものを選びなさい。,,,,,,甲土地が他の土地に固まれて公道に通じない場合、Aは、公道に出るために甲土地を囲んでいる他の土地を自由に選んで通行できるわけではない。,甲土地が共有物分割によって公道に通じなくなった場合、Aは、公道に出るために、通行のための償金を支払うことなく、他の分割者の土地を通行できる。,甲土地が公道に通じているか否かにかかわらず、他人が所有している土地を通行するために当該土地の所有者と賃貸借契約を締結したとき、Aは当該土地を通行できる。,甲土地の隣接地の所有者が自らが使用するために当該隣接地内に通路を開設し、Aもその通路を利用し続けると、甲土地が公道に通じていないときは、Aは隣接地に関して時効によって通行地役権を取得することがある。,4,FALSE,FALSE,,正解は選択肢4です。この問は甲土地の所有者Aが、他人が所有している土地を通行することについて、問題文の条件を制度の要件・効果に当てはめる問題です。選択肢4の「甲土地の隣接地の所有者が自らが使用するために当該隣接地内に通路を開設し、Aも...」という内容が結論に合います。他の選択肢は、主体・手続・期間・効果などの点でずれています。,1:（1）「甲土地が他の土地に固まれて公道に通じない場合、Aは、公道に出るために甲土地を囲んでいる他の土地を…」について：他の選択肢は、主体・手続・期間・効果などの点でずれています。;2:（2）「甲土地が共有物分割によって公道に通じなくなった場合、Aは、公道に出るために、通行のための償金を支…」について：他の選択肢は、主体・手続・期間・効果などの点でずれています。;3:（3）「甲土地が公道に通じているか否かにかかわらず、他人が所有している土地を通行するために当該土地の所有…」について：他の選択肢は、主体・手続・期間・効果などの点でずれています。,正解は選択肢4です。 選択肢4の「甲土地の隣接地の所有者が自らが使用するために当該隣接地内に通路を開設し、Aも...」という内容が結論に合います。,正解は選択肢4です。,
2013,平成25年度,4,single,権利関係,,留置権についての以下の記述のうち、民法の規定と判例に照らすと、正しいものを選びなさい。,,,,,,建物の賃借人が賃貸人の承諾を得て建物に付加した造作の買取請求をしたとき、賃借人は、 造作買取代金の支払を受けるまで、当該建物を留置できる。,不動産が二重に売買され、第2の買主が先に所有権移転登記を備えたため、第1の買主が所有権を取得できなくなった場合、第lの買主は、損害賠償を受けるまで当該不動産を留置できる。,建物の賃貸借契約が賃借人の債務不履行により解除された後に、賃借人が建物に関して有益費を支出したとき、賃借人は、有益費の償還を受けるまで当該建物を留置できる。,建物の賃借人が建物に関して必要費を支出したとき、賃借人は、建物所有者ではない第三者が所有する敷地を留置できない。,4,FALSE,FALSE,,正解は選択肢4です。この問は留置権について、問題文の条件を制度の要件・効果に当てはめる問題です。選択肢4の「建物の賃借人が建物に関して必要費を支出したとき、賃借人は、建物所有者ではない第...」という内容が結論に合います。他の選択肢は、主体・手続・期間・効果などの点でずれています。,1:（1）「建物の賃借人が賃貸人の承諾を得て建物に付加した造作の買取請求をしたとき、賃借人は、 造作買取代金…」について：他の選択肢は、主体・手続・期間・効果などの点でずれています。;2:（2）「不動産が二重に売買され、第2の買主が先に所有権移転登記を備えたため、第1の買主が所有権を取得でき…」について：他の選択肢は、主体・手続・期間・効果などの点でずれています。;3:（3）「建物の賃貸借契約が賃借人の債務不履行により解除された後に、賃借人が建物に関して有益費を支出したと…」について：他の選択肢は、主体・手続・期間・効果などの点でずれています。,正解は選択肢4です。 選択肢4の「建物の賃借人が建物に関して必要費を支出したとき、賃借人は、建物所有者ではない第...」という内容が結論に合います。,正解は選択肢4です。,
2013,平成25年度,5,single,権利関係,,抵当権についての以下の記述のうち、民法の規定と判例に照らすと、正しいものを選びなさい。,,,,,,債権者が抵当権の実行として担保不動産の競売手続をするときは、被担保債権の弁済期が到来している必要があるが、対象不動産に関して発生した賃料債権に対して物上代位をしようとするときは、被担保債権の弁済期が到来している必要はない。,抵当権の対象不動産が借地上の建物で、あった場合、特段の事情がない限り、抵当権の効力は当該建物のみならず借地権についても及ぶ。,対象不動産について第三者が不法に占有している場合、抵当権は、抵当権設定者から抵当権者に対して占有を移転させるものではないので、事情にかかわらず抵当権者が当該占有者に対して妨害排除請求をできない。,抵当権について登記がされた後は、抵当権の順位を変更できない。,2,FALSE,FALSE,,正解は選択肢2です。この問は抵当権について、問題文の条件を制度の要件・効果に当てはめる問題です。選択肢2の「抵当権の対象不動産が借地上の建物で、あった場合、特段の事情がない限り、抵当権の...」という内容が結論に合います。他の選択肢は、主体・手続・期間・効果などの点でずれています。,1:（1）「債権者が抵当権の実行として担保不動産の競売手続をするときは、被担保債権の弁済期が到来している必要…」について：他の選択肢は、主体・手続・期間・効果などの点でずれています。;3:（3）「対象不動産について第三者が不法に占有している場合、抵当権は、抵当権設定者から抵当権者に対して占有…」について：他の選択肢は、主体・手続・期間・効果などの点でずれています。;4:（4）「抵当権について登記がされた後は、抵当権の順位を変更できない。…」について：他の選択肢は、主体・手続・期間・効果などの点でずれています。,正解は選択肢2です。 選択肢2の「抵当権の対象不動産が借地上の建物で、あった場合、特段の事情がない限り、抵当権の...」という内容が結論に合います。,正解は選択肢2です。,
2013,平成25年度,6,single,権利関係,,"A銀行のBに対する貸付債権1,500万円につき、CがBの委託を受けて全額について連帯保証をし、D及びEは物上保証人として自己の所有する不動産にそれぞれ抵当権を設定していた場合、以下の記述のうち、民法の規定と判例に照らすと、正しいものを選びなさい。",,,,,,"CがA銀行に対して債権全額について保証債務を履行したとき、Cは、D及びEの各不動産に対する抵当権を実行して1,500万円を回収できる。","A銀行がDの不動産の抵当権を実行して債権全額を回収したとき、DはCに対して、 1,000万円を限度として求償できる。",第三者がDの所有する担保不動産を買い受けた後、CがA銀行に対して債権全額を弁済したとき、Cは代位の付記登記をしなければ、当該第三者に対してA銀行に代位できない。,Eの担保不動産を買い受けた第三者がA銀行に対して債権全額を弁済したとき、当該第三者は、Cに対して、弁済した額の一部を求償できる。,4,FALSE,FALSE,,"正解は選択肢4です。この問はA銀行のBに対する貸付債権1,500万円につき、CがBの委託を受けて全額について、問題文の条件を制度の要件・効果に当てはめる問題です。選択肢4の「Eの担保不動産を買い受けた第三者がA銀行に対して債権全額を弁済したとき、当該第...」という内容が結論に合います。他の選択肢は、主体・手続・期間・効果などの点でずれています。","1:（1）「CがA銀行に対して債権全額について保証債務を履行したとき、Cは、D及びEの各不動産に対する抵当権を実行して1,500万円を回収できる。」は、作業主任者の選任が必要な作業の組合せ（EAC）を含んでいません。解説のとおり、該当作業と非該当作業の区別を確認してください。 （1）「CがA銀行に対して債権全額について保証債務を履行したとき、Cは、D及びEの各不動産に対する抵当権…」について：他の選択肢は、主体・手続・期間・効果などの点でずれています。;2:（2）「A銀行がDの不動産の抵当権を実行して債権全額を回収したとき、DはCに対して、 1,000万円を限度として求償できる。」は、作業主任者の選任が必要な作業の組合せ（EAC）を含んでいません。解説のとおり、該当作業と非該当作業の区別を確認してください。 （2）「A銀行がDの不動産の抵当権を実行して債権全額を回収したとき、DはCに対して、 1,000万円を限…」について：他の選択肢は、主体・手続・期間・効果などの点でずれています。;3:（3）「第三者がDの所有する担保不動産を買い受けた後、CがA銀行に対して債権全額を弁済したとき、Cは代位…」について：他の選択肢は、主体・手続・期間・効果などの点でずれています。",正解は選択肢4です。 選択肢4の「Eの担保不動産を買い受けた第三者がA銀行に対して債権全額を弁済したとき、当該第...」という内容が結論に合います。,正解は選択肢4です。,
2013,平成25年度,7,single,権利関係,,次の1から4までの記述のうち、民法の規定及び下記判決文によれば、誤っているものを選びなさい。 (判決文) 期間の定めのある建物の賃貸借において、賃借人のために保証人が賃貸人との間で保証契約を締結した場合には、反対の趣旨をうかがわせるような特段の事情のない阪り、保証人が更新後の賃貸借から生ずる賃借人の債務についても保証の責めを負う趣旨で合意がされたものと解するのが相当であり、保証人は、賃貸人において保証債務の履行を請求することが信義則に反すると認められる場合を除き、更新後の賃貸借から生ずる賃借人の債務についても保証の責めを免れないというべきである。,,,,,,保証人が期間の定めのある建物の賃貸借の賃借人のために保証契約を締結したときは、賃貸借契約の更新の際に賃貸人から保証意思の確認、がなされていなくても、反対の趣旨をうかがわせるような特段の事情がない限り、更新後の賃借人の債務について保証する旨を合意したものと解される。,期間の定めのある建物の賃貸借の賃借人のための保証人が更新後の賃借人の債務についても保証の責任を負う趣旨で合意したときは、賃借人の未払賃料が1年分に及んだとしても、 賃貸人が保証債務の履行を請求することが信義則に反すると認められる事情がなければ、保証人は当該金額の支払義務を負う。,期間の定めのある建物の賃貸借の賃借人のための保証人が更新後の賃借人の債務についても保証の責任を負う場合、更新後の未払賃料について保証人の責任は及ぶものの、更新後に賃借人が賃借している建物を故意又は過失によって損傷させた場合の損害賠償債務には保証人の責任は及ばない。,期間の定めのある建物の賃貸借の賃借人のための保証人が更新後の賃借人の債務についても保証の責任を負う旨の合意をしたものと解される場合であって、賃貸人において保証債務の履行を請求することが信義則に反すると認められるときには、保証人は更新後の賃借人の債務について保証の責任を負わない。,3,FALSE,FALSE,,正解は選択肢3です。この問は次の1から4までの記述について、問題文の条件を制度の要件・効果に当てはめる問題です。選択肢3の「期間の定めのある建物の賃貸借の賃借人のための保証人が更新後の賃借人の債務につい...」という内容が結論に合います。他の選択肢は、主体・手続・期間・効果などの点でずれています。,1:（1）「保証人が期間の定めのある建物の賃貸借の賃借人のために保証契約を締結したときは、賃貸借契約の更新の…」について：他の選択肢は、主体・手続・期間・効果などの点でずれています。;2:選択肢3の「期間の定めのある建物の賃貸借の賃借人のための保証人が更新後の賃借人の債務につい...」という内容が結論に合います。;4:選択肢3の「期間の定めのある建物の賃貸借の賃借人のための保証人が更新後の賃借人の債務につい...」という内容が結論に合います。,正解は選択肢3です。 選択肢3の「期間の定めのある建物の賃貸借の賃借人のための保証人が更新後の賃借人の債務につい...」という内容が結論に合います。,正解は選択肢3です。,
2013,平成25年度,8,single,権利関係,,以下の記述のうち、民法の規定と判例に照らすと、正しいものを選びなさい。,,,,,,倒壊しそうなA所有の建物や工作物について、Aが倒壊防止の措置をとらないため、Aの隣に住むBがAのために最小限度の緊急措置をとったとしても、Aの承諾がなければ、Bはその費用をAに請求できない。,建物所有を目的とする借地人は、特段の事情がない限り、建物建築時に土地に石垣や擁壁の設置、盛土や杭打ち等の変形加工をするには、必ず、賃貸人の承諾を得なければならない。,建物の賃貸人が必要な修繕義務を履行しない場合、賃借人は目的物の使用収益に関係なく賃料全額の支払を拒絶できる。,建物の賃貸人が賃貸物の保存に必要な修繕をする場合、賃借人は修繕工事のため使用収益に支障が生じても、これを拒むことはできない。,4,FALSE,FALSE,,正解は選択肢4です。この問は以下の記述について、問題文の条件を制度の要件・効果に当てはめる問題です。選択肢4の「建物の賃貸人が賃貸物の保存に必要な修繕をする場合、賃借人は修繕工事のため使用収...」という内容が結論に合います。他の選択肢は、主体・手続・期間・効果などの点でずれています。,1:（1）「倒壊しそうなA所有の建物や工作物について、Aが倒壊防止の措置をとらないため、Aの隣に住むBがAの…」について：他の選択肢は、主体・手続・期間・効果などの点でずれています。;2:（2）「建物所有を目的とする借地人は、特段の事情がない限り、建物建築時に土地に石垣や擁壁の設置、盛土や杭…」について：他の選択肢は、主体・手続・期間・効果などの点でずれています。;3:（3）「建物の賃貸人が必要な修繕義務を履行しない場合、賃借人は目的物の使用収益に関係なく賃料全額の支払を…」について：他の選択肢は、主体・手続・期間・効果などの点でずれています。,正解は選択肢4です。 選択肢4の「建物の賃貸人が賃貸物の保存に必要な修繕をする場合、賃借人は修繕工事のため使用収...」という内容が結論に合います。,正解は選択肢4です。,
2013,平成25年度,9,single,権利関係,,Aに雇用されているBが、勤務中にA所有の乗用車を運転し、営業活動のため顧客Cを同乗させている途中で、Dが運転していたD所有の乗用車と正面衝突した(なお、事故についてはBとDに過失がある。)場合における以下の記述のうち、民法の規定と判例に照らすと、正しいものを選びなさい。,,,,,,Aは、Cに対して事故によって受けたCの損害の全額を賠償した。このとき、Aは、Bと Dの過失割合に従って、Dに対して求償権を行使できる。,Aは、Dに対して事故によって受けたDの損害の全額を賠償した。このとき、Aは、被用者であるBに対して求償権を行使できない。,事故によって損害を受けたCは、AとBに対して損害賠償を請求できるが、Dに対して損害賠償を請求できない。,事故によって損害を受けたDは、Aに対して損害賠償を請求できるが、Bに対して損害賠償を請求できない。,1,FALSE,FALSE,,正解は選択肢1です。この問は権利関係について、問題文の条件を制度の要件・効果に当てはめる問題です。選択肢1の「Aは、Cに対して事故によって受けたCの損害の全額を賠償した。このとき、Aは...」という内容が結論に合います。他の選択肢は、主体・手続・期間・効果などの点でずれています。,2:（2）「Aは、Dに対して事故によって受けたDの損害の全額を賠償した。このとき、Aは、被用者であるBに対して求償権を行使できない。」は、作業主任者の選任が必要な作業の組合せ（ACCABDD）を含んでいません。解説のとおり、該当作業と非該当作業の区別を確認してください。 （2）「Aは、Dに対して事故によって受けたDの損害の全額を賠償した。このとき、Aは、被用者であるBに対し…」について：他の選択肢は、主体・手続・期間・効果などの点でずれています。;3:（3）「事故によって損害を受けたCは、AとBに対して損害賠償を請求できるが、Dに対して損害賠償を請求でき…」について：他の選択肢は、主体・手続・期間・効果などの点でずれています。;4:（4）「事故によって損害を受けたDは、Aに対して損害賠償を請求できるが、Bに対して損害賠償を請求できない…」について：他の選択肢は、主体・手続・期間・効果などの点でずれています。,正解は選択肢1です。 選択肢1の「Aは、Cに対して事故によって受けたCの損害の全額を賠償した。,正解は選択肢1です。,
2013,平成25年度,10,single,権利関係,,婚姻中の夫婦AB間には嫡出子CとDがいて、Dは既に婚姻しており嫡出子Eがいたところ、Dは平成25年10月1日に死亡した。他方、Aには離婚歴があり、前の配偶者との間の嫡出子Fがいる。Aが平成25年10月2日に死亡した場合についての以下の記述のうち、民法の規定と判例に照らすと、正しいものを選びなさい。,,,,,,Aが死亡したときの法定相続分は、Bが2分の1、Cが5分の1、Eが5分の1、Fが 10分の1である。,Aが生前、A所有の全財産のうち甲土地についてCに相続させる旨の遺言をしていたときは、特段の事情がない限り、遺産分割の方法が指定されたものとして、Cは甲土地の所有権を取得するのが原則である。,Aが生前、A所有の全財産についてDに相続させる旨の遺言をしていたときは、特段の事情がない限り、Eは代襲相続により、Aの全財産について相続するのが原別である。,Aが生前、A所有の全財産のうち甲土地についてFに遺贈する旨の意思表示をしていたとしでも、Fは相続人であるので、当該遺贈は無効である。,2,FALSE,FALSE,,正解は選択肢2です。この問は権利関係について、問題文の条件を制度の要件・効果に当てはめる問題です。選択肢2の「Aが生前、A所有の全財産のうち甲土地についてCに相続させる旨の遺言をしていた...」という内容が結論に合います。他の選択肢は、主体・手続・期間・効果などの点でずれています。,1:（1）「Aが死亡したときの法定相続分は、Bが2分の1、Cが5分の1、Eが5分の1、Fが 10分の1である。」は、作業主任者の選任が必要な作業の組合せ（AACC）を含んでいません。解説のとおり、該当作業と非該当作業の区別を確認してください。 （1）「Aが死亡したときの法定相続分は、Bが2分の1、Cが5分の1、Eが5分の1、Fが 10分の1である…」について：他の選択肢は、主体・手続・期間・効果などの点でずれています。;3:（3）「Aが生前、A所有の全財産についてDに相続させる旨の遺言をしていたときは、特段の事情がない限り、Eは代襲相続により、Aの全財産について相続するのが原別である。」は、作業主任者の選任が必要な作業の組合せ（AACC）を含んでいません。解説のとおり、該当作業と非該当作業の区別を確認してください。 （3）「Aが生前、A所有の全財産についてDに相続させる旨の遺言をしていたときは、特段の事情がない限り、E…」について：他の選択肢は、主体・手続・期間・効果などの点でずれています。;4:（4）「Aが生前、A所有の全財産のうち甲土地についてFに遺贈する旨の意思表示をしていたとしでも、Fは相続人であるので、当該遺贈は無効である。」は、作業主任者の選任が必要な作業の組合せ（AACC）を含んでいません。解説のとおり、該当作業と非該当作業の区別を確認してください。,正解は選択肢2です。 選択肢2の「Aが生前、A所有の全財産のうち甲土地についてCに相続させる旨の遺言をしていた...」という内容が結論に合います。,正解は選択肢2です。,
2013,平成25年度,11,single,権利関係,,Aは、A所有の甲建物につき、Bとの間で期間を10年とする借地借家法第38条第1項の定期建物賃貸借契約を締結し、Bは甲建物をさらにCに賃貸(転貸)した。この場合についての以下の記述のうち、民法及び借地借家法の規定並びに判例に照らすと、正しいものを選びなさい。,,,,,,BがAに無断で甲建物をCに転貸したときは、転貸の事情のいかんにかかわらず、Aは AB間の賃貸借契約を解除できる。,Bの債務不履行を理由にAが賃貸借契約を解除したために当該賃貸借契約が終了したときであっても、BがAの承諾を得て甲建物をCに転貸していたときには、AはCに対して甲建物の明渡しを請求できない。,AB間の賃貸借契約が期間満了で、終了する場合であっても、BがAの承諾を得て甲建物を Cに転貸しているときには、BのCに対する解約の申入れについて正当な事由がない限り、AはCに対して甲建物の明渡しを請求できない。,AB間の賃貸借契約に賃料の改定について特約があるときは、経済事情の変動によって BのAに対する賃料が不相当となっても、BはAに対して借地借家法第32条第1項に基づく賃料の減額請求をできない。,4,FALSE,FALSE,,正解は選択肢4です。この問は権利関係について、問題文の条件を制度の要件・効果に当てはめる問題です。選択肢4の「AB間の賃貸借契約に賃料の改定について特約があるときは、経済事情の変動によって...」という内容が結論に合います。他の選択肢は、主体・手続・期間・効果などの点でずれています。,1:（1）「BがAに無断で甲建物をCに転貸したときは、転貸の事情のいかんにかかわらず、Aは AB間の賃貸借契約を解除できる。」は、作業主任者の選任が必要な作業の組合せ（ABBABA）を含んでいません。解説のとおり、該当作業と非該当作業の区別を確認してください。 （1）「BがAに無断で甲建物をCに転貸したときは、転貸の事情のいかんにかかわらず、Aは AB間の賃貸借契…」について：他の選択肢は、主体・手続・期間・効果などの点でずれています。;2:（2）「Bの債務不履行を理由にAが賃貸借契約を解除したために当該賃貸借契約が終了したときであっても、BがAの承諾を得て甲建物をCに転貸していたときには、AはCに対して甲建物の明渡しを請求できない。」は、作業主任者の選任が必要な作業の組合せ（ABBABA）を含んでいません。解説のとおり、該当作業と非該当作業の区別を確認してください。 （2）「Bの債務不履行を理由にAが賃貸借契約を解除したために当該賃貸借契約が終了したときであっても、Bが…」について：他の選択肢は、主体・手続・期間・効果などの点でずれています。;3:（3）「AB間の賃貸借契約が期間満了で、終了する場合であっても、BがAの承諾を得て甲建物を Cに転貸しているときには、BのCに対する解約の申入れについて正当な事由がない限り、AはCに対して甲建物の明渡しを請求できない。」は、作業主任者の選任が必要な作業の組合せ（ABBABA）を含んでいません。解説のとおり、該当作業と非該当作業の区別を確認してください。 （3）「AB間の賃貸借契約が期間満了で、終了する場合であっても、BがAの承諾を得て甲建物を Cに転貸して…」について：他の選択肢は、主体・手続・期間・効果などの点でずれています。,正解は選択肢4です。 選択肢4の「AB間の賃貸借契約に賃料の改定について特約があるときは、経済事情の変動によって...」という内容が結論に合います。,正解は選択肢4です。,
2013,平成25年度,12,single,権利関係,,賃貸借契約についての以下の記述のうち、民法及び借地借家法の規定並びに判例に照らすと、正しいものを選びなさい。,,,,,,ゴルフ場経営を目的とする土地賃貸借契約については、対象となる全ての土地について地代等の増減額請求に関する借地借家法第11条の規定が適用される。,借地権の存続期聞が満了する際、借地権者の契約の更新請求に対し、借地権設定者が遅滞なく異議を述べたときは、借地契約は当然に終了する。,二筆以上ある土地の借地権者が、そのうちの一筆の土地上に登記ある建物を所有し、登記ある建物がない他方の土地は庭として使用するために賃借しているにすぎない場合、登記ある建物がない土地には、借地借家法第10条第1項による対抗力は及ばない。,借地権の存続期聞が満了する前に建物が滅失し、借地権者が残存期間を超えて存続すべき建物を建築したとき、借地権設定者が異議を述べない限り、借地権は建物が築造された日から当然に20年間存続する。,3,FALSE,FALSE,,正解は選択肢3です。この問は賃貸借契約について、問題文の条件を制度の要件・効果に当てはめる問題です。選択肢3の「二筆以上ある土地の借地権者が、そのうちの一筆の土地上に登記ある建物を所有し、登...」という内容が結論に合います。他の選択肢は、主体・手続・期間・効果などの点でずれています。,1:（1）「ゴルフ場経営を目的とする土地賃貸借契約については、対象となる全ての土地について地代等の増減額請求…」について：他の選択肢は、主体・手続・期間・効果などの点でずれています。;2:（2）「借地権の存続期聞が満了する際、借地権者の契約の更新請求に対し、借地権設定者が遅滞なく異議を述べた…」について：他の選択肢は、主体・手続・期間・効果などの点でずれています。;4:（4）「借地権の存続期聞が満了する前に建物が滅失し、借地権者が残存期間を超えて存続すべき建物を建築したと…」について：他の選択肢は、主体・手続・期間・効果などの点でずれています。,正解は選択肢3です。 選択肢3の「二筆以上ある土地の借地権者が、そのうちの一筆の土地上に登記ある建物を所有し、登...」という内容が結論に合います。,正解は選択肢3です。,
2013,平成25年度,13,single,権利関係,,建物の区分所有等に関する法律についての以下の記述のうち、誤っているものを選びなさい。,,,,,,区分所有者の承諾を得て専有部分を占有する者は、会議の目的たる事項につき利害関係を有するときは、集会に出席して議決権を行使できる。,区分所有者の請求によって管理者が集会を招集した際、規約に別段の定めがあるとき及び別段の決議をしたときを除いて、管理者が集会の議長となる。,管理者は、集会において、毎年一回一定の時期に、その事務に関する報告をする必要がある。,一部共用部分は、区分所有者全員の共有に属するのではなく、これを共用すべき区分所有者の共有に属する。,1,FALSE,FALSE,,正解は選択肢1です。この問は建物の区分所有等について、問題文の条件を制度の要件・効果に当てはめる問題です。選択肢1の「区分所有者の承諾を得て専有部分を占有する者は、会議の目的たる事項につき利害関係...」という内容が結論に合います。他の選択肢は、主体・手続・期間・効果などの点でずれています。,2:（2）「区分所有者の請求によって管理者が集会を招集した際、規約に別段の定めがあるとき及び別段の決議をした…」について：他の選択肢は、主体・手続・期間・効果などの点でずれています。;3:（3）「管理者は、集会において、毎年一回一定の時期に、その事務に関する報告をする必要がある。…」について：他の選択肢は、主体・手続・期間・効果などの点でずれています。;4:（4）「一部共用部分は、区分所有者全員の共有に属するのではなく、これを共用すべき区分所有者の共有に属する…」について：他の選択肢は、主体・手続・期間・効果などの点でずれています。,正解は選択肢1です。 選択肢1の「区分所有者の承諾を得て専有部分を占有する者は、会議の目的たる事項につき利害関係...」という内容が結論に合います。,正解は選択肢1です。,
2013,平成25年度,14,single,権利関係,,不動産の登記についての以下の記述のうち、誤っているものを選びなさい。,,,,,,所有権の登記名義人が表示に関する登記の申請人となることができるときに、当該登記名義人について相続その他の一般承継があったときは、相続人その他の一般承継人は、 当該表示に関する登記を申請できる。,共有物分割禁止の定めに係る権利の変更の登記の申請は、当該権利の共有者である全ての登記名義人が共同してする必要がある。,敷地権付き区分建物の表題部所有者から所有権を取得した者は、当該敷地権の登記名義人の承諾を得ることなく、当該区分建物に係る所有権の保存の登記を申請できる。,所有権に関する仮登記に基づく本登記は、登記上の利害関係を有する第三者があるときは、当該第三者の承諾があるときに限り、申請できる。,3,FALSE,FALSE,,正解は選択肢3です。この問は不動産の登記について、問題文の条件を制度の要件・効果に当てはめる問題です。選択肢3の「敷地権付き区分建物の表題部所有者から所有権を取得した者は、当該敷地権の登記名義...」という内容が結論に合います。他の選択肢は、主体・手続・期間・効果などの点でずれています。,1:（1）「所有権の登記名義人が表示に関する登記の申請人となることができるときに、当該登記名義人について相続…」について：他の選択肢は、主体・手続・期間・効果などの点でずれています。;2:（2）「共有物分割禁止の定めに係る権利の変更の登記の申請は、当該権利の共有者である全ての登記名義人が共同…」について：他の選択肢は、主体・手続・期間・効果などの点でずれています。;4:（4）「所有権に関する仮登記に基づく本登記は、登記上の利害関係を有する第三者があるときは、当該第三者の承…」について：他の選択肢は、主体・手続・期間・効果などの点でずれています。,正解は選択肢3です。 選択肢3の「敷地権付き区分建物の表題部所有者から所有権を取得した者は、当該敷地権の登記名義...」という内容が結論に合います。,正解は選択肢3です。,
2013,平成25年度,15,single,法令上の制限,,都市計画法についての以下の記述のうち、誤っているものを選びなさい。,,,,,,都市計画施設の区域又は市街地開発事業の施行区域内において建築物の建築をしようとする者であっても、当該建築行為が都市計画事業の施行として行う行為であるときは都道府県知事(市の区域内にあっては、当該市の長)の許可は不要である。,用途地域の一つである特定用途制限地域は、良好な環境の形成又は保持のため当該地域の特性に応じて合理的な土地利用が行われるよう、制限すべき特定の建築物等の用途の概要を定める地域とする。,都市計画事業の認可の告示があった後においては、当該事業地内において、当該都市計画事業の施行の障害となるおそれがある土地の形質の変更又は建築物の建築その他工作物の建設を行おうとする者は、都道府県知事(市の区域内にあっては、当該市の長)の許可を受けなければならない。,一定の条件に該当する土地の区域における地区計画については、劇場、店舗、飲食店その他これらに類する用途に供する大規模な建築物の整備による商業その他の業務の利便の増進を図るため、一体的かつ総合的な市街地の開発整備を実施すべき区域である開発整備促進区を都市計画に定めることができる。,2,FALSE,FALSE,,正解は選択肢2です。この問は都市計画法について、問題文の条件を制度の要件・効果に当てはめる問題です。選択肢2の「用途地域の一つである特定用途制限地域は、良好な環境の形成又は保持のため当該地域...」という内容が結論に合います。他の選択肢は、主体・手続・期間・効果などの点でずれています。,1:（1）「都市計画施設の区域又は市街地開発事業の施行区域内において建築物の建築をしようとする者であっても、…」について：他の選択肢は、主体・手続・期間・効果などの点でずれています。;3:（3）「都市計画事業の認可の告示があった後においては、当該事業地内において、当該都市計画事業の施行の障害…」について：他の選択肢は、主体・手続・期間・効果などの点でずれています。;4:（4）「一定の条件に該当する土地の区域における地区計画については、劇場、店舗、飲食店その他これらに類する…」について：他の選択肢は、主体・手続・期間・効果などの点でずれています。,正解は選択肢2です。 選択肢2の「用途地域の一つである特定用途制限地域は、良好な環境の形成又は保持のため当該地域...」という内容が結論に合います。,正解は選択肢2です。,
2013,平成25年度,16,single,法令上の制限,,都市計画法についての以下の記述のうち、正しいものを選びなさい。,,,,,,開発行為とは、主として建築物の建築の用に供する目的で行う土地の区画形質の変更を指し、特定工作物の建設の用に供する目的で行う土地の区画形質の変更は開発行為には該当しない。,市街化調整区域において行う開発行為で、その規模が300ばであるものについては、常に開発許可は不要である。,市街化区域において行う開発行為で、市町村が設置する医療法に規定する診療所の建築の用に供する目的で行うものであって、当該開発行為の規模が1.500ばであるものについては、 開発許可は必要である。,非常災害のため必要な応急措置として行う開発行為であっても、当該開発行為が市街化調整区域において行われるものであって、当該開発行為の規模が3.000r1以上であるときは、 開発許可が必要である。,3,FALSE,FALSE,,正解は選択肢3です。この問は都市計画法について、問題文の条件を制度の要件・効果に当てはめる問題です。選択肢3の「市街化区域において行う開発行為で、市町村が設置する医療法に規定する診療所の建築...」という内容が結論に合います。他の選択肢は、主体・手続・期間・効果などの点でずれています。,1:（1）「開発行為とは、主として建築物の建築の用に供する目的で行う土地の区画形質の変更を指し、特定工作物の…」について：他の選択肢は、主体・手続・期間・効果などの点でずれています。;2:（2）「市街化調整区域において行う開発行為で、その規模が300ばであるものについては、常に開発許可は不要…」について：他の選択肢は、主体・手続・期間・効果などの点でずれています。;4:（4）「非常災害のため必要な応急措置として行う開発行為であっても、当該開発行為が市街化調整区域において行…」について：他の選択肢は、主体・手続・期間・効果などの点でずれています。,正解は選択肢3です。 選択肢3の「市街化区域において行う開発行為で、市町村が設置する医療法に規定する診療所の建築...」という内容が結論に合います。,正解は選択肢3です。,
2013,平成25年度,17,single,法令上の制限,,建築基準法についての以下の記述のうち、誤っているものがいくつあるか選びなさい。 ア 一室の居室で天井の高さが異なる部分がある場合、室の床面から天井の一番低い部分までの高さが2.1m以上でなければならない。 イ 3階建ての共同住宅の各階のバルコニーには、安全上必要な高さが1.1m以上の手すり壁、さく又は金網を設けなければならない。 ウ 石綿以外の物質で居室内において衛生上の支障を生ずるおそれがあるものとして政令で定める物質は、ホルムアルデヒドのみである。 エ 高さが20mを超える建築物には原則として非常用の昇降機を設けなければならない。,,,,,,誤っている記述は一つである。,誤っている記述は二つである。,誤っている記述は三つである。,誤っている記述は四つである。,4,FALSE,FALSE,,正解は選択肢4です。誤っている記述は四つである。 各記述を個別に判定し、正しいもの・誤っているもの・違反するものなどの数を数える問題です。,1:解説では「誤っている記述は四つである。」とある一方、（1）の記述はそれと矛盾します。 解説の要点：正解は選択肢4です。誤っている記述は四つである。 各記述を個別に判定し、正しいもの・誤っているもの・違反するものなどの数を数える問題です。 正答（4）との違いを確認し直してください。;2:解説では「誤っている記述は四つである。」とある一方、（2）の記述はそれと矛盾します。 解説の要点：正解は選択肢4です。誤っている記述は四つである。 各記述を個別に判定し、正しいもの・誤っているもの・違反するものなどの数を数える問題です。 正答（4）との違いを確認し直してください。;3:解説では「誤っている記述は四つである。」とある一方、（3）の記述はそれと矛盾します。 解説の要点：正解は選択肢4です。誤っている記述は四つである。 各記述を個別に判定し、正しいもの・誤っているもの・違反するものなどの数を数える問題です。 正答（4）との違いを確認し直してください。,正解は選択肢4です。 誤っている記述は四つである。,正解は選択肢4です。,
2013,平成25年度,18,single,法令上の制限,,建築基準法(以下、本問では「法」という。)についての以下の記述のうち、誤っているものを選びなさい。,,,,,,"地方公共団体は、延べ面積が1,000riを超える建築物の敷地が接する必要がある道路の幅員について、条例で、避難又は通行の安全の目的を達するために必要な制限を付加できる。",建ぺい率の限度が10分の8とされている地域内で、かつ、防火地域内にある耐火建築物については、建ぺい率の制限は適用されない。,建築物が第二種中高層住居専用地域及び近隣商業地域にわたって存する場合で、当該建築物の過半が近隣商業地域に存するときは、当該建築物に対して法第56条第1項第3号の規定(北側斜線制限)は適用されない。,建築物の敷地が第一種低層住居専用地域及び準住居地域にわたる場合で、当該敷地の過半が準住居地域に存するときは、作業場の床面積の合計が100㎡の自動車修理工場は建築可能である。,3,FALSE,FALSE,,正解は選択肢3です。この問は建築基準法(以下、本問では「法」という。)について、問題文の条件を制度の要件・効果に当てはめる問題です。選択肢3の「建築物が第二種中高層住居専用地域及び近隣商業地域にわたって存する場合で、当該建...」という内容が結論に合います。他の選択肢は、主体・手続・期間・効果などの点でずれています。,"1:（1）「地方公共団体は、延べ面積が1,000riを超える建築物の敷地が接する必要がある道路の幅員について…」について：他の選択肢は、主体・手続・期間・効果などの点でずれています。;2:（2）「建ぺい率の限度が10分の8とされている地域内で、かつ、防火地域内にある耐火建築物については、建ぺ…」について：他の選択肢は、主体・手続・期間・効果などの点でずれています。;4:（4）「建築物の敷地が第一種低層住居専用地域及び準住居地域にわたる場合で、当該敷地の過半が準住居地域に存…」について：他の選択肢は、主体・手続・期間・効果などの点でずれています。",正解は選択肢3です。 選択肢3の「建築物が第二種中高層住居専用地域及び近隣商業地域にわたって存する場合で、当該建...」という内容が結論に合います。,正解は選択肢3です。,
2013,平成25年度,19,single,法令上の制限,,宅地造成等規制法についての以下の記述のうち、誤っているものを選びなさい。なお、本問では「都道府県知事」とは、地方自治法に基づく指定都市、中核市及び特例市にあってはその長をいうものとして扱う。,,,,,,宅地造成工事規制区域内において宅地造成に関する工事を行う場合、宅地造成に伴う災害を防止するために行う高さ4mの擁壁の設置に係る工事については、政令で定める資格を有する者の設計によらなければならない。,宅地造成工事規制区域内において行われる切土であって、当該切土をする土地の面積が 600㎡で、かつ、高さ1.5mの崖を生ずることとなるものに関する工事については、都道府県知事の許可が必要である。,宅地造成工事規制区域内において行われる盛土であって、当該盛土をする土地の面積が 300㎡で、かつ、高さ1.5mの崖を生ずることとなるものに関する工事については、都道府県知事の許可が必要である。,都道府県知事は、宅地造成工事規制区域内の宅地について、宅地造成に伴う災害の防止のため必要があると認めるときには、その宅地の所有者、管理者、占有者、造成主又は工事施行者に対し、擁壁の設置等の措置をとることを勧告できる。,1,FALSE,FALSE,,正解は選択肢1です。この問は宅地造成等規制法について、問題文の条件を制度の要件・効果に当てはめる問題です。選択肢1の「宅地造成工事規制区域内において宅地造成に関する工事を行う場合、宅地造成に伴う災...」という内容が結論に合います。他の選択肢は、主体・手続・期間・効果などの点でずれています。,2:（2）「宅地造成工事規制区域内において行われる切土であって、当該切土をする土地の面積が 600㎡で、かつ…」について：他の選択肢は、主体・手続・期間・効果などの点でずれています。;3:（3）「宅地造成工事規制区域内において行われる盛土であって、当該盛土をする土地の面積が 300㎡で、かつ…」について：他の選択肢は、主体・手続・期間・効果などの点でずれています。;4:（4）「都道府県知事は、宅地造成工事規制区域内の宅地について、宅地造成に伴う災害の防止のため必要があると…」について：他の選択肢は、主体・手続・期間・効果などの点でずれています。,正解は選択肢1です。 選択肢1の「宅地造成工事規制区域内において宅地造成に関する工事を行う場合、宅地造成に伴う災...」という内容が結論に合います。,正解は選択肢1です。,
2013,平成25年度,20,single,法令上の制限,,土地区画整理法についての以下の記述のうち、正しいものを選びなさい。,,,,,,個人施行者は、規準又は規約に別段の定めがあるときには、換地計画に係る区域の全部について土地区画整理事業の工事が完了する以前においても換地処分をできる。,換地処分は、施行者が換地計画において定められた関係事項を公告して行うものとする。,個人施行者は、換地計画において、保留地を定めようとするときには、土地区画整理審議会の同意を得なければならない。,個人施行者は、仮換地を指定しようとするときには、あらかじめ、その指定について、従前の宅地の所有者の同意を得なければならないが、仮換地となるべき宅地の所有者の同意を得る必要はない。,1,FALSE,FALSE,,正解は選択肢1です。この問は土地区画整理法について、問題文の条件を制度の要件・効果に当てはめる問題です。選択肢1の「個人施行者は、規準又は規約に別段の定めがあるときには、換地計画に係る区域の全部...」という内容が結論に合います。他の選択肢は、主体・手続・期間・効果などの点でずれています。,2:（2）「換地処分は、施行者が換地計画において定められた関係事項を公告して行うものとする。…」について：他の選択肢は、主体・手続・期間・効果などの点でずれています。;3:（3）「個人施行者は、換地計画において、保留地を定めようとするときには、土地区画整理審議会の同意を得なけ…」について：他の選択肢は、主体・手続・期間・効果などの点でずれています。;4:（4）「個人施行者は、仮換地を指定しようとするときには、あらかじめ、その指定について、従前の宅地の所有者…」について：他の選択肢は、主体・手続・期間・効果などの点でずれています。,正解は選択肢1です。 選択肢1の「個人施行者は、規準又は規約に別段の定めがあるときには、換地計画に係る区域の全部...」という内容が結論に合います。,正解は選択肢1です。,
2013,平成25年度,21,single,法令上の制限,,農地法(以下、本問では「法」という。)についての以下の記述のうち、正しいものを選びなさい。,,,,,,農地の賃貸借について法第3条第1項の許可を得て農地の引渡しを受けても、土地登記簿に登記をしなかった場合、その後、その農地について所有権を取得した第三者に対抗できない。,雑種地を開墾し、現に畑として耕作されている土地であっても、土地登記簿上の地目が雑種地である限り、法の適用を受ける農地には当たらない。,国又は都道府県が市街化調整区域内の農地(1ヘクタール)を取得して学校を建設する場合、都道府県知事との協議が成立しでも法第5条第1項の許可を受ける必要がある。,農業者が相続により取得した市街化調整区域内の農地を自己の住宅用地とじて転用する場合でも、法第4条第1項の許可を受ける必要がある。,4,FALSE,FALSE,,正解は選択肢4です。この問は農地法(以下、本問では「法」という。)について、問題文の条件を制度の要件・効果に当てはめる問題です。選択肢4の「農業者が相続により取得した市街化調整区域内の農地を自己の住宅用地とじて転用する...」という内容が結論に合います。他の選択肢は、主体・手続・期間・効果などの点でずれています。,1:（1）「農地の賃貸借について法第3条第1項の許可を得て農地の引渡しを受けても、土地登記簿に登記をしなかっ…」について：他の選択肢は、主体・手続・期間・効果などの点でずれています。;2:（2）「雑種地を開墾し、現に畑として耕作されている土地であっても、土地登記簿上の地目が雑種地である限り、…」について：他の選択肢は、主体・手続・期間・効果などの点でずれています。;3:（3）「国又は都道府県が市街化調整区域内の農地(1ヘクタール)を取得して学校を建設する場合、都道府県知事…」について：他の選択肢は、主体・手続・期間・効果などの点でずれています。,正解は選択肢4です。 選択肢4の「農業者が相続により取得した市街化調整区域内の農地を自己の住宅用地とじて転用する...」という内容が結論に合います。,正解は選択肢4です。,
2013,平成25年度,22,single,法令上の制限,,以下の記述のうち、正しいものを選びなさい。,,,,,,地すべり等防止法によれば、地すべり防止区域内において、地表水を放流し、又は停滞させる行為をしようとする者は、一定の場合を除き、市町村長の許可を受けなければならない。,国土利用計画法によれば、甲県が所有する都市計画区域内の7.000riの土地を甲県から買い受けた者は、事後届出を行う必要はない。,土壌汚染対策法によれば、形質変更時要届出区域内において土地の形質の変更をしようとする者は、非常災害のために必要な応急措置として行う行為であっても、都道府県知事に届け出なければならない。,河川法によれば、河川区域内の土地において工作物を新築し、改築し、又は除却しようとする者は、河川管理者と協議をする必要がある。,2,FALSE,FALSE,,正解は選択肢2です。この問は以下の記述について、問題文の条件を制度の要件・効果に当てはめる問題です。選択肢2の「国土利用計画法によれば、甲県が所有する都市計画区域内の7.000riの土地を甲...」という内容が結論に合います。他の選択肢は、主体・手続・期間・効果などの点でずれています。,1:（1）「地すべり等防止法によれば、地すべり防止区域内において、地表水を放流し、又は停滞させる行為をしよう…」について：他の選択肢は、主体・手続・期間・効果などの点でずれています。;3:（3）「土壌汚染対策法によれば、形質変更時要届出区域内において土地の形質の変更をしようとする者は、非常災…」について：他の選択肢は、主体・手続・期間・効果などの点でずれています。;4:（4）「河川法によれば、河川区域内の土地において工作物を新築し、改築し、又は除却しようとする者は、河川管…」について：他の選択肢は、主体・手続・期間・効果などの点でずれています。,正解は選択肢2です。 選択肢2の「国土利用計画法によれば、甲県が所有する都市計画区域内の7.000riの土地を甲...」という内容が結論に合います。,正解は選択肢2です。,
2013,平成25年度,23,single,税・その他,,印紙税についての以下の記述のうち、正しいものを選びなさい。,,,,,,土地議渡契約書に課税される印紙税を納付するため当該契約書に印紙をはり付けたときは、課税文書と印紙の彩紋とにかけて判明に消印する必要があるが、契約当事者の従業者の印章又は署名で消印しても、消印したことにはならない。,"土地の売買契約書(記載金額2,000万円)を3通作成し、売主A、買主B及び媒介した宅地建物取引業者Cがそれぞれ1通ずつ保存する場合、Cが保存する契約書には、印紙税は課きれない。","ーの契約書に土地の譲渡契約(譲渡金額4,000万円)と建物の建築請負契約(請負金額 5,000万円)をそれぞれ区分して記載したとき、印紙税の課税標準となる当該契約書の記載金額は、 5,000万円である。","I 建物の電気工事に係る請負金額は2,100万円(うち消費税額及び地方消費税額が100万円)とする」旨を記載した工事請負契約書について、印紙税の課税標準となる当該契約書の記載金額は、 2,100万円である。",3,FALSE,FALSE,,"正解は選択肢3です。この問は印紙税について、問題文の条件を制度の要件・効果に当てはめる問題です。選択肢3の「ーの契約書に土地の譲渡契約(譲渡金額4,000万円)と建物の建築請負契約(請負...」という内容が結論に合います。他の選択肢は、主体・手続・期間・効果などの点でずれています。","1:（1）「土地議渡契約書に課税される印紙税を納付するため当該契約書に印紙をはり付けたときは、課税文書と印紙…」について：他の選択肢は、主体・手続・期間・効果などの点でずれています。;2:（2）「土地の売買契約書(記載金額2,000万円)を3通作成し、売主A、買主B及び媒介した宅地建物取引業…」について：他の選択肢は、主体・手続・期間・効果などの点でずれています。;4:（4）「I 建物の電気工事に係る請負金額は2,100万円(うち消費税額及び地方消費税額が100万円)とす…」について：他の選択肢は、主体・手続・期間・効果などの点でずれています。","正解は選択肢3です。 選択肢3の「ーの契約書に土地の譲渡契約(譲渡金額4,000万円)と建物の建築請負契約(請負...」という内容が結論に合います。",正解は選択肢3です。,
2013,平成25年度,24,single,税・その他,,固定資産税についての以下の記述のうち、正しいものを選びなさい。,,,,,,国会議員及び地方団体の議会の議員は、固定資産評価員を兼ねることができる。,登記所は、土地又は建物の表示に関する登記をしたときは、 30日以内に、その内容を当該土地又は家屋の所在地の市町村長に通知する必要がある。,住宅用地のうち小規模住宅用地に対して課する固定資産税の課税標準は、当該小規模住宅用地に係る固定資産税の課税標準となるべき価格の3分のlの額である。,固定資産税に係る徴収金について滞納者が督促を受け、その督促状を発した日から起算して10日を経過した日までに、その督促に係る固定資産税の徴収金について完納しないとき， は、市町村の徴税吏員は、滞納者の財産を差し押さえなければならない。,4,FALSE,FALSE,,正解は選択肢4です。この問は固定資産税について、問題文の条件を制度の要件・効果に当てはめる問題です。選択肢4の「固定資産税に係る徴収金について滞納者が督促を受け、その督促状を発した日から起算...」という内容が結論に合います。他の選択肢は、主体・手続・期間・効果などの点でずれています。,1:（1）「国会議員及び地方団体の議会の議員は、固定資産評価員を兼ねることができる。…」について：他の選択肢は、主体・手続・期間・効果などの点でずれています。;2:（2）「登記所は、土地又は建物の表示に関する登記をしたときは、 30日以内に、その内容を当該土地又は家屋…」について：他の選択肢は、主体・手続・期間・効果などの点でずれています。;3:（3）「住宅用地のうち小規模住宅用地に対して課する固定資産税の課税標準は、当該小規模住宅用地に係る固定資…」について：他の選択肢は、主体・手続・期間・効果などの点でずれています。,正解は選択肢4です。 選択肢4の「固定資産税に係る徴収金について滞納者が督促を受け、その督促状を発した日から起算...」という内容が結論に合います。,正解は選択肢4です。,
2013,平成25年度,25,single,税・その他,,地価公示法についての以下の記述のうち、正しいものを選びなさい。,,,,,,地価公示法の目的は、都市及びその周辺の地域等において、標準地を選定し、その周辺の土地の取引価格に関する情報を公示することにより、適正な地価の形成に寄与することである。,標準地は、土地鑑定委員会が、自然的及び社会的条件からみて類似の利用価値を有すると認められる地域において、土地の利用状況、環境等が通常と認めら司れ、かつ、当該土地の使用又は収益を制限する権利が存しない一団の土地について選定する。,公示価格を規準とするとは、対象土地の価格を求めるに際して、当該対象土地とこれに類似する利用価値を有すると認められる1又は2以上の標準地との位置、地積、環境等の土地の客観的価値に作用する諸要因についての比較を行い、その結果に基づき、当該標準地の公示価格と当該対象土地の価格との間に均衡を保たせることをいう。,不動産鑑定士は、土地鑑定委員会の求めに応じて標準地の鑑定評価を行うに当たっては、 近傍類地の取引価格から算定される推定の価格、近傍類地の地代等から算定される推定の価格又は同等の効用を有する土地の造成に要する推定の費用の額のいずれかを勘案してこれを行わなければならない。,3,FALSE,FALSE,,正解は選択肢3です。この問は地価公示法について、問題文の条件を制度の要件・効果に当てはめる問題です。選択肢3の「公示価格を規準とするとは、対象土地の価格を求めるに際して、当該対象土地とこれに...」という内容が結論に合います。他の選択肢は、主体・手続・期間・効果などの点でずれています。,1:（1）「地価公示法の目的は、都市及びその周辺の地域等において、標準地を選定し、その周辺の土地の取引価格に…」について：他の選択肢は、主体・手続・期間・効果などの点でずれています。;2:（2）「標準地は、土地鑑定委員会が、自然的及び社会的条件からみて類似の利用価値を有すると認められる地域に…」について：他の選択肢は、主体・手続・期間・効果などの点でずれています。;4:（4）「不動産鑑定士は、土地鑑定委員会の求めに応じて標準地の鑑定評価を行うに当たっては、 近傍類地の取引…」について：他の選択肢は、主体・手続・期間・効果などの点でずれています。,正解は選択肢3です。 選択肢3の「公示価格を規準とするとは、対象土地の価格を求めるに際して、当該対象土地とこれに...」という内容が結論に合います。,正解は選択肢3です。,
2013,平成25年度,26,single,宅建業法,,宅地建物取引業の免許(以下、本問では「免許」という。)についての以下の記述のうち、宅地建物取引業法の規定に照らすと、正しいものを選びなさい。,,,,,,宅地建物取引業者A社の代表取締役が、道路交通法違反により罰金の刑に処せられたとしても、A社の免許は取り消されることはない。,宅地建物取引業者B社の使用人で、あって、B社の宅地建物取引業を行う支店の代表者が、 刑法第222条(脅迫)の罪により罰金の刑に処せられたとしても、B社の免許は取り消されることはない。,宅地建物取引業者C社の非常勤役員が、刑法第208条の3(凶器準備集合及び結集)の罪により罰金の刑に処せられたとしても、C社の免許は取り消されることはない。,宅地建物取引業者D社の代表取締役が、法人税法違反により拘禁刑に処せられたとしても、執行猶予が付されれば、D社の免許は取り消されることはない。,1,FALSE,FALSE,,正解は選択肢1です。この問は宅地建物取引業の免許(以下、本問では「免許」という。)について、問題文の条件を制度の要件・効果に当てはめる問題です。選択肢1の「宅地建物取引業者A社の代表取締役が、道路交通法違反により罰金の刑に処せられたと...」という内容が結論に合います。他の選択肢は、主体・手続・期間・効果などの点でずれています。,2:（2）「宅地建物取引業者B社の使用人で、あって、B社の宅地建物取引業を行う支店の代表者が、 刑法第222…」について：他の選択肢は、主体・手続・期間・効果などの点でずれています。;3:（3）「宅地建物取引業者C社の非常勤役員が、刑法第208条の3(凶器準備集合及び結集)の罪により罰金の刑…」について：他の選択肢は、主体・手続・期間・効果などの点でずれています。;4:（4）「宅地建物取引業者D社の代表取締役が、法人税法違反により拘禁刑に処せられたとしても、執行猶予が付さ…」について：他の選択肢は、主体・手続・期間・効果などの点でずれています。,正解は選択肢1です。 選択肢1の「宅地建物取引業者A社の代表取締役が、道路交通法違反により罰金の刑に処せられたと...」という内容が結論に合います。,正解は選択肢1です。,
2013,平成25年度,27,single,宅建業法,,宅地建物取引業者の営業保証金についての以下の記述のうち、宅地建物取引業法(以下、本問では「法」という。)の規定に照らすと、正しいものを選びなさい。,,,,,,宅地建物取引業者は、不正の手段により法第3条第1項の免許を受けたことを理由に免許を取り消されたときであっても、営業保証金を取り戻すことができる。,信託業法第3条の免許を受けた信託会社で宅地建物取引業を営むものは、国土交通大臣の免許を受けた宅地建物取引業者とみなされるため、営業保証金を供託した旨の届出を国土交通大臣に行わないときは、国土交通大臣から免許を取り消されることがある。,宅地建物取引業者は、本店を移転したためその最寄りの供託所が変更したとき、国債証券をもって営業保証金を供託しているときは、遅滞なく、従前の本店の最寄りの供託所に対し、 営業保証金の保管換えを請求する必要がある。,宅地建物取引業者は、その免許を受けた国土交通大臣又は都道府県知事から、営業保証金の額が政令で定める額に不足することとなったという通知を受けたときは、供託額に不足を生じた日から2週間以内に、その不足額を供託する必要がある。,1,FALSE,FALSE,,正解は選択肢1です。この問は宅地建物取引業者の営業保証金について、問題文の条件を制度の要件・効果に当てはめる問題です。選択肢1の「宅地建物取引業者は、不正の手段により法第3条第1項の免許を受けたことを理由に免...」という内容が結論に合います。他の選択肢は、主体・手続・期間・効果などの点でずれています。,2:（2）「信託業法第3条の免許を受けた信託会社で宅地建物取引業を営むものは、国土交通大臣の免許を受けた宅地…」について：他の選択肢は、主体・手続・期間・効果などの点でずれています。;3:（3）「宅地建物取引業者は、本店を移転したためその最寄りの供託所が変更したとき、国債証券をもって営業保証…」について：他の選択肢は、主体・手続・期間・効果などの点でずれています。;4:（4）「宅地建物取引業者は、その免許を受けた国土交通大臣又は都道府県知事から、営業保証金の額が政令で定め…」について：他の選択肢は、主体・手続・期間・効果などの点でずれています。,正解は選択肢1です。 選択肢1の「宅地建物取引業者は、不正の手段により法第3条第1項の免許を受けたことを理由に免...」という内容が結論に合います。,正解は選択肢1です。,
2013,平成25年度,28,single,宅建業法,,宅地建物取引業者A社が、Bから自己所有の甲宅地の売却の媒介を依頼され、Bと媒介契約を締結した場合における以下の記述のうち、宅地建物取引業法の規定に照らすと、正しいものがいくつあるか選びなさい。 ア A社が、Bとの間に専任媒介契約を締結し、甲宅地の売買契約を成立させたときは、A社は、遅滞なく、登録番号、取引価格、売買契約の成立した年月日、売主及び買主の氏名を指定流通機構に通知しなければならない。 イ A社は、Bとの間に媒介契約を締結し、Bに対して甲宅地を売買すべき価額又はその評価額について意見を述べるときは、その根拠を明らかにしなければならない。 ウ A社がBとの間に締結した専任媒介契約の有効期間は、Bからの申出により更新することができるが、更新の時から3月を超えることができない。,,,,,,正しい記述は一つである。,正しい記述は二つである。,正しい記述は三つである。,正しい記述はない。,2,FALSE,FALSE,,正解は選択肢2です。正しい記述は二つである。 各記述を個別に判定し、正しいもの・誤っているもの・違反するものなどの数を数える問題です。,1:（1）「正しい記述は一つである。」は、単独の記述としては法令上妥当な場合がありますが、本問で選ぶべき正答は（2）「正しい記述は二つである。」です。問題文の条件（宅地建物取引業者A社が、Bから自己所有の甲宅地の売却の媒介を依頼され、Bと媒介契約を締結した場合…）と照らし、設問が問う論点に合う肢を選び直してください。;3:（3）「正しい記述は三つである。」は、単独の記述としては法令上妥当な場合がありますが、本問で選ぶべき正答は（2）「正しい記述は二つである。」です。問題文の条件（宅地建物取引業者A社が、Bから自己所有の甲宅地の売却の媒介を依頼され、Bと媒介契約を締結した場合…）と照らし、設問が問う論点に合う肢を選び直してください。;4:（4）「正しい記述はない。」は、単独の記述としては法令上妥当な場合がありますが、本問で選ぶべき正答は（2）「正しい記述は二つである。」です。問題文の条件（宅地建物取引業者A社が、Bから自己所有の甲宅地の売却の媒介を依頼され、Bと媒介契約を締結した場合…）と照らし、設問が問う論点に合う肢を選び直してください。,正解は選択肢2です。 正しい記述は二つである。,正解は選択肢2です。,
2013,平成25年度,29,single,宅建業法,,宅地建物取引業法(以下、本問では「法」という。)についての以下の記述のうち、正しいものを選びなさい。,,,,,,宅地建物取引業者でない売主と宅地建物取引業者である買主が、媒介業者を介さず宅地の売買契約を締結する場合、法第35条の規定に基づく重要事項の説明義務を負うのは買主の宅地建物取引業者である。,建物の管理が管理会社に委託されている当該建物の賃貸借契約の媒介をする宅地建物取引業者は、当該建物が区分所有建物であるか否かにかかわらず、その管理会社の商号又は名称及びその主たる事務所の所在地を、借主に説明する必要がある。,区分所有建物の売買において、売主及び買主が宅地建物取引業者であるとき、当該売主は当該買主に対し、当該一棟の建物に係る計画的な維持修繕のための修繕積立金積立総額及び売買の対象となる専有部分に係る修繕積立金額の説明をすれば、滞納があることについては説明をする必要はない。,区分所有建物の売買において、売主及び買主が宅地建物取引業者であるとき、当該売主は当該買主に対し、法第35条の2に規定する供託所等の説明をする必要はない。,2,FALSE,FALSE,,正解は選択肢2です。この問は宅地建物取引業法(以下、本問では「法」という。)について、問題文の条件を制度の要件・効果に当てはめる問題です。選択肢2の「建物の管理が管理会社に委託されている当該建物の賃貸借契約の媒介をする宅地建物取...」という内容が結論に合います。他の選択肢は、主体・手続・期間・効果などの点でずれています。,1:（1）「宅地建物取引業者でない売主と宅地建物取引業者である買主が、媒介業者を介さず宅地の売買契約を締結す…」について：他の選択肢は、主体・手続・期間・効果などの点でずれています。;3:（3）「区分所有建物の売買において、売主及び買主が宅地建物取引業者であるとき、当該売主は当該買主に対し、…」について：他の選択肢は、主体・手続・期間・効果などの点でずれています。;4:（4）「区分所有建物の売買において、売主及び買主が宅地建物取引業者であるとき、当該売主は当該買主に対し、…」について：他の選択肢は、主体・手続・期間・効果などの点でずれています。,正解は選択肢2です。 選択肢2の「建物の管理が管理会社に委託されている当該建物の賃貸借契約の媒介をする宅地建物取...」という内容が結論に合います。,正解は選択肢2です。,
2013,平成25年度,30,single,宅建業法,,宅地建物取引業者が行う宅地建物取引業法第35条に規定する重要事項の説明 (以下、本問では「重要事項説明」という。)及び同条の規定により交付すべき書面(以下、本問では i35条書面」という。)についての以下の記述のうち、正しいものを選びなさい。,,,,,,宅地建物取引業者は、宅地又は建物の売買について売主となる場合、買主が宅地建物取引業者であっても、重要事項説明は行わなければならないが、 35条書面の交付は省略してよ It'。,宅地建物取引業者が、取引主任者をして取引の相手方に対し重要事項説明をさせる場合、 当該取引主任者は、取引の相手方から請求がなくても、宅地建物取引主任者証を相手方に提ー 示する必要があり、提示しなかったときは、 20万円以下の罰金に処せられることがある。,宅地建物取引業者は、貸借の媒介の対象となる建物(昭和56年5月31日以前に新築)が、 指定確認検査機関、建築士、登録住宅性能評価機関又は地方公共団体による耐震診断を受けたものであっても、その内容を重要事項説明において説明する必要はない。,宅地建物取引業者は、重要事項説明において、取引の対象となる宅地又は建物が、津波防災地域づくりに関する法律の規定により指定された津波災害警戒区域内にあるときは、その内容を説明する必要がある。,4,FALSE,FALSE,,正解は選択肢4です。この問は宅建業法について、問題文の条件を制度の要件・効果に当てはめる問題です。選択肢4の「宅地建物取引業者は、重要事項説明において、取引の対象となる宅地又は建物が、津波...」という内容が結論に合います。他の選択肢は、主体・手続・期間・効果などの点でずれています。,1:（1）「宅地建物取引業者は、宅地又は建物の売買について売主となる場合、買主が宅地建物取引業者であっても、…」について：他の選択肢は、主体・手続・期間・効果などの点でずれています。;2:（2）「宅地建物取引業者が、取引主任者をして取引の相手方に対し重要事項説明をさせる場合、 当該取引主任者…」について：他の選択肢は、主体・手続・期間・効果などの点でずれています。;3:（3）「宅地建物取引業者は、貸借の媒介の対象となる建物(昭和56年5月31日以前に新築)が、 指定確認検…」について：他の選択肢は、主体・手続・期間・効果などの点でずれています。,正解は選択肢4です。 選択肢4の「宅地建物取引業者は、重要事項説明において、取引の対象となる宅地又は建物が、津波...」という内容が結論に合います。,正解は選択肢4です。,
2013,平成25年度,31,single,宅建業法,,宅地建物取引業者A社が宅地建物取引業法第37条の規定により交付すべき書面 (以下、本問では「37条書面」という。)についての以下の記述のうち、宅地建物取引業法の規定に照らすと、正しいものの組合せはどれか。 ア A社は、建物の貸借に関し、自ら貸主として契約を締結した場合に、その相手方に37条書面を交付しなければならない。 イ A社は、建物の売買に関し、その媒介により契約が成立した場合に、当該売買契約の各当事者のいずれに対しても、37条書面を交付しなければならない。 ウ A社は、建物の売買に関し、その媒介により契約が成立した場合に、天災その他不可抗力による損害の負担に関する定めがあるときは、その内容を記載した37条書面を交付しなければならない。 エ A社は、建物の売買に関し、自ら売主として契約を締結した場合に、その相手方が宅地建物取引業者であれば、37条書面を交付する必要はない。,,,,,,ア、イ,イ、ウ,ウ、エ,ア、エ,2,FALSE,FALSE,,正解は選択肢2です。この問は宅建業法について、問題文の条件を制度の要件・効果に当てはめる問題です。選択肢2の「イ、ウ」という内容が結論に合います。他の選択肢は、主体・手続・期間・効果などの点でずれています。,1:（1）「ア、イ」は、単独の記述としては法令上妥当な場合がありますが、本問で選ぶべき正答は（2）「イ、ウ」です。問題文の条件（宅地建物取引業者A社が宅地建物取引業法第37条の規定により交付すべき書面 (以下、本問では「37…）と照らし、設問が問う論点に合う肢を選び直してください。;3:（3）「ウ、エ」は、単独の記述としては法令上妥当な場合がありますが、本問で選ぶべき正答は（2）「イ、ウ」です。問題文の条件（宅地建物取引業者A社が宅地建物取引業法第37条の規定により交付すべき書面 (以下、本問では「37…）と照らし、設問が問う論点に合う肢を選び直してください。;4:（4）「ア、エ」は、単独の記述としては法令上妥当な場合がありますが、本問で選ぶべき正答は（2）「イ、ウ」です。問題文の条件（宅地建物取引業者A社が宅地建物取引業法第37条の規定により交付すべき書面 (以下、本問では「37…）と照らし、設問が問う論点に合う肢を選び直してください。,正解は選択肢2です。 選択肢2の「イ、ウ」という内容が結論に合います。,正解は選択肢2です。,
2013,平成25年度,32,single,宅建業法,,以下の記述のうち、宅地建物取引業法の規定に違反しないものの組合せとして、正しいものを選びなさい。なお、本問では「建築確認」とは、建築基準法第6条第1項の確認をいうものとして扱う。 ア 宅地建物取引業者A社は、建築確認の済んでいない建築工事完了前の賃貸住宅の貸主Bから当該住宅の貸借の媒介を依頼され、取引態様を媒介と明示して募集広告を行った。 イ 宅地建物取引業者C社は、建築確認の済んでいない建築工事完了前の賃貸住宅の貸主Dから当該住宅の貸借の代理を依頼され、代理人として借主Eとの間で当該住宅の賃貸借契約を締結した。 ウ 宅地建物取引業者F杜は、建築確認の済んだ建築工事完了前の建売住宅の売主G社(宅地建物取引業者)との間で当該住宅の売却の専任媒介契約を締結し、媒介業務を行った。 エ 宅地建物取引業者H社は、建築確認の済んでいない建築工事完了前の建売住宅の売主I社 (宅地建物取引業者)から当該住宅の売却の媒介を依頼され、取引態様を媒介と明示して当該住宅の販売広告を行った。,,,,,,ア、イ,イ、ウ,ウ、エ,イ、ウ、エ,2,FALSE,FALSE,,正解は選択肢2です。この問は以下の記述について、問題文の条件を制度の要件・効果に当てはめる問題です。選択肢2の「イ、ウ」という内容が結論に合います。他の選択肢は、主体・手続・期間・効果などの点でずれています。,1:（1）「ア、イ」は、単独の記述としては法令上妥当な場合がありますが、本問で選ぶべき正答は（2）「イ、ウ」です。問題文の条件（以下の記述のうち、宅地建物取引業法の規定に違反しないものの組合せとして、正しいものを選びなさい。…）と照らし、設問が問う論点に合う肢を選び直してください。;3:（3）「ウ、エ」は、単独の記述としては法令上妥当な場合がありますが、本問で選ぶべき正答は（2）「イ、ウ」です。問題文の条件（以下の記述のうち、宅地建物取引業法の規定に違反しないものの組合せとして、正しいものを選びなさい。…）と照らし、設問が問う論点に合う肢を選び直してください。;4:（4）「イ、ウ、エ」は、単独の記述としては法令上妥当な場合がありますが、本問で選ぶべき正答は（2）「イ、ウ」です。問題文の条件（以下の記述のうち、宅地建物取引業法の規定に違反しないものの組合せとして、正しいものを選びなさい。…）と照らし、設問が問う論点に合う肢を選び直してください。,正解は選択肢2です。 選択肢2の「イ、ウ」という内容が結論に合います。,正解は選択肢2です。,
2013,平成25年度,33,single,宅建業法,,宅地建物取引業法第35条に規定する重要事項の説明についての以下の記述のうち、 正しいものを選びなさい。,,,,,,宅地建物取引業者は、自ら売主として分譲マンションの売買を行う場合、管理組合の総会の議決権に関する事項について、管理規約を添付して説明する必要がある。,宅地建物取引業者は、分譲マンションの売買の媒介を行う場合、建物の区分所有等に関する法律第2条第4項に規定する共用部分に関する規約の定めが案の段階であっても、その案の内容を説明する必要がある。,宅地建物取引業者は、マンションのl戸の貸借の媒介を行う場合、建築基準法に規定する容積率及び建ぺい率に関する制限があるときは、その制限内容を説明する必要がある0,"宅地建物取引業者は、マンションの1戸の貸借の媒介を行う場合、借賃以外に授受される金銭の定めがあるときは、その金銭の額、授受の目的及び保管方法を説明しなければならな ""'0 -17←",2,FALSE,FALSE,,正解は選択肢2です。この問は宅地建物取引業法第35条に規定する重要事項の説明について、問題文の条件を制度の要件・効果に当てはめる問題です。選択肢2の「宅地建物取引業者は、分譲マンションの売買の媒介を行う場合、建物の区分所有等に関...」という内容が結論に合います。他の選択肢は、主体・手続・期間・効果などの点でずれています。,1:（1）「宅地建物取引業者は、自ら売主として分譲マンションの売買を行う場合、管理組合の総会の議決権に関する…」について：他の選択肢は、主体・手続・期間・効果などの点でずれています。;3:（3）「宅地建物取引業者は、マンションのl戸の貸借の媒介を行う場合、建築基準法に規定する容積率及び建ぺい…」について：他の選択肢は、主体・手続・期間・効果などの点でずれています。;4:（4）「宅地建物取引業者は、マンションの1戸の貸借の媒介を行う場合、借賃以外に授受される金銭の定めがある…」について：他の選択肢は、主体・手続・期間・効果などの点でずれています。,正解は選択肢2です。 選択肢2の「宅地建物取引業者は、分譲マンションの売買の媒介を行う場合、建物の区分所有等に関...」という内容が結論に合います。,正解は選択肢2です。,
2013,平成25年度,34,single,宅建業法,,宅地建物取引業者A社が、自ら売主として宅地建物取引業者でない買主Bとの間で締結した宅地の売買契約について、Bが宅地建物取引業法第37条の2の規定に基づき、いわゆるクーリング・オフによる契約の解除をする場合における以下の記述のうち、正しいものを選びなさい。,,,,,,Bは、自ら指定した喫茶店において買受けの申込みをし、契約を締結した。Bが翌日に売買契約の解除を申し出た場合、A社は、既に支払われている手付金及び中間金の全額の返還を拒むことができる。,Bは、月曜日にホテルのロビーにおいて買受けの申込みをし、その際にクーリング・オフー について書面で告げられ、契約を締結した。Bは、翌週の火曜日までであれば、契約の解除をできる。,Bは、宅地の売買契約締結後に速やかに建物請負契約を締結したいと考え、自ら指定した宅地建物取引業者であるハウスメーカー (A社より当該宅地の売却について代理又は媒介の依頼は受けていない。)の事務所において買受けの申込みをし、A社と売買契約を締結した。 その際、クーリング・オフについてBは書面で告げられた。その6日後、Bが契約の解除の書面をA社に発送したとき、Bは売買契約を解除できる。,Bは、 10区画の宅地を販売するテント張りの案内所において、買受けの申込みをし、 2 日後、A社の事務所で契約を締結した上で代金全額を支払った。その5日後、Bが、宅地の引渡しを受ける前に契約の解除の書面を送付したとき、A社は代金全額が支払われていることを理由に契約の解除を拒むことができる。,3,FALSE,FALSE,,正解は選択肢3です。この問は宅建業法について、問題文の条件を制度の要件・効果に当てはめる問題です。選択肢3の「Bは、宅地の売買契約締結後に速やかに建物請負契約を締結したいと考え、自ら指定し...」という内容が結論に合います。他の選択肢は、主体・手続・期間・効果などの点でずれています。,1:（1）「Bは、自ら指定した喫茶店において買受けの申込みをし、契約を締結した。Bが翌日に売買契約の解除を申し出た場合、A社は、既に支払われている手付金及び中間金の全額の返還を拒むことができる。」は、作業主任者の選任が必要な作業の組合せ（BAABBAB）を含んでいません。解説のとおり、該当作業と非該当作業の区別を確認してください。 （1）「Bは、自ら指定した喫茶店において買受けの申込みをし、契約を締結した。Bが翌日に売買契約の解除を申…」について：他の選択肢は、主体・手続・期間・効果などの点でずれています。;2:（2）「Bは、月曜日にホテルのロビーにおいて買受けの申込みをし、その際にクーリング・オフー について書面で告げられ、契約を締結した。Bは、翌週の火曜日までであれば、契約の解除をできる。」は、作業主任者の選任が必要な作業の組合せ（BAABBAB）を含んでいません。解説のとおり、該当作業と非該当作業の区別を確認してください。 （2）「Bは、月曜日にホテルのロビーにおいて買受けの申込みをし、その際にクーリング・オフー について書面…」について：他の選択肢は、主体・手続・期間・効果などの点でずれています。;4:（4）「Bは、 10区画の宅地を販売するテント張りの案内所において、買受けの申込みをし、 2 日後、A社の事務所で契約を締結した上で代金全額を支払った。その5日後、Bが、宅地の引渡しを受ける前に契約の解除の書面を送付したとき、A社は代金全額が支払われていることを理由に契約の解除を拒むことができる。」は、作業主任者の選任が必要な作業の組合せ（BAABBAB）を含んでいません。解説のとおり、該当作業と非該当作業の区別を確認してください。 （4）「Bは、 10区画の宅地を販売するテント張りの案内所において、買受けの申込みをし、 2 日後、A社…」について：他の選択肢は、主体・手続・期間・効果などの点でずれています。,正解は選択肢3です。 選択肢3の「Bは、宅地の売買契約締結後に速やかに建物請負契約を締結したいと考え、自ら指定し...」という内容が結論に合います。,正解は選択肢3です。,
2013,平成25年度,35,single,宅建業法,,宅地建物取引業者が媒介により建物の貸借の契約を成立させた場合、宅地建物取引業法第37条の規定により当該貸借の契約当事者に対して交付すべき書面に必ず記載しなければならない事項の組合せとして、正しいものを選びなさい。 ア 保証人の氏名及び住所イ 建物の引渡しの時期ウ 借賃の額並びにその支払の時期及び方法エ 媒介に関する報酬の額オ 借賃以外の金銭の授受の方法,,,,,,ア、イ,イ、ウ,ウ、エ、オ,ア、エ、オ,2,FALSE,FALSE,,正解は選択肢2です。この問は宅建業法について、問題文の条件を制度の要件・効果に当てはめる問題です。選択肢2の「イ、ウ」という内容が結論に合います。他の選択肢は、主体・手続・期間・効果などの点でずれています。,1:（1）「ア、イ」は、単独の記述としては法令上妥当な場合がありますが、本問で選ぶべき正答は（2）「イ、ウ」です。問題文の条件（宅地建物取引業者が媒介により建物の貸借の契約を成立させた場合、宅地建物取引業法第37条の規定によ…）と照らし、設問が問う論点に合う肢を選び直してください。;3:（3）「ウ、エ、オ」は、単独の記述としては法令上妥当な場合がありますが、本問で選ぶべき正答は（2）「イ、ウ」です。問題文の条件（宅地建物取引業者が媒介により建物の貸借の契約を成立させた場合、宅地建物取引業法第37条の規定によ…）と照らし、設問が問う論点に合う肢を選び直してください。;4:（4）「ア、エ、オ」は、単独の記述としては法令上妥当な場合がありますが、本問で選ぶべき正答は（2）「イ、ウ」です。問題文の条件（宅地建物取引業者が媒介により建物の貸借の契約を成立させた場合、宅地建物取引業法第37条の規定によ…）と照らし、設問が問う論点に合う肢を選び直してください。,正解は選択肢2です。 選択肢2の「イ、ウ」という内容が結論に合います。,正解は選択肢2です。,
2013,平成25年度,36,single,宅建業法,,宅地建物取引業者A社が行う業務についての以下の記述のうち、宅地建物取引業法 (以下、本問では「法」という。)の規定に違反しないものはどれか。なお、本問では「37条書面」とは、法第37条の規定により交付すべき書面をいうものとして扱う。,,,,,,A社は、宅地の売買の媒介に際して、売買契約締結の直前に、当該宅地の一部に私道に関する負担があることに気付いた。既に買主に重要事項説明を行った後だったので、A社は、 私道の負担に関する追加の重要事項説明は行わず、37条書面にその内容記載し、売主及び買主の双方に交付した。,A社は、営業保証金を供託している供託所及びその所在地を説明しないままに、自らが所有する宅地の売買契約が成立したので、買主に対し、その供託所等を37条書面に記載の上、 説明した。,A社は、媒介により建物の貸借の契約を成立させ、37条書面を借主に交付するに当たり、37条書面に記名押印をした取引主任者が不在であったことから、取引主任者ではない従業員に37条書面を交付させた。,A社は、宅地建物取引業者間での宅地の売買の媒介に際し、当該売買契約に瑕疵担保に関する特約はあったが、宅地建物取引業者間の取引であったため、当該特約の内容について37条書面への記載を省略した。,3,FALSE,FALSE,,正解は選択肢3です。この問は宅地建物取引業者A社が行う業務について、問題文の条件を制度の要件・効果に当てはめる問題です。選択肢3の「A社は、媒介により建物の貸借の契約を成立させ、37条書面を借主に交付するに当...」という内容が結論に合います。他の選択肢は、主体・手続・期間・効果などの点でずれています。,1:（1）「A社は、宅地の売買の媒介に際して、売買契約締結の直前に、当該宅地の一部に私道に関する負担があることに気付いた。既に買主に重要事項説明を行った後だったので、A社は、 私道の負担に関する追加の重要事項説明は行わず、37条書面にその内容記載し、売主及び買主の双方に交付した。」は、作業主任者の選任が必要な作業の組合せ（A）を含んでいません。解説のとおり、該当作業と非該当作業の区別を確認してください。 （1）「A社は、宅地の売買の媒介に際して、売買契約締結の直前に、当該宅地の一部に私道に関する負担があるこ…」について：他の選択肢は、主体・手続・期間・効果などの点でずれています。;2:（2）「A社は、営業保証金を供託している供託所及びその所在地を説明しないままに、自らが所有する宅地の売買契約が成立したので、買主に対し、その供託所等を37条書面に記載の上、 説明した。」は、作業主任者の選任が必要な作業の組合せ（A）を含んでいません。解説のとおり、該当作業と非該当作業の区別を確認してください。 （2）「A社は、営業保証金を供託している供託所及びその所在地を説明しないままに、自らが所有する宅地の売買…」について：他の選択肢は、主体・手続・期間・効果などの点でずれています。;4:（4）「A社は、宅地建物取引業者間での宅地の売買の媒介に際し、当該売買契約に瑕疵担保に関する特約はあったが、宅地建物取引業者間の取引であったため、当該特約の内容について37条書面への記載を省略した。」は、作業主任者の選任が必要な作業の組合せ（A）を含んでいません。解説のとおり、該当作業と非該当作業の区別を確認してください。 （4）「A社は、宅地建物取引業者間での宅地の売買の媒介に際し、当該売買契約に瑕疵担保に関する特約はあった…」について：他の選択肢は、主体・手続・期間・効果などの点でずれています。,正解は選択肢3です。 選択肢3の「A社は、媒介により建物の貸借の契約を成立させ、37条書面を借主に交付するに当...」という内容が結論に合います。,正解は選択肢3です。,
2013,平成25年度,37,single,宅建業法,,"宅地建物取引業者A社(消費税課税事業者)は売主Bから土地付建物の売却の代理の依頼を受け、宅地建物取引業者C社(消費税課税事業者)は買主Dから戸建住宅の購入の媒介の依頼を受け、BとDの間で売買契約を成立させた。この場合における以下の記述のうち、 宅地建物取引業法の規定に違反しないものはいくつあるか。なお、土地付建物の代金は5,250 万円(うち、土地代金は2,100万円)で、消費税額及び地方消費税額を含むものとして扱う。 ア A社はBから3,340,000円の報酬を受領し、C社はDから1,670,000円の報酬を受領した。 イ A社はBから2,200,000円の報酬を受領し、C社はA社及びDの了承を得た上でDから 1,239,000円の報酬を受領した。 ウ A社はBから1,660,000円の報酬を受領し、C社はDから1,669,500円を報酬として受領したほか、Dの特別の依頼に基づき行った遠隔地への現地調査に要した特別の費用について、Dが事前に負担を承諾していたので、 50,000円を受領した。",,,,,,違反しない記述は一つである。,違反しない記述は二つである。,違反しない記述は三つである。,違反しない記述はない。,1,FALSE,FALSE,,正解は選択肢1です。違反しない記述は一つである。 各記述を個別に判定し、正しいもの・誤っているもの・違反するものなどの数を数える問題です。,2:（2）「違反しない記述は二つである。」は、単独の記述としては法令上妥当な場合がありますが、本問で選ぶべき正答は（1）「違反しない記述は一つである。」です。問題文の条件（宅地建物取引業者A社(消費税課税事業者)は売主Bから土地付建物の売却の代理の依頼を受け、宅地建物…）と照らし、設問が問う論点に合う肢を選び直してください。;3:（3）「違反しない記述は三つである。」は、単独の記述としては法令上妥当な場合がありますが、本問で選ぶべき正答は（1）「違反しない記述は一つである。」です。問題文の条件（宅地建物取引業者A社(消費税課税事業者)は売主Bから土地付建物の売却の代理の依頼を受け、宅地建物…）と照らし、設問が問う論点に合う肢を選び直してください。;4:（4）「違反しない記述はない。」は、単独の記述としては法令上妥当な場合がありますが、本問で選ぶべき正答は（1）「違反しない記述は一つである。」です。問題文の条件（宅地建物取引業者A社(消費税課税事業者)は売主Bから土地付建物の売却の代理の依頼を受け、宅地建物…）と照らし、設問が問う論点に合う肢を選び直してください。,正解は選択肢1です。 違反しない記述は一つである。,正解は選択肢1です。,
2013,平成25年度,38,single,宅建業法,,"宅地建物取引業者A社が、自ら売主として宅地建物取引業者でない買主Bとの間で締結した売買契約についての以下の記述のうち、宅地建物取引業法の規定に照らすと、誤っているものがいくつあるか選びなさい。 ア A社は、Bとの間で締結した中古住宅の売買契約において、引渡後2年以内に発見されたかし雨漏り、シロアリの害、建物の構造耐力上主要な部分の瑕疵についてのみ責任を負うとする特約を定めることができる。 イ A社は、Bとの間における新築分譲マンションの売買契約(代金3,500万円)の締結に際して、当事者の債務の不履行を理由とする契約の解除に伴う損害賠償の予定額と違約金の合計額を700万円とする特約を定めることができる。 ウ A社は、Bとの間における土地付建物の売買契約の締結に当たり、手付金100万円及び中間金200万円を受領する旨の約定を設けた際、当事者の一方が契約の履行に着手するまでは、 売主は買主に受領済みの手付金及び中間金の倍額を支払い、また、買主は売主に支払済みの手付金及び中間金を放棄して、契約を解除できる旨の特約を定めた。この特約は有効である。",,,,,,誤っている記述は一つである。,誤っている記述は二つである。,誤っている記述は三つである。,誤っている記述はない。,2,FALSE,FALSE,,正解は選択肢2です。誤っている記述は二つである。 各記述を個別に判定し、正しいもの・誤っているもの・違反するものなどの数を数える問題です。,1:解説では「誤っている記述は二つである。」とある一方、（1）の記述はそれと矛盾します。 解説の要点：正解は選択肢2です。誤っている記述は二つである。 各記述を個別に判定し、正しいもの・誤っているもの・違反するものなどの数を数える問題です。 正答（2）との違いを確認し直してください。;3:解説では「誤っている記述は二つである。」とある一方、（3）の記述はそれと矛盾します。 解説の要点：正解は選択肢2です。誤っている記述は二つである。 各記述を個別に判定し、正しいもの・誤っているもの・違反するものなどの数を数える問題です。 正答（2）との違いを確認し直してください。;4:解説では「誤っている記述は二つである。」とある一方、（4）の記述はそれと矛盾します。 解説の要点：正解は選択肢2です。誤っている記述は二つである。 各記述を個別に判定し、正しいもの・誤っているもの・違反するものなどの数を数える問題です。 正答（2）との違いを確認し直してください。,正解は選択肢2です。 誤っている記述は二つである。,正解は選択肢2です。,
2013,平成25年度,39,single,宅建業法,,宅地建物取引業保証協会(以下、本問では「保証協会」という。)についての以下の記述のうち、宅地建物取引業法の規定に照らすと、正しいものを選びなさい。,,,,,,保証協会は、社員の取り扱った宅地建物取引業に係る取引に関する苦情について、宅地建物取引業者の相手方等からの解決の申出及びその解決の結果を社員に周知させなければならない。,保証協会に加入した宅地建物取引業者は、直ちに、その内容を免許を受けた国土交通大臣又は都道府県知事に報告する必要がある。,保証協会は、弁、済業務保証金の還付があったときは、当該還付に係る社員又は社員であった者に対し、当該還付額に相当する額の還付充当金をその主たる事務所の最寄りの供託所に供託すべきことを通知する必要がある。,宅地建物取引業者で保証協会に加入しようとする者は、その加入の日から2週間以内に、 弁済業務保証金分担金を保証協会に納付する必要がある。,1,FALSE,FALSE,,正解は選択肢1です。この問は宅地建物取引業保証協会(以下、本問では「保証協会」という。)について、問題文の条件を制度の要件・効果に当てはめる問題です。選択肢1の「保証協会は、社員の取り扱った宅地建物取引業に係る取引に関する苦情について、宅地...」という内容が結論に合います。他の選択肢は、主体・手続・期間・効果などの点でずれています。,2:（2）「保証協会に加入した宅地建物取引業者は、直ちに、その内容を免許を受けた国土交通大臣又は都道府県知事…」について：他の選択肢は、主体・手続・期間・効果などの点でずれています。;3:（3）「保証協会は、弁、済業務保証金の還付があったときは、当該還付に係る社員又は社員であった者に対し、当…」について：他の選択肢は、主体・手続・期間・効果などの点でずれています。;4:（4）「宅地建物取引業者で保証協会に加入しようとする者は、その加入の日から2週間以内に、 弁済業務保証金…」について：他の選択肢は、主体・手続・期間・効果などの点でずれています。,正解は選択肢1です。 選択肢1の「保証協会は、社員の取り扱った宅地建物取引業に係る取引に関する苦情について、宅地...」という内容が結論に合います。,正解は選択肢1です。,
2013,平成25年度,40,single,宅建業法,,宅地建物取引業者Aが、自ら売主として買主との間で締結する売買契約についての以下の記述のうち、宅地建物取引業法(以下、本問では「法」という。)の規定に照らすと、 正しいものを選びなさい。なお、本問では「保全措置」とは、法第41条に規定する手付金等の保全措置をいうものとして扱う。,,,,,,"Aは、宅地建物取引業者でない買主Bとの間で建築工事完了前の建物を4,000万円で売却する契約を締結し300万円の手付金を受領する場合、銀行等による連帯保証、保険事業者による保証保険又は指定保管機関による保管により保全措置を講じなければならない。","Aは、宅地建物取引業者Cに販売代理の依頼をし、宅地建物取引業者でない買主Dと建築工事完了前のマンションを3,500万円で売却する契約を締結した。このとき、A又はCのいずれかが保全措置を講ずることにより、Aは、代金の額の5%を超える手付金を受領できる。","Aは、宅地建物取引業者である買主Eとの間で建築工事完了前の建物を5,000万円で売却する契約を締結したとき、保全措置を講じずに、当該建物の引渡前に500万円を手付金として受領できる。","Aは、宅地建物取引業者でない買主Fと建築工事完了前のマンションを4,000万円で売却する契約を締結する際、 100万円の手付金を受領し、さらに200万円の中間金を受領するときであっても、手付金が代金の5%以内であれば保全措置を講ずる必要はない。",3,FALSE,FALSE,,"正解は選択肢3です。この問は宅地建物取引業者Aが、自ら売主として買主との間で締結する売買契約について、問題文の条件を制度の要件・効果に当てはめる問題です。選択肢3の「Aは、宅地建物取引業者である買主Eとの間で建築工事完了前の建物を5,000万...」という内容が結論に合います。他の選択肢は、主体・手続・期間・効果などの点でずれています。","1:（1）「Aは、宅地建物取引業者でない買主Bとの間で建築工事完了前の建物を4,000万円で売却する契約を締結し300万円の手付金を受領する場合、銀行等による連帯保証、保険事業者による保証保険又は指定保管機関による保管により保全措置を講じなければならない。」は、作業主任者の選任が必要な作業の組合せ（AE）を含んでいません。解説のとおり、該当作業と非該当作業の区別を確認してください。 （1）「Aは、宅地建物取引業者でない買主Bとの間で建築工事完了前の建物を4,000万円で売却する契約を締…」について：他の選択肢は、主体・手続・期間・効果などの点でずれています。;2:（2）「Aは、宅地建物取引業者Cに販売代理の依頼をし、宅地建物取引業者でない買主Dと建築工事完了前のマンションを3,500万円で売却する契約を締結した。このとき、A又はCのいずれかが保全措置を講ずることにより、Aは、代金の額の5%を超える手付金を受領できる。」は、作業主任者の選任が必要な作業の組合せ（AE）を含んでいません。解説のとおり、該当作業と非該当作業の区別を確認してください。 （2）「Aは、宅地建物取引業者Cに販売代理の依頼をし、宅地建物取引業者でない買主Dと建築工事完了前のマン…」について：他の選択肢は、主体・手続・期間・効果などの点でずれています。;4:（4）「Aは、宅地建物取引業者でない買主Fと建築工事完了前のマンションを4,000万円で売却する契約を締結する際、 100万円の手付金を受領し、さらに200万円の中間金を受領するときであっても、手付金が代金の5%以内であれば保全措置を講ずる必要はない。」は、作業主任者の選任が必要な作業の組合せ（AE）を含んでいません。解説のとおり、該当作業と非該当作業の区別を確認してください。 （4）「Aは、宅地建物取引業者でない買主Fと建築工事完了前のマンションを4,000万円で売却する契約を締…」について：他の選択肢は、主体・手続・期間・効果などの点でずれています。","正解は選択肢3です。 選択肢3の「Aは、宅地建物取引業者である買主Eとの間で建築工事完了前の建物を5,000万...」という内容が結論に合います。",正解は選択肢3です。,
2013,平成25年度,41,single,宅建業法,,宅地建物取引業法の規定に照らすと、以下の記述のうち、正しいものを選びなさい。,,,,,,宅地建物取引業者は、その事務所ごとにその業務に関する帳簿を備えなければならないが、 当該帳簿の記載事項を事務所のパソコンのハードディスクに記録し、必要に応じ当該事務所においてパソコンやプリンターを用いて紙面に印刷することが可能な環境を整えていたとしても、当該帳簿への記載に代えることができない。,宅地建物取引業者は、その主たる事務所に、宅地建物取引業者免許証を掲げなくともよいが、国土交通省令で定める標識を掲げなければならない。,宅地建物取引業者は、その事務所ごとに、その業務に関する帳簿を備え、宅地建物取引業に関し取引のあった月の翌月1日までに、一定の事項を記載する必要がある。,宅地建物取引業者は、その業務に従事させる者に、従業者証明書を携帯させなければならないが、その者が取引主任者で宅地建物取引主任者証を携帯していれば、従業者証明書は携帯させなくてもよい。,2,FALSE,FALSE,,正解は選択肢2です。この問は宅地建物取引業法の規定に照らすと、以下の記述について、問題文の条件を制度の要件・効果に当てはめる問題です。選択肢2の「宅地建物取引業者は、その主たる事務所に、宅地建物取引業者免許証を掲げなくともよ...」という内容が結論に合います。他の選択肢は、主体・手続・期間・効果などの点でずれています。,1:（1）「宅地建物取引業者は、その事務所ごとにその業務に関する帳簿を備えなければならないが、 当該帳簿の記…」について：他の選択肢は、主体・手続・期間・効果などの点でずれています。;3:（3）「宅地建物取引業者は、その事務所ごとに、その業務に関する帳簿を備え、宅地建物取引業に関し取引のあっ…」について：他の選択肢は、主体・手続・期間・効果などの点でずれています。;4:（4）「宅地建物取引業者は、その業務に従事させる者に、従業者証明書を携帯させなければならないが、その者が…」について：他の選択肢は、主体・手続・期間・効果などの点でずれています。,正解は選択肢2です。 選択肢2の「宅地建物取引業者は、その主たる事務所に、宅地建物取引業者免許証を掲げなくともよ...」という内容が結論に合います。,正解は選択肢2です。,
2013,平成25年度,42,single,宅建業法,,甲県知事の宅地建物取引主任者資格登録(以下、本問では「登録」という。)を受けている取引主任者Aへの監督処分についての以下の記述のうち、宅地建物取引業法の規定に照らすと、正しいものを選びなさい。,,,,,,Aは、乙県内の業務に関し、他人に自己の名義の使用を許し、当該他人がその名義を使用して取引主任者である旨の表示をしたとき、乙県知事から必要な指示を受けることはあるが、 取引主任者として行う事務の禁止の処分を受けることはない。,Aは、乙県内において業務を行う際に提示した宅地建物取引主任者証が、不正の手段により交付を受けたものであるとしても、乙県知事から登録を消除されることはない。,Aは、乙県内の業務に関し、乙県知事から取引主任者として行う事務の禁止の処分を受け、 当該処分に違反したとしても、甲県知事から登録を消除されることはない。,Aは、乙県内の業務に関し、甲県知事又は乙県知事から報告を求められることはあるが、 乙県知事から必要な指示を受けることはない。,2,FALSE,FALSE,,正解は選択肢2です。この問は宅建業法について、問題文の条件を制度の要件・効果に当てはめる問題です。選択肢2の「Aは、乙県内において業務を行う際に提示した宅地建物取引主任者証が、不正の手段に...」という内容が結論に合います。他の選択肢は、主体・手続・期間・効果などの点でずれています。,1:（1）「Aは、乙県内の業務に関し、他人に自己の名義の使用を許し、当該他人がその名義を使用して取引主任者である旨の表示をしたとき、乙県知事から必要な指示を受けることはあるが、 取引主任者として行う事務の禁止の処分を受けることはない。」は、作業主任者の選任が必要な作業の組合せ（A）を含んでいません。解説のとおり、該当作業と非該当作業の区別を確認してください。 （1）「Aは、乙県内の業務に関し、他人に自己の名義の使用を許し、当該他人がその名義を使用して取引主任者で…」について：他の選択肢は、主体・手続・期間・効果などの点でずれています。;3:（3）「Aは、乙県内の業務に関し、乙県知事から取引主任者として行う事務の禁止の処分を受け、 当該処分に違反したとしても、甲県知事から登録を消除されることはない。」は、作業主任者の選任が必要な作業の組合せ（A）を含んでいません。解説のとおり、該当作業と非該当作業の区別を確認してください。 （3）「Aは、乙県内の業務に関し、乙県知事から取引主任者として行う事務の禁止の処分を受け、 当該処分に違…」について：他の選択肢は、主体・手続・期間・効果などの点でずれています。;4:（4）「Aは、乙県内の業務に関し、甲県知事又は乙県知事から報告を求められることはあるが、 乙県知事から必要な指示を受けることはない。」は、作業主任者の選任が必要な作業の組合せ（A）を含んでいません。解説のとおり、該当作業と非該当作業の区別を確認してください。 （4）「Aは、乙県内の業務に関し、甲県知事又は乙県知事から報告を求められることはあるが、 乙県知事から必…」について：他の選択肢は、主体・手続・期間・効果などの点でずれています。,正解は選択肢2です。 選択肢2の「Aは、乙県内において業務を行う際に提示した宅地建物取引主任者証が、不正の手段に...」という内容が結論に合います。,正解は選択肢2です。,
2013,平成25年度,43,single,宅建業法,,宅地建物取引業法についての以下の記述のうち、正しいものを選びなさい。,,,,,,甲県に事務所を設置する宅地建物取引業者(甲県知事免許)が、乙県所在の物件を取引する場合、国土交通大臣へ免許換えの申請をする必要がある。,宅地建物取引業者(甲県知事免許)は、乙県知事から指示処分を受けたときは、その内容を甲県知事に届け出なければならない。,免許を受けようとする法人の政令で定める使用人が、覚せい剤取締法違反により拘禁刑に処せられ、その刑の執行を終わった日から5年を経過していない場合、当該使用人が取締役に就任していなければ当該法人は免許を受けることができる。,宅地建物取引業に関し不正又は不誠実な行為をするおそれが明らかな者は、宅地建物取引業法の規定に違反し罰金の刑に処せられていなくても、免許を受けることができない。,4,FALSE,FALSE,,正解は選択肢4です。この問は宅地建物取引業法について、問題文の条件を制度の要件・効果に当てはめる問題です。選択肢4の「宅地建物取引業に関し不正又は不誠実な行為をするおそれが明らかな者は、宅地建物取...」という内容が結論に合います。他の選択肢は、主体・手続・期間・効果などの点でずれています。,1:（1）「甲県に事務所を設置する宅地建物取引業者(甲県知事免許)が、乙県所在の物件を取引する場合、国土交通…」について：他の選択肢は、主体・手続・期間・効果などの点でずれています。;2:（2）「宅地建物取引業者(甲県知事免許)は、乙県知事から指示処分を受けたときは、その内容を甲県知事に届け…」について：他の選択肢は、主体・手続・期間・効果などの点でずれています。;3:（3）「免許を受けようとする法人の政令で定める使用人が、覚せい剤取締法違反により拘禁刑に処せられ、その刑…」について：他の選択肢は、主体・手続・期間・効果などの点でずれています。,正解は選択肢4です。 選択肢4の「宅地建物取引業に関し不正又は不誠実な行為をするおそれが明らかな者は、宅地建物取...」という内容が結論に合います。,正解は選択肢4です。,
2013,平成25年度,44,single,宅建業法,,宅地建物取引業法に規定する宅地建物取引主任者資格登録(以下、本問では 「登録」という。)、取引主任者及び宅地建物取引主任者証についての以下の記述のうち、正しいものがいくつあるか選びなさい。 ア 登録を受けている者は、登録事項に変更があった場合は変更の登録申請を、また、破産者となった場合はその旨の届出を、遅滞なく、登録している都道府県知事に行わなければならない。 イ 宅地建物取引主任者証の交付を受けようとする者(宅地建物取引主任者資格試験合格日から1年以内の者又は登録の移転に伴う者を除く。)は、都道府県知事が指定した講習を、交付の申請の90日前から30日前までに受講しなければならない。 ウ 宅地建物取引業法第35条に規定する事項を記載した書面への記名押印及び同法第37条の規定により交付すべき書面への記名押印については、専任の取引主任者で、なければ行ってはならない。 エ 取引主任者は、事務禁止処分を受けた場合、宅地建物取引主任者証をその交付を受けた都道府県知事に速やかに提出しなければならないが、提出しなかったときは10万円以下の過料に処せられることがある。,,,,,,正しい記述は一つである。,正しい記述は二つである。,正しい記述は三つである。,正しい記述はない。,1,FALSE,FALSE,,正解は選択肢1です。正しい記述は一つである。 各記述を個別に判定し、正しいもの・誤っているもの・違反するものなどの数を数える問題です。,2:（2）「正しい記述は二つである。」は、単独の記述としては法令上妥当な場合がありますが、本問で選ぶべき正答は（1）「正しい記述は一つである。」です。問題文の条件（宅地建物取引業法に規定する宅地建物取引主任者資格登録(以下、本問では 「登録」という。)、取引主…）と照らし、設問が問う論点に合う肢を選び直してください。;3:（3）「正しい記述は三つである。」は、単独の記述としては法令上妥当な場合がありますが、本問で選ぶべき正答は（1）「正しい記述は一つである。」です。問題文の条件（宅地建物取引業法に規定する宅地建物取引主任者資格登録(以下、本問では 「登録」という。)、取引主…）と照らし、設問が問う論点に合う肢を選び直してください。;4:（4）「正しい記述はない。」は、単独の記述としては法令上妥当な場合がありますが、本問で選ぶべき正答は（1）「正しい記述は一つである。」です。問題文の条件（宅地建物取引業法に規定する宅地建物取引主任者資格登録(以下、本問では 「登録」という。)、取引主…）と照らし、設問が問う論点に合う肢を選び直してください。,正解は選択肢1です。 正しい記述は一つである。,正解は選択肢1です。,
2013,平成25年度,45,single,宅建業法,,宅地建物取引業者Aが自ら売主として、宅地建物取引業者でない買主Bに新築住宅を販売する場合における以下の記述のうち、特定住宅瑕疵担保責任の履行の確保等に関する法律の規定に照らすと、正しいものを選びなさい。,,,,,,Bが建設業者であるとき、Aは、Bに引き渡した新築住宅について、住宅販売瑕疵担保保かし証金の供託又は住宅販売瑕疵担保責任保険契約の締結を行う義務を負わない。 かし,Aは、基準日に係る住宅販売蝦庇担保保証金の供託及び住宅販売瑕疵担保責任保険契約の締結の状況について届出をしなければ、当該基準日から3週間を経過した日以後、新たに自ら売主となる新築住宅の売買契約を締結してはいけない。,Aは、住宅販売瑕疵担保保証金の供託をする場合、Bに対する供託所の所在地等について記載した書面の交付及び説明を、Bに新築住宅を引き渡すまでに行えばよい。,Aが住宅販売瑕疵担保保証金を供託する場合、当該住宅の床面積が55ri以下であるときは、新築住宅の合計戸数の算定に当たって、 2戸をもって1戸と数えることになる。,4,FALSE,FALSE,,正解は選択肢4です。この問は宅建業法について、問題文の条件を制度の要件・効果に当てはめる問題です。選択肢4の「Aが住宅販売瑕疵担保保証金を供託する場合、当該住宅の床面積が55ri以下である...」という内容が結論に合います。他の選択肢は、主体・手続・期間・効果などの点でずれています。,1:（1）「Bが建設業者であるとき、Aは、Bに引き渡した新築住宅について、住宅販売瑕疵担保保かし証金の供託又は住宅販売瑕疵担保責任保険契約の締結を行う義務を負わない。 かし」は、作業主任者の選任が必要な作業の組合せ（A）を含んでいません。解説のとおり、該当作業と非該当作業の区別を確認してください。 （1）「Bが建設業者であるとき、Aは、Bに引き渡した新築住宅について、住宅販売瑕疵担保保かし証金の供託又…」について：他の選択肢は、主体・手続・期間・効果などの点でずれています。;2:（2）「Aは、基準日に係る住宅販売蝦庇担保保証金の供託及び住宅販売瑕疵担保責任保険契約の締結の状況について届出をしなければ、当該基準日から3週間を経過した日以後、新たに自ら売主となる新築住宅の売買契約を締結してはいけない。」は、作業主任者の選任が必要な作業の組合せ（A）を含んでいません。解説のとおり、該当作業と非該当作業の区別を確認してください。 （2）「Aは、基準日に係る住宅販売蝦庇担保保証金の供託及び住宅販売瑕疵担保責任保険契約の締結の状況につい…」について：他の選択肢は、主体・手続・期間・効果などの点でずれています。;3:（3）「Aは、住宅販売瑕疵担保保証金の供託をする場合、Bに対する供託所の所在地等について記載した書面の交付及び説明を、Bに新築住宅を引き渡すまでに行えばよい。」は、作業主任者の選任が必要な作業の組合せ（A）を含んでいません。解説のとおり、該当作業と非該当作業の区別を確認してください。 （3）「Aは、住宅販売瑕疵担保保証金の供託をする場合、Bに対する供託所の所在地等について記載した書面の交…」について：他の選択肢は、主体・手続・期間・効果などの点でずれています。,正解は選択肢4です。 選択肢4の「Aが住宅販売瑕疵担保保証金を供託する場合、当該住宅の床面積が55ri以下である...」という内容が結論に合います。,正解は選択肢4です。,
2013,平成25年度,46,single,税・その他,,独立行政法人住宅金融支援機構(以下、本問では「機構」という。)についての以下の記述のうち、誤っているものを選びなさい。,,,,,,機構は、住宅の建設又は購入に必要な資金の貸付けに係る金融機関の貸付債権の議受けを業務として行っているが、当該住宅の建設又は購入に付随する土地又は借地権の取得に必要な資金の貸付けに係る貸付債権については、譲受けの対象としていない。,機構は、災害により、住宅が滅失したときに、それに代わるべき建築物の建設又は購入に必要な資金の貸付けを業務として行っている。,機構は、貸付けを受けた者とあらかじめ契約を締結して、その者が死亡したときに支払わ 『 れる生命保険の保険金を当該貸付けに係る債務の弁済に充当する団体信用生命保険に関する業務を行っている。,機構が証券化支援事業(買取型)により譲り受ける貸付債権は、自ら居住する住宅又は自ら居住する住宅以外の親族の居住の用に供する住宅を建設し、又は購入する者に対する貸付けに係るものでなければならない。,1,FALSE,FALSE,,正解は選択肢1です。この問は独立行政法人住宅金融支援機構(以下、本問では「機構」という。)について、問題文の条件を制度の要件・効果に当てはめる問題です。選択肢1の「機構は、住宅の建設又は購入に必要な資金の貸付けに係る金融機関の貸付債権の議受け...」という内容が結論に合います。他の選択肢は、主体・手続・期間・効果などの点でずれています。,2:（2）「機構は、災害により、住宅が滅失したときに、それに代わるべき建築物の建設又は購入に必要な資金の貸付…」について：他の選択肢は、主体・手続・期間・効果などの点でずれています。;3:（3）「機構は、貸付けを受けた者とあらかじめ契約を締結して、その者が死亡したときに支払わ 『 れる生命保…」について：他の選択肢は、主体・手続・期間・効果などの点でずれています。;4:（4）「機構が証券化支援事業(買取型)により譲り受ける貸付債権は、自ら居住する住宅又は自ら居住する住宅以…」について：他の選択肢は、主体・手続・期間・効果などの点でずれています。,正解は選択肢1です。 選択肢1の「機構は、住宅の建設又は購入に必要な資金の貸付けに係る金融機関の貸付債権の議受け...」という内容が結論に合います。,正解は選択肢1です。,
2013,平成25年度,47,single,税・その他,,宅地建物取引業者が行う広告についての以下の記述のうち、不当景品類及び不当表示防止法(不動産の表示に関する公正競争規約を含む。)の規定に照らすと、正しいものを選びなさい。,,,,,,新築分譲マンションの販売広告で完成予想図により周囲の状況を表示する場合、完成予想図である旨及び周囲の状況はイメージであり実際とは異なる旨を表示すれば、実際に所在しない箇所に商業施設を表示するなど現況と異なる表示をしてもよい。,宅地の販売広告における地目の表示は、登記簿に記載されている地目と現況の地目が異なるときは、登記簿上の地目のみを表示すればよい。,住戸により管理費が異なる分議マンションの販売広告を行う場合、全ての住戸の管理費を示すことが広告スペースの関係で困難なときには、 l住戸当たりの月額の最低額及び最高額を表示すればよい。,完成後8か月しか経過していない分譲住宅については、入居の有無にかかわらず新築分譲住宅と表示してもよい。,3,FALSE,FALSE,,正解は選択肢3です。この問は宅地建物取引業者が行う広告について、問題文の条件を制度の要件・効果に当てはめる問題です。選択肢3の「住戸により管理費が異なる分議マンションの販売広告を行う場合、全ての住戸の管理費...」という内容が結論に合います。他の選択肢は、主体・手続・期間・効果などの点でずれています。,1:（1）「新築分譲マンションの販売広告で完成予想図により周囲の状況を表示する場合、完成予想図である旨及び周…」について：他の選択肢は、主体・手続・期間・効果などの点でずれています。;2:（2）「宅地の販売広告における地目の表示は、登記簿に記載されている地目と現況の地目が異なるときは、登記簿…」について：他の選択肢は、主体・手続・期間・効果などの点でずれています。;4:（4）「完成後8か月しか経過していない分譲住宅については、入居の有無にかかわらず新築分譲住宅と表示しても…」について：他の選択肢は、主体・手続・期間・効果などの点でずれています。,正解は選択肢3です。 選択肢3の「住戸により管理費が異なる分議マンションの販売広告を行う場合、全ての住戸の管理費...」という内容が結論に合います。,正解は選択肢3です。,
2013,平成25年度,48,single,税・その他,,宅地建物の統計等についての以下の記述のうち、誤っているものを選びなさい。,,,,,,"平成23年度法人企業統計年報(平成24年9月公表)によれば、平成23年度における不動産業の経常利益は約3兆3,000億円となっており、前年度比0.5%減となった。",平成25年地価公示(平成25年3月公表)によれば、平成24年の1年間の地価は、全国的に依然として下落を示したが、下落事は縮小し、上昇又は横ばいの地点が大幅に増加している。,建築着主統計(平成25年1月公表)によれば、平成24年の持家戸数は3年連続で増加しているものの、貸家戸数は3年ぶりに減少している。,平成25年版土地白書(平成25年6月公表)によれば、土地取引について、売買による所有権移転登記の件数でその動向を見ると、平成24年の全国の土地取引件数は120.4万件となり、 9年ぶりに増加に転じた。,3,FALSE,FALSE,,正解は選択肢3です。この問は宅地建物の統計等について、問題文の条件を制度の要件・効果に当てはめる問題です。選択肢3の「建築着主統計(平成25年1月公表)によれば、平成24年の持家戸数は3年連続で増...」という内容が結論に合います。他の選択肢は、主体・手続・期間・効果などの点でずれています。,1:（1）「平成23年度法人企業統計年報(平成24年9月公表)によれば、平成23年度における不動産業の経常利…」について：他の選択肢は、主体・手続・期間・効果などの点でずれています。;2:（2）「平成25年地価公示(平成25年3月公表)によれば、平成24年の1年間の地価は、全国的に依然として…」について：他の選択肢は、主体・手続・期間・効果などの点でずれています。;4:（4）「平成25年版土地白書(平成25年6月公表)によれば、土地取引について、売買による所有権移転登記の…」について：他の選択肢は、主体・手続・期間・効果などの点でずれています。,正解は選択肢3です。 選択肢3の「建築着主統計(平成25年1月公表)によれば、平成24年の持家戸数は3年連続で増...」という内容が結論に合います。,正解は選択肢3です。,
2013,平成25年度,49,single,税・その他,,日本の土地についての以下の記述のうち、最も適当でないものを選びなさい。,,,,,,国土を山地と平地に大別すると、山地の占める比率は、国土面積の約75%である。,火山地は、国土面積の約7%を占め、山林や原野のままの所も多く、水利に乏しい。,台地・段丘は、国土面積の約12%で、地盤も安定し、土地利用に適した土地である。,低地は、国土面積の約25%であり、洪水や地震による液状化などの災害危険度は低い。,4,FALSE,FALSE,,正解は選択肢4です。この問は日本の土地について、問題文の条件を制度の要件・効果に当てはめる問題です。選択肢4の「低地は、国土面積の約25%であり、洪水や地震による液状化などの災害危険度は低い。」という内容が結論に合います。他の選択肢は、主体・手続・期間・効果などの点でずれています。,1:（1）「国土を山地と平地に大別すると、山地の占める比率は、国土面積の約75%である。…」について：他の選択肢は、主体・手続・期間・効果などの点でずれています。;2:（2）「火山地は、国土面積の約7%を占め、山林や原野のままの所も多く、水利に乏しい。…」について：他の選択肢は、主体・手続・期間・効果などの点でずれています。;3:（3）「台地・段丘は、国土面積の約12%で、地盤も安定し、土地利用に適した土地である。…」について：他の選択肢は、主体・手続・期間・効果などの点でずれています。,正解は選択肢4です。 選択肢4の「低地は、国土面積の約25%であり、洪水や地震による液状化などの災害危険度は低い。,正解は選択肢4です。,
2013,平成25年度,50,single,税・その他,,建築の構造についての以下の記述のうち、最も適当でないものを選びなさい。,,,,,,耐震構造は、建物の柱、はり、耐震壁などで剛性を高め、地震に対して十分耐えられるようにした構造である。,免震構造は、建物の下部構造と上部構造との間に積層ゴムなどを設置し、揺れを減らす構造である。,制震構造は、制震ダンパーなどを設置し、揺れを制御する構造である。,既存不適格建築物の耐震補強として、制震構造や免震構造を用いることは適していない。,4,FALSE,FALSE,,正解は選択肢4です。この問は建築の構造について、問題文の条件を制度の要件・効果に当てはめる問題です。選択肢4の「既存不適格建築物の耐震補強として、制震構造や免震構造を用いることは適していない。」という内容が結論に合います。他の選択肢は、主体・手続・期間・効果などの点でずれています。,1:（1）「耐震構造は、建物の柱、はり、耐震壁などで剛性を高め、地震に対して十分耐えられるようにした構造であ…」について：他の選択肢は、主体・手続・期間・効果などの点でずれています。;2:（2）「免震構造は、建物の下部構造と上部構造との間に積層ゴムなどを設置し、揺れを減らす構造である。…」について：他の選択肢は、主体・手続・期間・効果などの点でずれています。;3:（3）「制震構造は、制震ダンパーなどを設置し、揺れを制御する構造である。…」について：他の選択肢は、主体・手続・期間・効果などの点でずれています。,正解は選択肢4です。 選択肢4の「既存不適格建築物の耐震補強として、制震構造や免震構造を用いることは適していない。,正解は選択肢4です。,
2017,平成29年度,1,single,権利関係,,代理についての以下の記述のうち、民法の規定と判例に照らすと、誤っているものを選びなさい。,,,,,,売買契約を締結する権限を与えられた代理人は、特段の事情がない限り、相手方からその売買契約を取り消す旨の意思表示を受領する権限を有する。,委任による代理人は、本人の許諾を得たときのほか、やむを得ない事由があるときにも、 復代理人を選任できる。,復代理人が委任事務を処理するに当たり金銭を受領し、これを代理人に引き渡したときは、 特段の事情がない限り、代理人に対する受領物引渡義務は消滅するが、本人に対する受領物引渡義務は消滅しない。,夫婦の一方は、個別に代理権の授権がなくとも、日常家事に関する事項について、他の一方を代理して法律行為をできる。,3,FALSE,FALSE,,正解は選択肢3です。この問は代理について、問題文の条件を制度の要件・効果に当てはめる問題です。選択肢3の「復代理人が委任事務を処理するに当たり金銭を受領し、これを代理人に引き渡したとき...」という内容が結論に合います。他の選択肢は、主体・手続・期間・効果などの点でずれています。,1:（1）「売買契約を締結する権限を与えられた代理人は、特段の事情がない限り、相手方からその売買契約を取り消…」について：他の選択肢は、主体・手続・期間・効果などの点でずれています。;2:（2）「委任による代理人は、本人の許諾を得たときのほか、やむを得ない事由があるときにも、 復代理人を選任…」について：他の選択肢は、主体・手続・期間・効果などの点でずれています。;4:（4）「夫婦の一方は、個別に代理権の授権がなくとも、日常家事に関する事項について、他の一方を代理して法律…」について：他の選択肢は、主体・手続・期間・効果などの点でずれています。,正解は選択肢3です。 選択肢3の「復代理人が委任事務を処理するに当たり金銭を受領し、これを代理人に引き渡したとき...」という内容が結論に合います。,正解は選択肢3です。,
2017,平成29年度,2,single,権利関係,,所有権の移転又は取得についての以下の記述のうち、民法の規定と判例に照らすと、 正しいものを選びなさい。,,,,,,Aの所有する甲土地をBが時効取得したとき、Bが甲土地の所有権を取得するのは、取得時効の完成時である。,Aを売主、Bを買主としてCの所有する乙建物の売買契約が締結された場合、BがAの無権利について善意無過失であれば、AB間で売買契約が成立した時点で、Bは乙建物の所有権を取得する。,Aを売主、Bを買主として、丙土地の売買契約が締結され、代金の完済までは丙土地の所有権は移転しないとの特約が付されたときであっても、当該売買契約締結の時点で丙土地の所有権はBに移転する。,AがBに丁土地を売却したが、AがBの強迫を理由に売買契約を取り消したとき、丁土地の所有権はAに復帰し、初めからBに移転しなかったことになる。,4,FALSE,FALSE,,正解は選択肢4です。この問は所有権の移転又は取得について、問題文の条件を制度の要件・効果に当てはめる問題です。選択肢4の「AがBに丁土地を売却したが、AがBの強迫を理由に売買契約を取り消したとき、丁...」という内容が結論に合います。他の選択肢は、主体・手続・期間・効果などの点でずれています。,1:（1）「Aの所有する甲土地をBが時効取得したとき、Bが甲土地の所有権を取得するのは、取得時効の完成時である。」は、作業主任者の選任が必要な作業の組合せ（ABABAB）を含んでいません。解説のとおり、該当作業と非該当作業の区別を確認してください。 （1）「Aの所有する甲土地をBが時効取得したとき、Bが甲土地の所有権を取得するのは、取得時効の完成時であ…」について：他の選択肢は、主体・手続・期間・効果などの点でずれています。;2:（2）「Aを売主、Bを買主としてCの所有する乙建物の売買契約が締結された場合、BがAの無権利について善意無過失であれば、AB間で売買契約が成立した時点で、Bは乙建物の所有権を取得する。」は、作業主任者の選任が必要な作業の組合せ（ABABAB）を含んでいません。解説のとおり、該当作業と非該当作業の区別を確認してください。 （2）「Aを売主、Bを買主としてCの所有する乙建物の売買契約が締結された場合、BがAの無権利について善意…」について：他の選択肢は、主体・手続・期間・効果などの点でずれています。;3:（3）「Aを売主、Bを買主として、丙土地の売買契約が締結され、代金の完済までは丙土地の所有権は移転しないとの特約が付されたときであっても、当該売買契約締結の時点で丙土地の所有権はBに移転する。」は、作業主任者の選任が必要な作業の組合せ（ABABAB）を含んでいません。解説のとおり、該当作業と非該当作業の区別を確認してください。 （3）「Aを売主、Bを買主として、丙土地の売買契約が締結され、代金の完済までは丙土地の所有権は移転しない…」について：他の選択肢は、主体・手続・期間・効果などの点でずれています。,正解は選択肢4です。 選択肢4の「AがBに丁土地を売却したが、AがBの強迫を理由に売買契約を取り消したとき、丁...」という内容が結論に合います。,正解は選択肢4です。,
2017,平成29年度,3,single,権利関係,,以下の1から4までの記述のうち、民法の規定及び下記判決文によれば、誤っているものを選びなさい。 (判決文) 共有者の一部の者から共有者の協議に基づかないで、共有物を占有使用することを承認された第三者は、その者の占有使用を承認しなかった共有者に対して共有物を排他的に占有する権原を主張することはできないが、現にする占有がこれを承認した共有者の持分に基づくものと認められる限度で共有物を占有使用する権原を有するので、第三者の占有使用を承認しなかった共有者は右第三者に対して当然には共有物の明渡しを請求することはできないと解するのが相当である。,,,,,,共有者は、他の共有者との協議に基づかないで、当然に共有物を排他的に占有する権原を有するものではない。,AとBが共有する建物につき、AB間で協議することなくAがCと使用貸借契約を締結したとき、Bは当然にはCに対して当該建物の明渡しを請求できない。,DとEが共有する建物につき、DE間で協議することなくDがFと使用貸借契約を締結したとき、Fは、使用貸借契約を承認しなかったEに対して当該建物全体を排他的に占有する権原を主張できる。,GとHが共有する建物につき、Gがその持分を放棄したときは、その持分はHに帰属する。,3,FALSE,FALSE,,正解は選択肢3です。この問は以下の1から4までの記述について、問題文の条件を制度の要件・効果に当てはめる問題です。選択肢3の「DとEが共有する建物につき、DE間で協議することなくDがFと使用貸借契約を締...」という内容が結論に合います。他の選択肢は、主体・手続・期間・効果などの点でずれています。,1:（1）「共有者は、他の共有者との協議に基づかないで、当然に共有物を排他的に占有する権原を有するものではな…」について：他の選択肢は、主体・手続・期間・効果などの点でずれています。;2:（2）「AとBが共有する建物につき、AB間で協議することなくAがCと使用貸借契約を締結したとき、Bは当然にはCに対して当該建物の明渡しを請求できない。」は、作業主任者の選任が必要な作業の組合せ（DEDEDE）を含んでいません。解説のとおり、該当作業と非該当作業の区別を確認してください。 （2）「AとBが共有する建物につき、AB間で協議することなくAがCと使用貸借契約を締結したとき、Bは当然…」について：他の選択肢は、主体・手続・期間・効果などの点でずれています。;4:（4）「GとHが共有する建物につき、Gがその持分を放棄したときは、その持分はHに帰属する。…」について：他の選択肢は、主体・手続・期間・効果などの点でずれています。,正解は選択肢3です。 選択肢3の「DとEが共有する建物につき、DE間で協議することなくDがFと使用貸借契約を締...」という内容が結論に合います。,正解は選択肢3です。,
2017,平成29年度,4,single,権利関係,,以下の記述のうち、平成29年4月1日現在施行されている民法の条文に規定されているものはどれか。,,,,,,権利についての協議を行う旨の合意が書面でされたときは、その合意があった時から1年を経過した時までは、時効は完成しない旨,他の土地に固まれて公道に通じない土地の所有者は、公道に至るため、その土地を囲んでいる他の土地を通行できる旨,売主は、買主に対し、登記、登録その他の売買の目的である権利の移転についての対抗要件を備えさせる義務を負う旨,賃借人の原状回復義務の対象となる損傷からは、通常の使用及び収益によって生じた賃借物の損耗並びに賃借物の経年劣化を除く旨,2,FALSE,FALSE,,正解は選択肢2です。この問は以下の記述について、問題文の条件を制度の要件・効果に当てはめる問題です。選択肢2の「他の土地に固まれて公道に通じない土地の所有者は、公道に至るため、その土地を囲ん...」という内容が結論に合います。他の選択肢は、主体・手続・期間・効果などの点でずれています。,1:（1）「権利についての協議を行う旨の合意が書面でされたときは、その合意があった時から1年を経過した時まで…」について：他の選択肢は、主体・手続・期間・効果などの点でずれています。;3:（3）「売主は、買主に対し、登記、登録その他の売買の目的である権利の移転についての対抗要件を備えさせる義…」について：他の選択肢は、主体・手続・期間・効果などの点でずれています。;4:（4）「賃借人の原状回復義務の対象となる損傷からは、通常の使用及び収益によって生じた賃借物の損耗並びに賃…」について：他の選択肢は、主体・手続・期間・効果などの点でずれています。,正解は選択肢2です。 選択肢2の「他の土地に固まれて公道に通じない土地の所有者は、公道に至るため、その土地を囲ん...」という内容が結論に合います。,正解は選択肢2です。,
2017,平成29年度,5,single,権利関係,,Aは、中古自動車を売却するため、Bに売買の媒介を依頼し、報酬として売買代金の3%を支払うことを約した。Bの媒介によりAは当該自動車をCに100万円で売却した。 この場合についての以下の記述のうち、民法の規定と判例に照らすと、正しいものを選びなさい。,,,,,,Bが報酬を得て売買の媒介を行っているので、CはAから当該自動車の引渡しを受ける前に、 100万円をAに支払わなければならない。,当該自動車に隠れた瑕疵があったときは、CはAに対しても、Bに対しても、瑕疵担保責任を追及できる。,売買契約が締結された際に、Cが解約手付として手付金10万円をAに支払っているときは、Aはいつでも20万円を償還して売買契約を解除できる。,売買契約締結時には当該自動車がAの所有物ではなく、Aの父親の所有物であったとしても、AC間の売買契約は有効に成立する。,4,FALSE,FALSE,,正解は選択肢4です。この問は権利関係について、問題文の条件を制度の要件・効果に当てはめる問題です。選択肢4の「売買契約締結時には当該自動車がAの所有物ではなく、Aの父親の所有物であったと...」という内容が結論に合います。他の選択肢は、主体・手続・期間・効果などの点でずれています。,1:（1）「Bが報酬を得て売買の媒介を行っているので、CはAから当該自動車の引渡しを受ける前に、 100万円をAに支払わなければならない。」は、作業主任者の選任が必要な作業の組合せ（AAAC）を含んでいません。解説のとおり、該当作業と非該当作業の区別を確認してください。 （1）「Bが報酬を得て売買の媒介を行っているので、CはAから当該自動車の引渡しを受ける前に、 100万円…」について：他の選択肢は、主体・手続・期間・効果などの点でずれています。;2:（2）「当該自動車に隠れた瑕疵があったときは、CはAに対しても、Bに対しても、瑕疵担保責任を追及できる。…」について：他の選択肢は、主体・手続・期間・効果などの点でずれています。;3:（3）「売買契約が締結された際に、Cが解約手付として手付金10万円をAに支払っているときは、Aはいつでも…」について：他の選択肢は、主体・手続・期間・効果などの点でずれています。,正解は選択肢4です。 選択肢4の「売買契約締結時には当該自動車がAの所有物ではなく、Aの父親の所有物であったと...」という内容が結論に合います。,正解は選択肢4です。,
2017,平成29年度,6,single,権利関係,,Aが死亡し、相続人がBとCの2名で、あった場合についての以下の記述のうち、民法の規定と判例に照らすと、正しいものを選びなさい。,,,,,,①BがAの配偶者でCがAの子であるときと、②BとCがいずれもAの子であるときとでは、Bの法定相続分は①の方が大きい。,Aの死亡後、いずれもAの子であるBとCとの間の遺産分割協議が成立しないうちにBが死亡したときは、Bに配偶者Dと子Eがいるときであっても、Aの遺産分割についてはEが代襲相続人として分割協議を行う。,遺産分割協議が成立するまでの間に遺産である不動産から賃料債権が生じていて、BとCがその相続分に応じて当該賃料債権を分割単独債権として確定的に取得している場合、遺産分割協議で当該不動産をBが取得することになっても、Cが既に取得した賃料債権につき清算する必要はない。,Bが自己のために相続の開始があったことを知った時から3か月以内に家庭裁判所に対して、相続によって得た財産の限度においてのみAの債務及び遺贈を弁済すべきことを留保して相続を承認する限定承認をする旨を申述すれば、Cも限定承認をする旨を申述したとみなされる。,3,FALSE,FALSE,,正解は選択肢3です。この問はAが死亡し、相続人がBとCの2名で、あった場合について、問題文の条件を制度の要件・効果に当てはめる問題です。選択肢3の「遺産分割協議が成立するまでの間に遺産である不動産から賃料債権が生じていて、B...」という内容が結論に合います。他の選択肢は、主体・手続・期間・効果などの点でずれています。,1:（1）「①BがAの配偶者でCがAの子であるときと、②BとCがいずれもAの子であるときとでは、Bの法定相続分は①の方が大きい。」は、単独の記述としては法令上妥当な場合がありますが、本問で選ぶべき正答は（3）「遺産分割協議が成立するまでの間に遺産である不動産から賃料債権が生じていて、BとCがその相続分に応じて当該賃料債権を分割単独債権として確定的に取得している場合、遺…」です。問題文の条件と照らし、設問が問う論点に合う肢を選び直してください。;2:（2）「Aの死亡後、いずれもAの子であるBとCとの間の遺産分割協議が成立しないうちにBが死亡したときは、Bに配偶者Dと子Eがいるときであっても、Aの遺産分割についてはEが代襲相続人として分割協議を行う。」は、作業主任者の選任が必要な作業の組合せ（BCBC）を含んでいません。解説のとおり、該当作業と非該当作業の区別を確認してください。 （2）「Aの死亡後、いずれもAの子であるBとCとの間の遺産分割協議が成立しないうちにBが死亡したときは、…」について：他の選択肢は、主体・手続・期間・効果などの点でずれています。;4:（4）「Bが自己のために相続の開始があったことを知った時から3か月以内に家庭裁判所に対して、相続によって得た財産の限度においてのみAの債務及び遺贈を弁済すべきことを留保して相続を承認する限定承認をする旨を申述すれば、Cも限定承認をする旨を申述したとみなされる。」は、作業主任者の選任が必要な作業の組合せ（BCBC）を含んでいません。解説のとおり、該当作業と非該当作業の区別を確認してください。 （4）「Bが自己のために相続の開始があったことを知った時から3か月以内に家庭裁判所に対して、相続によって…」について：他の選択肢は、主体・手続・期間・効果などの点でずれています。,正解は選択肢3です。 選択肢3の「遺産分割協議が成立するまでの間に遺産である不動産から賃料債権が生じていて、B...」という内容が結論に合います。,正解は選択肢3です。,
2017,平成29年度,7,single,権利関係,,請負契約についての以下の記述のうち、民法の規定と判例に照らすと、誤っているものを選びなさい。,,,,,,請負契約が請負人の責めに帰すべき事由によって中途で終了し、請負人が施工済みの部分に相当する報酬に限ってその支払を請求できる場合、注文者が請負人に請求できるのは、注文者が残工事の施工に要した費用のうち、請負人の未施工部分に相当する請負代金額を超える額に限られる。,請負契約が注文者の責めに帰すべき事由によって中途で終了したとき、請負人は、残債務を免れるとともに、注文者に請負代金全額を請求できるが、自己の債務を免れたことによる利益を注文者に償還する必要がある。,請負契約の目的物に瑕疵があるとき、注文者は、請負人から瑕疵の修補に代わる損害の賠償を受けていなくとも、特別の事情がない限り、報酬全額を支払わなければならない。,請負人が瑕疵担保責任を負わないという内容の特約をしたときであっても、知りながら告げなかった事実については、その責任を免れることはできない。,3,FALSE,FALSE,,正解は選択肢3です。この問は請負契約について、問題文の条件を制度の要件・効果に当てはめる問題です。選択肢3の「請負契約の目的物に瑕疵があるとき、注文者は、請負人から瑕疵の修補に代わる損害の...」という内容が結論に合います。他の選択肢は、主体・手続・期間・効果などの点でずれています。,1:（1）「請負契約が請負人の責めに帰すべき事由によって中途で終了し、請負人が施工済みの部分に相当する報酬に…」について：他の選択肢は、主体・手続・期間・効果などの点でずれています。;2:（2）「請負契約が注文者の責めに帰すべき事由によって中途で終了したとき、請負人は、残債務を免れるとともに…」について：他の選択肢は、主体・手続・期間・効果などの点でずれています。;4:（4）「請負人が瑕疵担保責任を負わないという内容の特約をしたときであっても、知りながら告げなかった事実に…」について：他の選択肢は、主体・手続・期間・効果などの点でずれています。,正解は選択肢3です。 選択肢3の「請負契約の目的物に瑕疵があるとき、注文者は、請負人から瑕疵の修補に代わる損害の...」という内容が結論に合います。,正解は選択肢3です。,
2017,平成29年度,8,single,権利関係,,A、B、Cの3人がDに対して900万円の連帯債務を負っている場合についての以下の記述のうち、民法の規定と判例に照らすと、正しいものを選びなさい。なお、A、B、Cの負担部分は等しいものとして扱う。,,,,,,DがAに対して履行の請求をしたとき、B及びCがそのことを知らなければ、B及びCについては、その効力が生じない。,Aが、Dに対する債務と、Dに対して有する200万円の債権を対当額で相殺する旨の意思表示をDにしたとき、B及びCのDに対する連帯債務も200万円が消滅する。,Bのために時効が完成したとき、A及びCのDに対する連帯債務も時効によって全部消滅する。,CがDに対して100万円を弁済したときは、Cの負担部分の範囲内であるから、Cは、A 及びBに対して求償できない。,2,FALSE,FALSE,,正解は選択肢2です。この問はA、B、Cの3人がDに対して900万円の連帯債務を負っている場合について、問題文の条件を制度の要件・効果に当てはめる問題です。選択肢2の「Aが、Dに対する債務と、Dに対して有する200万円の債権を対当額で相殺する...」という内容が結論に合います。他の選択肢は、主体・手続・期間・効果などの点でずれています。,1:（1）「DがAに対して履行の請求をしたとき、B及びCがそのことを知らなければ、B及びCについては、その効力が生じない。」は、作業主任者の選任が必要な作業の組合せ（ADDDBCD）を含んでいません。解説のとおり、該当作業と非該当作業の区別を確認してください。 （1）「DがAに対して履行の請求をしたとき、B及びCがそのことを知らなければ、B及びCについては、その効…」について：他の選択肢は、主体・手続・期間・効果などの点でずれています。;3:（3）「Bのために時効が完成したとき、A及びCのDに対する連帯債務も時効によって全部消滅する。」は、作業主任者の選任が必要な作業の組合せ（ADDDBCD）を含んでいません。解説のとおり、該当作業と非該当作業の区別を確認してください。 （3）「Bのために時効が完成したとき、A及びCのDに対する連帯債務も時効によって全部消滅する。…」について：他の選択肢は、主体・手続・期間・効果などの点でずれています。;4:（4）「CがDに対して100万円を弁済したときは、Cの負担部分の範囲内であるから、Cは、A 及びBに対して求償できない。」は、作業主任者の選任が必要な作業の組合せ（ADDDBCD）を含んでいません。解説のとおり、該当作業と非該当作業の区別を確認してください。 （4）「CがDに対して100万円を弁済したときは、Cの負担部分の範囲内であるから、Cは、A 及びBに対し…」について：他の選択肢は、主体・手続・期間・効果などの点でずれています。,正解は選択肢2です。 選択肢2の「Aが、Dに対する債務と、Dに対して有する200万円の債権を対当額で相殺する...」という内容が結論に合います。,正解は選択肢2です。,
2017,平成29年度,9,single,権利関係,,"1億2,000万円の財産を有するAが死亡した。Aには、配偶者はなく、子B、C、Dがおり、Bには子Eが、Cには子Fがいる。Bは相続を放棄した。また、Cは生前のAを強迫して遺言作成を妨害したため、相続人となることができない。この場合における法定相続分についての以下の記述のうち、民法の規定に照らすと、正しいものを選びなさい。",,,,,,"Dが4,000万円、Eが4,000万円、Fが4,000万円となる。","Dが1億2,000万円となる。","Dが6,000万円、Fが6,000万円となる。","Dが6,000万円、Eが6,000万円となる。",3,FALSE,FALSE,,"正解は選択肢3です。この問は権利関係について、問題文の条件を制度の要件・効果に当てはめる問題です。選択肢3の「Dが6,000万円、Fが6,000万円となる。」という内容が結論に合います。他の選択肢は、主体・手続・期間・効果などの点でずれています。","1:（1）「Dが4,000万円、Eが4,000万円、Fが4,000万円となる。」は、作業主任者の選任が必要な作業の組合せ（D）を含んでいません。解説のとおり、該当作業と非該当作業の区別を確認してください。 （1）「Dが4,000万円、Eが4,000万円、Fが4,000万円となる。…」について：他の選択肢は、主体・手続・期間・効果などの点でずれています。;2:（2）「Dが1億2,000万円となる。」は、作業主任者の選任が必要な作業の組合せ（D）を含んでいません。解説のとおり、該当作業と非該当作業の区別を確認してください。 （2）「Dが1億2,000万円となる。…」について：他の選択肢は、主体・手続・期間・効果などの点でずれています。;4:（4）「Dが6,000万円、Eが6,000万円となる。」は、作業主任者の選任が必要な作業の組合せ（D）を含んでいません。解説のとおり、該当作業と非該当作業の区別を確認してください。 （4）「Dが6,000万円、Eが6,000万円となる。…」について：他の選択肢は、主体・手続・期間・効果などの点でずれています。","正解は選択肢3です。 選択肢3の「Dが6,000万円、Fが6,000万円となる。",正解は選択肢3です。,
2017,平成29年度,10,single,権利関係,,①不動産質権と②抵当権についての以下の記述のうち、民法の規定に照らすと、誤っているものを選びなさい。,,,,,,①では、被担保債権の利息のうち、満期となった最後の2年分についてのみ担保されるが、 ②では、設定行為に別段の定めがない限り、被担保債権の利息は担保されない。,①は、 10年を超える存続期間を定めたときであっても、その期間は10年となるのに対し、 ②は、存続期間に関する制限はない。,①は、目的物の引渡しが効力の発生要件であるのに対し、②は、目的物の引渡しは効力の発生要件ではない。,①も②も不動産に関する物権であり、登記を備えなければ第三者に対抗できない。,1,FALSE,FALSE,,正解は選択肢1です。この問は①不動産質権と②抵当権について、問題文の条件を制度の要件・効果に当てはめる問題です。選択肢1の「①では、被担保債権の利息のうち、満期となった最後の2年分についてのみ担保される...」という内容が結論に合います。他の選択肢は、主体・手続・期間・効果などの点でずれています。,2:（2）「①は、 10年を超える存続期間を定めたときであっても、その期間は10年となるのに対し、 ②は、存続期間に関する制限はない。」は、単独の記述としては法令上妥当な場合がありますが、本問で選ぶべき正答は（1）「①では、被担保債権の利息のうち、満期となった最後の2年分についてのみ担保されるが、 ②では、設定行為に別段の定めがない限り、被担保債権の利息は担保されない。」です。問題文の条件と照らし、設問が問う論点に合う肢を選び直してください。;3:（3）「①は、目的物の引渡しが効力の発生要件であるのに対し、②は、目的物の引渡しは効力の発生要件ではない。」は、単独の記述としては法令上妥当な場合がありますが、本問で選ぶべき正答は（1）「①では、被担保債権の利息のうち、満期となった最後の2年分についてのみ担保されるが、 ②では、設定行為に別段の定めがない限り、被担保債権の利息は担保されない。」です。問題文の条件と照らし、設問が問う論点に合う肢を選び直してください。;4:（4）「①も②も不動産に関する物権であり、登記を備えなければ第三者に対抗できない。」は、単独の記述としては法令上妥当な場合がありますが、本問で選ぶべき正答は（1）「①では、被担保債権の利息のうち、満期となった最後の2年分についてのみ担保されるが、 ②では、設定行為に別段の定めがない限り、被担保債権の利息は担保されない。」です。問題文の条件と照らし、設問が問う論点に合う肢を選び直してください。,正解は選択肢1です。 この問は①不動産質権と②抵当権について、問題文の条件を制度の要件・効果に当てはめる問題です。 選択肢1の「①では、被担保債権の利息のうち、満期となった最後の2年分についてのみ担保される...」という内容が結論に合います。,正解は選択肢1です。,
2017,平成29年度,11,single,権利関係,,A所有の甲土地につき、平成29年10月1日にBとの間で賃貸借契約(以下「本件契約」という。)が締結された場合についての以下の記述のうち、民法及び借地借家法の規定並びに判例に照らすと、正しいものを選びなさい。,,,,,,Aが甲土地につき、本件契約とは別に、平成29年9月1日にCとの間で建物所有を目的として賃貸借契約を締結していた場合、本件契約が資材置場として更地で利用することを目的とするものであるときは、本件契約よりもCとの契約が優先する。,賃借権の存続期間を10年と定めた場合、本件契約が居住の用に供する建物を所有することを目的とするものであるときは存続期間が30年となるのに対し、本件契約が資材置場として更地で利用することを目的とするものであるときは存続期間は10年である。,本件契約が建物所有を目的として存続期間60年とし、賃料につき3年ごとに1%ずつ増額する旨を公正証書で定めたものであるとき、社会情勢の変化により賃料が不相当となったときであっても、AもBも期間満了まで賃料の増減額請求をできない。,本件契約が建物所有を目的としている場合、契約の更新がなく、建物の買取りの請求をしないこととする旨を定めるには、AはあらかじめBに対してその内容を記載した書面を交付して説明する必要がある。,2,FALSE,FALSE,,正解は選択肢2です。この問は権利関係について、問題文の条件を制度の要件・効果に当てはめる問題です。選択肢2の「賃借権の存続期間を10年と定めた場合、本件契約が居住の用に供する建物を所有する...」という内容が結論に合います。他の選択肢は、主体・手続・期間・効果などの点でずれています。,1:（1）「Aが甲土地につき、本件契約とは別に、平成29年9月1日にCとの間で建物所有を目的として賃貸借契約を締結していた場合、本件契約が資材置場として更地で利用することを目的とするものであるときは、本件契約よりもCとの契約が優先する。」は、作業主任者の選任が必要な作業の組合せ（）を含んでいません。解説のとおり、該当作業と非該当作業の区別を確認してください。 （1）「Aが甲土地につき、本件契約とは別に、平成29年9月1日にCとの間で建物所有を目的として賃貸借契約…」について：他の選択肢は、主体・手続・期間・効果などの点でずれています。;3:（3）「本件契約が建物所有を目的として存続期間60年とし、賃料につき3年ごとに1%ずつ増額する旨を公正証書で定めたものであるとき、社会情勢の変化により賃料が不相当となっ…」は、単独の記述としては法令上妥当な場合がありますが、本問で選ぶべき正答は（2）「賃借権の存続期間を10年と定めた場合、本件契約が居住の用に供する建物を所有することを目的とするものであるときは存続期間が30年となるのに対し、本件契約が資材置場…」です。問題文の条件（A所有の甲土地につき、平成29年10月1日にBとの間で賃貸借契約(以下「本件契約」という。)が締…）と照らし、設問が問う論点に合う肢を選び直してください。;4:（4）「本件契約が建物所有を目的としている場合、契約の更新がなく、建物の買取りの請求をしないこととする旨…」について：他の選択肢は、主体・手続・期間・効果などの点でずれています。,正解は選択肢2です。 選択肢2の「賃借権の存続期間を10年と定めた場合、本件契約が居住の用に供する建物を所有する...」という内容が結論に合います。,正解は選択肢2です。,
2017,平成29年度,12,single,権利関係,,Aが所有する甲建物をBに対して3年間賃貸する旨の契約をした場合における以下の記述のうち、借地借家法の規定に照らすと、正しいものを選びなさい。,,,,,,AがBに対し、甲建物の賃貸借契約の期間満了の1年前に更新をしないという通知をしていれば、AB間の賃貸借契約は期間満了によって当然に終了し、更新されない。,Aが甲建物の賃貸借契約の解約の申入れをしたときは申入れ日から3月で賃貸借契約が終了する旨を定めた特約は、Bがあらかじめ同意していれば、有効となる。,Cが甲建物を適法に転借している場合、AB間の賃貸借契約が期間満了によって終了するときに、Cがその内容をBから聞かされていれば、AはCに対して、賃貸借契約の期間満了による終了を対抗できる。,AB間の賃貸借契約が借地借家法第38条の定期建物賃貸借で、契約の更新がない旨を定めるものであるとき、当該契約前にAがBに契約の更新がなく期間の満了により終了する旨を記載した書面を交付して説明しなければ、契約の更新がない旨の約定は無効となる。,4,FALSE,FALSE,,正解は選択肢4です。この問はAが所有する甲建物をBに対して3年間賃貸する旨の契約をした場合における以下の記述について、問題文の条件を制度の要件・効果に当てはめる問題です。選択肢4の「AB間の賃貸借契約が借地借家法第38条の定期建物賃貸借で、契約の更新がない旨を...」という内容が結論に合います。他の選択肢は、主体・手続・期間・効果などの点でずれています。,1:（1）「AがBに対し、甲建物の賃貸借契約の期間満了の1年前に更新をしないという通知をしていれば、AB間の賃貸借契約は期間満了によって当然に終了し、更新されない。」は、作業主任者の選任が必要な作業の組合せ（ABAB）を含んでいません。解説のとおり、該当作業と非該当作業の区別を確認してください。 （1）「AがBに対し、甲建物の賃貸借契約の期間満了の1年前に更新をしないという通知をしていれば、AB間の…」について：他の選択肢は、主体・手続・期間・効果などの点でずれています。;2:（2）「Aが甲建物の賃貸借契約の解約の申入れをしたときは申入れ日から3月で賃貸借契約が終了する旨を定めた特約は、Bがあらかじめ同意していれば、有効となる。」は、作業主任者の選任が必要な作業の組合せ（ABAB）を含んでいません。解説のとおり、該当作業と非該当作業の区別を確認してください。 （2）「Aが甲建物の賃貸借契約の解約の申入れをしたときは申入れ日から3月で賃貸借契約が終了する旨を定めた…」について：他の選択肢は、主体・手続・期間・効果などの点でずれています。;3:（3）「Cが甲建物を適法に転借している場合、AB間の賃貸借契約が期間満了によって終了するときに、Cがその内容をBから聞かされていれば、AはCに対して、賃貸借契約の期間満了による終了を対抗できる。」は、作業主任者の選任が必要な作業の組合せ（ABAB）を含んでいません。解説のとおり、該当作業と非該当作業の区別を確認してください。 （3）「Cが甲建物を適法に転借している場合、AB間の賃貸借契約が期間満了によって終了するときに、Cがその…」について：他の選択肢は、主体・手続・期間・効果などの点でずれています。,正解は選択肢4です。 選択肢4の「AB間の賃貸借契約が借地借家法第38条の定期建物賃貸借で、契約の更新がない旨を...」という内容が結論に合います。,正解は選択肢4です。,
2017,平成29年度,13,single,権利関係,,建物の区分所有等に関する法律についての以下の記述のうち、誤っているものを選びなさい。,,,,,,管理者は、少なくとも毎年1回集会を招集する必要がある。,区分所有者の5分の1以上で議決権の5分の1以上を有するものは、管理者に対し、会議の目的たる事項を示して、集会の招集を請求できるが、この定数は規約で減ずることはできない。,集会の招集の通知は、区分所有者が管理者に対して通知を受け取る場所をあらかじめ通知したときは、管理者はその場所にあててすれば足りる。,集会は、区分所有者全員の同意があれば、招集の手続を経ないで開くことができる。,2,FALSE,FALSE,,正解は選択肢2です。この問は建物の区分所有等について、問題文の条件を制度の要件・効果に当てはめる問題です。選択肢2の「区分所有者の5分の1以上で議決権の5分の1以上を有するものは、管理者に対し、会...」という内容が結論に合います。他の選択肢は、主体・手続・期間・効果などの点でずれています。,1:（1）「管理者は、少なくとも毎年1回集会を招集する必要がある。…」について：他の選択肢は、主体・手続・期間・効果などの点でずれています。;3:（3）「集会の招集の通知は、区分所有者が管理者に対して通知を受け取る場所をあらかじめ通知したときは、管理…」について：他の選択肢は、主体・手続・期間・効果などの点でずれています。;4:（4）「集会は、区分所有者全員の同意があれば、招集の手続を経ないで開くことができる。…」について：他の選択肢は、主体・手続・期間・効果などの点でずれています。,正解は選択肢2です。 選択肢2の「区分所有者の5分の1以上で議決権の5分の1以上を有するものは、管理者に対し、会...」という内容が結論に合います。,正解は選択肢2です。,
2017,平成29年度,14,single,権利関係,,不動産の登記についての以下の記述のうち、不動産登記法の規定に照らすと、誤っているものを選びなさい。,,,,,,建物の名称があるときは、その名称も当該建物の表示に関する登記の登記事項となる。,地上権の設定の登記をするときに、地上権の存続期間の定めがあるときは、その定めも登記事項となる。,賃借権の設定の登記をするときに、敷金があるときであっても、その内容は登記事項とならない。,事業用定期借地権として借地借家法第23条第1項の定めのある賃借権の設定の登記をする場合、その定めも登記事項となる。,3,FALSE,FALSE,,正解は選択肢3です。この問は不動産の登記について、問題文の条件を制度の要件・効果に当てはめる問題です。選択肢3の「賃借権の設定の登記をするときに、敷金があるときであっても、その内容は登記事項と...」という内容が結論に合います。他の選択肢は、主体・手続・期間・効果などの点でずれています。,1:（1）「建物の名称があるときは、その名称も当該建物の表示に関する登記の登記事項となる。…」について：他の選択肢は、主体・手続・期間・効果などの点でずれています。;2:（2）「地上権の設定の登記をするときに、地上権の存続期間の定めがあるときは、その定めも登記事項となる。…」について：他の選択肢は、主体・手続・期間・効果などの点でずれています。;4:（4）「事業用定期借地権として借地借家法第23条第1項の定めのある賃借権の設定の登記をする場合、その定め…」について：他の選択肢は、主体・手続・期間・効果などの点でずれています。,正解は選択肢3です。 選択肢3の「賃借権の設定の登記をするときに、敷金があるときであっても、その内容は登記事項と...」という内容が結論に合います。,正解は選択肢3です。,
2017,平成29年度,15,single,法令上の制限,,農地についての以下の記述のうち、農地法(以下、本問では「法」という。)の規定に照らすと、正しいものを選びなさい。,,,,,,市街化区域内の農地を耕作のために借り入れる場合、あらかじめ農業委員会に届出をすれば、法第3条第1項の許可を受ける必要はない。,市街化調整区域内の4ヘクタールを超える農地について、これを転用するために所有権を取得する場合、農林水産大臣の許可を受ける必要がある。,銀行から500万円を借り入れるために農地に抵当権を設定する場合、法第3条第1項又は第5条第1項の許可を受ける必要がある。,相続により農地の所有権を取得した者は、遅滞なく、その農地の存する市町村の農業委員会にその内容を届け出なければならない。,4,FALSE,FALSE,,正解は選択肢4です。この問は農地について、問題文の条件を制度の要件・効果に当てはめる問題です。選択肢4の「相続により農地の所有権を取得した者は、遅滞なく、その農地の存する市町村の農業委...」という内容が結論に合います。他の選択肢は、主体・手続・期間・効果などの点でずれています。,1:（1）「市街化区域内の農地を耕作のために借り入れる場合、あらかじめ農業委員会に届出をすれば、法第3条第1…」について：他の選択肢は、主体・手続・期間・効果などの点でずれています。;2:（2）「市街化調整区域内の4ヘクタールを超える農地について、これを転用するために所有権を取得する場合、農…」について：他の選択肢は、主体・手続・期間・効果などの点でずれています。;3:（3）「銀行から500万円を借り入れるために農地に抵当権を設定する場合、法第3条第1項又は第5条第1項の…」について：他の選択肢は、主体・手続・期間・効果などの点でずれています。,正解は選択肢4です。 選択肢4の「相続により農地の所有権を取得した者は、遅滞なく、その農地の存する市町村の農業委...」という内容が結論に合います。,正解は選択肢4です。,
2017,平成29年度,16,single,法令上の制限,,都市計画法についての以下の記述のうち、正しいものの組合せはどれか。 ア 都市計画施設の区域又は市街地開発事業の施行区域内において建築物の建築をしようとする者は、一定の場合を除き、都道府県知事(市の区域内にあっては、当該市の長)の許可を受けなければならない。 イ 地区整備計画が定められている地区計画の区域内において、建築物の建築を行おうとする者は、都道府県知事(市の区域内にあっては、当該市の長)の許可を受けなければならない。 ウ 都市計画事業の認可の告示があった後、当該認可に係る事業地内において、当該都市計画事業の施行の障害となるおそれがある土地の形質の変更を行おうとする者は、都道府県知事 (市の区域内にあっては、当該市の長)の許可を受けなければならない。 エ 都市計画事業の認可の告示があった後、当該認可に係る事業地内の土地建物等を有償で譲り渡そうとする者は、当該事業の施行者の許可を受けなければならない。,,,,,,ア、ウ,ア、エ,イ、ウ,イ、エ,1,FALSE,FALSE,,正解は選択肢1です。この問は都市計画法について、問題文の条件を制度の要件・効果に当てはめる問題です。選択肢1の「ア、ウ」という内容が結論に合います。他の選択肢は、主体・手続・期間・効果などの点でずれています。,2:（2）「ア、エ」は、単独の記述としては法令上妥当な場合がありますが、本問で選ぶべき正答は（1）「ア、ウ」です。問題文の条件（都市計画法についての以下の記述のうち、正しいものの組合せはどれか。 ア 都市計画施設の区域又は市…）と照らし、設問が問う論点に合う肢を選び直してください。;3:（3）「イ、ウ」は、単独の記述としては法令上妥当な場合がありますが、本問で選ぶべき正答は（1）「ア、ウ」です。問題文の条件（都市計画法についての以下の記述のうち、正しいものの組合せはどれか。 ア 都市計画施設の区域又は市…）と照らし、設問が問う論点に合う肢を選び直してください。;4:（4）「イ、エ」は、単独の記述としては法令上妥当な場合がありますが、本問で選ぶべき正答は（1）「ア、ウ」です。問題文の条件（都市計画法についての以下の記述のうち、正しいものの組合せはどれか。 ア 都市計画施設の区域又は市…）と照らし、設問が問う論点に合う肢を選び直してください。,正解は選択肢1です。 選択肢1の「ア、ウ」という内容が結論に合います。,正解は選択肢1です。,
2017,平成29年度,17,single,法令上の制限,,都市計画法についての以下の記述のうち、正しいものを選びなさい。ただし、許可を要する開発行為の面積について、条例による定めはないものとし、この問において「都道府県知事」とは、地方自治法に基づく指定都市、中核市及び施行時特例市にあってはその長をいうものとして扱う。,,,,,,"準都市計画区域内において、工場の建築の用に供する目的で1,000㎡の土地の区画形質の変更を行おうとする者は、あらかじめ、都道府県知事の許可を受けなければならない。","市街化区域内において、農業を営む者の居住の用に供する建築物の建築の用に供する目的で1,000㎡の土地の区画形質の変更を行おうとする者は、あらかじめ、都道府県知事の許可を受けなければならない。","都市計画区域及び準都市計画区域外の区域内において、変電所の建築の用に供する目的で 1,000㎡の土地の区画形質の変更を行おうとする者は、あらかじめ、都道府県知事の許可を受けなければならない。","区域区分の定めのない都市計画区域内において、遊園地の建設の用に供する目的で 3,000㎡の土地の区画形質の変更を行おうとする者は、あらかじめ、都道府県知事の許可を受けなければならない。",2,FALSE,FALSE,,正解は選択肢2です。この問は都市計画法について、問題文の条件を制度の要件・効果に当てはめる問題です。選択肢2の「市街化区域内において、農業を営む者の居住の用に供する建築物の建築の用に供する目...」という内容が結論に合います。他の選択肢は、主体・手続・期間・効果などの点でずれています。,"1:（1）「準都市計画区域内において、工場の建築の用に供する目的で1,000㎡の土地の区画形質の変更を行おう…」について：他の選択肢は、主体・手続・期間・効果などの点でずれています。;3:（3）「都市計画区域及び準都市計画区域外の区域内において、変電所の建築の用に供する目的で 1,000㎡の…」について：他の選択肢は、主体・手続・期間・効果などの点でずれています。;4:（4）「区域区分の定めのない都市計画区域内において、遊園地の建設の用に供する目的で 3,000㎡の土地の…」について：他の選択肢は、主体・手続・期間・効果などの点でずれています。",正解は選択肢2です。 選択肢2の「市街化区域内において、農業を営む者の居住の用に供する建築物の建築の用に供する目...」という内容が結論に合います。,正解は選択肢2です。,
2017,平成29年度,18,single,法令上の制限,,建築基準法についての以下の記述のうち、誤っているものを選びなさい。,,,,,,鉄筋コンクリート造で、あって、階数が2の住宅を新築するときに、特定行政庁が、 安全上、防火上及び避難上支障がないと認めたときは、検査済証の交付を受ける前においても、仮に、当該建築物を使用できる。,長屋の各戸の界壁は、小屋裏又は天井裏に達するものとする必要がある。,下水道法に規定する処理区域内においては、便所は、汚水管が公共下水道に連結された水洗便所とする必要がある。,ホテルの用途に供する建築物を共同住宅(その用途に供する部分の床面積の合計が 300㎡) に用途変更する場合、建築確認は不要である。,4,FALSE,FALSE,,正解は選択肢4です。この問は建築基準法について、問題文の条件を制度の要件・効果に当てはめる問題です。選択肢4の「ホテルの用途に供する建築物を共同住宅(その用途に供する部分の床面積の合計が 3...」という内容が結論に合います。他の選択肢は、主体・手続・期間・効果などの点でずれています。,1:（1）「鉄筋コンクリート造で、あって、階数が2の住宅を新築するときに、特定行政庁が、 安全上、防火上及び…」について：他の選択肢は、主体・手続・期間・効果などの点でずれています。;2:（2）「長屋の各戸の界壁は、小屋裏又は天井裏に達するものとする必要がある。…」について：他の選択肢は、主体・手続・期間・効果などの点でずれています。;3:（3）「下水道法に規定する処理区域内においては、便所は、汚水管が公共下水道に連結された水洗便所とする必要…」について：他の選択肢は、主体・手続・期間・効果などの点でずれています。,正解は選択肢4です。 選択肢4の「ホテルの用途に供する建築物を共同住宅(その用途に供する部分の床面積の合計が 3...」という内容が結論に合います。,正解は選択肢4です。,
2017,平成29年度,19,single,法令上の制限,,建築基準法(以下、本問では「法」という。)についての以下の記述のうち、正しいものを選びなさい。,,,,,,都市計画区域又は準都市計画区域内における用途地域の指定のない区域内の建築物の建ぺい率の上限値は、原則として、法で定めた数値のうち、特定行政庁が土地利用の状況等を考慮し当該区域を区分して都道府県都市計画審議会の議を経て定めるものとなる。,第二種中高層住居専用地域内では、原尉として、ホテル又は旅館を建築できる。,幅員4m以上であり、法が施行された時点又は都市計画区域若しくは準都市計画区域に入った時点で現に存在する道は、特定行政庁の指定がない限り、法上の道路とはならない。,建築物の前面道路の幅員により制限される容積率について、前面道路が2つ以上あるときは、これらの前面道路の幅員の最小の数値(12m未満の場合に限る。)を用いて算定する。,1,FALSE,FALSE,,正解は選択肢1です。この問は建築基準法(以下、本問では「法」という。)について、問題文の条件を制度の要件・効果に当てはめる問題です。選択肢1の「都市計画区域又は準都市計画区域内における用途地域の指定のない区域内の建築物の建...」という内容が結論に合います。他の選択肢は、主体・手続・期間・効果などの点でずれています。,2:（2）「第二種中高層住居専用地域内では、原尉として、ホテル又は旅館を建築できる。…」について：他の選択肢は、主体・手続・期間・効果などの点でずれています。;3:（3）「幅員4m以上であり、法が施行された時点又は都市計画区域若しくは準都市計画区域に入った時点で現に存…」について：他の選択肢は、主体・手続・期間・効果などの点でずれています。;4:（4）「建築物の前面道路の幅員により制限される容積率について、前面道路が2つ以上あるときは、これらの前面…」について：他の選択肢は、主体・手続・期間・効果などの点でずれています。,正解は選択肢1です。 選択肢1の「都市計画区域又は準都市計画区域内における用途地域の指定のない区域内の建築物の建...」という内容が結論に合います。,正解は選択肢1です。,
2017,平成29年度,20,single,法令上の制限,,宅地造成等規制法についての以下の記述のうち、誤っているものを選びなさい。なお、本問では「都道府県知事」とは、地方自治法に基づく指定都市、中核市及び施行時特例市にあってはその長をいうものとして扱う。,,,,,,都道府県知事は、宅地造成工事規制区域内の宅地で、宅地造成に伴う災害の防止のため必要な擁壁が設置されていないために、これを放置するときは、宅地造成に伴う災害の発生のおそれが大きいと認められる場合、一定の限度のもとに、当該宅地の所有者、管理者又は占有者に対して、擁壁の設置を命ずることができる。,都道府県知事は、宅地造成工事規制区域内の宅地において行われている工事の状況について、その工事が宅地造成に関する工事であるか否かにかかわらず、当該宅地の所有者、管理者又は占有者に対して報告を求めることができる。,都道府県知事は、一定のときは都道府県(指定都市、中核市又は施行時特例市の区域にあっては、それぞれ指定都市、中核市又は施行時特例市)の規則で、宅地造成工事規制区域内において行われる宅地造成に関する工事の技術的基準を強化できる。,宅地造成工事規制区域内において、政令で定める技術的基準を満たす地表水等を排除するための排水施設の除却工事を行おうとするときは、一定の場合を除き、都道府県知事への届出が必要となるが、当該技術的基準を満たす必要のない地表水等を排除するための排水施設を除却する工事を行おうとするときは、都道府県知事に届け出る必要はない。,4,FALSE,FALSE,,正解は選択肢4です。この問は宅地造成等規制法について、問題文の条件を制度の要件・効果に当てはめる問題です。選択肢4の「宅地造成工事規制区域内において、政令で定める技術的基準を満たす地表水等を排除す...」という内容が結論に合います。他の選択肢は、主体・手続・期間・効果などの点でずれています。,1:（1）「都道府県知事は、宅地造成工事規制区域内の宅地で、宅地造成に伴う災害の防止のため必要な擁壁が設置さ…」について：他の選択肢は、主体・手続・期間・効果などの点でずれています。;2:（2）「都道府県知事は、宅地造成工事規制区域内の宅地において行われている工事の状況について、その工事が宅…」について：他の選択肢は、主体・手続・期間・効果などの点でずれています。;3:（3）「都道府県知事は、一定のときは都道府県(指定都市、中核市又は施行時特例市の区域にあっては、それぞれ…」について：他の選択肢は、主体・手続・期間・効果などの点でずれています。,正解は選択肢4です。 選択肢4の「宅地造成工事規制区域内において、政令で定める技術的基準を満たす地表水等を排除す...」という内容が結論に合います。,正解は選択肢4です。,
2017,平成29年度,21,single,法令上の制限,,土地区画整理法についての以下の記述のうち、誤っているものを選びなさい。なお、本問では「組合」とは、土地区画整理組合をいう。,,,,,,組合は、事業の完成により解散しようとするときには、都道府県知事の認可を受けなければならない。,施行地区内の宅地について組合員の有する所有権の全部又は一部を承継した者があるときには、その組合員がその所有権の全部又は一部について組合に対して有する権利義務は、その承継した者に移転する。,組合を設立しようとする者は、事業計画の決定に先立って組合を設立する必要があると認めるときには、 7人以上共同して、定款及び事業基本方針を定め、その組合の設立について都道府県知事の認可を受けることができる。,組合が施行する土地区画整理事業に係る施行地区内の宅地について借地権のみを有する者は、その組合の組合員とはならない。,4,FALSE,FALSE,,正解は選択肢4です。この問は土地区画整理法について、問題文の条件を制度の要件・効果に当てはめる問題です。選択肢4の「組合が施行する土地区画整理事業に係る施行地区内の宅地について借地権のみを有する...」という内容が結論に合います。他の選択肢は、主体・手続・期間・効果などの点でずれています。,1:（1）「組合は、事業の完成により解散しようとするときには、都道府県知事の認可を受けなければならない。…」について：他の選択肢は、主体・手続・期間・効果などの点でずれています。;2:（2）「施行地区内の宅地について組合員の有する所有権の全部又は一部を承継した者があるときには、その組合員…」について：他の選択肢は、主体・手続・期間・効果などの点でずれています。;3:（3）「組合を設立しようとする者は、事業計画の決定に先立って組合を設立する必要があると認めるときには、 …」について：他の選択肢は、主体・手続・期間・効果などの点でずれています。,正解は選択肢4です。 選択肢4の「組合が施行する土地区画整理事業に係る施行地区内の宅地について借地権のみを有する...」という内容が結論に合います。,正解は選択肢4です。,
2017,平成29年度,22,single,法令上の制限,,以下の記述のうち、正しいものを選びなさい。,,,,,,津波防災地域づくりに関する法律によれば、津波防護施設区域内において土地の掘削をしようとする者は、一定の場合を除き、津波防護施設管理者の許可を受けなければならない。,"国土利用計画法によれば、市街化区域内の3,000㎡の土地を贈与により取得した者は、 2週間以内に、都道府県知事(地方自治法に基づく指定都市にあっては、当該指定都市の長)に届け出なければならない。",景観法によれば、景観計画区域内において建築物の新築、増築、改築又は移転をした者は、 工事着手後30日以内に、その内容を景観行政団体の長に届け出なければならない。,道路法によれば、道路の区域が決定された後道路の供用が開始されるまでの間であっても、 道路管理者が当該区域についての土地に関する権原を取得する前であれば、道路管理者の許可を受けずに、当該区域内において工作物を新築できる。,1,FALSE,FALSE,,正解は選択肢1です。この問は以下の記述について、問題文の条件を制度の要件・効果に当てはめる問題です。選択肢1の「津波防災地域づくりに関する法律によれば、津波防護施設区域内において土地の掘削を...」という内容が結論に合います。他の選択肢は、主体・手続・期間・効果などの点でずれています。,"2:（2）「国土利用計画法によれば、市街化区域内の3,000㎡の土地を贈与により取得した者は、 2週間以内に…」について：他の選択肢は、主体・手続・期間・効果などの点でずれています。;3:（3）「景観法によれば、景観計画区域内において建築物の新築、増築、改築又は移転をした者は、 工事着手後3…」について：他の選択肢は、主体・手続・期間・効果などの点でずれています。;4:（4）「道路法によれば、道路の区域が決定された後道路の供用が開始されるまでの間であっても、 道路管理者が…」について：他の選択肢は、主体・手続・期間・効果などの点でずれています。",正解は選択肢1です。 選択肢1の「津波防災地域づくりに関する法律によれば、津波防護施設区域内において土地の掘削を...」という内容が結論に合います。,正解は選択肢1です。,
2017,平成29年度,23,single,税・その他,,所得税法についての以下の記述のうち、正しいものを選びなさい。,,,,,,個人が台風により主として保養の用に供する目的で所有する別荘について受けた損失の金額(保険金等により補てんされる部分の金額を除く。)は、その損失を受けた日の属する年分又はその翌年分の譲渡所得の金額の計算上控除される。,建物の所有を目的とする土地の賃借権の設定の対価として支払を受ける権利金の金額が、 その土地の価額の10分の5に相当する金額を超えるときは、不動産所得として課税される。,譲渡所得とは資産の譲渡による所得をいうので、不動産業者である個人が営利を目的として継続的に行っている土地の譲渡による所得は、譲渡所得として課税される。,個人が相続(限定承認に係るものを除く。)により取得した譲渡所得の基因となる資産を譲渡したときにおける譲渡所得の金額の計算については、その資産をその相続の時における価額に相当する金額により取得したものとして計算される。,1,FALSE,FALSE,,正解は選択肢1です。この問は所得税法について、問題文の条件を制度の要件・効果に当てはめる問題です。選択肢1の「個人が台風により主として保養の用に供する目的で所有する別荘について受けた損失の...」という内容が結論に合います。他の選択肢は、主体・手続・期間・効果などの点でずれています。,2:（2）「建物の所有を目的とする土地の賃借権の設定の対価として支払を受ける権利金の金額が、 その土地の価額…」について：他の選択肢は、主体・手続・期間・効果などの点でずれています。;3:（3）「譲渡所得とは資産の譲渡による所得をいうので、不動産業者である個人が営利を目的として継続的に行って…」について：他の選択肢は、主体・手続・期間・効果などの点でずれています。;4:（4）「個人が相続(限定承認に係るものを除く。)により取得した譲渡所得の基因となる資産を譲渡したときにお…」について：他の選択肢は、主体・手続・期間・効果などの点でずれています。,正解は選択肢1です。 選択肢1の「個人が台風により主として保養の用に供する目的で所有する別荘について受けた損失の...」という内容が結論に合います。,正解は選択肢1です。,
2017,平成29年度,24,single,税・その他,,固定資産税についての以下の記述のうち、正しいものを選びなさい。,,,,,,固定資産税は、固定資産が賃借されている場合、所有者ではなく当該閤定資産の賃借人に対して課税される。,家屋に対して課する固定資産税の納税者が、その納付すべき当該年度の固定資産税に係る家屋について家屋課税台帳等に登録された価格と当該家屋が所在する市町村内の他の家屋の価格とを比較できるよう、当該納税者は、家屋価格等縦覧帳簿をいつでも縦覧できる。,固定資産税の納税者は、その納付すべき当該年度の固定資産課税に係る固定資産について、 固定資産課税台帳に登録された価格について不服があるときは、一定の場合を除いて、文書をもって、固定資産評価審査委員会に審査の申出をできる。,平成29年1月1日現在において更地であっても住宅の建設が予定されている土地においては、市町村長が固定資産課税台帳に当該土地の価格を登録した旨の公示をするまでに当該住宅の敷地の用に供されたときは、当該土地に係る平成29年度の固定資産税について、 住宅用地に対する課税標準の特例が適用される。,3,FALSE,FALSE,,正解は選択肢3です。この問は固定資産税について、問題文の条件を制度の要件・効果に当てはめる問題です。選択肢3の「固定資産税の納税者は、その納付すべき当該年度の固定資産課税に係る固定資産につい...」という内容が結論に合います。他の選択肢は、主体・手続・期間・効果などの点でずれています。,1:（1）「固定資産税は、固定資産が賃借されている場合、所有者ではなく当該閤定資産の賃借人に対して課税される…」について：他の選択肢は、主体・手続・期間・効果などの点でずれています。;2:（2）「家屋に対して課する固定資産税の納税者が、その納付すべき当該年度の固定資産税に係る家屋について家屋…」について：他の選択肢は、主体・手続・期間・効果などの点でずれています。;4:（4）「平成29年1月1日現在において更地であっても住宅の建設が予定されている土地においては、市町村長が…」について：他の選択肢は、主体・手続・期間・効果などの点でずれています。,正解は選択肢3です。 選択肢3の「固定資産税の納税者は、その納付すべき当該年度の固定資産課税に係る固定資産につい...」という内容が結論に合います。,正解は選択肢3です。,
2017,平成29年度,25,single,税・その他,,地価公示法についての以下の記述のうち、正しいものを選びなさい。,,,,,,土地鑑定委員会は、標準地の単位面積当たりの価格及び当該標準地の前回の公示価格からの変化率等一定の事項を官報により公示する必要があるとされている。,土地鑑定委員会は、公示区域内の標準地について、毎年2回、 2人以上の不動産鑑定士の鑑定評価を求め、その結果を審査し、必要な調整を行って、一定の基準日における当該標準地の単位面積当たりの正常な価格を判定し、これを公示するものとされている。,標準地は、土地鑑定委員会が、自然的及び社会的条件からみて類似の利用価値を有すると認められる地域において、土地の利用状況、環境等が通常であると認められる一団の土地について選定するものとされている。,土地の取引を行なう者は、取引の対象となる土地が標準地であるときは、当該標準地について公示された価格により取引を行なう義務を有する。,3,FALSE,FALSE,,正解は選択肢3です。この問は地価公示法について、問題文の条件を制度の要件・効果に当てはめる問題です。選択肢3の「標準地は、土地鑑定委員会が、自然的及び社会的条件からみて類似の利用価値を有する...」という内容が結論に合います。他の選択肢は、主体・手続・期間・効果などの点でずれています。,1:（1）「土地鑑定委員会は、標準地の単位面積当たりの価格及び当該標準地の前回の公示価格からの変化率等一定の…」について：他の選択肢は、主体・手続・期間・効果などの点でずれています。;2:（2）「土地鑑定委員会は、公示区域内の標準地について、毎年2回、 2人以上の不動産鑑定士の鑑定評価を求め…」について：他の選択肢は、主体・手続・期間・効果などの点でずれています。;4:（4）「土地の取引を行なう者は、取引の対象となる土地が標準地であるときは、当該標準地について公示された価…」について：他の選択肢は、主体・手続・期間・効果などの点でずれています。,正解は選択肢3です。 選択肢3の「標準地は、土地鑑定委員会が、自然的及び社会的条件からみて類似の利用価値を有する...」という内容が結論に合います。,正解は選択肢3です。,
2017,平成29年度,26,single,宅建業法,,宅地建物取引業者A(消費税課税事業者)は貸主Bから建物の貸借の媒介の依頼を受け、宅地建物取引業者c(消費税課税事業者)は借主Dから建物の貸借の媒介の依頼を受け、BとDの間での賃貸借契約を成立させた。この場合における以下の記述のうち、宅地建物取引業法(以下、本問では「法」という。)の規定に照らすと、正しいものを選びなさい。なお、 1か月分の借賃は9万円(消費税等相当額を含まない。)である。,,,,,,"建物を店舗として貸借する場合、当該賃貸借契約において200万円の権利金(権利設定の対価として支払われる金銭であって返還されないものをいい、消費税等相当額を含まない。)の授受があるときは、A及びCが受領できる報酬の限度額の合計は216,000円である。","AがBから48,600円の報酬を受領し、CがDから48,600円の報酬を受領したとき、Aは Bの依頼によって行った広告の料金に相当する額を別途受領できない。",Cは、Dから報酬をその限度額まで受領できるほかに、法第35条の規定に基づく重要事項の説明を行った対価として、報酬を受領できる。,"建物を居住用として貸借する場合、当該賃貸借契約において100万円の保証金 (Dの退去時にDに全額返還されるものとする。)の授受があるときは、A及びCが受領できる報酬の限度額の合計は108,000円である。",1,FALSE,FALSE,,正解は選択肢1です。この問は宅建業法について、問題文の条件を制度の要件・効果に当てはめる問題です。選択肢1の「建物を店舗として貸借する場合、当該賃貸借契約において200万円の権利金(権利設...」という内容が結論に合います。他の選択肢は、主体・手続・期間・効果などの点でずれています。,"2:（2）「AがBから48,600円の報酬を受領し、CがDから48,600円の報酬を受領したとき、Aは Bの依頼によって行った広告の料金に相当する額を別途受領できない。」は、作業主任者の選任が必要な作業の組合せ（AC）を含んでいません。解説のとおり、該当作業と非該当作業の区別を確認してください。 （2）「AがBから48,600円の報酬を受領し、CがDから48,600円の報酬を受領したとき、Aは Bの…」について：他の選択肢は、主体・手続・期間・効果などの点でずれています。;3:（3）「Cは、Dから報酬をその限度額まで受領できるほかに、法第35条の規定に基づく重要事項の説明を行った対価として、報酬を受領できる。」は、作業主任者の選任が必要な作業の組合せ（AC）を含んでいません。解説のとおり、該当作業と非該当作業の区別を確認してください。 （3）「Cは、Dから報酬をその限度額まで受領できるほかに、法第35条の規定に基づく重要事項の説明を行った…」について：他の選択肢は、主体・手続・期間・効果などの点でずれています。;4:（4）「建物を居住用として貸借する場合、当該賃貸借契約において100万円の保証金 (Dの退去時にDに全額…」について：他の選択肢は、主体・手続・期間・効果などの点でずれています。",正解は選択肢1です。 選択肢1の「建物を店舗として貸借する場合、当該賃貸借契約において200万円の権利金(権利設...」という内容が結論に合います。,正解は選択肢1です。,
2017,平成29年度,27,single,宅建業法,,宅地建物取引業者Aが、自ら売主として宅地建物取引業者でない買主Bとの間で締結した宅地の売買契約についての以下の記述のうち、宅地建物取引業法及び民法の規定に照らすと、 正しいものがいくつあるか選びなさい。 ア 売買契約において、瑕疵担保責任を負う期間を引渡しの日から2年間とする特約を定めた場合、その特約は無効となる。 イ 売買契約において、売主の責めに帰すべき事由による瑕疵についてのみ引渡しの日から 1年間担保責任を負うという特約を定めた場合、その特約は無効となる。 ウ Aがま院庇担保責任を負う期間内においては、損害賠償の請求をすることはできるが、契約を解除することはできないとする特約を定めた場合、その特約は有効である。,,,,,,正しい記述は一つである。,正しい記述は二つである。,正しい記述は三つである。,正しい記述はない。,1,FALSE,FALSE,,正解は選択肢1です。正しい記述は一つである。 各記述を個別に判定し、正しいもの・誤っているもの・違反するものなどの数を数える問題です。,2:（2）「正しい記述は二つである。」は、単独の記述としては法令上妥当な場合がありますが、本問で選ぶべき正答は（1）「正しい記述は一つである。」です。問題文の条件（宅地建物取引業者Aが、自ら売主として宅地建物取引業者でない買主Bとの間で締結した宅地の売買契約に…）と照らし、設問が問う論点に合う肢を選び直してください。;3:（3）「正しい記述は三つである。」は、単独の記述としては法令上妥当な場合がありますが、本問で選ぶべき正答は（1）「正しい記述は一つである。」です。問題文の条件（宅地建物取引業者Aが、自ら売主として宅地建物取引業者でない買主Bとの間で締結した宅地の売買契約に…）と照らし、設問が問う論点に合う肢を選び直してください。;4:（4）「正しい記述はない。」は、単独の記述としては法令上妥当な場合がありますが、本問で選ぶべき正答は（1）「正しい記述は一つである。」です。問題文の条件（宅地建物取引業者Aが、自ら売主として宅地建物取引業者でない買主Bとの間で締結した宅地の売買契約に…）と照らし、設問が問う論点に合う肢を選び直してください。,正解は選択肢1です。 正しい記述は一つである。,正解は選択肢1です。,
2017,平成29年度,28,single,宅建業法,,宅地建物取引業者Aが行う業務についての以下の記述のうち、宅地建物取引業法(以下、本問では「法」という。)の規定に違反しないものはいくつあるか。 ア Aは、法第49条に規定されている業務に関する帳簿について、業務上知り得た秘密が含まれているため、当該帳簿の閉鎖後、遅滞なく、専門業者に委託して廃棄した。 イ Aは、宅地の売却を希望するBと専任代理契約を締結した。Aは、Bの要望を踏まえ、当該代理契約に指定流通機構に登録しない旨の特約を付したため、その登録をしなかった。 ウ Aの従業者Cは、投資用マンションの販売において、勧誘に先立ちAの名称を告げず、自己の氏名及び契約締結の勧誘が目的であることを告げたうえで、勧誘を行ったが、相手方から関心がない旨の意思表示があったので、勧誘の継続を断念した。 エ Aは、自ら売主として新築マンションを分譲するに当たり、売買契約の締結に際して買主から手付を受領した。その後、当該契約の当事者の双方が契約の履行に着手する前に、Aは、 手付を買主に返還して、契約を一方的に解除した。,,,,,,違反しない記述は一つである。,違反しない記述は二つである。,違反しない記述は三つである。,違反しない記述はない。,4,FALSE,FALSE,,正解は選択肢4です。違反しない記述はない。 各記述を個別に判定し、正しいもの・誤っているもの・違反するものなどの数を数える問題です。,1:（1）「違反しない記述は一つである。」は、単独の記述としては法令上妥当な場合がありますが、本問で選ぶべき正答は（4）「違反しない記述はない。」です。問題文の条件（宅地建物取引業者Aが行う業務についての以下の記述のうち、宅地建物取引業法(以下、本問では「法」と…）と照らし、設問が問う論点に合う肢を選び直してください。;2:（2）「違反しない記述は二つである。」は、単独の記述としては法令上妥当な場合がありますが、本問で選ぶべき正答は（4）「違反しない記述はない。」です。問題文の条件（宅地建物取引業者Aが行う業務についての以下の記述のうち、宅地建物取引業法(以下、本問では「法」と…）と照らし、設問が問う論点に合う肢を選び直してください。;3:（3）「違反しない記述は三つである。」は、単独の記述としては法令上妥当な場合がありますが、本問で選ぶべき正答は（4）「違反しない記述はない。」です。問題文の条件（宅地建物取引業者Aが行う業務についての以下の記述のうち、宅地建物取引業法(以下、本問では「法」と…）と照らし、設問が問う論点に合う肢を選び直してください。,正解は選択肢4です。 違反しない記述はない。,正解は選択肢4です。,
2017,平成29年度,29,single,宅建業法,,以下の記述のうち、宅地建物取引業法(以下、本問では「法」という。)の規定に照らすと、正しいものを選びなさい。,,,,,,宅地建物取引業者A (甲県知事免許)は、マンション管理業に関し、不正又は著しく不当な行為をしたとして、マンションの管理の適正化の推進に関する法律に基づき、国土交通大臣から業務の停止を命じられた。このとき、Aは、甲県知事から法に基づく指示処分を受けることがある。,国土交通大臣は、宅地建物取引業者B(乙県知事免許)の事務所の所在地を確知できない場合、その内容を官報及び乙県の公報で公告し、その公告の日から30日を経過しでもBから申出がないときは、Bの免許を取り消すことができる。,国土交通大臣は、宅地建物取引業者c(国土交通大臣免許)に対し、法第35条の規定に基づく重要事項の説明を行わなかったことを理由に業務停止を命じたときは、遅滞なく、その内容を内閣総理大臣に通知する必要がある。,宅地建物取引業者D(丙県知事免許)は、法第72条第1項に基づく丙県職員による事務所への立入検査を拒んだ。このとき、Dは、 50万円以下の罰金に処せられることがある。,4,FALSE,FALSE,,正解は選択肢4です。この問は以下の記述について、問題文の条件を制度の要件・効果に当てはめる問題です。選択肢4の「宅地建物取引業者D(丙県知事免許)は、法第72条第1項に基づく丙県職員による事...」という内容が結論に合います。他の選択肢は、主体・手続・期間・効果などの点でずれています。,1:（1）「宅地建物取引業者A (甲県知事免許)は、マンション管理業に関し、不正又は著しく不当な行為をしたとして、マンションの管理の適正化の推進に関する法律に基づき、国土交…」は、単独の記述としては法令上妥当な場合がありますが、本問で選ぶべき正答は（4）「宅地建物取引業者D(丙県知事免許)は、法第72条第1項に基づく丙県職員による事務所への立入検査を拒んだ。;2:（2）「国土交通大臣は、宅地建物取引業者B(乙県知事免許)の事務所の所在地を確知できない場合、その内容を…」について：他の選択肢は、主体・手続・期間・効果などの点でずれています。;3:（3）「国土交通大臣は、宅地建物取引業者c(国土交通大臣免許)に対し、法第35条の規定に基づく重要事項の…」について：他の選択肢は、主体・手続・期間・効果などの点でずれています。,正解は選択肢4です。 選択肢4の「宅地建物取引業者D(丙県知事免許)は、法第72条第1項に基づく丙県職員による事...」という内容が結論に合います。,正解は選択肢4です。,
2017,平成29年度,30,single,宅建業法,,宅地建物取引業法(以下、本問では「法」という。)の規定についての以下の記述のうち、誤っているものを選びなさい。なお、本問では「登録」とは、宅地建物取引士の登録をいうものとして扱う。,,,,,,宅地建物取引士A (甲県知事登録)が、甲県から乙県に住所を変更したときは、乙県知事に対し、登録の移転の申請をできる。,宅地建物取引業者B(甲県知事免許)が、乙県に所在する1棟のマンション (150戸)を分譲するため、現地に案内所を設置し契約の申込みを受けるときは、甲県知事及び乙県知事に、その業務を開始する日の10目前までに、法第50条第2項の規定に基づく届出をする必要がある。,宅地建物取引士資格試験合格後18月を経過したc(甲県知事登録)が、甲県知事から宅地建物取引士証の交付を受けようとするときは、甲県知事が指定する講習を交付の申請前6月以内に受講する必要がある。,宅地建物取引業者D社(甲県知事免許)が、合併により消滅したときは、その日から30日以内に、D社を代表する役員で、あった者が、その内容を甲県知事に届け出なければならない。,1,FALSE,FALSE,,正解は選択肢1です。この問は宅地建物取引業法(以下、本問では「法」という。)の規定について、問題文の条件を制度の要件・効果に当てはめる問題です。選択肢1の「宅地建物取引士A (甲県知事登録)が、甲県から乙県に住所を変更したときは、乙県...」という内容が結論に合います。他の選択肢は、主体・手続・期間・効果などの点でずれています。,2:（2）「宅地建物取引業者B(甲県知事免許)が、乙県に所在する1棟のマンション (150戸)を分譲するため…」について：他の選択肢は、主体・手続・期間・効果などの点でずれています。;3:（3）「宅地建物取引士資格試験合格後18月を経過したc(甲県知事登録)が、甲県知事から宅地建物取引士証の…」について：他の選択肢は、主体・手続・期間・効果などの点でずれています。;4:（4）「宅地建物取引業者D社(甲県知事免許)が、合併により消滅したときは、その日から30日以内に、D社を…」について：他の選択肢は、主体・手続・期間・効果などの点でずれています。,正解は選択肢1です。 選択肢1の「宅地建物取引士A (甲県知事登録)が、甲県から乙県に住所を変更したときは、乙県...」という内容が結論に合います。,正解は選択肢1です。,
2017,平成29年度,31,single,宅建業法,,"宅地建物取引業者Aが、自ら売主として、宅地建物取引業者でないBとの間でマ ンション(代金3,000万円)の売買契約を締結しようとする場合における以下の記述のうち、宅地建物取引業法(以下、本問では「法」という。)の規定に照らすと、正しいものがいくつあるか選びなさい。 ア Bは自ら指定した自宅においてマンションの買受けの申込みをした場合においても、法第37条の2の規定に基づき、書面により買受けの申込みの撤回を行うことができる。 イ BがAに対し、法第37条の2の規定に基づき、書面により買受けの申込みの撤回を行った場合、その効力は、当該書面をAが受け取った時に生じることとなる。 ウ Aは、Bとの間で、当事者の債務不履行を理由とする契約解除に伴う違約金について300 万円とする特約を定めた場合、加えて、損害賠償の予定額を600万円とする特約を定めることができる。",,,,,,正しい記述は一つである。,正しい記述は二つである。,正しい記述は三つである。,正しい記述はない。,4,FALSE,FALSE,,正解は選択肢4です。正しい記述はない。 各記述を個別に判定し、正しいもの・誤っているもの・違反するものなどの数を数える問題です。,"1:（1）「正しい記述は一つである。」は、単独の記述としては法令上妥当な場合がありますが、本問で選ぶべき正答は（4）「正しい記述はない。」です。問題文の条件（宅地建物取引業者Aが、自ら売主として、宅地建物取引業者でないBとの間でマ ンション(代金3,00…）と照らし、設問が問う論点に合う肢を選び直してください。;2:（2）「正しい記述は二つである。」は、単独の記述としては法令上妥当な場合がありますが、本問で選ぶべき正答は（4）「正しい記述はない。」です。問題文の条件（宅地建物取引業者Aが、自ら売主として、宅地建物取引業者でないBとの間でマ ンション(代金3,00…）と照らし、設問が問う論点に合う肢を選び直してください。;3:（3）「正しい記述は三つである。」は、単独の記述としては法令上妥当な場合がありますが、本問で選ぶべき正答は（4）「正しい記述はない。」です。問題文の条件（宅地建物取引業者Aが、自ら売主として、宅地建物取引業者でないBとの間でマ ンション(代金3,00…）と照らし、設問が問う論点に合う肢を選び直してください。",正解は選択肢4です。 正しい記述はない。,正解は選択肢4です。,
2017,平成29年度,32,single,宅建業法,,宅地建物取引業法に規定する営業保証金についての以下の記述のうち、誤っているものを選びなさい。,,,,,,宅地建物取引業者は、主たる事務所を移転したことにより、その最寄りの供託所が変更となったときに、金銭のみをもって営業保証金を供託しているときは、従前の供託所から営業保証金を取り戻した後、移転後の最寄りの供託所に供託する必要がある。,宅地建物取引業者は、事業の開始後新たに事務所を設置するため営業保証金を供託したときは、供託物受入れの記載のある供託書の写しを添附して、その内容を免許を受けた国土交通大臣又は都道府県知事に届け出なければならない。,宅地建物取引業者は、一部の事務所を廃止し営業保証金を取り戻そうとするときは、供託した営業保証金につき還付を請求する権利を有する者に対し、 6月以上の期間を定めて申し出るべき旨の公告をする必要がある。,宅地建物取引業者は、営業保証金の還付があったために営業保証金に不足が生じたときは、 国土交通大臣又は都道府県知事から不足額を供託すべきという通知書の送付を受けた日から 2週間以内に、不足額を供託する必要がある。,1,FALSE,FALSE,,正解は選択肢1です。この問は宅地建物取引業法に規定する営業保証金について、問題文の条件を制度の要件・効果に当てはめる問題です。選択肢1の「宅地建物取引業者は、主たる事務所を移転したことにより、その最寄りの供託所が変更...」という内容が結論に合います。他の選択肢は、主体・手続・期間・効果などの点でずれています。,2:（2）「宅地建物取引業者は、事業の開始後新たに事務所を設置するため営業保証金を供託したときは、供託物受入…」について：他の選択肢は、主体・手続・期間・効果などの点でずれています。;3:（3）「宅地建物取引業者は、一部の事務所を廃止し営業保証金を取り戻そうとするときは、供託した営業保証金に…」について：他の選択肢は、主体・手続・期間・効果などの点でずれています。;4:（4）「宅地建物取引業者は、営業保証金の還付があったために営業保証金に不足が生じたときは、 国土交通大臣…」について：他の選択肢は、主体・手続・期間・効果などの点でずれています。,正解は選択肢1です。 選択肢1の「宅地建物取引業者は、主たる事務所を移転したことにより、その最寄りの供託所が変更...」という内容が結論に合います。,正解は選択肢1です。,
2017,平成29年度,33,single,宅建業法,,宅地建物取引業者が行う宅地建物取引業法第35条に規定する重要事項の説明についての以下の記述のうち、正しいものを選びなさい。なお、説明の相手方は宅地建物取引業者ではないものとして扱う。,,,,,,宅地の売買の媒介を行う場合、売買の各当事者すなわち売主及び買主に対して、書面を交付して説明する必要がある。,宅地の売買の媒介を行う場合、代金に関する金銭の貸借のあっせんの内容及び当該あっせんに係る金銭の貸借が成立しないときの措置について、説明する必要がある。,建物の貸借の媒介を行う場合、私道に関する負担について、説明する必要がある。,建物の売買の媒介を行う場合、天災その他不可抗力による損害の負担に関する定めがあるときは、その内容について、説明する必要がある。,2,FALSE,FALSE,,正解は選択肢2です。この問は宅地建物取引業者が行う宅地建物取引業法第35条に規定する重要事項の説明について、問題文の条件を制度の要件・効果に当てはめる問題です。選択肢2の「宅地の売買の媒介を行う場合、代金に関する金銭の貸借のあっせんの内容及び当該あっ...」という内容が結論に合います。他の選択肢は、主体・手続・期間・効果などの点でずれています。,1:（1）「宅地の売買の媒介を行う場合、売買の各当事者すなわち売主及び買主に対して、書面を交付して説明する必…」について：他の選択肢は、主体・手続・期間・効果などの点でずれています。;3:（3）「建物の貸借の媒介を行う場合、私道に関する負担について、説明する必要がある。…」について：他の選択肢は、主体・手続・期間・効果などの点でずれています。;4:（4）「建物の売買の媒介を行う場合、天災その他不可抗力による損害の負担に関する定めがあるときは、その内容…」について：他の選択肢は、主体・手続・期間・効果などの点でずれています。,正解は選択肢2です。 選択肢2の「宅地の売買の媒介を行う場合、代金に関する金銭の貸借のあっせんの内容及び当該あっ...」という内容が結論に合います。,正解は選択肢2です。,
2017,平成29年度,34,single,宅建業法,,以下の記述のうち、宅地建物取引業法(以下、本問では「法」という。)の規定に照らすと、誤っているものを選びなさい。,,,,,,宅地建物取引業者が、自ら売主として、宅地及び建物の売買の契約を締結するに際し、手付金について、当初提示した金額を減額することにより、買主に対し売買契約の締結を誘引し、その契約を締結させることは、法に違反しない。,宅地建物取引業者が、アンケート調査をすることを装って電話をし、その目的がマンショ ンの売買の勧誘であることを告げずに勧誘をする行為は、法に違反する。,宅地建物取引業者が、宅地及び建物の売買の媒介を行うに際し、媒介報酬について、買主の要望を受けて分割受領に応じることにより、契約の締結を誘引する行為は、法に違反する。,宅地建物取引業者が、手付金について信用の供与をすることにより、宅地及び建物の売買契約の締結を誘引する行為を行った場合、監督処分の対象となるほか、罰則の適用を受けることがある。,3,FALSE,FALSE,,正解は選択肢3です。この問は以下の記述について、問題文の条件を制度の要件・効果に当てはめる問題です。選択肢3の「宅地建物取引業者が、宅地及び建物の売買の媒介を行うに際し、媒介報酬について、買...」という内容が結論に合います。他の選択肢は、主体・手続・期間・効果などの点でずれています。,1:（1）「宅地建物取引業者が、自ら売主として、宅地及び建物の売買の契約を締結するに際し、手付金について、当…」について：他の選択肢は、主体・手続・期間・効果などの点でずれています。;2:（2）「宅地建物取引業者が、アンケート調査をすることを装って電話をし、その目的がマンショ ンの売買の勧誘…」について：他の選択肢は、主体・手続・期間・効果などの点でずれています。;4:（4）「宅地建物取引業者が、手付金について信用の供与をすることにより、宅地及び建物の売買契約の締結を誘引…」について：他の選択肢は、主体・手続・期間・効果などの点でずれています。,正解は選択肢3です。 選択肢3の「宅地建物取引業者が、宅地及び建物の売買の媒介を行うに際し、媒介報酬について、買...」という内容が結論に合います。,正解は選択肢3です。,
2017,平成29年度,35,single,宅建業法,,以下の記述のうち、宅地建物取引業法(以下、本問では「法」という。)の規定に照らすと、正しいものを選びなさい。,,,,,,宅地建物取引業者は、自ら貸主として締結した建物の賃貸借契約について、法第49条に規定されている業務に関する帳簿に、法及び国土交通省令で定められた事項を記載する必要がある。,宅地建物取引業者は、その業務に関する帳簿を、一括して主たる事務所に備えれば、従たる事務所に備えておく必要はない。,宅地建物取引業者は、その業務に関する帳簿に報酬の額を記載することが義務付けられており、違反したときは指示処分の対象となる。,宅地建物取引業者は、その業務に従事する者であっても、一時的に事務の補助のために雇用した者については、従業者名簿に記載する必要がない。,3,FALSE,FALSE,,正解は選択肢3です。この問は以下の記述について、問題文の条件を制度の要件・効果に当てはめる問題です。選択肢3の「宅地建物取引業者は、その業務に関する帳簿に報酬の額を記載することが義務付けられ...」という内容が結論に合います。他の選択肢は、主体・手続・期間・効果などの点でずれています。,1:（1）「宅地建物取引業者は、自ら貸主として締結した建物の賃貸借契約について、法第49条に規定されている業…」について：他の選択肢は、主体・手続・期間・効果などの点でずれています。;2:選択肢3の「宅地建物取引業者は、その業務に関する帳簿に報酬の額を記載することが義務付けられ...」という内容が結論に合います。;4:（4）「宅地建物取引業者は、その業務に従事する者であっても、一時的に事務の補助のために雇用した者について…」について：他の選択肢は、主体・手続・期間・効果などの点でずれています。,正解は選択肢3です。 選択肢3の「宅地建物取引業者は、その業務に関する帳簿に報酬の額を記載することが義務付けられ...」という内容が結論に合います。,正解は選択肢3です。,
2017,平成29年度,36,single,宅建業法,,以下の記述のうち、宅地建物取引業法の規定に照らすと、正しいものを選びなさい。なお、 この問において「免許」とは、宅地建物取引業の免許をいう。,,,,,,宅地建物取引業者Aは、免許の更新を申請したが、免許権者である甲県知事の申請に対する処分がなされないまま、免許の有効期間が満了した。このとき、Aは、当該処分がなされるまで、宅地建物取引業を営むことができない。,Bは、新たに宅地建物取引業を営むため免許の申請を行った。このとき、Bは、免許の申請から免許を受けるまでの間に、宅地建物取引業を営む旨の広告を行い、取引する物件及び顧客を募ることができる。,宅地建物取引業者Cは、宅地又は建物の売買に関連し、兼業として、新たに不動産管理業を営むこととした。このとき、Cは兼業で不動産管理業を営む旨を、免許権者である国土交通大臣又は都道府県知事に届け出なければならない。,宅地建物取引業者である法人Dが、宅地建物取引業者でない法人Eに吸収合併されたことにより消滅したとき、一般承継人であるEは、Dが締結した宅地又は建物の契約に基づく取引を結了する目的の範囲内において宅地建物取引業者とみなされる。,4,FALSE,FALSE,,正解は選択肢4です。この問は以下の記述について、問題文の条件を制度の要件・効果に当てはめる問題です。選択肢4の「宅地建物取引業者である法人Dが、宅地建物取引業者でない法人Eに吸収合併されたこ...」という内容が結論に合います。他の選択肢は、主体・手続・期間・効果などの点でずれています。,1:（1）「宅地建物取引業者Aは、免許の更新を申請したが、免許権者である甲県知事の申請に対する処分がなされな…」について：他の選択肢は、主体・手続・期間・効果などの点でずれています。;2:（2）「Bは、新たに宅地建物取引業を営むため免許の申請を行った。このとき、Bは、免許の申請から免許を受けるまでの間に、宅地建物取引業を営む旨の広告を行い、取引する物件及び顧客を募ることができる。」は、作業主任者の選任が必要な作業の組合せ（DEED）を含んでいません。解説のとおり、該当作業と非該当作業の区別を確認してください。 （2）「Bは、新たに宅地建物取引業を営むため免許の申請を行った。このとき、Bは、免許の申請から免許を受け…」について：他の選択肢は、主体・手続・期間・効果などの点でずれています。;3:（3）「宅地建物取引業者Cは、宅地又は建物の売買に関連し、兼業として、新たに不動産管理業を営むこととした…」について：他の選択肢は、主体・手続・期間・効果などの点でずれています。,正解は選択肢4です。 選択肢4の「宅地建物取引業者である法人Dが、宅地建物取引業者でない法人Eに吸収合併されたこ...」という内容が結論に合います。,正解は選択肢4です。,
2017,平成29年度,37,single,宅建業法,,以下の記述のうち、宅地建物取引業法(以下、本問では「法」という。)の規定に照らすと、正しいものを選びなさい。,,,,,,宅地建物取引士は、取引の関係者から請求があったときは、物件の買受けの申込みの前であっても宅地建物取引士証を提示する必要があるが、このときに提示したとき、後日、 法第35条に規定する重要事項の説明をする際は、宅地建物取引士証を提示する必要はない。,甲県知事の登録を受けている宅地建物取引士Aは、乙県に主たる事務所を置く宅地建物取引業者Bの専任の宅地建物取引士となる場合、乙県知事に登録を移転する必要がある。,宅地建物取引士の登録を受けるには、宅地建物取引士資格試験に合格した者で、 2年以上の実務の経験を有するもの又は国土交通大臣がその実務の経験を有するものと同等以上の能力を有すると認めたものであり、法で定める事由に該当しないことが必要である。,宅地建物取引士は、取引の関係者から請求があったときは、従業者証明書を提示する必要があるが、法第35条に規定する重要事項の説明をする際は、宅地建物取引士証の提示が義務付けられているため、宅地建物取引士証の提示をもって、従業者証明書の提示に代えることができる。,3,FALSE,FALSE,,正解は選択肢3です。この問は以下の記述について、問題文の条件を制度の要件・効果に当てはめる問題です。選択肢3の「宅地建物取引士の登録を受けるには、宅地建物取引士資格試験に合格した者で、 2年...」という内容が結論に合います。他の選択肢は、主体・手続・期間・効果などの点でずれています。,1:（1）「宅地建物取引士は、取引の関係者から請求があったときは、物件の買受けの申込みの前であっても宅地建物…」について：他の選択肢は、主体・手続・期間・効果などの点でずれています。;2:（2）「甲県知事の登録を受けている宅地建物取引士Aは、乙県に主たる事務所を置く宅地建物取引業者Bの専任の…」について：他の選択肢は、主体・手続・期間・効果などの点でずれています。;4:（4）「宅地建物取引士は、取引の関係者から請求があったときは、従業者証明書を提示する必要があるが、法第3…」について：他の選択肢は、主体・手続・期間・効果などの点でずれています。,正解は選択肢3です。 選択肢3の「宅地建物取引士の登録を受けるには、宅地建物取引士資格試験に合格した者で、 2年...」という内容が結論に合います。,正解は選択肢3です。,
2017,平成29年度,38,single,宅建業法,,宅地建物取引業者Aが、宅地建物取引業法(以下、本問では「法」という。)第37条の規定により交付すべき書面(以下、本問では「37条書面」という。)についての以下の記述のうち、法の規定に違反しないものはどれか。,,,,,,Aは、売主を代理して宅地の売買契約を締結した際、買主にのみ37条書面を交付した。,Aは、自ら売主となる宅地の売買契約において、手付金等を受領するにもかかわらず、 37 条書面に手付金等の保全措置の内容を記載しなかった。,Aは、媒介により宅地の売買契約を成立させたときに、契約の解除に関する定めがあるにもかかわらず、37条書面にその内容を記載しなかった。,Aは、自ら売主となる宅地の売買契約において瑕疵担保責任に関する特約を定めたが、買主が宅地建物取引業者であり、瑕疵担保責任に関する特約を自由に定めることができるため、37条書面にその内容を記載しなかった。,2,FALSE,FALSE,,正解は選択肢2です。この問は宅建業法について、問題文の条件を制度の要件・効果に当てはめる問題です。選択肢2の「Aは、自ら売主となる宅地の売買契約において、手付金等を受領するにもかかわらず、...」という内容が結論に合います。他の選択肢は、主体・手続・期間・効果などの点でずれています。,1:（1）「Aは、売主を代理して宅地の売買契約を締結した際、買主にのみ37条書面を交付した。」は、作業主任者の選任が必要な作業の組合せ（A）を含んでいません。解説のとおり、該当作業と非該当作業の区別を確認してください。 （1）「Aは、売主を代理して宅地の売買契約を締結した際、買主にのみ37条書面を交付した。…」について：他の選択肢は、主体・手続・期間・効果などの点でずれています。;3:（3）「Aは、媒介により宅地の売買契約を成立させたときに、契約の解除に関する定めがあるにもかかわらず、37条書面にその内容を記載しなかった。」は、作業主任者の選任が必要な作業の組合せ（A）を含んでいません。解説のとおり、該当作業と非該当作業の区別を確認してください。 （3）「Aは、媒介により宅地の売買契約を成立させたときに、契約の解除に関する定めがあるにもかかわらず、3…」について：他の選択肢は、主体・手続・期間・効果などの点でずれています。;4:（4）「Aは、自ら売主となる宅地の売買契約において瑕疵担保責任に関する特約を定めたが、買主が宅地建物取引業者であり、瑕疵担保責任に関する特約を自由に定めることができるため、37条書面にその内容を記載しなかった。」は、作業主任者の選任が必要な作業の組合せ（A）を含んでいません。解説のとおり、該当作業と非該当作業の区別を確認してください。,正解は選択肢2です。 選択肢2の「Aは、自ら売主となる宅地の売買契約において、手付金等を受領するにもかかわらず、...」という内容が結論に合います。,正解は選択肢2です。,
2017,平成29年度,39,single,宅建業法,,営業保証金を供託している宅地建物取引業者Aと宅地建物取引業保証協会(以下、本問では「保証協会」という。)の社員である宅地建物取引業者Bについての以下の記述のうち、宅地建物取引業法の規定に照らすと、正しいものがいくつあるか選びなさい。 ア A(国土交通大臣免許)は、甲県内にある主たる事務所とは別に、乙県内に新たに従たる事務所を設置したときは、営業保証金をその従たる事務所の最寄りの供託所に供託しなければならない。 イ Aは、平成29年5月1日に、Bに手付金500万円を支払い、宅地の売買契約を締結した。 宅地の引渡しの前にBが失踪し、宅地の引渡しを受けることができなくなったときは、Aは、 手付金について、弁済業務保証金から弁済を受けることができる。 ウ Bは、保証協会の社員の地位を失ったときは、その地位を失った日から1週間以内に、営業保証金を供託しなければならない。 エ Bの取引に関して弁済業務保証金の還付があったときは、Bは、保証協会から当該還付額に相当する額の還付充当金を納付すべき旨の通知を受けた日から2週間以内に、還付充当金を保証協会に納付しなければならない。,,,,,,正しい記述は一つである。,正しい記述は二つである。,正しい記述は三つである。,正しい記述は四つである。,2,FALSE,FALSE,,正解は選択肢2です。正しい記述は二つである。 各記述を個別に判定し、正しいもの・誤っているもの・違反するものなどの数を数える問題です。,1:（1）「正しい記述は一つである。」は、単独の記述としては法令上妥当な場合がありますが、本問で選ぶべき正答は（2）「正しい記述は二つである。」です。問題文の条件（営業保証金を供託している宅地建物取引業者Aと宅地建物取引業保証協会(以下、本問では「保証協会」と…）と照らし、設問が問う論点に合う肢を選び直してください。;3:（3）「正しい記述は三つである。」は、単独の記述としては法令上妥当な場合がありますが、本問で選ぶべき正答は（2）「正しい記述は二つである。」です。問題文の条件（営業保証金を供託している宅地建物取引業者Aと宅地建物取引業保証協会(以下、本問では「保証協会」と…）と照らし、設問が問う論点に合う肢を選び直してください。;4:（4）「正しい記述は四つである。」は、単独の記述としては法令上妥当な場合がありますが、本問で選ぶべき正答は（2）「正しい記述は二つである。」です。問題文の条件（営業保証金を供託している宅地建物取引業者Aと宅地建物取引業保証協会(以下、本問では「保証協会」と…）と照らし、設問が問う論点に合う肢を選び直してください。,正解は選択肢2です。 正しい記述は二つである。,正解は選択肢2です。,
2017,平成29年度,40,single,宅建業法,,宅地建物取引業法(以下、本問では「法」という。)第37条の規定により交付すべき書面(以下、本問では f37条書面」という。)についての以下の記述のうち、法の規定に違反しないものはどれか。,,,,,,宅地建物取引業者Aは、中古マンションの売買の媒介において、当該マンションの代金の支払の時期及び引渡しの時期について、重要事項説明書に記載して説明を行ったので、 37 条書面には記載しなかった。,宅地建物取引業者である売主Bは、宅地建物取引業者Cの媒介により、宅地建物取引業者ではない買主Dと宅地の売買契約を締結した。Bは、Cと共同で作成した37条書面にCの宅地建物取引士の記名押印がなされていたため、その書面に、Bの宅地建物取引士をして記名押印をさせなかった。,売主である宅地建物取引業者Eの宅地建物取引士Fは、宅地建物取引業者ではない買主Gに37条書面を交付する際、Gから求められなかったので、宅地建物取引士証をGに提示せずに当該書面を交付した。,宅地建物取引業者Hは、宅地建物取引業者ではない売主Iから中古住宅を購入する契約を締結したが、Iが売主であるためIに37条書面を交付しなかった。,3,FALSE,FALSE,,正解は選択肢3です。この問は宅建業法について、問題文の条件を制度の要件・効果に当てはめる問題です。選択肢3の「売主である宅地建物取引業者Eの宅地建物取引士Fは、宅地建物取引業者ではない買主...」という内容が結論に合います。他の選択肢は、主体・手続・期間・効果などの点でずれています。,1:（1）「宅地建物取引業者Aは、中古マンションの売買の媒介において、当該マンションの代金の支払の時期及び引…」について：他の選択肢は、主体・手続・期間・効果などの点でずれています。;2:（2）「宅地建物取引業者である売主Bは、宅地建物取引業者Cの媒介により、宅地建物取引業者ではない買主Dと…」について：他の選択肢は、主体・手続・期間・効果などの点でずれています。;4:（4）「宅地建物取引業者Hは、宅地建物取引業者ではない売主Iから中古住宅を購入する契約を締結したが、Iが…」について：他の選択肢は、主体・手続・期間・効果などの点でずれています。,正解は選択肢3です。 選択肢3の「売主である宅地建物取引業者Eの宅地建物取引士Fは、宅地建物取引業者ではない買主...」という内容が結論に合います。,正解は選択肢3です。,
2017,平成29年度,41,single,宅建業法,,宅地建物取引業者が行う宅地建物取引業法第35条に規定する重要事項の説明についての以下の記述のうち、誤っているものを選びなさい。なお、説明の相手方は宅地建物取引業者ではないものとして扱う。,,,,,,区分所有建物の売買の媒介を行う場合、当該1棟の建物及びその敷地の管理が委託されているときは、その委託を受けている者の氏名(法人にあっては、その商号又は名称)及び住所(法人にあっては、その主たる事務所の所在地)を説明する必要がある。,土地の売買の媒介を行う場合、移転登記の申請の時期の定めがあるときは、その内容を説明する必要がある。,住宅の売買の媒介を行う場合、宅地内のガス配管設備等に関して、当該住宅の売買後においても当該ガス配管設備等の所有権が家庭用プロパンガス販売業者にあるものとするときは、 その内容を説明する必要がある。,中古マンションの売買の媒介を行う場合、当該マンションの計画的な維持修繕のための費用の積立てを行う旨の規約の定めがあるときは、その内容及び既に積み立てられている額について説明する必要がある。,2,FALSE,FALSE,,正解は選択肢2です。この問は宅地建物取引業者が行う宅地建物取引業法第35条に規定する重要事項の説明について、問題文の条件を制度の要件・効果に当てはめる問題です。選択肢2の「土地の売買の媒介を行う場合、移転登記の申請の時期の定めがあるときは、その内容を...」という内容が結論に合います。他の選択肢は、主体・手続・期間・効果などの点でずれています。,1:（1）「区分所有建物の売買の媒介を行う場合、当該1棟の建物及びその敷地の管理が委託されているときは、その…」について：他の選択肢は、主体・手続・期間・効果などの点でずれています。;3:（3）「住宅の売買の媒介を行う場合、宅地内のガス配管設備等に関して、当該住宅の売買後においても当該ガス配…」について：他の選択肢は、主体・手続・期間・効果などの点でずれています。;4:（4）「中古マンションの売買の媒介を行う場合、当該マンションの計画的な維持修繕のための費用の積立てを行う…」について：他の選択肢は、主体・手続・期間・効果などの点でずれています。,正解は選択肢2です。 選択肢2の「土地の売買の媒介を行う場合、移転登記の申請の時期の定めがあるときは、その内容を...」という内容が結論に合います。,正解は選択肢2です。,
2017,平成29年度,42,single,宅建業法,,宅地建物取引業者が行う広告についての以下の記述のうち、宅地建物取引業法の規定に照らすと、正しいものがいくつあるか選びなさい。 ア 宅地の販売広告において、宅地の将来の環境について、著しく事実に相違する表示をしてはならない。 イ 宅地又は建物に係る広告の表示項目の中に、取引物件に係る現在又は将来の利用の制限があるが、この制限には、都市計画法に基づく利用制限等の公法上の制限だけではなく、借地権の有無等の私法上の制限も含まれる。 ウ 顧客を集めるために売る意思のない条件の良い物件を広告することにより他の物件を販売しようとした場合、取引の相手方が実際に誤認したか否か、あるいは損害を受けたか否かにかかわらず、監督処分の対象となる。 エ 建物の売却について代理を依頼されて広告を行う場合、取引態様として、代理であることを明示しなければならないが、その後、当該物件の購入の注文を受けたとき、広告を行った時点と取引態様に変更がない場合でも、遅滞なく、その注文者に対し取引態様を明らかにしなければならない。,,,,,,正しい記述は一つである。,正しい記述は二つである。,正しい記述は三つである。,正しい記述は四つである。,4,FALSE,FALSE,,正解は選択肢4です。正しい記述は四つである。 各記述を個別に判定し、正しいもの・誤っているもの・違反するものなどの数を数える問題です。,1:（1）「正しい記述は一つである。」は、単独の記述としては法令上妥当な場合がありますが、本問で選ぶべき正答は（4）「正しい記述は四つである。」です。問題文の条件（宅地建物取引業者が行う広告についての以下の記述のうち、宅地建物取引業法の規定に照らすと、正しいも…）と照らし、設問が問う論点に合う肢を選び直してください。;2:（2）「正しい記述は二つである。」は、単独の記述としては法令上妥当な場合がありますが、本問で選ぶべき正答は（4）「正しい記述は四つである。」です。問題文の条件（宅地建物取引業者が行う広告についての以下の記述のうち、宅地建物取引業法の規定に照らすと、正しいも…）と照らし、設問が問う論点に合う肢を選び直してください。;3:（3）「正しい記述は三つである。」は、単独の記述としては法令上妥当な場合がありますが、本問で選ぶべき正答は（4）「正しい記述は四つである。」です。問題文の条件（宅地建物取引業者が行う広告についての以下の記述のうち、宅地建物取引業法の規定に照らすと、正しいも…）と照らし、設問が問う論点に合う肢を選び直してください。,正解は選択肢4です。 正しい記述は四つである。,正解は選択肢4です。,
2017,平成29年度,43,single,宅建業法,,宅地建物取引業者Aが、BからB所有の中古マンションの売却の依頼を受け、Bと専任媒介契約(専属専任媒介契約ではない媒介契約)を締結した場合についての以下の記述のうち、宅地建物取引業法(以下、本問では「法」という。)の規定に照らすと、正しいものがいくつあるか選びなさい。 ア Aは、 2週間に1回以上当該専任媒介契約に係る業務の処理状況をBに報告しなければならないが、これに加え、当該中古マンションについて購入の申込みがあったときは、遅滞なく、その旨をBに報告しなければならない。 イ 当該専任媒介契約の有効期間は、 3月を超えることができず、また、依頼者の更新しない旨の申出がなければ自動更新とする旨の特約も認められない。ただし、Bが宅地建物取引業者である場合は、AとBの合意により、自動更新とすることができる。 ウ Aは、当該専任媒介契約の締結の日から7日(ただし、Aの休業日は含まない。)以内に所定の事項を指定流通機構に登録しなければならず、また、法第50条の6に規定する登録を証する書面を遅滞なくBに提示しなければならない。 エ 当該専任媒介契約に係る通常の広告費用はAの負担であるが、指定、流通機構へのa 情報登録及びBがAに特別に依頼した広告に係る費用については、成約したか否かにかかわらず、国土交通大臣の定める報酬の限度額を超えてその費用をBに請求することができる。,,,,,,正しい記述は一つである。,正しい記述は二つである。,正しい記述は三つである。,正しい記述は四つである。,1,FALSE,FALSE,,正解は選択肢1です。正しい記述は一つである。 各記述を個別に判定し、正しいもの・誤っているもの・違反するものなどの数を数える問題です。,2:（2）「正しい記述は二つである。」は、単独の記述としては法令上妥当な場合がありますが、本問で選ぶべき正答は（1）「正しい記述は一つである。」です。問題文の条件（宅地建物取引業者Aが、BからB所有の中古マンションの売却の依頼を受け、Bと専任媒介契約(専属専任…）と照らし、設問が問う論点に合う肢を選び直してください。;3:（3）「正しい記述は三つである。」は、単独の記述としては法令上妥当な場合がありますが、本問で選ぶべき正答は（1）「正しい記述は一つである。」です。問題文の条件（宅地建物取引業者Aが、BからB所有の中古マンションの売却の依頼を受け、Bと専任媒介契約(専属専任…）と照らし、設問が問う論点に合う肢を選び直してください。;4:（4）「正しい記述は四つである。」は、単独の記述としては法令上妥当な場合がありますが、本問で選ぶべき正答は（1）「正しい記述は一つである。」です。問題文の条件（宅地建物取引業者Aが、BからB所有の中古マンションの売却の依頼を受け、Bと専任媒介契約(専属専任…）と照らし、設問が問う論点に合う肢を選び直してください。,正解は選択肢1です。 正しい記述は一つである。,正解は選択肢1です。,
2017,平成29年度,44,single,宅建業法,,宅地建物取引業の免許(以下、本問では「免許」という。)についての以下の記述のうち、宅地建物取引業法の規定に照らすと、正しいものを選びなさい。,,,,,,宅地建物取引業者A社が免許を受けていないB社との合併により消滅する場合、存続会社であるB社はA社の免許を承継できる。,個人である宅地建物取引業者Cがその事業を法人化するため、新たに株式会社Dを設立しその代表取締役に就任する場合、D社はCの免許を承継できる。,個人である宅地建物取引業者E(甲県知事免許)が死亡したとき、その相続人は、Eの死亡を知った日から30日以内に、その内容を甲県知事に届け出なければならず、免許はその届出があった日に失効する。,宅地建物取引業者F社(乙県知事免許)が株主総会の決議により解散することとなった場合、その清算人は、当該解散の白から30日以内に、その内容を乙県知事に届け出なければならない。,4,FALSE,FALSE,,正解は選択肢4です。この問は宅地建物取引業の免許(以下、本問では「免許」という。)について、問題文の条件を制度の要件・効果に当てはめる問題です。選択肢4の「宅地建物取引業者F社(乙県知事免許)が株主総会の決議により解散することとなった...」という内容が結論に合います。他の選択肢は、主体・手続・期間・効果などの点でずれています。,1:（1）「宅地建物取引業者A社が免許を受けていないB社との合併により消滅する場合、存続会社であるB社はA社…」について：他の選択肢は、主体・手続・期間・効果などの点でずれています。;2:（2）「個人である宅地建物取引業者Cがその事業を法人化するため、新たに株式会社Dを設立しその代表取締役に…」について：他の選択肢は、主体・手続・期間・効果などの点でずれています。;3:（3）「個人である宅地建物取引業者E(甲県知事免許)が死亡したとき、その相続人は、Eの死亡を知った日から…」について：他の選択肢は、主体・手続・期間・効果などの点でずれています。,正解は選択肢4です。 選択肢4の「宅地建物取引業者F社(乙県知事免許)が株主総会の決議により解散することとなった...」という内容が結論に合います。,正解は選択肢4です。,
2017,平成29年度,45,single,宅建業法,,宅地建物取引業者Aが自ら売主として、宅地建物取引業者でない買主Bに新築住宅を販売する場合における以下の記述のうち、特定住宅瑕疵担保責任の履行の確保等に関する法律の規定に照らすと、正しいものを選びなさい。,,,,,,Aは、住宅販売瑕疵担保保証金の供託をする場合、Bに対し、当該住宅を引き渡すまでに、 供託所の所在地等について記載した書面を交付して説明する必要がある。,自ら売主として新築住宅をBに引き渡したAが、住宅販売瑕疵担保保証金を供託する場合、 その住宅の床面積が55㎡以下であるときは、新築住宅の合計戸数の算定に当たって、床面積55㎡以下の住宅2戸をもって1戸と数えることになる。,Aは、基準日に係る住宅販売瑕疵担保保証金の供託及び住宅販売瑕疵担保責任保険契約の締結の状況についての届出をしなければ、当該基準日から1月を経過した日以後においては、 新たに自ら売主となる新築住宅の売買契約を締結してはいけない。,Aは、住宅販売瑕疵担保責任保険契約の締結をしたとき、当該住宅を引き渡した時から 10年間、当該住宅の給水設備又はガス設備の瑕疵によって生じた損害について保険金の支払を受けることができる。,2,FALSE,FALSE,,正解は選択肢2です。この問は宅建業法について、問題文の条件を制度の要件・効果に当てはめる問題です。選択肢2の「自ら売主として新築住宅をBに引き渡したAが、住宅販売瑕疵担保保証金を供託する場...」という内容が結論に合います。他の選択肢は、主体・手続・期間・効果などの点でずれています。,1:（1）「Aは、住宅販売瑕疵担保保証金の供託をする場合、Bに対し、当該住宅を引き渡すまでに、 供託所の所在地等について記載した書面を交付して説明する必要がある。」は、作業主任者の選任が必要な作業の組合せ（BA）を含んでいません。解説のとおり、該当作業と非該当作業の区別を確認してください。 （1）「Aは、住宅販売瑕疵担保保証金の供託をする場合、Bに対し、当該住宅を引き渡すまでに、 供託所の所在…」について：他の選択肢は、主体・手続・期間・効果などの点でずれています。;3:（3）「Aは、基準日に係る住宅販売瑕疵担保保証金の供託及び住宅販売瑕疵担保責任保険契約の締結の状況についての届出をしなければ、当該基準日から1月を経過した日以後においては、 新たに自ら売主となる新築住宅の売買契約を締結してはいけない。」は、作業主任者の選任が必要な作業の組合せ（BA）を含んでいません。解説のとおり、該当作業と非該当作業の区別を確認してください。 （3）「Aは、基準日に係る住宅販売瑕疵担保保証金の供託及び住宅販売瑕疵担保責任保険契約の締結の状況につい…」について：他の選択肢は、主体・手続・期間・効果などの点でずれています。;4:（4）「Aは、住宅販売瑕疵担保責任保険契約の締結をしたとき、当該住宅を引き渡した時から 10年間、当該住宅の給水設備又はガス設備の瑕疵によって生じた損害について保険金の支払を受けることができる。」は、作業主任者の選任が必要な作業の組合せ（BA）を含んでいません。解説のとおり、該当作業と非該当作業の区別を確認してください。 （4）「Aは、住宅販売瑕疵担保責任保険契約の締結をしたとき、当該住宅を引き渡した時から 10年間、当該住…」について：他の選択肢は、主体・手続・期間・効果などの点でずれています。,正解は選択肢2です。 選択肢2の「自ら売主として新築住宅をBに引き渡したAが、住宅販売瑕疵担保保証金を供託する場...」という内容が結論に合います。,正解は選択肢2です。,
2017,平成29年度,46,single,税・その他,,独立行政法人住宅金融支援機構(以下、本問では「機構」という。)についての以下の記述のうち、誤っているものを選びなさい。,,,,,,機構は、団体信用生命保険業務として、貸付けを受けた者が死亡したときのみならず、重度障害となったときにも、支払われる生命保険の保険金を当該貸付けに係る債務の弁済に充当できる。,機構は、直接融資業務において、高齢者の死亡時に一括償還をする方法により貸付金の償還を受けるときは、当該貸付金の貸付けのために設定された抵当権の効力の及ぶ範囲を超えて、弁済の請求をしないことができる。,証券化支援業務(買取型)に係る貸付金の利率は、貸付けに必要な資金の調達に係る金利その他の事情を勘案して機構が定めるため、どの金融機関においても同一の利率が適用される。,証券化支援業務(買取型)において、機構による譲受けの対象となる住宅の購入に必要な資金の貸付けに係る金融機関の貸付債権には、当該住宅の購入に付随する改良に必要な資金も含まれる。,3,FALSE,FALSE,,正解は選択肢3です。この問は独立行政法人住宅金融支援機構(以下、本問では「機構」という。)について、問題文の条件を制度の要件・効果に当てはめる問題です。選択肢3の「証券化支援業務(買取型)に係る貸付金の利率は、貸付けに必要な資金の調達に係る金...」という内容が結論に合います。他の選択肢は、主体・手続・期間・効果などの点でずれています。,1:（1）「機構は、団体信用生命保険業務として、貸付けを受けた者が死亡したときのみならず、重度障害となったと…」について：他の選択肢は、主体・手続・期間・効果などの点でずれています。;2:（2）「機構は、直接融資業務において、高齢者の死亡時に一括償還をする方法により貸付金の償還を受けるときは…」について：他の選択肢は、主体・手続・期間・効果などの点でずれています。;4:（4）「証券化支援業務(買取型)において、機構による譲受けの対象となる住宅の購入に必要な資金の貸付けに係…」について：他の選択肢は、主体・手続・期間・効果などの点でずれています。,正解は選択肢3です。 選択肢3の「証券化支援業務(買取型)に係る貸付金の利率は、貸付けに必要な資金の調達に係る金...」という内容が結論に合います。,正解は選択肢3です。,
2017,平成29年度,47,single,税・その他,,宅地建物取引業者がインターネット不動産情報サイトにおいて行った広告表示についての以下の記述のうち、不当景品類及び不当表示防止法(不動産の表示に関する公正競争規約を含む。)の規定に照らすと、正しいものを選びなさい。,,,,,,物件の所有者に媒介を依頼された宅地建物取引業者Aから入手した当該物件に関する情報を、宅地建物取引業者Bが、そのままインタ}ネット不動産情報サイトに表示し広告を行っていれば、仮に入手した物件に関する情報が間違っていたとしても不当表示に問われることはない。,新築の建売住宅について、建築中で外装が完成していなかったため、当該建売住宅と規模、 外観等は同一で、はないが同じ施工業者が他の地域で手掛けた建売住宅の外観写真を、施工例である旨を明記して掲載した。この広告表示が不当表示に問われることはない。,取引しようとする賃貸物件から最寄りの甲駅までの徒歩所要時間を表示するため、当該物件から甲駅までの道路距離を80mで除して算出したところ5.25分であったので、 1分未満を四捨五入して「甲駅から5分」と表示した。この広告表示が不当表示に問われることはない。,新築分譲マンションについて、パンフレットには当該マンションの全戸数の専有面積を表示したが、インターネット広告には当該マンションの全戸数の専有面積のうち、最小面積及び最大面積のみを表示した。この広告表示が不当表示に問われることはない。,4,FALSE,FALSE,,正解は選択肢4です。この問は宅地建物取引業者がインターネット不動産情報サイトにおいて行った広告表示について、問題文の条件を制度の要件・効果に当てはめる問題です。選択肢4の「新築分譲マンションについて、パンフレットには当該マンションの全戸数の専有面積を...」という内容が結論に合います。他の選択肢は、主体・手続・期間・効果などの点でずれています。,1:（1）「物件の所有者に媒介を依頼された宅地建物取引業者Aから入手した当該物件に関する情報を、宅地建物取引…」について：他の選択肢は、主体・手続・期間・効果などの点でずれています。;2:（2）「新築の建売住宅について、建築中で外装が完成していなかったため、当該建売住宅と規模、 外観等は同一…」について：他の選択肢は、主体・手続・期間・効果などの点でずれています。;3:（3）「取引しようとする賃貸物件から最寄りの甲駅までの徒歩所要時間を表示するため、当該物件から甲駅までの…」について：他の選択肢は、主体・手続・期間・効果などの点でずれています。,正解は選択肢4です。 選択肢4の「新築分譲マンションについて、パンフレットには当該マンションの全戸数の専有面積を...」という内容が結論に合います。,正解は選択肢4です。,
2017,平成29年度,48,single,税・その他,,以下の記述のうち、正しいものを選びなさい。,,,,,,平成29年地価公示(平成29年3月公表)によれば、住宅地の公示地価の全国平均は、 9年連続で下落した。,建築着工統計(平成29年1月公表)によれば、平成28年の持家の新設着工戸数は約 29.2万戸となり、 3年ぶりに増加に転じた。,平成29年版土地白書(平成29年5月公表)によれば、土地取引について、売買による所有権移転登記の件数でその動向を見ると、平成28年の全国の土地取引件数は129万件となり、 2年連続の減少となった。,"平成27年度法人企業統計年報(平成28年9月公表)によれば、平成27年度における不動産業の経常利益は約4兆3,000億円となっており、前年度比7.5%増となった。",2,FALSE,FALSE,,正解は選択肢2です。この問は以下の記述について、問題文の条件を制度の要件・効果に当てはめる問題です。選択肢2の「建築着工統計(平成29年1月公表)によれば、平成28年の持家の新設着工戸数は約...」という内容が結論に合います。他の選択肢は、主体・手続・期間・効果などの点でずれています。,1:（1）「平成29年地価公示(平成29年3月公表)によれば、住宅地の公示地価の全国平均は、 9年連続で下落…」について：他の選択肢は、主体・手続・期間・効果などの点でずれています。;3:（3）「平成29年版土地白書(平成29年5月公表)によれば、土地取引について、売買による所有権移転登記の…」について：他の選択肢は、主体・手続・期間・効果などの点でずれています。;4:（4）「平成27年度法人企業統計年報(平成28年9月公表)によれば、平成27年度における不動産業の経常利…」について：他の選択肢は、主体・手続・期間・効果などの点でずれています。,正解は選択肢2です。 選択肢2の「建築着工統計(平成29年1月公表)によれば、平成28年の持家の新設着工戸数は約...」という内容が結論に合います。,正解は選択肢2です。,
2017,平成29年度,49,single,税・その他,,土地についての以下の記述のうち、最も適当でないものを選びなさい。 れき,,,,,,扇状地は、山地から河川により運ばれてきた砂喋等が堆積して形成された地盤である。,三角州は、河川の河口付近に見られる軟弱な地盤である。,台地は、一般に地盤が安定しており、低地に比べ、自然災害に対して安全度は高い。,埋立地は、一般に海面に対して比高を持ち、干拓地に比べ、水害に対して危険である。,4,FALSE,FALSE,,正解は選択肢4です。この問は土地について、問題文の条件を制度の要件・効果に当てはめる問題です。選択肢4の「埋立地は、一般に海面に対して比高を持ち、干拓地に比べ、水害に対して危険である。」という内容が結論に合います。他の選択肢は、主体・手続・期間・効果などの点でずれています。,1:（1）「扇状地は、山地から河川により運ばれてきた砂喋等が堆積して形成された地盤である。…」について：他の選択肢は、主体・手続・期間・効果などの点でずれています。;2:（2）「三角州は、河川の河口付近に見られる軟弱な地盤である。…」について：他の選択肢は、主体・手続・期間・効果などの点でずれています。;3:（3）「台地は、一般に地盤が安定しており、低地に比べ、自然災害に対して安全度は高い。…」について：他の選択肢は、主体・手続・期間・効果などの点でずれています。,正解は選択肢4です。 選択肢4の「埋立地は、一般に海面に対して比高を持ち、干拓地に比べ、水害に対して危険である。,正解は選択肢4です。,
2017,平成29年度,50,single,税・その他,,建物の構造と材料についての以下の記述のうち、最も適当でないものを選びなさい。,,,,,,木材の強度は、含水率が小さい状態の方が低くなる。,鉄筋は、炭素含有量が多いほど、引張強度が増大する傾向がある。,常温、常圧において、鉄筋と普通コンクリートを比較すると、熱膨張率はほぼ等しい。,鉄筋コンクリ}ト構造は、耐火性、耐久性があり、耐震性、耐風性にも優れた構造である。 平成２９年度宅地建物取引士資格試験,1,FALSE,FALSE,,正解は選択肢1です。この問は建物の構造と材料について、問題文の条件を制度の要件・効果に当てはめる問題です。選択肢1の「木材の強度は、含水率が小さい状態の方が低くなる。」という内容が結論に合います。他の選択肢は、主体・手続・期間・効果などの点でずれています。,2:（2）「鉄筋は、炭素含有量が多いほど、引張強度が増大する傾向がある。…」について：他の選択肢は、主体・手続・期間・効果などの点でずれています。;3:（3）「常温、常圧において、鉄筋と普通コンクリートを比較すると、熱膨張率はほぼ等しい。…」について：他の選択肢は、主体・手続・期間・効果などの点でずれています。;4:（4）「鉄筋コンクリ}ト構造は、耐火性、耐久性があり、耐震性、耐風性にも優れた構造である。 平成２９年度…」について：他の選択肢は、主体・手続・期間・効果などの点でずれています。,正解は選択肢1です。 選択肢1の「木材の強度は、含水率が小さい状態の方が低くなる。,正解は選択肢1です。,
2016,平成28年度,1,single,権利関係,,以下の記述のうち、民法の条文に規定されているものはどれか。,,,,,,利息を生ずべき債権について別段の意思表示がないときは、その利率は、年3%とする旨,賃貸人は、賃借人が賃貸借に基づく金銭債務を履行しないときは、敷金をその債務の弁済に充てることができる旨,免責的債務引受は、債権者と引受人となる者との契約によってできる旨,契約により当事者の一方が第三者に対してある給付をすることを約したときは、その第三者は、債務者に対して直接にその給付を請求する権利を有する旨,4,FALSE,FALSE,,正解は選択肢4です。この問は以下の記述について、問題文の条件を制度の要件・効果に当てはめる問題です。選択肢4の「契約により当事者の一方が第三者に対してある給付をすることを約したときは、その第...」という内容が結論に合います。他の選択肢は、主体・手続・期間・効果などの点でずれています。,1:（1）「利息を生ずべき債権について別段の意思表示がないときは、その利率は、年3%とする旨…」について：他の選択肢は、主体・手続・期間・効果などの点でずれています。;2:（2）「賃貸人は、賃借人が賃貸借に基づく金銭債務を履行しないときは、敷金をその債務の弁済に充てることがで…」について：他の選択肢は、主体・手続・期間・効果などの点でずれています。;3:（3）「免責的債務引受は、債権者と引受人となる者との契約によってできる旨…」について：他の選択肢は、主体・手続・期間・効果などの点でずれています。,正解は選択肢4です。 選択肢4の「契約により当事者の一方が第三者に対してある給付をすることを約したときは、その第...」という内容が結論に合います。,正解は選択肢4です。,
2016,平成28年度,2,single,権利関係,,制限行為能力者についての以下の記述のうち、民法の規定と判例に照らすと、正しいものを選びなさい。,,,,,,古着の仕入販売に関する営業を許された未成年者は、成年者と同一の行為能力を有するので、法定代理人の同意を得ないで、自己が居住するために建物を第三者から購入したとしても、その法定代理人は当該売買契約を取り消すことができない。,被保佐人が、不動産を売却するときは、保佐人の同意が必要であるが、贈与の申し出を拒絶するときは、保佐人の同意は不要である。,成年後見人が、成年被後見人に代わって、成年被後見人が居住している建物を売却する際、 後見監督人がいるときは、後見監督人の許可があれば足り、家庭裁判所の許可は不要である。,被補助人が、補助人の同意を得なければならない行為について、同意を得ていないにもかかわらず、詐術を用いて相手方に補助人の同意を得たと信じさせていたときは、被補助人は当該行為を取り消すことができない。,4,FALSE,FALSE,,正解は選択肢4です。この問は制限行為能力者について、問題文の条件を制度の要件・効果に当てはめる問題です。選択肢4の「被補助人が、補助人の同意を得なければならない行為について、同意を得ていないにも...」という内容が結論に合います。他の選択肢は、主体・手続・期間・効果などの点でずれています。,1:（1）「古着の仕入販売に関する営業を許された未成年者は、成年者と同一の行為能力を有するので、法定代理人の…」について：他の選択肢は、主体・手続・期間・効果などの点でずれています。;2:（2）「被保佐人が、不動産を売却するときは、保佐人の同意が必要であるが、贈与の申し出を拒絶するときは、保…」について：他の選択肢は、主体・手続・期間・効果などの点でずれています。;3:（3）「成年後見人が、成年被後見人に代わって、成年被後見人が居住している建物を売却する際、 後見監督人が…」について：他の選択肢は、主体・手続・期間・効果などの点でずれています。,正解は選択肢4です。 選択肢4の「被補助人が、補助人の同意を得なければならない行為について、同意を得ていないにも...」という内容が結論に合います。,正解は選択肢4です。,
2016,平成28年度,3,single,権利関係,,AがA所有の甲土地をBに売却した場合についての以下の記述のうち、民法の規定と判例に照らすと、正しいものを選びなさい。,,,,,,.Aが甲土地をBに売却する前にCにも売却していた場合、Cは所有権移転登記を備えていなくても、Bに対して甲土地の所有権を主張できる。,AがBの詐欺を理由に甲土地の売却の意思表示を取り消しても、取消しより前にBが甲土地をDに売却し、Dが所有権移転登記を備えたときは、DがBの詐欺の事実を知っていたか否かにかかわらず、AはDに対して甲土地の所有権を主張できない。,Aから甲土地を購入したBは、所有権移転登記を備えていなかった。Eがこれに乗じてBに高値で売りつけて利益を得る目的でAから甲土地を購入し所有権移転登記を備えた場合、EはBに対して甲土地の所有権を主張できない。,AB間の売買契約が、Bの意思表示の動機に錯誤があって締結されたものであるとき、Bが所有権移転登記を備えていても、AはBの錯誤を理由にAB間の売買契約を取り消すことができる。,3,FALSE,FALSE,,正解は選択肢3です。この問はAがA所有の甲土地をBに売却した場合について、問題文の条件を制度の要件・効果に当てはめる問題です。選択肢3の「Aから甲土地を購入したBは、所有権移転登記を備えていなかった。Eがこれに乗じ...」という内容が結論に合います。他の選択肢は、主体・手続・期間・効果などの点でずれています。,1:（1）「.Aが甲土地をBに売却する前にCにも売却していた場合、Cは所有権移転登記を備えていなくても、Bに…」について：他の選択肢は、主体・手続・期間・効果などの点でずれています。;2:（2）「AがBの詐欺を理由に甲土地の売却の意思表示を取り消しても、取消しより前にBが甲土地をDに売却し、Dが所有権移転登記を備えたときは、DがBの詐欺の事実を知っていたか否かにかかわらず、AはDに対して甲土地の所有権を主張できない。」は、作業主任者の選任が必要な作業の組合せ（ABEBAEB）を含んでいません。解説のとおり、該当作業と非該当作業の区別を確認してください。 （2）「AがBの詐欺を理由に甲土地の売却の意思表示を取り消しても、取消しより前にBが甲土地をDに売却し、…」について：他の選択肢は、主体・手続・期間・効果などの点でずれています。;4:（4）「AB間の売買契約が、Bの意思表示の動機に錯誤があって締結されたものであるとき、Bが所有権移転登記を備えていても、AはBの錯誤を理由にAB間の売買契約を取り消すことができる。」は、作業主任者の選任が必要な作業の組合せ（ABEBAEB）を含んでいません。解説のとおり、該当作業と非該当作業の区別を確認してください。 （4）「AB間の売買契約が、Bの意思表示の動機に錯誤があって締結されたものであるとき、Bが所有権移転登記…」について：他の選択肢は、主体・手続・期間・効果などの点でずれています。,正解は選択肢3です。 選択肢3の「Aから甲土地を購入したBは、所有権移転登記を備えていなかった。,正解は選択肢3です。,
2016,平成28年度,4,single,権利関係,,"Aは、A所有の甲土地にBから借り入れた3,000万円の担保として抵当権を設定した。この場合における以下の記述のうち、民法の規定と判例に照らすと、誤っているものを選びなさい。",,,,,,Aが甲土地に抵当権を設定した当時、甲土地上にA所有の建物があり、当該建物をAがCに売却した後、Bの抵当権が実行されてDが甲土地を競落したとき、DはCに対して、甲土地の明渡しを求めることはできない。,甲土地上の建物が火災によって焼失してしまったが、当該建物に火災保険が付されていた場合、Bは、甲土地の抵当権に基づき、この火災保険契約に基づく損害保険金を請求できる。,AがEから500万円を借り入れ、これを担保するために甲土地にEを抵当権者とする第2 順位の抵当権を設定したとき、BとEが抵当権の順位を変更することに合意すれば、Aの同意がなくても、甲土地の抵当権の順位を変更できる。,Bの抵当権設定後、Aが第三者であるFに甲土地を売却したとき、FはBに対して、民法第383条所定の書面を送付して抵当権の消滅を請求できる。 一2-,2,FALSE,FALSE,,"正解は選択肢2です。この問はAは、A所有の甲土地にBから借り入れた3,000万円の担保として抵当権を設定した。こについて、問題文の条件を制度の要件・効果に当てはめる問題です。選択肢2の「甲土地上の建物が火災によって焼失してしまったが、当該建物に火災保険が付されてい...」という内容が結論に合います。他の選択肢は、主体・手続・期間・効果などの点でずれています。",1:（1）「Aが甲土地に抵当権を設定した当時、甲土地上にA所有の建物があり、当該建物をAがCに売却した後、Bの抵当権が実行されてDが甲土地を競落したとき、DはCに対して、甲土地の明渡しを求めることはできない。」は、作業主任者の選任が必要な作業の組合せ（B）を含んでいません。解説のとおり、該当作業と非該当作業の区別を確認してください。 （1）「Aが甲土地に抵当権を設定した当時、甲土地上にA所有の建物があり、当該建物をAがCに売却した後、B…」について：他の選択肢は、主体・手続・期間・効果などの点でずれています。;3:（3）「AがEから500万円を借り入れ、これを担保するために甲土地にEを抵当権者とする第2 順位の抵当権を設定したとき、BとEが抵当権の順位を変更することに合意すれば、Aの同意がなくても、甲土地の抵当権の順位を変更できる。」は、作業主任者の選任が必要な作業の組合せ（B）を含んでいません。解説のとおり、該当作業と非該当作業の区別を確認してください。 （3）「AがEから500万円を借り入れ、これを担保するために甲土地にEを抵当権者とする第2 順位の抵当権…」について：他の選択肢は、主体・手続・期間・効果などの点でずれています。;4:（4）「Bの抵当権設定後、Aが第三者であるFに甲土地を売却したとき、FはBに対して、民法第383条所定の書面を送付して抵当権の消滅を請求できる。 一2-」は、作業主任者の選任が必要な作業の組合せ（B）を含んでいません。解説のとおり、該当作業と非該当作業の区別を確認してください。 （4）「Bの抵当権設定後、Aが第三者であるFに甲土地を売却したとき、FはBに対して、民法第383条所定の…」について：他の選択肢は、主体・手続・期間・効果などの点でずれています。,正解は選択肢2です。 選択肢2の「甲土地上の建物が火災によって焼失してしまったが、当該建物に火災保険が付されてい...」という内容が結論に合います。,正解は選択肢2です。,
2016,平成28年度,5,single,権利関係,,Aが、Bに対する債権をCに譲渡した場合についての以下の記述のうち、民法の規定と判例に照らすと、正しいものを選びなさい。,,,,,,AのBに対する債権に譲渡禁止の特約があり、Cがその特約の存在を知りながら債権の譲渡を受けていれば、Cからさらに債権の譲渡を受けた転得者Dがその特約の存在を知らなかったことにつき重大な過失がない場合でも、BはDに対して特約の存在を対抗できる。,AがBに債権譲渡の通知を発送し、その通知がBに到達していなかったときは、Bが異議をとどめない承諾をしても、BはCに対して当該債権に係る債務の弁済を拒否できる。,AのBに対する債権に譲渡禁止の特約がなく、Cに譲渡された時点ではまだ発生していない将来の取引に関する債権であった場合、その取引の種類、金額、期間などにより当該債権が特定されていたときは、特段の事情がない限り、AからCへの債権譲渡は有効である。,Aに対し弁済期が到来した貸金債権を有していたBは、Aから債権譲渡の通知を受けるまでに、異議をとどめない承諾をせず、相殺の意思表示もしていなかった。その後、Bは、Cから支払請求を受けた際に、Aに対する貸金債権との相殺の意思表示をしたとしても、Cに対抗できない。,3,FALSE,FALSE,,正解は選択肢3です。この問はAが、Bに対する債権をCに譲渡した場合について、問題文の条件を制度の要件・効果に当てはめる問題です。選択肢3の「AのBに対する債権に譲渡禁止の特約がなく、Cに譲渡された時点ではまだ発生して...」という内容が結論に合います。他の選択肢は、主体・手続・期間・効果などの点でずれています。,1:（1）「AのBに対する債権に譲渡禁止の特約があり、Cがその特約の存在を知りながら債権の譲渡を受けていれば、Cからさらに債権の譲渡を受けた転得者Dがその特約の存在を知らなかったことにつき重大な過失がない場合でも、BはDに対して特約の存在を対抗できる。」は、作業主任者の選任が必要な作業の組合せ（ABCAC）を含んでいません。解説のとおり、該当作業と非該当作業の区別を確認してください。;2:（2）「AがBに債権譲渡の通知を発送し、その通知がBに到達していなかったときは、Bが異議をとどめない承諾をしても、BはCに対して当該債権に係る債務の弁済を拒否できる。」は、作業主任者の選任が必要な作業の組合せ（ABCAC）を含んでいません。解説のとおり、該当作業と非該当作業の区別を確認してください。 （2）「AがBに債権譲渡の通知を発送し、その通知がBに到達していなかったときは、Bが異議をとどめない承諾…」について：他の選択肢は、主体・手続・期間・効果などの点でずれています。;4:（4）「Aに対し弁済期が到来した貸金債権を有していたBは、Aから債権譲渡の通知を受けるまでに、異議をとどめない承諾をせず、相殺の意思表示もしていなかった。その後、Bは、Cから支払請求を受けた際に、Aに対する貸金債権との相殺の意思表示をしたとしても、Cに対抗できない。」は、作業主任者の選任が必要な作業の組合せ（ABCAC）を含んでいません。解説のとおり、該当作業と非該当作業の区別を確認してください。 （4）「Aに対し弁済期が到来した貸金債権を有していたBは、Aから債権譲渡の通知を受けるまでに、異議をとど…」について：他の選択肢は、主体・手続・期間・効果などの点でずれています。,正解は選択肢3です。 選択肢3の「AのBに対する債権に譲渡禁止の特約がなく、Cに譲渡された時点ではまだ発生して...」という内容が結論に合います。,正解は選択肢3です。,
2016,平成28年度,6,single,権利関係,,Aを売主、Bを買主とする甲土地の売買契約(以下、本問では「本件契約」 という。)が締結された場合の売主の担保責任についての以下の記述のうち、民法の規定と判例に照らすと、誤っているものを選びなさい。,,,,,,Bが、甲土地がCの所有物であることを知りながら本件契約を締結したとき、Aが甲土地の所有権を取得してBに移転できないときは、BはAに対して、損害賠償を請求できない。,Bが、甲土地がCの所有物であることを知りながら本件契約を締結したとき、Aが甲土地の所有権を取得してBに移転できないときは、Bは、本件契約を解除できる。,Bが、A所有の甲土地が抵当権の目的となっていることを知りながら本件契約を締結したとき、当該抵当権の実行によってBが甲土地の所有権を失い損害を受けたとしても、BはAに対して、損害賠償を請求できない。,Bが、A所有の甲土地が抵当権の目的となっていることを知りながら本件契約を締結したとき、当該抵当権の実行によってBが甲土地の所有権を失ったときは、Bは、本件契約を解除できる。 ← 3 -,3,FALSE,FALSE,,正解は選択肢3です。この問は権利関係について、問題文の条件を制度の要件・効果に当てはめる問題です。選択肢3の「Bが、A所有の甲土地が抵当権の目的となっていることを知りながら本件契約を締結...」という内容が結論に合います。他の選択肢は、主体・手続・期間・効果などの点でずれています。,1:（1）「Bが、甲土地がCの所有物であることを知りながら本件契約を締結したとき、Aが甲土地の所有権を取得してBに移転できないときは、BはAに対して、損害賠償を請求できない。」は、作業主任者の選任が必要な作業の組合せ（BABBA）を含んでいません。解説のとおり、該当作業と非該当作業の区別を確認してください。 （1）「Bが、甲土地がCの所有物であることを知りながら本件契約を締結したとき、Aが甲土地の所有権を取得し…」について：他の選択肢は、主体・手続・期間・効果などの点でずれています。;2:（2）「Bが、甲土地がCの所有物であることを知りながら本件契約を締結したとき、Aが甲土地の所有権を取得してBに移転できないときは、Bは、本件契約を解除できる。」は、作業主任者の選任が必要な作業の組合せ（BABBA）を含んでいません。解説のとおり、該当作業と非該当作業の区別を確認してください。 （2）「Bが、甲土地がCの所有物であることを知りながら本件契約を締結したとき、Aが甲土地の所有権を取得し…」について：他の選択肢は、主体・手続・期間・効果などの点でずれています。;4:（4）「Bが、A所有の甲土地が抵当権の目的となっていることを知りながら本件契約を締結したとき、当該抵当権の実行によってBが甲土地の所有権を失ったときは、Bは、本件契約を解除できる。 ← 3 -」は、作業主任者の選任が必要な作業の組合せ（BABBA）を含んでいません。解説のとおり、該当作業と非該当作業の区別を確認してください。,正解は選択肢3です。 選択肢3の「Bが、A所有の甲土地が抵当権の目的となっていることを知りながら本件契約を締結...」という内容が結論に合います。,正解は選択肢3です。,
2016,平成28年度,7,single,権利関係,,AがBから賃借する甲建物に、運送会社Cに雇用されているDが居眠り運転するトラックが突っ込んで甲建物の一部が損壊した場合(以下「本件事故」という。)についての以下の記述のうち、民法の規定と判例に照らすと、正しいものがいくつあるか選びなさい。なお、DはCの業務として運転をしていたものとして扱う。 ア AはBに対し、甲建物の滅失した部分の割合に応じ、賃料の減額を請求することができる。 イ Aは、甲建物の残りの部分だけでは賃借した目的を達することができない場合、Bとの賃貸借契約を解除することができる。 ウ Cは、使用者責任に基づき、Bに対して本件事故から生じた損害を賠償した場合、Dに対して求償することができるが、その範囲が信義則上相当と認められる限度に制限される場合がある。,,,,,,正しい記述は一つである。,正しい記述は二つである。,正しい記述は三つである。,正しい記述はない。,3,FALSE,FALSE,,正解は選択肢3です。正しい記述は三つである。 各記述を個別に判定し、正しいもの・誤っているもの・違反するものなどの数を数える問題です。,1:（1）「正しい記述は一つである。」は、単独の記述としては法令上妥当な場合がありますが、本問で選ぶべき正答は（3）「正しい記述は三つである。」です。問題文の条件（AがBから賃借する甲建物に、運送会社Cに雇用されているDが居眠り運転するトラックが突っ込んで甲建…）と照らし、設問が問う論点に合う肢を選び直してください。;2:（2）「正しい記述は二つである。」は、単独の記述としては法令上妥当な場合がありますが、本問で選ぶべき正答は（3）「正しい記述は三つである。」です。問題文の条件（AがBから賃借する甲建物に、運送会社Cに雇用されているDが居眠り運転するトラックが突っ込んで甲建…）と照らし、設問が問う論点に合う肢を選び直してください。;4:（4）「正しい記述はない。」は、単独の記述としては法令上妥当な場合がありますが、本問で選ぶべき正答は（3）「正しい記述は三つである。」です。問題文の条件（AがBから賃借する甲建物に、運送会社Cに雇用されているDが居眠り運転するトラックが突っ込んで甲建…）と照らし、設問が問う論点に合う肢を選び直してください。,正解は選択肢3です。 正しい記述は三つである。,正解は選択肢3です。,
2016,平成28年度,8,single,権利関係,,AがBに甲建物を月額10万円で賃貸し、BがAの承諾を得て甲建物をCに適法に月額15万円で転貸している場合における以下の記述のうち、民法の規定と判例に照らすと、 誤っているものを選びなさい。,,,,,,Aは、Bの賃料の不払いを理由に甲建物の賃貸借契約を解除するには、Cに対して、賃料支払の催告をして甲建物の賃料を支払う機会を与えなければならない。,BがAに対して甲建物の賃料を支払期日になっても支払わない場合、AはCに対して、賃料10万円をAに直接支払うよう請求できる。,AがBの債務不履行を理由に甲建物の賃貸借契約を解除したとき、CのBに対する賃料の不払いがなくても、AはCに対して、甲建物の明渡しを求めることができる。,AがBとの間で甲建物の賃貸借契約を合意解除したとき、AはCに対して、Bとの合意解除に基づいて、当然には甲建物の明渡しを求めることができない。,1,FALSE,FALSE,,正解は選択肢1です。この問は権利関係について、問題文の条件を制度の要件・効果に当てはめる問題です。選択肢1の「Aは、Bの賃料の不払いを理由に甲建物の賃貸借契約を解除するには、Cに対して...」という内容が結論に合います。他の選択肢は、主体・手続・期間・効果などの点でずれています。,2:（2）「BがAに対して甲建物の賃料を支払期日になっても支払わない場合、AはCに対して、賃料10万円をAに直接支払うよう請求できる。」は、作業主任者の選任が必要な作業の組合せ（ABC）を含んでいません。解説のとおり、該当作業と非該当作業の区別を確認してください。 （2）「BがAに対して甲建物の賃料を支払期日になっても支払わない場合、AはCに対して、賃料10万円をAに…」について：他の選択肢は、主体・手続・期間・効果などの点でずれています。;3:（3）「AがBの債務不履行を理由に甲建物の賃貸借契約を解除したとき、CのBに対する賃料の不払いがなくても、AはCに対して、甲建物の明渡しを求めることができる。」は、作業主任者の選任が必要な作業の組合せ（ABC）を含んでいません。解説のとおり、該当作業と非該当作業の区別を確認してください。 （3）「AがBの債務不履行を理由に甲建物の賃貸借契約を解除したとき、CのBに対する賃料の不払いがなくても…」について：他の選択肢は、主体・手続・期間・効果などの点でずれています。;4:（4）「AがBとの間で甲建物の賃貸借契約を合意解除したとき、AはCに対して、Bとの合意解除に基づいて、当然には甲建物の明渡しを求めることができない。」は、作業主任者の選任が必要な作業の組合せ（ABC）を含んでいません。解説のとおり、該当作業と非該当作業の区別を確認してください。 （4）「AがBとの間で甲建物の賃貸借契約を合意解除したとき、AはCに対して、Bとの合意解除に基づいて、当…」について：他の選択肢は、主体・手続・期間・効果などの点でずれています。,正解は選択肢1です。 選択肢1の「Aは、Bの賃料の不払いを理由に甲建物の賃貸借契約を解除するには、Cに対して...」という内容が結論に合います。,正解は選択肢1です。,
2016,平成28年度,9,single,権利関係,,以下の1から4までの記述のうち、民法の規定及び下記判決文によれば、誤っているものを選びなさい。 (判決文) 契約の一方当事者が、当該契約の締結に先立ち、信義則上の説明義務に違反して、当該契約を締結するか否かに関する判断に影響を及ぼすべき情報を相手方に提供しなかった場合には、 上記一方当事者は、相手方が当該契約を締結したことにより被った損害につき、不法行為による賠償責任を負うことがあるのは格別、当該契約上の債務の不履行による賠償責任を負うことはないというべきである。(中略)上記のような場合の損害賠償請求権は不法行為により発生したものである(略)。,,,,,,信義則上の説明義務に違反して、当該契約を締結するか否かに関する判断に影響を及ぼすべき情報を買主に提供しなかった売主に対する買主の損害賠償請求権は、買主が損害及び加害者を知った時から3年間行使しないときは、時効により消滅する。,信義則上の説明義務に違反して、当該契約を締結するか否かに関する判断に影響を及ぼすべき情報を買主に提供しなかった売主に対する買主の損害賠償請求権は、損害を被っていることを買主が知らない場合でも、売買契約から10年間行使しないときは、時効により消滅する。,買主に対して債権を有している売主は、信義則上の説明義務に違反して、当該契約を締結するか否かに関する判断に影響を及ぼすべき情報を買主に提供しなかった売主に対する買主の損害賠償請求権を受働債権とする相殺をもって、買主に対抗できない。,売主が信義則上の説明義務に違反して、当該契約を締結するか否かに関する判断に影響を及ぼすべき情報を買主に提供しなかった場合、買主は、売主に対して、この説明義務違反を理由に、売買契約上の債務不履行責任を追及できない。,2,FALSE,FALSE,,正解は選択肢2です。この問は以下の1から4までの記述について、問題文の条件を制度の要件・効果に当てはめる問題です。選択肢2の「信義則上の説明義務に違反して、当該契約を締結するか否かに関する判断に影響を及ぼ...」という内容が結論に合います。他の選択肢は、主体・手続・期間・効果などの点でずれています。,1:選択肢2の「信義則上の説明義務に違反して、当該契約を締結するか否かに関する判断に影響を及ぼ...」という内容が結論に合います。;3:（3）「買主に対して債権を有している売主は、信義則上の説明義務に違反して、当該契約を締結するか否かに関す…」について：他の選択肢は、主体・手続・期間・効果などの点でずれています。;4:（4）「売主が信義則上の説明義務に違反して、当該契約を締結するか否かに関する判断に影響を及ぼすべき情報を…」について：他の選択肢は、主体・手続・期間・効果などの点でずれています。,正解は選択肢2です。 選択肢2の「信義則上の説明義務に違反して、当該契約を締結するか否かに関する判断に影響を及ぼ...」という内容が結論に合います。,正解は選択肢2です。,
2016,平成28年度,10,single,権利関係,,甲建物を所有するAが死亡し、相続人がそれぞれAの子であるB及びCの2名である場合についての以下の記述のうち、民法の規定と判例に照らすと、誤っているものを選びなさい。,,,,,,Bが甲建物を不法占拠するDに対し明渡しを求めたとしても、Bは単純承認をしたものとはみなされない。,Cが甲建物の賃借人Eに対し相続財産である未払賃料の支払いを求め、これを収受領得したときは、Cは単純承認をしたものとみなされる。,Cが単純承認をしたときは、Bは限定承認をできない。,Bが自己のために相続の開始があったことを知らないときであっても、相続の開始から3 か月が経過したときは、Bは単純承認をしたものとみなされる。,4,FALSE,FALSE,,正解は選択肢4です。この問は甲建物を所有するAが死亡し、相続人がそれぞれAの子であるB及びCの2名である場合について、問題文の条件を制度の要件・効果に当てはめる問題です。選択肢4の「Bが自己のために相続の開始があったことを知らないときであっても、相続の開始から...」という内容が結論に合います。他の選択肢は、主体・手続・期間・効果などの点でずれています。,1:（1）「Bが甲建物を不法占拠するDに対し明渡しを求めたとしても、Bは単純承認をしたものとはみなされない。」は、作業主任者の選任が必要な作業の組合せ（BB）を含んでいません。解説のとおり、該当作業と非該当作業の区別を確認してください。 （1）「Bが甲建物を不法占拠するDに対し明渡しを求めたとしても、Bは単純承認をしたものとはみなされない。…」について：他の選択肢は、主体・手続・期間・効果などの点でずれています。;2:（2）「Cが甲建物の賃借人Eに対し相続財産である未払賃料の支払いを求め、これを収受領得したときは、Cは単純承認をしたものとみなされる。」は、作業主任者の選任が必要な作業の組合せ（BB）を含んでいません。解説のとおり、該当作業と非該当作業の区別を確認してください。 （2）「Cが甲建物の賃借人Eに対し相続財産である未払賃料の支払いを求め、これを収受領得したときは、Cは単…」について：他の選択肢は、主体・手続・期間・効果などの点でずれています。;3:（3）「Cが単純承認をしたときは、Bは限定承認をできない。」は、作業主任者の選任が必要な作業の組合せ（BB）を含んでいません。解説のとおり、該当作業と非該当作業の区別を確認してください。 （3）「Cが単純承認をしたときは、Bは限定承認をできない。…」について：他の選択肢は、主体・手続・期間・効果などの点でずれています。,正解は選択肢4です。 選択肢4の「Bが自己のために相続の開始があったことを知らないときであっても、相続の開始から...」という内容が結論に合います。,正解は選択肢4です。,
2016,平成28年度,11,single,権利関係,,Aが居住用の甲建物を所有する目的で、期間30年と定めてBから乙土地を賃借した場合についての以下の記述のうち、借地借家法の規定及び判例に照らすと、正しいものを選びなさい。 なお、Aは借地権登記を備えていないものとして扱う。,,,,,,Aが甲建物を所有していても、建物保存登記をAの子C名義で備えているときは、Bから乙土地を購入して所有権移転登記を備えたDに対して、Aは借地権を対抗できない。,Aが甲建物を所有していても、登記上の建物の所在地番、床面積等が少しでも実際のものと相違しているときは、建物の同一性が否定されるようなものでなくても、Bから乙土地を購入して所有権移転登記を備えたEに対して、Aは借地権を対抗できない。,AB間の賃貸借契約を公正証書で行えば、当該契約の更新がなく期間満了により終了し、 終了時にはAが甲建物を収去すべき旨を有効に規定できる。,Aが地代を支払わなかったことを理由としてBが乙土地の賃貸借契約を解除したとき、契約に特段の定めがないときは、Bは甲建物を時価で買い取らなければならない。 - 6,1,FALSE,FALSE,,正解は選択肢1です。この問はAが居住用の甲建物を所有する目的で、期間30年と定めてBから乙土地を賃借した場合について、問題文の条件を制度の要件・効果に当てはめる問題です。選択肢1の「Aが甲建物を所有していても、建物保存登記をAの子C名義で備えているときは、B...」という内容が結論に合います。他の選択肢は、主体・手続・期間・効果などの点でずれています。,2:（2）「Aが甲建物を所有していても、登記上の建物の所在地番、床面積等が少しでも実際のものと相違しているときは、建物の同一性が否定されるようなものでなくても、Bから乙土地を購入して所有権移転登記を備えたEに対して、Aは借地権を対抗できない。」は、作業主任者の選任が必要な作業の組合せ（AACBDA）を含んでいません。解説のとおり、該当作業と非該当作業の区別を確認してください。 （2）「Aが甲建物を所有していても、登記上の建物の所在地番、床面積等が少しでも実際のものと相違していると…」について：他の選択肢は、主体・手続・期間・効果などの点でずれています。;3:（3）「AB間の賃貸借契約を公正証書で行えば、当該契約の更新がなく期間満了により終了し、 終了時にはAが甲建物を収去すべき旨を有効に規定できる。」は、作業主任者の選任が必要な作業の組合せ（AACBDA）を含んでいません。解説のとおり、該当作業と非該当作業の区別を確認してください。 （3）「AB間の賃貸借契約を公正証書で行えば、当該契約の更新がなく期間満了により終了し、 終了時にはAが…」について：他の選択肢は、主体・手続・期間・効果などの点でずれています。;4:（4）「Aが地代を支払わなかったことを理由としてBが乙土地の賃貸借契約を解除したとき、契約に特段の定めがないときは、Bは甲建物を時価で買い取らなければならない。 - 6」は、作業主任者の選任が必要な作業の組合せ（AACBDA）を含んでいません。解説のとおり、該当作業と非該当作業の区別を確認してください。 （4）「Aが地代を支払わなかったことを理由としてBが乙土地の賃貸借契約を解除したとき、契約に特段の定めが…」について：他の選択肢は、主体・手続・期間・効果などの点でずれています。,正解は選択肢1です。 選択肢1の「Aが甲建物を所有していても、建物保存登記をAの子C名義で備えているときは、B...」という内容が結論に合います。,正解は選択肢1です。,
2016,平成28年度,12,single,権利関係,,AはBと、B所有の甲建物につき、居住を目的として、期間3年、賃料月額20 万円と定めて賃貸借契約(以下、本問では「本件契約」という白)を締結した。この場合における以下の記述のうち、借地借家法の規定及び判例に照らすと、誤っているものを選びなさい。,,,,,,AもBも相手方に対し、本件契約の期間満了前に何らの通知もしなかった場合、従前の契約と同一の条件で契約を更新したものとみなされるが、その期間は定めがないものとなる。,BがAに対し、本件契約の解約を申し入れる場合、甲建物の明渡しの条件として、一定額以上の財産上の給付を申し出たときは、Bの解約の申入れに正当事由があるとみなされる。,甲建物の適法な転借人であるCが、Bの同意を得て甲建物に造作を付加したとき、期間満了により本件契約が終了するときは、CはBに対してその造作を時価で買い取るよう請求できる。,本件契約が借地借家法第38条の定期建物賃貸借で、契約の更新がない旨を定めた場合でも、BはAに対し、同条所定の通知期間内に、期間満了により本件契約が終了するという通知をしなければ、期間3年での終了をAに対抗できない。,2,FALSE,FALSE,,正解は選択肢2です。この問は権利関係について、問題文の条件を制度の要件・効果に当てはめる問題です。選択肢2の「BがAに対し、本件契約の解約を申し入れる場合、甲建物の明渡しの条件として、一定...」という内容が結論に合います。他の選択肢は、主体・手続・期間・効果などの点でずれています。,1:（1）「AもBも相手方に対し、本件契約の期間満了前に何らの通知もしなかった場合、従前の契約と同一の条件で契約を更新したものとみなされるが、その期間は定めがないものとなる。」は、作業主任者の選任が必要な作業の組合せ（BAB）を含んでいません。解説のとおり、該当作業と非該当作業の区別を確認してください。 （1）「AもBも相手方に対し、本件契約の期間満了前に何らの通知もしなかった場合、従前の契約と同一の条件で…」について：他の選択肢は、主体・手続・期間・効果などの点でずれています。;3:（3）「甲建物の適法な転借人であるCが、Bの同意を得て甲建物に造作を付加したとき、期間満了により本件契約…」について：他の選択肢は、主体・手続・期間・効果などの点でずれています。;4:（4）「本件契約が借地借家法第38条の定期建物賃貸借で、契約の更新がない旨を定めた場合でも、BはAに対し…」について：他の選択肢は、主体・手続・期間・効果などの点でずれています。,正解は選択肢2です。 選択肢2の「BがAに対し、本件契約の解約を申し入れる場合、甲建物の明渡しの条件として、一定...」という内容が結論に合います。,正解は選択肢2です。,
2016,平成28年度,13,single,権利関係,,建物の区分所有等に関する法律についての以下の記述のうち、正しいものを選びなさい。,,,,,,管理者は、集会において、毎年2回一定の時期に、その事務に関する報告をする必要がある。,管理者は、規約に特別の定めがあるときは、共用部分を所有できる。,管理者は、白然人であるか法人であるかを問わないが、区分所有者でなければならない。,各共有者の共用部分の持分は、規約で別段の定めをしない限り、共有者数で等分することとされている。,2,FALSE,FALSE,,正解は選択肢2です。この問は建物の区分所有等について、問題文の条件を制度の要件・効果に当てはめる問題です。選択肢2の「管理者は、規約に特別の定めがあるときは、共用部分を所有できる。」という内容が結論に合います。他の選択肢は、主体・手続・期間・効果などの点でずれています。,1:（1）「管理者は、集会において、毎年2回一定の時期に、その事務に関する報告をする必要がある。…」について：他の選択肢は、主体・手続・期間・効果などの点でずれています。;3:（3）「管理者は、白然人であるか法人であるかを問わないが、区分所有者でなければならない。…」について：他の選択肢は、主体・手続・期間・効果などの点でずれています。;4:（4）「各共有者の共用部分の持分は、規約で別段の定めをしない限り、共有者数で等分することとされている。…」について：他の選択肢は、主体・手続・期間・効果などの点でずれています。,正解は選択肢2です。 選択肢2の「管理者は、規約に特別の定めがあるときは、共用部分を所有できる。,正解は選択肢2です。,
2016,平成28年度,14,single,権利関係,,不動産の登記についての以下の記述のうち、不動産登記法の規定に照らすと、誤っているものを選びなさい。,,,,,,新築した建物又は区分建物以外の表題登記がない建物の所有権を取得した者は、その所有権の取得の日から1月以内に、所有権の保存の登記を申請する必要がある。,登記できる権利には、抵当権及び賃借権が含まれる。,建物が滅失したときは、表題部所有者又は所有権の登記名義人は、その滅失の日から1月以内に、当該建物の滅失の登記を申請する必要がある。,区分建物の所有権の保存の登記は、表題部所有者から所有権を取得した者も、申請できる。,1,FALSE,FALSE,,正解は選択肢1です。この問は不動産の登記について、問題文の条件を制度の要件・効果に当てはめる問題です。選択肢1の「新築した建物又は区分建物以外の表題登記がない建物の所有権を取得した者は、その所...」という内容が結論に合います。他の選択肢は、主体・手続・期間・効果などの点でずれています。,2:（2）「登記できる権利には、抵当権及び賃借権が含まれる。…」について：他の選択肢は、主体・手続・期間・効果などの点でずれています。;3:（3）「建物が滅失したときは、表題部所有者又は所有権の登記名義人は、その滅失の日から1月以内に、当該建物…」について：他の選択肢は、主体・手続・期間・効果などの点でずれています。;4:（4）「区分建物の所有権の保存の登記は、表題部所有者から所有権を取得した者も、申請できる。…」について：他の選択肢は、主体・手続・期間・効果などの点でずれています。,正解は選択肢1です。 選択肢1の「新築した建物又は区分建物以外の表題登記がない建物の所有権を取得した者は、その所...」という内容が結論に合います。,正解は選択肢1です。,
2016,平成28年度,15,single,法令上の制限,,国土利用計画法第23条に規定する届出(以下、本問では「事後届出」という。)についての以下の記述のうち、正しいものを選びなさい。,,,,,,"市街化区域内の土地(面積2,500㎡)を購入する契約を締結した者は、その契約を締結した日から起算して3週間以内に事後届出を行わなければならない。","Aが所有する監視区域内の土地(面積10,000㎡)をBが購入する契約を締結したとき、A及びBは事後届出を行わなければならない。","都市計画区域外に所在し、一団の土地である甲土地(面積6,000㎡) と乙土地(面積 5,000㎡)を購入する契約を締結した者は、事後届出を行わなければならない。","市街化区域内の甲土地(面積3,000㎡)を購入する契約を締結した者が、その契約締結の1月後に甲土地と一団の土地である乙土地(面積4,000㎡)を購入することとしているときには、甲土地の事後届出は、乙土地の契約締結後に乙土地の事後届出と併せて行うことができる。",3,FALSE,FALSE,,"正解は選択肢3です。この問は国土利用計画法第23条に規定する届出(以下、本問では「事後届出」という。)について、問題文の条件を制度の要件・効果に当てはめる問題です。選択肢3の「都市計画区域外に所在し、一団の土地である甲土地(面積6,000㎡) と乙土地...」という内容が結論に合います。他の選択肢は、主体・手続・期間・効果などの点でずれています。","1:（1）「市街化区域内の土地(面積2,500㎡)を購入する契約を締結した者は、その契約を締結した日から起算…」について：他の選択肢は、主体・手続・期間・効果などの点でずれています。;2:（2）「Aが所有する監視区域内の土地(面積10,000㎡)をBが購入する契約を締結したとき、A及びBは事後届出を行わなければならない。」は、作業主任者の選任が必要な作業の組合せ（）を含んでいません。解説のとおり、該当作業と非該当作業の区別を確認してください。 （2）「Aが所有する監視区域内の土地(面積10,000㎡)をBが購入する契約を締結したとき、A及びBは事…」について：他の選択肢は、主体・手続・期間・効果などの点でずれています。;4:（4）「市街化区域内の甲土地(面積3,000㎡)を購入する契約を締結した者が、その契約締結の1月後に甲土…」について：他の選択肢は、主体・手続・期間・効果などの点でずれています。","正解は選択肢3です。 選択肢3の「都市計画区域外に所在し、一団の土地である甲土地(面積6,000㎡) と乙土地...」という内容が結論に合います。",正解は選択肢3です。,
2016,平成28年度,16,single,法令上の制限,,都市計画法についての以下の記述のうち、正しいものを選びなさい。,,,,,,市街地開発事業等予定区域に係る市街地開発事業又は都市施設に関する都市計画には、施行予定者をも定めなければならない。,準都市計画区域については、都市計画に準防火地域を定めることができる。,高度利用地区は、用途地域内において市街地の環境を維持し、又は土地利用の増進を図るため、建築物の高さの最高限度又は最低限度を定める地区である。,地区計画については、都市計画に、地区計画の種類、名称、位置、区域及び面積並びに建築物の建ぺい率及び容積率の最高限度を定めなければならない。,1,FALSE,FALSE,,正解は選択肢1です。この問は都市計画法について、問題文の条件を制度の要件・効果に当てはめる問題です。選択肢1の「市街地開発事業等予定区域に係る市街地開発事業又は都市施設に関する都市計画には、...」という内容が結論に合います。他の選択肢は、主体・手続・期間・効果などの点でずれています。,2:（2）「準都市計画区域については、都市計画に準防火地域を定めることができる。…」について：他の選択肢は、主体・手続・期間・効果などの点でずれています。;3:（3）「高度利用地区は、用途地域内において市街地の環境を維持し、又は土地利用の増進を図るため、建築物の高…」について：他の選択肢は、主体・手続・期間・効果などの点でずれています。;4:（4）「地区計画については、都市計画に、地区計画の種類、名称、位置、区域及び面積並びに建築物の建ぺい率及…」について：他の選択肢は、主体・手続・期間・効果などの点でずれています。,正解は選択肢1です。 選択肢1の「市街地開発事業等予定区域に係る市街地開発事業又は都市施設に関する都市計画には、...」という内容が結論に合います。,正解は選択肢1です。,
2016,平成28年度,17,single,法令上の制限,,都市計画法についての以下の記述のうち、正しいものを選びなさい。なお、本問では「都道府県知事」とは、地方自治法に基づく指定都市、中核市及び施行時特例市にあってはその長をいうものとして扱う。,,,,,,開発許可を受けた者は、開発行為に関する工事を廃止するときは、都道府県知事の許可を受けなければならない。,二以上の都府県にまたがる開発行為は、国土交通大臣の許可を受けなければならない。,開発許可を受けた者から当該開発区域内の土地の所有権を取得した者は、都道府県知事の承認を受けることなく、当該開発許可を受けた者が有していた当該開発許可に基づく地位を承継できる。,都道府県知事は、用途地域の定められていない土地の区域における開発行為について開発許可をするときに必要があると認めるときは、当該開発区域内の土地について、建築物の敷地、構造及び設備に関する制限を定めることができる。,4,FALSE,FALSE,,正解は選択肢4です。この問は都市計画法について、問題文の条件を制度の要件・効果に当てはめる問題です。選択肢4の「都道府県知事は、用途地域の定められていない土地の区域における開発行為について開...」という内容が結論に合います。他の選択肢は、主体・手続・期間・効果などの点でずれています。,1:（1）「開発許可を受けた者は、開発行為に関する工事を廃止するときは、都道府県知事の許可を受けなければなら…」について：他の選択肢は、主体・手続・期間・効果などの点でずれています。;2:（2）「二以上の都府県にまたがる開発行為は、国土交通大臣の許可を受けなければならない。…」について：他の選択肢は、主体・手続・期間・効果などの点でずれています。;3:（3）「開発許可を受けた者から当該開発区域内の土地の所有権を取得した者は、都道府県知事の承認を受けること…」について：他の選択肢は、主体・手続・期間・効果などの点でずれています。,正解は選択肢4です。 選択肢4の「都道府県知事は、用途地域の定められていない土地の区域における開発行為について開...」という内容が結論に合います。,正解は選択肢4です。,
2016,平成28年度,18,single,法令上の制限,,建築基準法についての以下の記述のうち、正しいものを選びなさい。,,,,,,防火地域にある建築物で、外壁が耐火構造のものについては、その外壁を隣地境界線に接して設けることができる。,高さ30mの建築物には、原則として非常用の昇降機を設けなければならない。,"準防火地域内においては、延べ面積が2,000㎡の共同住宅は準耐火建築物とする必要がある0","延べ面積が1,000㎡を超える耐火建築物は、防火上有効な構造の防火壁によって有効に区画し、かつ、各区画の床面積の合計をそれぞれ1,000㎡以内とする必要がある。",1,FALSE,FALSE,,正解は選択肢1です。この問は建築基準法について、問題文の条件を制度の要件・効果に当てはめる問題です。選択肢1の「防火地域にある建築物で、外壁が耐火構造のものについては、その外壁を隣地境界線に...」という内容が結論に合います。他の選択肢は、主体・手続・期間・効果などの点でずれています。,"2:（2）「高さ30mの建築物には、原則として非常用の昇降機を設けなければならない。…」について：他の選択肢は、主体・手続・期間・効果などの点でずれています。;3:（3）「準防火地域内においては、延べ面積が2,000㎡の共同住宅は準耐火建築物とする必要がある0…」について：他の選択肢は、主体・手続・期間・効果などの点でずれています。;4:（4）「延べ面積が1,000㎡を超える耐火建築物は、防火上有効な構造の防火壁によって有効に区画し、かつ、…」について：他の選択肢は、主体・手続・期間・効果などの点でずれています。",正解は選択肢1です。 選択肢1の「防火地域にある建築物で、外壁が耐火構造のものについては、その外壁を隣地境界線に...」という内容が結論に合います。,正解は選択肢1です。,
2016,平成28年度,19,single,法令上の制限,,建築基準法についての以下の記述のうち、誤っているものを選びなさい。,,,,,,特定行政庁が許可したとき、第一種低層住居専用地域内においても飲食店を建築できる。,前面道路の幅員による容積率制限は、前面道路の幅員が12m以上あるときは適用されない。,公園内にある建築物で特定行政庁が安全上、防火上及び衛生上支障がないと認めて許可したものについては、建ぺい率の制限は適用されない。,第一種住居地域内における建築物の外墜又はこれに代わる柱の面から敷地境界線までの距離は、当該地域に関する都市計画においてその限度が定められたときは、当該限度以上でなければならない。,4,FALSE,FALSE,,正解は選択肢4です。この問は建築基準法について、問題文の条件を制度の要件・効果に当てはめる問題です。選択肢4の「第一種住居地域内における建築物の外墜又はこれに代わる柱の面から敷地境界線までの...」という内容が結論に合います。他の選択肢は、主体・手続・期間・効果などの点でずれています。,1:（1）「特定行政庁が許可したとき、第一種低層住居専用地域内においても飲食店を建築できる。…」について：他の選択肢は、主体・手続・期間・効果などの点でずれています。;2:（2）「前面道路の幅員による容積率制限は、前面道路の幅員が12m以上あるときは適用されない。…」について：他の選択肢は、主体・手続・期間・効果などの点でずれています。;3:（3）「公園内にある建築物で特定行政庁が安全上、防火上及び衛生上支障がないと認めて許可したものについては…」について：他の選択肢は、主体・手続・期間・効果などの点でずれています。,正解は選択肢4です。 選択肢4の「第一種住居地域内における建築物の外墜又はこれに代わる柱の面から敷地境界線までの...」という内容が結論に合います。,正解は選択肢4です。,
2016,平成28年度,20,single,法令上の制限,,宅地造成等規制法(以下、本問では「法」という。)についての以下の記述のうち、誤っているものを選びなさい。なお、本問では「都道府県知事」とは、地方自治法に基づく指定都市、中核市及び施行時特例市にあってはその長をいうものとして扱う。,,,,,,宅地造成工事規制区域外に盛土によって造成された一団の造成宅地の区域において、造成された盛土の高さが5m未満のときは、都道府県知事は、当該区域を造成宅地防災区域として指定できない。,宅地造成工事規制区域内において、切土又は盛土をする土地の面積が600㎡であるとき、 その土地における排水施設は、政令で定める資格を有する者によって設計される必要はない。,宅地造成工事規制区域内の宅地において、高さが2mを超える擁壁を除却する工事を行おうとする者は、一定の場合を除き、その工事に着手する日の14日前までにその内容を都道府県知事に届け出なければならない。,宅地造成工事規制区域内において、宅地以外の土地を宅地に転用した者は、一定の場合を除き、その転用した日から14日以内にその内容を都道府県知事に届け出なければならない。,1,FALSE,FALSE,,正解は選択肢1です。この問は宅地造成等規制法(以下、本問では「法」という。)について、問題文の条件を制度の要件・効果に当てはめる問題です。選択肢1の「宅地造成工事規制区域外に盛土によって造成された一団の造成宅地の区域において、造...」という内容が結論に合います。他の選択肢は、主体・手続・期間・効果などの点でずれています。,2:（2）「宅地造成工事規制区域内において、切土又は盛土をする土地の面積が600㎡であるとき、 その土地にお…」について：他の選択肢は、主体・手続・期間・効果などの点でずれています。;3:（3）「宅地造成工事規制区域内の宅地において、高さが2mを超える擁壁を除却する工事を行おうとする者は、一…」について：他の選択肢は、主体・手続・期間・効果などの点でずれています。;4:（4）「宅地造成工事規制区域内において、宅地以外の土地を宅地に転用した者は、一定の場合を除き、その転用し…」について：他の選択肢は、主体・手続・期間・効果などの点でずれています。,正解は選択肢1です。 選択肢1の「宅地造成工事規制区域外に盛土によって造成された一団の造成宅地の区域において、造...」という内容が結論に合います。,正解は選択肢1です。,
2016,平成28年度,21,single,法令上の制限,,土地区画整理法についての以下の記述のうち、誤っているものを選びなさい。,,,,,,施行者は、換地処分を行う前において、換地計画に基づき換地処分を行うため必要があるときには、施行地区内の宅地について仮換地を指定できる。,仮換地が指定されたときには、従前の宅地について権原に基づき使用し、又は収益できる者は、仮換地の指定の効力発生の日から換地処分の公告がある日まで、仮換地について、従前の宅地について有する権利の内容である使用又は収益と同じ使用又は収益をできる。,施行者は、仮換地を指定したときに、特別の事情があるときは、その仮換地について使用又は収益を開始できる日を仮換地の指定の効力発生日と別に定めることができる。,土地区画整理組合の設立の認可の公告があった日後、換地処分の公告がある日までは、施行地区内において、土地区画整理事業の施行の障害となるおそれがある土地の形質の変更を行おうとする者は、当該土地区画整理組合の許可を受けなければならない。,4,FALSE,FALSE,,正解は選択肢4です。この問は土地区画整理法について、問題文の条件を制度の要件・効果に当てはめる問題です。選択肢4の「土地区画整理組合の設立の認可の公告があった日後、換地処分の公告がある日までは、...」という内容が結論に合います。他の選択肢は、主体・手続・期間・効果などの点でずれています。,1:（1）「施行者は、換地処分を行う前において、換地計画に基づき換地処分を行うため必要があるときには、施行地…」について：他の選択肢は、主体・手続・期間・効果などの点でずれています。;2:（2）「仮換地が指定されたときには、従前の宅地について権原に基づき使用し、又は収益できる者は、仮換地の指…」について：他の選択肢は、主体・手続・期間・効果などの点でずれています。;3:（3）「施行者は、仮換地を指定したときに、特別の事情があるときは、その仮換地について使用又は収益を開始で…」について：他の選択肢は、主体・手続・期間・効果などの点でずれています。,正解は選択肢4です。 選択肢4の「土地区画整理組合の設立の認可の公告があった日後、換地処分の公告がある日までは、...」という内容が結論に合います。,正解は選択肢4です。,
2016,平成28年度,22,single,法令上の制限,,農地についての以下の記述のうち、農地法(以下、本問では「法」という。)の規定に照らすと、正しいものを選びなさい。,,,,,,相続により農地を取得するときは、法第3条第1項の許可を要しないが、相続人に該当しない者に対する特定遺贈により農地を取得する場合も、同項の許可を受ける必要はない。,法第2条第3項の農地所有適格法人の要件を満たしていない株式会社は、耕作目的で農地を借り入れることはできない。,法第3条第1項又は法第5条第1項の許可が必要な農地の売買について、これらの許可を受けずに売買契約を締結しでも、その所有権の移転の効力は生じない。,農業者が、市街化調整区域内の耕作しておらず遊休化している自己の農地を、自己の住宅用地に転用する場合、あらかじめ農業委員会へ届出をすれば、法第4条第1項の許可を受ける必要がない。,3,FALSE,FALSE,,正解は選択肢3です。この問は農地について、問題文の条件を制度の要件・効果に当てはめる問題です。選択肢3の「法第3条第1項又は法第5条第1項の許可が必要な農地の売買について、これらの許可...」という内容が結論に合います。他の選択肢は、主体・手続・期間・効果などの点でずれています。,1:（1）「相続により農地を取得するときは、法第3条第1項の許可を要しないが、相続人に該当しない者に対する特…」について：他の選択肢は、主体・手続・期間・効果などの点でずれています。;2:（2）「法第2条第3項の農地所有適格法人の要件を満たしていない株式会社は、耕作目的で農地を借り入れること…」について：他の選択肢は、主体・手続・期間・効果などの点でずれています。;4:（4）「農業者が、市街化調整区域内の耕作しておらず遊休化している自己の農地を、自己の住宅用地に転用する場…」について：他の選択肢は、主体・手続・期間・効果などの点でずれています。,正解は選択肢3です。 選択肢3の「法第3条第1項又は法第5条第1項の許可が必要な農地の売買について、これらの許可...」という内容が結論に合います。,正解は選択肢3です。,
2016,平成28年度,23,single,税・その他,,印紙税についての以下の記述のうち、正しいものを選びなさい。,,,,,,印紙税の課税文書である不動産譲渡契約書を作成したが、印紙税を納付せず、その事実が税務調査により判明したときは、納付しなかった印紙税額と納付しなかった印紙税額の 10 %に相当する金額の合計額が過怠税として徴収される。,"「Aの所有する甲土地(価額3,000万円)とBの所有する乙土地(価額3,500万円)を交換する」旨の土地交換契約書を作成したとき、印紙税の課税標準となる当該契約書の記載金額は3,500万円である。","「Aの所有する甲土地(価額3,000万円)をBに贈与する」旨の贈与契約書を作成したとき、印紙税の課税標準となる当該契約書の記載金額は、 3,000万円である。","売上代金に係る金銭の受取書(領収書)は記載された受取金額が3万円未満の場合、印紙税が課されないことから、不動産売買の仲介手数料として、現金48,600円(消費税及び地方消費税を含む。)を受け取り、それを受領した旨の領収書を作成したとき、受取金額に応じた印紙税が課される。 ",2,FALSE,FALSE,,"正解は選択肢2です。この問は印紙税について、問題文の条件を制度の要件・効果に当てはめる問題です。選択肢2の「「Aの所有する甲土地(価額3,000万円)とBの所有する乙土地(価額3,50...」という内容が結論に合います。他の選択肢は、主体・手続・期間・効果などの点でずれています。","1:（1）「印紙税の課税文書である不動産譲渡契約書を作成したが、印紙税を納付せず、その事実が税務調査により判…」について：他の選択肢は、主体・手続・期間・効果などの点でずれています。;3:選択肢2の「「Aの所有する甲土地(価額3,000万円)とBの所有する乙土地(価額3,50...」という内容が結論に合います。;4:（4）「売上代金に係る金銭の受取書(領収書)は記載された受取金額が3万円未満の場合、印紙税が課されないこ…」について：他の選択肢は、主体・手続・期間・効果などの点でずれています。","正解は選択肢2です。 選択肢2の「「Aの所有する甲土地(価額3,000万円)とBの所有する乙土地(価額3,50...」という内容が結論に合います。",正解は選択肢2です。,
2016,平成28年度,24,single,税・その他,,不動産取得税についての以下の記述のうち、正しいものを選びなさい。,,,,,,家屋が新築された日から3年を経過して、なお、当該家屋について最初の使用又は譲渡が行われないときには、当該家屋が新築された日から3年を経過した日において家屋の取得がなされたものとみなし、当該家屋の所有者を取得者とみなして、これに対して不動産取得税を課する。,不動産取得税は、不動産の取得に対して課される税であるので、法人の合併により不動産を取得したときにも、不動産取得税は課される。,"平成28年4月に取得した床面積240㎡である新築住宅に係る不動産取得税の課税標準の算定については、当該新築住宅の価格から1,200万円が控除される。",平成28年4月に個人が取得した住宅及び住宅用地に係る不動産取得税の税率は3%であるが、住宅用以外の家屋及びその土地に係る不動産取得税の税率は4%である。,3,FALSE,FALSE,,正解は選択肢3です。この問は不動産取得税について、問題文の条件を制度の要件・効果に当てはめる問題です。選択肢3の「平成28年4月に取得した床面積240㎡である新築住宅に係る不動産取得税の課...」という内容が結論に合います。他の選択肢は、主体・手続・期間・効果などの点でずれています。,1:（1）「家屋が新築された日から3年を経過して、なお、当該家屋について最初の使用又は譲渡が行われないときに…」について：他の選択肢は、主体・手続・期間・効果などの点でずれています。;2:（2）「不動産取得税は、不動産の取得に対して課される税であるので、法人の合併により不動産を取得したときに…」について：他の選択肢は、主体・手続・期間・効果などの点でずれています。;4:（4）「平成28年4月に個人が取得した住宅及び住宅用地に係る不動産取得税の税率は3%であるが、住宅用以外…」について：他の選択肢は、主体・手続・期間・効果などの点でずれています。,正解は選択肢3です。 選択肢3の「平成28年4月に取得した床面積240㎡である新築住宅に係る不動産取得税の課...」という内容が結論に合います。,正解は選択肢3です。,
2016,平成28年度,25,single,税・その他,,不動産の鑑定評価についての以下の記述のうち、不動産鑑定評価基準によれば、正しいものを選びなさい。,,,,,,不動産の鑑定評価によって求める価格は、基本的には正常価格であるが、市場性を有しない不動産については、鑑定評価の依頼目的及び条件に応じて限定価格、特定価格又は特殊価格を求める場合がある。,同一需給圏とは、一般に対象不動産と代替関係が成立して、その価格の形成について相互に影響を及ぼすような関係にある他の不動産の存する圏域をいうが、不動産の種類、性格及び規模に応じた需要者の選好性によって、その地域的範囲は狭められる場合もあれば、広域的に形成される場合もある。,鑑定評価の各手法の適用に当たって必要とされる取引事例等については、取引等の事情が正常なものと認められるものから選択すべきであり、売り急ぎ、買い進み等の特殊な事情が存在する事例を用いてはならない。,収益還元法は、対象不動産が将来生み出すであろうと期待される純収益の現在価値の総和を求めることにより対象不動産の試算価格を求める手法であるが、市場における土地の取引価格の上昇が著しいときは、その価格と収益価格との希離が増大するものであるため、この手法の適用は避けるべきである。,2,FALSE,FALSE,,正解は選択肢2です。この問は不動産の鑑定評価について、問題文の条件を制度の要件・効果に当てはめる問題です。選択肢2の「同一需給圏とは、一般に対象不動産と代替関係が成立して、その価格の形成について相...」という内容が結論に合います。他の選択肢は、主体・手続・期間・効果などの点でずれています。,1:（1）「不動産の鑑定評価によって求める価格は、基本的には正常価格であるが、市場性を有しない不動産については、鑑定評価の依頼目的及び条件に応じて限定価格、特定価格又は特殊…」は、単独の記述としては法令上妥当な場合がありますが、本問で選ぶべき正答は（2）「同一需給圏とは、一般に対象不動産と代替関係が成立して、その価格の形成について相互に影響を及ぼすような関係にある他の不動産の存する圏域をいうが、不動産の種類、性格…」です。;3:（3）「鑑定評価の各手法の適用に当たって必要とされる取引事例等については、取引等の事情が正常なものと認められるものから選択すべきであり、売り急ぎ、買い進み等の特殊な事情…」は、単独の記述としては法令上妥当な場合がありますが、本問で選ぶべき正答は（2）「同一需給圏とは、一般に対象不動産と代替関係が成立して、その価格の形成について相互に影響を及ぼすような関係にある他の不動産の存する圏域をいうが、不動産の種類、性格…」です。;4:（4）「収益還元法は、対象不動産が将来生み出すであろうと期待される純収益の現在価値の総和を求めることによ…」について：他の選択肢は、主体・手続・期間・効果などの点でずれています。,正解は選択肢2です。 選択肢2の「同一需給圏とは、一般に対象不動産と代替関係が成立して、その価格の形成について相...」という内容が結論に合います。,正解は選択肢2です。,
2016,平成28年度,26,single,宅建業法,,宅地建物取引業者A(甲県知事免許)に対する監督処分についての以下の記述のうち、 宅地建物取引業法(以下、本問では「法」という。)の規定に照らすと、正しいものを選びなさい。,,,,,,Aは、自らが売主となった分譲マンションの売買において、法第35条に規定する重要事項の説明を行わなかった。このとき、Aは、甲県知事から業務停止を命じられることがある。,Aは、乙県内で宅地建物取引業に関する業務において、著しく不当な行為を行った。このとき、乙県知事は、Aに対し、業務停止を命ずることはできない。,Aは、甲県知事から指示処分を受けたが、その指示処分に従わなかった。このとき、甲県知事は、Aに対し、 1年を超える期間を定めて、業務停止を命ずることができる。,Aは、自ら所有している物件について、直接賃借人Bと賃貸借契約を締結するに当たり、 法第35条に規定する重要事項の説明を行わなかったD このとき、Aは、甲県知事から業務停止を命じられることがある。,1,FALSE,FALSE,,正解は選択肢1です。この問は宅地建物取引業者A(甲県知事免許)に対する監督処分について、問題文の条件を制度の要件・効果に当てはめる問題です。選択肢1の「Aは、自らが売主となった分譲マンションの売買において、法第35条に規定する重要...」という内容が結論に合います。他の選択肢は、主体・手続・期間・効果などの点でずれています。,2:（2）「Aは、乙県内で宅地建物取引業に関する業務において、著しく不当な行為を行った。このとき、乙県知事は、Aに対し、業務停止を命ずることはできない。」は、作業主任者の選任が必要な作業の組合せ（AA）を含んでいません。解説のとおり、該当作業と非該当作業の区別を確認してください。 （2）「Aは、乙県内で宅地建物取引業に関する業務において、著しく不当な行為を行った。このとき、乙県知事は…」について：他の選択肢は、主体・手続・期間・効果などの点でずれています。;3:（3）「Aは、甲県知事から指示処分を受けたが、その指示処分に従わなかった。このとき、甲県知事は、Aに対し、 1年を超える期間を定めて、業務停止を命ずることができる。」は、作業主任者の選任が必要な作業の組合せ（AA）を含んでいません。解説のとおり、該当作業と非該当作業の区別を確認してください。 （3）「Aは、甲県知事から指示処分を受けたが、その指示処分に従わなかった。このとき、甲県知事は、Aに対し…」について：他の選択肢は、主体・手続・期間・効果などの点でずれています。;4:（4）「Aは、自ら所有している物件について、直接賃借人Bと賃貸借契約を締結するに当たり、 法第35条に規定する重要事項の説明を行わなかったD このとき、Aは、甲県知事から業務停止を命じられることがある。」は、作業主任者の選任が必要な作業の組合せ（AA）を含んでいません。解説のとおり、該当作業と非該当作業の区別を確認してください。 （4）「Aは、自ら所有している物件について、直接賃借人Bと賃貸借契約を締結するに当たり、 法第35条に規…」について：他の選択肢は、主体・手続・期間・効果などの点でずれています。,正解は選択肢1です。 選択肢1の「Aは、自らが売主となった分譲マンションの売買において、法第35条に規定する重要...」という内容が結論に合います。,正解は選択肢1です。,
2016,平成28年度,27,single,宅建業法,,宅地建物取引業者Aが、BからB所有の宅地の売却に係る媒介を依頼された場合における以下の記述のうち、宅地建物取引業法(以下、本問では「法」という。)の規定に照らすと、正しいものを選びなさい。なお、本問では一般媒介契約とは、専任媒介契約でない媒介契約をいう。,,,,,,AがBと一般媒介契約を締結したとき、当該一般媒介契約が国土交通大臣が定める標準媒介契約約款に基づくものであるか否かの別を、法第34条の2第1項に規定する書面に記載する必要はない。,AがBと専任媒介契約を締結したとき、当該宅地の売買契約が成立しでも、当該宅地の引渡しが完了していなければ、売買契約が成立した旨を指定流通機構に通知する必要はない。,AがBと一般媒介契約を締結したとき、当該宅地の売買の媒介を担当するAの宅地建物取引士は、法第34条の2第1項に規定する書面に記名押印する必要はない。,Aは、Bとの間で締結した媒介契約が一般媒介契約であるか、専任媒介契約であるかを問わず、法第34条の2第1項に規定する書面に売買すべき価額を記載する必要はない。,3,FALSE,FALSE,,正解は選択肢3です。この問は宅建業法について、問題文の条件を制度の要件・効果に当てはめる問題です。選択肢3の「AがBと一般媒介契約を締結したとき、当該宅地の売買の媒介を担当するAの宅地建物...」という内容が結論に合います。他の選択肢は、主体・手続・期間・効果などの点でずれています。,1:（1）「AがBと一般媒介契約を締結したとき、当該一般媒介契約が国土交通大臣が定める標準媒介契約約款に基づくものであるか否かの別を、法第34条の2第1項に規定する書面に記載する必要はない。」は、作業主任者の選任が必要な作業の組合せ（ABA）を含んでいません。解説のとおり、該当作業と非該当作業の区別を確認してください。;2:（2）「AがBと専任媒介契約を締結したとき、当該宅地の売買契約が成立しでも、当該宅地の引渡しが完了していなければ、売買契約が成立した旨を指定流通機構に通知する必要はない。」は、作業主任者の選任が必要な作業の組合せ（ABA）を含んでいません。解説のとおり、該当作業と非該当作業の区別を確認してください。 （2）「AがBと専任媒介契約を締結したとき、当該宅地の売買契約が成立しでも、当該宅地の引渡しが完了してい…」について：他の選択肢は、主体・手続・期間・効果などの点でずれています。;4:（4）「Aは、Bとの間で締結した媒介契約が一般媒介契約であるか、専任媒介契約であるかを問わず、法第34条の2第1項に規定する書面に売買すべき価額を記載する必要はない。」は、作業主任者の選任が必要な作業の組合せ（ABA）を含んでいません。解説のとおり、該当作業と非該当作業の区別を確認してください。 （4）「Aは、Bとの間で締結した媒介契約が一般媒介契約であるか、専任媒介契約であるかを問わず、法第34条…」について：他の選択肢は、主体・手続・期間・効果などの点でずれています。,正解は選択肢3です。 選択肢3の「AがBと一般媒介契約を締結したとき、当該宅地の売買の媒介を担当するAの宅地建物...」という内容が結論に合います。,正解は選択肢3です。,
2016,平成28年度,28,single,宅建業法,,"宅地建物取引業者Aが、自ら売主として、宅地建物取引業者でないBとの間でマ ンション(代金4,000万円)の売買契約を締結した場合についての以下の記述のうち、宅地建物取引業法(以下、本問では「法」という。)の規定に違反するものの組合せはどれか。 ア Aは、建築工事完了前のマンションの売買契約を締結する際に、Bから手付金200万円を受領し、さらに建築工事中に200万円を中間金として受領した後、当該手付金と中間金について法第41条に定める保全措置を講じた。 イ Aは、建築工事完了後のマンションの売買契約を締結する際に、法第41条の2に定める保全措置を講じることなくBから手付金400万円を受領した。 ウ Aは、建築工事完了前のマンションの売買契約を締結する際に、Bから手付金500万円を受領したが、Bに当該手付金500万円を償還して、契約を一方的に解除した。 エ Aは、建築工事完了後のマンションの売買契約を締結する際に、当事者の債務の不履行を理由とする契約の解除に伴う損害賠償の予定額を1,000万円とする特約を定めた。",,,,,,ア、ウ,イ、ウ,ア、イ、エ,ア、ウ、エ,4,FALSE,FALSE,,正解は選択肢4です。この問は宅建業法について、問題文の条件を制度の要件・効果に当てはめる問題です。選択肢4の「ア、ウ、エ」という内容が結論に合います。他の選択肢は、主体・手続・期間・効果などの点でずれています。,"1:（1）「ア、ウ」は、単独の記述としては法令上妥当な場合がありますが、本問で選ぶべき正答は（4）「ア、ウ、エ」です。問題文の条件（宅地建物取引業者Aが、自ら売主として、宅地建物取引業者でないBとの間でマ ンション(代金4,00…）と照らし、設問が問う論点に合う肢を選び直してください。;2:（2）「イ、ウ」は、単独の記述としては法令上妥当な場合がありますが、本問で選ぶべき正答は（4）「ア、ウ、エ」です。問題文の条件（宅地建物取引業者Aが、自ら売主として、宅地建物取引業者でないBとの間でマ ンション(代金4,00…）と照らし、設問が問う論点に合う肢を選び直してください。;3:（3）「ア、イ、エ」は、単独の記述としては法令上妥当な場合がありますが、本問で選ぶべき正答は（4）「ア、ウ、エ」です。問題文の条件（宅地建物取引業者Aが、自ら売主として、宅地建物取引業者でないBとの間でマ ンション(代金4,00…）と照らし、設問が問う論点に合う肢を選び直してください。",正解は選択肢4です。 選択肢4の「ア、ウ、エ」という内容が結論に合います。,正解は選択肢4です。,
2016,平成28年度,29,single,宅建業法,,宅地建物取引業者Aの業務についての以下の記述のうち、宅地建物取引業法(以下、本問では「法」という。)の規定に違反するものの組合せはどれか。 ア Aは、マンションを分譲するに際して案内所を設置したが、売買契約の締結をせず、かつ、 契約の申込みの受付も行わない案内所であったので、当該案内所に法第50条第1項に規定する標識を掲示しなかった。 イ Aは、建物の売買の媒介に際し、買主に対して手付の貸付けを行う旨を告げて契約の締結を勧誘したが、売買は成立しなかった。 ウ Aは、法第49条の規定によりその事務所ごとに備えるべきこととされている業務に関する帳簿について、取引関係者から関覧の請求を受けたが、閲覧に供さなかった。 エ Aは、自ら売主となるマンションの割賦販売の契約について、宅地建物取引業者でない買主から賦払金が支払期日まで、に支払われなかったので、直ちに賦払金の支払の遅延を理由として契約を解除した。,,,,,,ア、イ,ア、ウ,ア、イ、エ,イ、ウ、エ,3,FALSE,FALSE,,正解は選択肢3です。この問は宅地建物取引業者Aの業務について、問題文の条件を制度の要件・効果に当てはめる問題です。選択肢3の「ア、イ、エ」という内容が結論に合います。他の選択肢は、主体・手続・期間・効果などの点でずれています。,1:（1）「ア、イ」は、単独の記述としては法令上妥当な場合がありますが、本問で選ぶべき正答は（3）「ア、イ、エ」です。問題文の条件（宅地建物取引業者Aの業務についての以下の記述のうち、宅地建物取引業法(以下、本問では「法」という…）と照らし、設問が問う論点に合う肢を選び直してください。;2:（2）「ア、ウ」は、単独の記述としては法令上妥当な場合がありますが、本問で選ぶべき正答は（3）「ア、イ、エ」です。問題文の条件（宅地建物取引業者Aの業務についての以下の記述のうち、宅地建物取引業法(以下、本問では「法」という…）と照らし、設問が問う論点に合う肢を選び直してください。;4:（4）「イ、ウ、エ」は、単独の記述としては法令上妥当な場合がありますが、本問で選ぶべき正答は（3）「ア、イ、エ」です。問題文の条件（宅地建物取引業者Aの業務についての以下の記述のうち、宅地建物取引業法(以下、本問では「法」という…）と照らし、設問が問う論点に合う肢を選び直してください。,正解は選択肢3です。 選択肢3の「ア、イ、エ」という内容が結論に合います。,正解は選択肢3です。,
2016,平成28年度,30,single,宅建業法,,宅地建物取引業法第35条に規定する重要事項の説明及び同法第37条の規定により交付すべき書面(以下、本問では「37条書面」という。)についての以下の記述のうち、正しいものを選びなさい。,,,,,,宅地建物取引業者は、建物の貸借の媒介における重要事項の説明において、借賃の額並びにその支払の時期及び方法について説明するとともに、37条書面に記載する必要がある。,宅地建物取引士は、重要事項の説明をする際に、相手方から求められないときは、宅地建物取引士証を提示する必要はない。,宅地建物取引業者は、37条書面を交付する際に、相手方の同意があったときは、書面に代えて、電磁的記録で交付できる。,宅地建物取引業者は、宅地建物取引士をして37条書面に記名押印させなければならないが、当該書面の交付は宅地建物取引士でない従業者に行わせることができる。,4,FALSE,FALSE,,正解は選択肢4です。この問は宅建業法について、問題文の条件を制度の要件・効果に当てはめる問題です。選択肢4の「宅地建物取引業者は、宅地建物取引士をして37条書面に記名押印させなければならな...」という内容が結論に合います。他の選択肢は、主体・手続・期間・効果などの点でずれています。,1:（1）「宅地建物取引業者は、建物の貸借の媒介における重要事項の説明において、借賃の額並びにその支払の時期…」について：他の選択肢は、主体・手続・期間・効果などの点でずれています。;2:（2）「宅地建物取引士は、重要事項の説明をする際に、相手方から求められないときは、宅地建物取引士証を提示…」について：他の選択肢は、主体・手続・期間・効果などの点でずれています。;3:（3）「宅地建物取引業者は、37条書面を交付する際に、相手方の同意があったときは、書面に代えて、電磁的記…」について：他の選択肢は、主体・手続・期間・効果などの点でずれています。,正解は選択肢4です。 選択肢4の「宅地建物取引業者は、宅地建物取引士をして37条書面に記名押印させなければならな...」という内容が結論に合います。,正解は選択肢4です。,
2016,平成28年度,31,single,宅建業法,,宅地建物取引業保証協会(以下、本問では「保証協会」という。)の社員である宅地建物取引業者についての以下の記述のうち、宅地建物取引業法の規定に照らすと、正しいものを選びなさい。,,,,,,保証協会に加入することは宅地建物取引業者の任意であり、ーの保証協会の社員となった後に、宅地建物取引業に関し取引をした者の保護を目的として、重ねて他の保証協会の社員となることができる。,保証協会に加入している宅地建物取引業者(甲県知事免許)は、甲県の区域内に新たに支店を設置したとき、その設置した日から1月以内に当該保証協会に追加の弁済業務保証金分担金を納付しないときは、社員の地位を失う。,保証協会から還付充当金の納付の通知を受けた社員は、その通知を受けた日から2週間以内に、その通知された額の還付充当金を主たる事務所の最寄りの供託所に供託する必要がある。,"150万円の弁済業務保証金分担金を保証協会に納付して当該保証協会の社員となった者と宅地建物取引業に関し取引をした者は、その取引により生じた債権に関し、 2,500万円を限度として、当該保証協会が供託した弁済業務保証金から弁済を受ける権利を有する。",4,FALSE,FALSE,,正解は選択肢4です。この問は宅地建物取引業保証協会(以下、本問では「保証協会」という。)の社員である宅地建物取引業者について、問題文の条件を制度の要件・効果に当てはめる問題です。選択肢4の「150万円の弁済業務保証金分担金を保証協会に納付して当該保証協会の社員となった...」という内容が結論に合います。他の選択肢は、主体・手続・期間・効果などの点でずれています。,1:（1）「保証協会に加入することは宅地建物取引業者の任意であり、ーの保証協会の社員となった後に、宅地建物取…」について：他の選択肢は、主体・手続・期間・効果などの点でずれています。;2:（2）「保証協会に加入している宅地建物取引業者(甲県知事免許)は、甲県の区域内に新たに支店を設置したとき…」について：他の選択肢は、主体・手続・期間・効果などの点でずれています。;3:（3）「保証協会から還付充当金の納付の通知を受けた社員は、その通知を受けた日から2週間以内に、その通知さ…」について：他の選択肢は、主体・手続・期間・効果などの点でずれています。,正解は選択肢4です。 選択肢4の「150万円の弁済業務保証金分担金を保証協会に納付して当該保証協会の社員となった...」という内容が結論に合います。,正解は選択肢4です。,
2016,平成28年度,32,single,宅建業法,,宅地建物取引業者A(甲県知事免許)がその業務に関して広告を行った場合における以下の記述のうち、宅地建物取引業法の規定に違反しないものはどれか。,,,,,,Aは、宅地の造成に当たり、工事に必要とされる許可等の処分があった宅地について、当該処分があったことを明示して、工事完了前に、当該宅地の販売に関する広告を行った。,Aは、自ら売主として新築マンションを分譲するに当たり、建築基準法第6条第1項の確認、の申請中であったため、「建築確認申請済」と明示して、当該建物の販売に関する広告を行い、建築確認を受けた後に売買契約を締結した。,Aは、中古の建物の売買において、当該建物の所有者Bから媒介の依頼を受け、取引態様の別を明示せずに自社ホームページに広告を掲載したが、広告を見た者からの問い合わせはなく、契約成立には至らなかった。,Aは、甲県知事から業務の全部の停止を命じられ、その停止の期間中に未完成の土地付建物の販売に関する広告を行ったが、当該土地付建物の売買の契約は当該期間の経過後に締結した。,1,FALSE,FALSE,,正解は選択肢1です。この問は宅地建物取引業者A(甲県知事免許)がその業務に関して広告を行った場合における以下の記述について、問題文の条件を制度の要件・効果に当てはめる問題です。選択肢1の「Aは、宅地の造成に当たり、工事に必要とされる許可等の処分があった宅地について、...」という内容が結論に合います。他の選択肢は、主体・手続・期間・効果などの点でずれています。,2:（2）「Aは、自ら売主として新築マンションを分譲するに当たり、建築基準法第6条第1項の確認、の申請中であったため、「建築確認申請済」と明示して、当該建物の販売に関する広告を行い、建築確認を受けた後に売買契約を締結した。」は、作業主任者の選任が必要な作業の組合せ（A）を含んでいません。解説のとおり、該当作業と非該当作業の区別を確認してください。 （2）「Aは、自ら売主として新築マンションを分譲するに当たり、建築基準法第6条第1項の確認、の申請中であ…」について：他の選択肢は、主体・手続・期間・効果などの点でずれています。;3:（3）「Aは、中古の建物の売買において、当該建物の所有者Bから媒介の依頼を受け、取引態様の別を明示せずに自社ホームページに広告を掲載したが、広告を見た者からの問い合わせはなく、契約成立には至らなかった。」は、作業主任者の選任が必要な作業の組合せ（A）を含んでいません。解説のとおり、該当作業と非該当作業の区別を確認してください。 （3）「Aは、中古の建物の売買において、当該建物の所有者Bから媒介の依頼を受け、取引態様の別を明示せずに…」について：他の選択肢は、主体・手続・期間・効果などの点でずれています。;4:（4）「Aは、甲県知事から業務の全部の停止を命じられ、その停止の期間中に未完成の土地付建物の販売に関する広告を行ったが、当該土地付建物の売買の契約は当該期間の経過後に締結した。」は、作業主任者の選任が必要な作業の組合せ（A）を含んでいません。解説のとおり、該当作業と非該当作業の区別を確認してください。 （4）「Aは、甲県知事から業務の全部の停止を命じられ、その停止の期間中に未完成の土地付建物の販売に関する…」について：他の選択肢は、主体・手続・期間・効果などの点でずれています。,正解は選択肢1です。 選択肢1の「Aは、宅地の造成に当たり、工事に必要とされる許可等の処分があった宅地について、...」という内容が結論に合います。,正解は選択肢1です。,
2016,平成28年度,33,single,宅建業法,,宅地建物取引業者が売買等の媒介に関して受けることができる報酬についての以下の記述のうち、宅地建物取引業法の規定に照らすと、誤っているものがいくつあるか選びなさい。 ア 宅地建物取引業者が媒介する物件の売買について、売主があらかじめ受取額を定め、実際の売却額との差額を当該宅地建物取引業者が受け取る場合は、媒介に係る報酬の限度額の適用を受けない。 イ 宅地建物取引業者は、媒介に係る報酬の限度額の他に、依頼者の依頼によらない通常の広告の料金に相当する額を報酬に合算して、依頼者から受け取るこ-とができる。 ウ 居住用の建物の貸借の媒介に係る報酬の額は、借賃の1月分の1.08倍に相当する額以内であるが、権利金の授受がある場合は、当該権利金の額を売買に係る代金の額とみなして算定することができる。,,,,,,誤っている記述は一つである。,誤っている記述は二つである。,誤っている記述は三つである。,誤っている記述はない。,3,FALSE,FALSE,,正解は選択肢3です。誤っている記述は三つである。 各記述を個別に判定し、正しいもの・誤っているもの・違反するものなどの数を数える問題です。,1:解説では「誤っている記述は三つである。」とある一方、（1）の記述はそれと矛盾します。 解説の要点：正解は選択肢3です。誤っている記述は三つである。 各記述を個別に判定し、正しいもの・誤っているもの・違反するものなどの数を数える問題です。 正答（3）との違いを確認し直してください。;2:解説では「誤っている記述は三つである。」とある一方、（2）の記述はそれと矛盾します。 解説の要点：正解は選択肢3です。誤っている記述は三つである。 各記述を個別に判定し、正しいもの・誤っているもの・違反するものなどの数を数える問題です。 正答（3）との違いを確認し直してください。;4:解説では「誤っている記述は三つである。」とある一方、（4）の記述はそれと矛盾します。 解説の要点：正解は選択肢3です。誤っている記述は三つである。 各記述を個別に判定し、正しいもの・誤っているもの・違反するものなどの数を数える問題です。 正答（3）との違いを確認し直してください。,正解は選択肢3です。 誤っている記述は三つである。,正解は選択肢3です。,
2016,平成28年度,34,single,宅建業法,,宅地建物取引業法(以下、本問では「法」という。)第47条及び第47条の2 に規定されている業務に関する禁止事項についての以下の記述のうち、誤っているものを選びなさい。 なお、Aは宅地建物取引業者である。,,,,,,Aが、賃貸アパ一トの媒介に当たり、入居申込者が無収入であることを知っており、入居申込書の収入欄に「年収700万円」とあるのは虚偽の記載であることを認識していたが、その事実を告げずに貸主に提出した行為は法に違反する。,Aが、分譲マンションの購入を勧誘するに際し、うわさをもとに 13年後には間違いなく徒歩5分の距離に新しく私鉄の駅ができる」と告げた場合、そのような計画はなかったとしても、故意にだましたわけではないので法には違反しない。,Aは、建売住宅の売買の相手方である買主から手付放棄による契約の解除の通知を受けたとしても、すでに所有権の移転登記を行い引渡しも済んで、いるときは、そのことを理由に当該契約の解除を拒むことができる。,Aが、宅地の売買契約締結の勧誘に当たり、相手方が手付金の手持ちがないため契約締結を迷っていることを知り、手付金の分割払いを持ちかけたことは、契約締結に至らなかったとしても法に違反する。,2,FALSE,FALSE,,正解は選択肢2です。この問は宅建業法について、問題文の条件を制度の要件・効果に当てはめる問題です。選択肢2の「Aが、分譲マンションの購入を勧誘するに際し、うわさをもとに 13年後には間違い...」という内容が結論に合います。他の選択肢は、主体・手続・期間・効果などの点でずれています。,1:（1）「Aが、賃貸アパ一トの媒介に当たり、入居申込者が無収入であることを知っており、入居申込書の収入欄に「年収700万円」とあるのは虚偽の記載であることを認識していたが、その事実を告げずに貸主に提出した行為は法に違反する。」は、作業主任者の選任が必要な作業の組合せ（A）を含んでいません。解説のとおり、該当作業と非該当作業の区別を確認してください。 （1）「Aが、賃貸アパ一トの媒介に当たり、入居申込者が無収入であることを知っており、入居申込書の収入欄に…」について：他の選択肢は、主体・手続・期間・効果などの点でずれています。;3:（3）「Aは、建売住宅の売買の相手方である買主から手付放棄による契約の解除の通知を受けたとしても、すでに所有権の移転登記を行い引渡しも済んで、いるときは、そのことを理由に当該契約の解除を拒むことができる。」は、作業主任者の選任が必要な作業の組合せ（A）を含んでいません。解説のとおり、該当作業と非該当作業の区別を確認してください。 （3）「Aは、建売住宅の売買の相手方である買主から手付放棄による契約の解除の通知を受けたとしても、すでに…」について：他の選択肢は、主体・手続・期間・効果などの点でずれています。;4:（4）「Aが、宅地の売買契約締結の勧誘に当たり、相手方が手付金の手持ちがないため契約締結を迷っていることを知り、手付金の分割払いを持ちかけたことは、契約締結に至らなかったとしても法に違反する。」は、作業主任者の選任が必要な作業の組合せ（A）を含んでいません。解説のとおり、該当作業と非該当作業の区別を確認してください。 （4）「Aが、宅地の売買契約締結の勧誘に当たり、相手方が手付金の手持ちがないため契約締結を迷っていること…」について：他の選択肢は、主体・手続・期間・効果などの点でずれています。,正解は選択肢2です。 選択肢2の「Aが、分譲マンションの購入を勧誘するに際し、うわさをもとに 13年後には間違い...」という内容が結論に合います。,正解は選択肢2です。,
2016,平成28年度,35,single,宅建業法,,宅地建物取引業の免許(以下、本問では「免許」という。)についての以下の記述のうち、宅地建物取引業法の規定に照らすと、正しいものを選びなさい。,,,,,,個人である宅地建物取引業者A (甲県知事免許)が、免許の更新の申請を怠り、その有効期間が満了したとき、Aは、遅滞なく、甲県知事に免許証を返納する必要がある。,法人である宅地建物取引業者B(乙県知事免許)が、乙県知事から業務の停止を命じられた場合、Bは、免許の更新の申請を行っても、その業務の停止の期間中は免許の更新を受けることができない。,法人である宅地建物取引業者c(国土交通大臣免許)について破産手続開始の決定があった場合、その日から30日以内に、Cを代表する役員Dは、その内容を主たる事務所の所在地を管轄する都道府県知事を経由して国土交通大臣に届け出なければならない。,個人である宅地建物取引業者E(丙県知事免許)が死亡したとき、Eの一般承継人Fがその内容を丙県知事に届け出た後であっても、Fは、Eが生前締結した売買契約に基づく取引を結了する目的の範囲内においては、なお宅地建物取引業者とみなされる。 - 17,4,FALSE,FALSE,,正解は選択肢4です。この問は宅地建物取引業の免許(以下、本問では「免許」という。)について、問題文の条件を制度の要件・効果に当てはめる問題です。選択肢4の「個人である宅地建物取引業者E(丙県知事免許)が死亡したとき、Eの一般承継人F...」という内容が結論に合います。他の選択肢は、主体・手続・期間・効果などの点でずれています。,1:（1）「個人である宅地建物取引業者A (甲県知事免許)が、免許の更新の申請を怠り、その有効期間が満了した…」について：他の選択肢は、主体・手続・期間・効果などの点でずれています。;2:（2）「法人である宅地建物取引業者B(乙県知事免許)が、乙県知事から業務の停止を命じられた場合、Bは、免…」について：他の選択肢は、主体・手続・期間・効果などの点でずれています。;3:（3）「法人である宅地建物取引業者c(国土交通大臣免許)について破産手続開始の決定があった場合、その日か…」について：他の選択肢は、主体・手続・期間・効果などの点でずれています。,正解は選択肢4です。 選択肢4の「個人である宅地建物取引業者E(丙県知事免許)が死亡したとき、Eの一般承継人F...」という内容が結論に合います。,正解は選択肢4です。,
2016,平成28年度,36,single,宅建業法,,宅地建物取引業者が行う宅地建物取引業法第35条に規定する重要事項の説明についての以下の記述のうち、正しいものがいくつあるか選びなさい。 ア 区分所有権の目的である建物の売買の媒介を行う場合、当該建物が借地借家法第22条に規定する定期借地権の設定された土地の上に存するときは、当該定期借地権が登記されたものであるか否かにかかわらず、当該定期借地権の内容について説明しなければならない。 イ 宅地の貸借の媒介を行う場合、当該宅地が流通業務市街地の整備に関する法律第4条に規定する流通業務地区にあるときは、同法第5条第1項の規定による制限の概要について説明しなければならない。 ウ 建物の売買の媒介を行う場合、当該建物の売買代金の額並びにその支払の時期及び方法について説明する義務はないが、売買代金以外に授受される金銭があるときは、当該金銭の額及び授受の目的について説明しなければならない。 エ 建物の貸借の媒介を行う場合、当該建物が建築工事の完了前であるときは、必要に応じ当該建物に係る図面を交付した上で、当該建築工事の完了時における当該建物の主要構造部、 内装及び外装の構造又は仕上げ並びに設備の設置及び構造について説明しなければならない。,,,,,,正しい記述は一つである。,正しい記述は二つである。,正しい記述は三つである。,正しい記述は四つである。,4,FALSE,FALSE,,正解は選択肢4です。正しい記述は四つである。 各記述を個別に判定し、正しいもの・誤っているもの・違反するものなどの数を数える問題です。,1:（1）「正しい記述は一つである。」は、単独の記述としては法令上妥当な場合がありますが、本問で選ぶべき正答は（4）「正しい記述は四つである。」です。問題文の条件（宅地建物取引業者が行う宅地建物取引業法第35条に規定する重要事項の説明についての以下の記述のうち…）と照らし、設問が問う論点に合う肢を選び直してください。;2:（2）「正しい記述は二つである。」は、単独の記述としては法令上妥当な場合がありますが、本問で選ぶべき正答は（4）「正しい記述は四つである。」です。問題文の条件（宅地建物取引業者が行う宅地建物取引業法第35条に規定する重要事項の説明についての以下の記述のうち…）と照らし、設問が問う論点に合う肢を選び直してください。;3:（3）「正しい記述は三つである。」は、単独の記述としては法令上妥当な場合がありますが、本問で選ぶべき正答は（4）「正しい記述は四つである。」です。問題文の条件（宅地建物取引業者が行う宅地建物取引業法第35条に規定する重要事項の説明についての以下の記述のうち…）と照らし、設問が問う論点に合う肢を選び直してください。,正解は選択肢4です。 正しい記述は四つである。,正解は選択肢4です。,
2016,平成28年度,37,single,宅建業法,,宅地建物取引業法(以下、本問では「法」という。)の規定についての以下の記述のうち、正しいものがいくつあるか選びなさい。 ア 宅地建物取引業者A(甲県知事免許)が乙県内に新たに支店を設置して宅地建物取引業を営んでいる場合において、免許換えの申請を怠っていることが判明したときは、Aは、甲県知事から業務停止の処分を受けることがある。 イ 宅地建物取引業者Bが自ら売主として宅地の売買契約を成立させた後、当該宅地の引渡しの前に免許の有効期間が満了したときは、Bは、当該契約に基づく取引を結了する目的の範囲内においては、宅地建物取引業者として当該取引に係る業務を行うことができる。 ウ Cが免許の申請前5年以内に宅地建物取引業に関し不正又は著しく不当な行為をした場合には、その行為について刑に処せられていなかったとしても、Cは免許を受けることができない。 エ 宅地建物取引業者D(甲県知事免許)が乙県内に新たに支店を設置して宅地建物取引業を営むため、国土交通大臣に免許換えの申請を行っているときは、Dは、甲県知事免許業者として、取引の相手方等に対し、法第35条に規定する重要事項を記載した書面及び法第37条の規定により交付すべき書面を交付することができない。,,,,,,正しい記述は一つである。,正しい記述は二つである。,正しい記述は三つである。,正しい記述は四つである。,2,FALSE,FALSE,,正解は選択肢2です。正しい記述は二つである。 各記述を個別に判定し、正しいもの・誤っているもの・違反するものなどの数を数える問題です。,1:（1）「正しい記述は一つである。」は、単独の記述としては法令上妥当な場合がありますが、本問で選ぶべき正答は（2）「正しい記述は二つである。」です。問題文の条件（宅地建物取引業法(以下、本問では「法」という。)の規定についての以下の記述のうち、正しいものがい…）と照らし、設問が問う論点に合う肢を選び直してください。;3:（3）「正しい記述は三つである。」は、単独の記述としては法令上妥当な場合がありますが、本問で選ぶべき正答は（2）「正しい記述は二つである。」です。問題文の条件（宅地建物取引業法(以下、本問では「法」という。)の規定についての以下の記述のうち、正しいものがい…）と照らし、設問が問う論点に合う肢を選び直してください。;4:（4）「正しい記述は四つである。」は、単独の記述としては法令上妥当な場合がありますが、本問で選ぶべき正答は（2）「正しい記述は二つである。」です。問題文の条件（宅地建物取引業法(以下、本問では「法」という。)の規定についての以下の記述のうち、正しいものがい…）と照らし、設問が問う論点に合う肢を選び直してください。,正解は選択肢2です。 正しい記述は二つである。,正解は選択肢2です。,
2016,平成28年度,38,single,宅建業法,,宅地建物取引士資格登録(以下、本問では「登録」という。)又は宅地建物取引士についての以下の記述のうち、宅地建物取引業法の規定に照らすと、正しいものがいくつあるか選びなさい。 ア 宅地建物取引士(甲県知事登録)が、乙県で宅地建物取引業に従事することとなったため乙県知事に登録の移転の申請をしたときは、移転後新たに5年を有効期間とする宅地建物取引士証の交付を受けることができる。 イ 宅地建物取引士は、取引の関係者から宅地建物取引士証の提示を求められたときは、宅地建物取引士証を提示しなければならないが、従業者証明書の提示を求められたときは、宅地建物取引業者の代表取締役である宅地建物取引士は、当該証明書がないので提示をしなくてよい。 ウ 宅地建物取引士が家庭裁判所から後見を開始する旨の審判を受けたときは、その後見人は、 3月以内に、その旨を登録をしている都道府県知事に届け出なければならない。 エ 宅地建物取引士の氏名等が登載されている宅地建物取引士資格登録簿は一般の閲覧に供されることはないが、専任の宅地建物取引士は、その氏名が宅地建物取引業者名簿に登載され、 当該名簿が一般の閲覧に供される。,,,,,,正しい記述は一つである。,正しい記述は二つである。,正しい記述は三つである。,正しい記述はない。,1,FALSE,FALSE,,正解は選択肢1です。正しい記述は一つである。 各記述を個別に判定し、正しいもの・誤っているもの・違反するものなどの数を数える問題です。,2:（2）「正しい記述は二つである。」は、単独の記述としては法令上妥当な場合がありますが、本問で選ぶべき正答は（1）「正しい記述は一つである。」です。問題文の条件（宅地建物取引士資格登録(以下、本問では「登録」という。)又は宅地建物取引士についての以下の記述の…）と照らし、設問が問う論点に合う肢を選び直してください。;3:（3）「正しい記述は三つである。」は、単独の記述としては法令上妥当な場合がありますが、本問で選ぶべき正答は（1）「正しい記述は一つである。」です。問題文の条件（宅地建物取引士資格登録(以下、本問では「登録」という。)又は宅地建物取引士についての以下の記述の…）と照らし、設問が問う論点に合う肢を選び直してください。;4:（4）「正しい記述はない。」は、単独の記述としては法令上妥当な場合がありますが、本問で選ぶべき正答は（1）「正しい記述は一つである。」です。問題文の条件（宅地建物取引士資格登録(以下、本問では「登録」という。)又は宅地建物取引士についての以下の記述の…）と照らし、設問が問う論点に合う肢を選び直してください。,正解は選択肢1です。 正しい記述は一つである。,正解は選択肢1です。,
2016,平成28年度,39,single,宅建業法,,宅地建物取引業者が媒介により区分所有建物の貸借の契約を成立させた場合についての以下の記述のうち、宅地建物取引業法(以下、本問では「法」という。)の規定に照らすと、正しいものを選びなさい。なお、本問では「重要事項説明書」とは法第35条の規定により交付すべき書面をいい、 「37条書面」とは法第37条の規定により交付すべき書面をいうものとして扱う。,,,,,,専有部分の用途その他の利用の制限に関する規約において、ベットの飼育が禁止されているときは、重要事項説明書にその内容記載し内容を説明したときも、37条書面に記載する必要がある。,契約の解除について定めがあるときは、重要事項説明書にその内容記載し内容を説明したときも、37条書面に記載する必要がある。,借賃の支払方法が定められていても、貸主及び借主の承諾を得たときは、37条書面に記載しなくてよい。,天災その他不可抗力による損害の負担に関して定めなかったときは、その内容を37条書面に記載する必要がある。,2,FALSE,FALSE,,正解は選択肢2です。この問は宅地建物取引業者が媒介により区分所有建物の貸借の契約を成立させた場合について、問題文の条件を制度の要件・効果に当てはめる問題です。選択肢2の「契約の解除について定めがあるときは、重要事項説明書にその内容記載し内容を説明し...」という内容が結論に合います。他の選択肢は、主体・手続・期間・効果などの点でずれています。,1:（1）「専有部分の用途その他の利用の制限に関する規約において、ベットの飼育が禁止されているときは、重要事…」について：他の選択肢は、主体・手続・期間・効果などの点でずれています。;3:（3）「借賃の支払方法が定められていても、貸主及び借主の承諾を得たときは、37条書面に記載しなくてよい。…」について：他の選択肢は、主体・手続・期間・効果などの点でずれています。;4:（4）「天災その他不可抗力による損害の負担に関して定めなかったときは、その内容を37条書面に記載する必要…」について：他の選択肢は、主体・手続・期間・効果などの点でずれています。,正解は選択肢2です。 選択肢2の「契約の解除について定めがあるときは、重要事項説明書にその内容記載し内容を説明し...」という内容が結論に合います。,正解は選択肢2です。,
2016,平成28年度,40,single,宅建業法,,"宅地建物取引業者A(甲県知事免許)は、甲県に本店と支店を設け、営業保証金として1,000万円の金銭と額面金額500万円の国債証券を供託し、営業している。この場合についての以下の記述のうち宅地建物取引業法の規定に照らすと、正しいものを選びなさい。",,,,,,Aは、本店を移転したため、その最寄りの供託所が変更したときは、遅滞なく、移転後の本店の最寄りの供託所に新たに営業保証金を供託する必要がある。,Aは、営業保証金が還付され、営業保証金の不足額を供託したときは、供託書の写しを添附して、 30日以内にその内容を甲県知事に届け出なければならない。,"本店でAと宅地建物取引業に関する取引をした者は、その取引により生じた債権に関し、 1,000万円を限度としてAからその債権の弁済を受ける権利を有する。",Aは、本店を移転したため、その最寄りの供託所が変更したときに、従前の営業保証金を取りもどすときは、営業保証金の還付を請求する権利を有する者に対し、一定期間内に申し出るべき旨の公告をする必要がある。,1,FALSE,FALSE,,正解は選択肢1です。この問は宅建業法について、問題文の条件を制度の要件・効果に当てはめる問題です。選択肢1の「Aは、本店を移転したため、その最寄りの供託所が変更したときは、遅滞なく、移転後...」という内容が結論に合います。他の選択肢は、主体・手続・期間・効果などの点でずれています。,"2:（2）「Aは、営業保証金が還付され、営業保証金の不足額を供託したときは、供託書の写しを添附して、 30日以内にその内容を甲県知事に届け出なければならない。」は、作業主任者の選任が必要な作業の組合せ（A）を含んでいません。解説のとおり、該当作業と非該当作業の区別を確認してください。 （2）「Aは、営業保証金が還付され、営業保証金の不足額を供託したときは、供託書の写しを添附して、 30日…」について：他の選択肢は、主体・手続・期間・効果などの点でずれています。;3:（3）「本店でAと宅地建物取引業に関する取引をした者は、その取引により生じた債権に関し、 1,000万円…」について：他の選択肢は、主体・手続・期間・効果などの点でずれています。;4:（4）「Aは、本店を移転したため、その最寄りの供託所が変更したときに、従前の営業保証金を取りもどすときは、営業保証金の還付を請求する権利を有する者に対し、一定期間内に申し出るべき旨の公告をする必要がある。」は、作業主任者の選任が必要な作業の組合せ（A）を含んでいません。解説のとおり、該当作業と非該当作業の区別を確認してください。",正解は選択肢1です。 選択肢1の「Aは、本店を移転したため、その最寄りの供託所が変更したときは、遅滞なく、移転後...」という内容が結論に合います。,正解は選択肢1です。,
2016,平成28年度,41,single,宅建業法,,宅地建物取引業者Aが行う業務についての以下の記述のうち、宅地建物取引業法(以下、本問では「法」という。)の規定に照らすと、正しいものを選びなさい。,,,,,,Aは、宅地建物取引業者Bから宅地の売却についての依頼を受けたとき、媒介契約を締結したときは媒介契約の内容を記載した書面を交付する必要があるが、代理契約を締結したときは代理契約の内容を記載した書面を交付する必要はない。,Aは、自ら売主として宅地の売買契約を締結したときは、相手方に対して、遅滞なく、法第37条の規定による書面を交付するとともに、その内容について宅地建物取引士をして説明させなければならない。,Aは、宅地建物取引業者でないCが所有する宅地について、自らを売主、宅地建物取引業者Dを買主とする売買契約を締結できる。,Aは、宅地建物取引業者でないEから宅地の売却についての依頼を受け、専属専任媒介契約を締結したときは、当該宅地について法で規定されている事項を、契約締結の日から休業日数を含め5日以内に指定流通機構へ登録する義務がある。,3,FALSE,FALSE,,正解は選択肢3です。この問は宅地建物取引業者Aが行う業務について、問題文の条件を制度の要件・効果に当てはめる問題です。選択肢3の「Aは、宅地建物取引業者でないCが所有する宅地について、自らを売主、宅地建物取引...」という内容が結論に合います。他の選択肢は、主体・手続・期間・効果などの点でずれています。,1:（1）「Aは、宅地建物取引業者Bから宅地の売却についての依頼を受けたとき、媒介契約を締結したときは媒介契約の内容を記載した書面を交付する必要があるが、代理契約を締結したときは代理契約の内容を記載した書面を交付する必要はない。」は、作業主任者の選任が必要な作業の組合せ（ACD）を含んでいません。解説のとおり、該当作業と非該当作業の区別を確認してください。 （1）「Aは、宅地建物取引業者Bから宅地の売却についての依頼を受けたとき、媒介契約を締結したときは媒介契…」について：他の選択肢は、主体・手続・期間・効果などの点でずれています。;2:（2）「Aは、自ら売主として宅地の売買契約を締結したときは、相手方に対して、遅滞なく、法第37条の規定による書面を交付するとともに、その内容について宅地建物取引士をして説明させなければならない。」は、作業主任者の選任が必要な作業の組合せ（ACD）を含んでいません。解説のとおり、該当作業と非該当作業の区別を確認してください。 （2）「Aは、自ら売主として宅地の売買契約を締結したときは、相手方に対して、遅滞なく、法第37条の規定に…」について：他の選択肢は、主体・手続・期間・効果などの点でずれています。;4:（4）「Aは、宅地建物取引業者でないEから宅地の売却についての依頼を受け、専属専任媒介契約を締結したときは、当該宅地について法で規定されている事項を、契約締結の日から休業日数を含め5日以内に指定流通機構へ登録する義務がある。」は、作業主任者の選任が必要な作業の組合せ（ACD）を含んでいません。解説のとおり、該当作業と非該当作業の区別を確認してください。 （4）「Aは、宅地建物取引業者でないEから宅地の売却についての依頼を受け、専属専任媒介契約を締結したとき…」について：他の選択肢は、主体・手続・期間・効果などの点でずれています。,正解は選択肢3です。 選択肢3の「Aは、宅地建物取引業者でないCが所有する宅地について、自らを売主、宅地建物取引...」という内容が結論に合います。,正解は選択肢3です。,
2016,平成28年度,42,single,宅建業法,,宅地建物取引業法(以下、本問では「法」という。)第37条の規定により交付すべき書面(以下、本問では「37条書面」という。)についての以下の記述のうち、正しいものを選びなさい。なお、Aは宅地建物取引業者(消費税課税事業者)である。,,,,,,Aは、宅地建物取引業者Bと宅地建物取引業者Cの関で締結される宅地の売買契約の媒介においては、37条書面に引渡しの時期を記載する必要はない。,Aは、自ら売主として土地付建物の売買契約を締結したときは、37条書面に代金の額を記載する必要があるが、消費税等相当額については記載する必要はない。,Aは、自ら売主として、宅地建物取引業者Dの媒介により、宅地建物取引業者Eと宅地の売買契約を締結した。Dが宅地建物取引士をして37条書面に記名押印させている場合、Aは宅地建物取引士をして当該書面に記名押印させる必要はない。,Aは、貸主Fと借主Gの間で締結される建物賃貸借契約について、Fの代理として契約を成立させたときは、FとGに対して37条書面を交付する必要がある。,4,FALSE,FALSE,,正解は選択肢4です。この問は宅建業法について、問題文の条件を制度の要件・効果に当てはめる問題です。選択肢4の「Aは、貸主Fと借主Gの間で締結される建物賃貸借契約について、Fの代理として契...」という内容が結論に合います。他の選択肢は、主体・手続・期間・効果などの点でずれています。,1:（1）「Aは、宅地建物取引業者Bと宅地建物取引業者Cの関で締結される宅地の売買契約の媒介においては、37条書面に引渡しの時期を記載する必要はない。」は、作業主任者の選任が必要な作業の組合せ（A）を含んでいません。解説のとおり、該当作業と非該当作業の区別を確認してください。 （1）「Aは、宅地建物取引業者Bと宅地建物取引業者Cの関で締結される宅地の売買契約の媒介においては、37…」について：他の選択肢は、主体・手続・期間・効果などの点でずれています。;2:（2）「Aは、自ら売主として土地付建物の売買契約を締結したときは、37条書面に代金の額を記載する必要があるが、消費税等相当額については記載する必要はない。」は、作業主任者の選任が必要な作業の組合せ（A）を含んでいません。解説のとおり、該当作業と非該当作業の区別を確認してください。 （2）「Aは、自ら売主として土地付建物の売買契約を締結したときは、37条書面に代金の額を記載する必要があ…」について：他の選択肢は、主体・手続・期間・効果などの点でずれています。;3:（3）「Aは、自ら売主として、宅地建物取引業者Dの媒介により、宅地建物取引業者Eと宅地の売買契約を締結した。Dが宅地建物取引士をして37条書面に記名押印させている場合、Aは宅地建物取引士をして当該書面に記名押印させる必要はない。」は、作業主任者の選任が必要な作業の組合せ（A）を含んでいません。解説のとおり、該当作業と非該当作業の区別を確認してください。 （3）「Aは、自ら売主として、宅地建物取引業者Dの媒介により、宅地建物取引業者Eと宅地の売買契約を締結し…」について：他の選択肢は、主体・手続・期間・効果などの点でずれています。,正解は選択肢4です。 選択肢4の「Aは、貸主Fと借主Gの間で締結される建物賃貸借契約について、Fの代理として契...」という内容が結論に合います。,正解は選択肢4です。,
2016,平成28年度,43,single,宅建業法,,"宅地建物取引業者Aが、自ら売主として、宅地建物取引業者でないBと建築工事完了前のマンション(代金3,000万円)の売買契約を締結した場合、宅地建物取引業法第41 条の規定に基づく手付金等の保全措置(以下、本問では「保全措置」という。)についての以下の記述のうち、正しいものがいくつあるか選びなさい。 ア Aが、Bから手付金600万円を受領する場合において、その手付金の保全措置を講じていないときは、Bは、この手付金の支払を拒否することができる。 イ Aが、保全措置を講じて、Bから手付金300万円を受領した場合、Bから媒介を依頼されていた宅地建物取引業者Cは、Bから媒介報酬を受領するに当たり、Aと同様、あらかじめ保全措置を講じなければ媒介報酬を受領することができない。 ウ Aは、Bから手付金150万円を保全措置を講じないで受領し、その後引渡し前に、中間金 350万円を受領する場合は、すでに受領した手付金と中間金の合計額500万円について保全措置を講じなければならない。 エ Aは、保全措置を講じないで、Bから手付金150万円を受領した場合、その後、建築工事が完了しBに引き渡す前に中間金150万円を受領するときは、建物についてBへの所有権移転の登記がなされるまで、保全措置を講じる必要がない。",,,,,,正しい記述は一つである。,正しい記述は二つである。,正しい記述は三つである。,正しい記述は四つである。,2,FALSE,FALSE,,正解は選択肢2です。正しい記述は二つである。 各記述を個別に判定し、正しいもの・誤っているもの・違反するものなどの数を数える問題です。,1:（1）「正しい記述は一つである。」は、単独の記述としては法令上妥当な場合がありますが、本問で選ぶべき正答は（2）「正しい記述は二つである。」です。問題文の条件（宅地建物取引業者Aが、自ら売主として、宅地建物取引業者でないBと建築工事完了前のマンション(代金…）と照らし、設問が問う論点に合う肢を選び直してください。;3:（3）「正しい記述は三つである。」は、単独の記述としては法令上妥当な場合がありますが、本問で選ぶべき正答は（2）「正しい記述は二つである。」です。問題文の条件（宅地建物取引業者Aが、自ら売主として、宅地建物取引業者でないBと建築工事完了前のマンション(代金…）と照らし、設問が問う論点に合う肢を選び直してください。;4:（4）「正しい記述は四つである。」は、単独の記述としては法令上妥当な場合がありますが、本問で選ぶべき正答は（2）「正しい記述は二つである。」です。問題文の条件（宅地建物取引業者Aが、自ら売主として、宅地建物取引業者でないBと建築工事完了前のマンション(代金…）と照らし、設問が問う論点に合う肢を選び直してください。,正解は選択肢2です。 正しい記述は二つである。,正解は選択肢2です。,
2016,平成28年度,44,single,宅建業法,,宅地建物取引業者Aが、自ら売主として、宅地建物取引業者でないBと宅地の売買契約を締結した場合、宅地建物取引業法第37条の2の規定に基づくいわゆるクーリング・ オフについてAがBに告げるときに交付すべき書面の内容についての以下の記述のうち、誤っているものを選びなさい。,,,,,,Aについては、その商号又は名称及び住所並びに免許証番号、Bについては、その氏名 (法人の場合、その商号又は名称)及び住所が記載されていなければならない。,Bは、クーリング・オフについて告げられた日から起算して8日を経過するまでの聞は、 代金の全部を支払った場合を除き、書面によりクーリング・オフによる契約の解除を行うことができることが記載されていなければならない。,クーリング・オフによる契約の解除は、Bが当該契約の解除を行う旨を記載した書面を発した時にその効力を生ずることが記載されていなければならない。,Bがクーリング・オフによる契約の解除を行った場合、Aは、それに伴う損害賠償又は違約金の支払をBに請求できないこと、また、売買契約の締結に際し、手付金その他の金銭が支払われているときは、遅滞なくその全額をBに返還することが記載されていなければならない。,2,FALSE,FALSE,,正解は選択肢2です。この問は宅建業法について、問題文の条件を制度の要件・効果に当てはめる問題です。選択肢2の「Bは、クーリング・オフについて告げられた日から起算して8日を経過するまでの聞は...」という内容が結論に合います。他の選択肢は、主体・手続・期間・効果などの点でずれています。,1:（1）「Aについては、その商号又は名称及び住所並びに免許証番号、Bについては、その氏名 (法人の場合、その商号又は名称)及び住所が記載されていなければならない。」は、作業主任者の選任が必要な作業の組合せ（B）を含んでいません。解説のとおり、該当作業と非該当作業の区別を確認してください。 （1）「Aについては、その商号又は名称及び住所並びに免許証番号、Bについては、その氏名 (法人の場合、そ…」について：他の選択肢は、主体・手続・期間・効果などの点でずれています。;3:（3）「クーリング・オフによる契約の解除は、Bが当該契約の解除を行う旨を記載した書面を発した時にその効力…」について：他の選択肢は、主体・手続・期間・効果などの点でずれています。;4:（4）「Bがクーリング・オフによる契約の解除を行った場合、Aは、それに伴う損害賠償又は違約金の支払をBに請求できないこと、また、売買契約の締結に際し、手付金その他の金銭が支払われているときは、遅滞なくその全額をBに返還することが記載されていなければならない。」は、作業主任者の選任が必要な作業の組合せ（B）を含んでいません。解説のとおり、該当作業と非該当作業の区別を確認してください。 （4）「Bがクーリング・オフによる契約の解除を行った場合、Aは、それに伴う損害賠償又は違約金の支払をBに…」について：他の選択肢は、主体・手続・期間・効果などの点でずれています。,正解は選択肢2です。 選択肢2の「Bは、クーリング・オフについて告げられた日から起算して8日を経過するまでの聞は...」という内容が結論に合います。,正解は選択肢2です。,
2016,平成28年度,45,single,宅建業法,,宅地建物取引業者Aが、自ら売主として、宅地建物取引業者でないBに新築住宅を販売する場合における以下の記述のうち、特定住宅瑕疵担保責任の履行の確保等に関する法律の規定に照らすと、正しいものを選びなさい。,,,,,,Aは、住宅販売瑕疵担保保証金を供託する場合、当該住宅の床面積が100㎡以下であるときは、新築住宅の合計戸数の算定に当たって、 2戸をもって1戸と数えることになる。,Aは、当該住宅をBに引き渡した日から3週間以内に、住宅販売瑕疵担保保証金の供託又は住宅販売瑕疵担保責任保険契約の締結の状況について、宅地建物取引業の免許を受けた国土交通大臣又は都道府県知事に届け出なければならない。,Aは、住宅販売瑕疵担保保証金の供託をする場合、Bに対し、当該住宅の売買契約を締結するまでに、供託所の所在地等について記載した書面を交付して説明する必要がある。,Aは、住宅瑕疵担保責任保険法人と住宅販売瑕疵担保責任保険契約の締結をしたとき、Bが住宅の引渡しを受けた時から10年以内に当該住宅を転売したときは、住宅瑕疵担保責任保険法人にその内容を申し出て、当該保険契約の解除をする必要がある。,3,FALSE,FALSE,,正解は選択肢3です。この問は宅建業法について、問題文の条件を制度の要件・効果に当てはめる問題です。選択肢3の「Aは、住宅販売瑕疵担保保証金の供託をする場合、Bに対し、当該住宅の売買契約を...」という内容が結論に合います。他の選択肢は、主体・手続・期間・効果などの点でずれています。,1:（1）「Aは、住宅販売瑕疵担保保証金を供託する場合、当該住宅の床面積が100㎡以下であるときは、新築住宅の合計戸数の算定に当たって、 2戸をもって1戸と数えることになる。」は、作業主任者の選任が必要な作業の組合せ（AB）を含んでいません。解説のとおり、該当作業と非該当作業の区別を確認してください。 （1）「Aは、住宅販売瑕疵担保保証金を供託する場合、当該住宅の床面積が100㎡以下であるときは、新築住宅…」について：他の選択肢は、主体・手続・期間・効果などの点でずれています。;2:（2）「Aは、当該住宅をBに引き渡した日から3週間以内に、住宅販売瑕疵担保保証金の供託又は住宅販売瑕疵担保責任保険契約の締結の状況について、宅地建物取引業の免許を受けた国土交通大臣又は都道府県知事に届け出なければならない。」は、作業主任者の選任が必要な作業の組合せ（AB）を含んでいません。解説のとおり、該当作業と非該当作業の区別を確認してください。 （2）「Aは、当該住宅をBに引き渡した日から3週間以内に、住宅販売瑕疵担保保証金の供託又は住宅販売瑕疵担…」について：他の選択肢は、主体・手続・期間・効果などの点でずれています。;4:（4）「Aは、住宅瑕疵担保責任保険法人と住宅販売瑕疵担保責任保険契約の締結をしたとき、Bが住宅の引渡しを受けた時から10年以内に当該住宅を転売したときは、住宅瑕疵担保責任保険法人にその内容を申し出て、当該保険契約の解除をする必要がある。」は、作業主任者の選任が必要な作業の組合せ（AB）を含んでいません。解説のとおり、該当作業と非該当作業の区別を確認してください。 （4）「Aは、住宅瑕疵担保責任保険法人と住宅販売瑕疵担保責任保険契約の締結をしたとき、Bが住宅の引渡しを…」について：他の選択肢は、主体・手続・期間・効果などの点でずれています。,正解は選択肢3です。 選択肢3の「Aは、住宅販売瑕疵担保保証金の供託をする場合、Bに対し、当該住宅の売買契約を...」という内容が結論に合います。,正解は選択肢3です。,
2016,平成28年度,46,single,税・その他,,独立行政法人住宅金融支援機構(以下、本問では「機構」という。)についての以下の記述のうち、誤っているものを選びなさい。,,,,,,機構は、子どもを育成する家庭又は高齢者の家庭に適した良好な居住性能及び居住環境を有する賃貸住宅の建設又は改良に必要な資金の貸付けを業務として行っている。,機構は、証券化支援事業(買取型)において、債務者又は債務者の親族が居住する住宅のみならず、賃貸住宅の建設又は購入に必要な資金の貸付けに係る金融機関の貸付債権についても譲受けの対象としている。,機構は、証券化支援事業(買取型)において、バリアフリー性、省エネルギー性、耐震性、 耐久性・可変性に優れた住宅を取得する場合に、貸付金の利率を一定期間引き下げる制度を実施している。,機構は、マンション管理組合や区分所有者に対するマンション共用部分の改良に必要な資金の貸付けを業務として行っている。,2,FALSE,FALSE,,正解は選択肢2です。この問は独立行政法人住宅金融支援機構(以下、本問では「機構」という。)について、問題文の条件を制度の要件・効果に当てはめる問題です。選択肢2の「機構は、証券化支援事業(買取型)において、債務者又は債務者の親族が居住する住宅...」という内容が結論に合います。他の選択肢は、主体・手続・期間・効果などの点でずれています。,1:（1）「機構は、子どもを育成する家庭又は高齢者の家庭に適した良好な居住性能及び居住環境を有する賃貸住宅の…」について：他の選択肢は、主体・手続・期間・効果などの点でずれています。;3:選択肢2の「機構は、証券化支援事業(買取型)において、債務者又は債務者の親族が居住する住宅...」という内容が結論に合います。;4:（4）「機構は、マンション管理組合や区分所有者に対するマンション共用部分の改良に必要な資金の貸付けを業務…」について：他の選択肢は、主体・手続・期間・効果などの点でずれています。,正解は選択肢2です。 選択肢2の「機構は、証券化支援事業(買取型)において、債務者又は債務者の親族が居住する住宅...」という内容が結論に合います。,正解は選択肢2です。,
2016,平成28年度,47,single,税・その他,,宅地建物取引業者が行う広告についての以下の記述のうち、不当景品類及び不当表示防止法(不動産の表示に関する公正競争規約を含む。)の規定に照らすと、正しいものを選びなさい。,,,,,,インターネット上に掲載した賃貸物件の広告について、掲載直前に契約済みとなったとしても、消費者からの問合せに対し既に契約済みであり取引できない旨を説明すれば、その時点で消費者の誤認は払拭されるため、不当表示に問われることはない。,宅地の造成及び建物の建築が禁止されており、宅地の造成及び建物の建築が可能となる予定がない市街化調整区域内の土地を販売する際の新聞折込広告においては、当該土地が市街化調整区域内に所在する旨を16ポイント以上の大きさの文字で表示すれば、宅地の造成や建物の建築ができない旨まで表示する必要はない。,半径300m以内に小学校及び市役所が所在している中古住宅の販売広告においては、当該住宅からの道路距離の表示を省略して、「小学校、市役所近し」と表示すればよい。,近くに新駅の設置が予定されている分譲住宅の販売広告を行うに当たり、当該鉄道事業者が新駅設置及びその予定時期を公表している場合、広告の中に新駅設置の予定時期を明示して表示してもよい。,4,FALSE,FALSE,,正解は選択肢4です。この問は宅地建物取引業者が行う広告について、問題文の条件を制度の要件・効果に当てはめる問題です。選択肢4の「近くに新駅の設置が予定されている分譲住宅の販売広告を行うに当たり、当該鉄道事業...」という内容が結論に合います。他の選択肢は、主体・手続・期間・効果などの点でずれています。,1:（1）「インターネット上に掲載した賃貸物件の広告について、掲載直前に契約済みとなったとしても、消費者から…」について：他の選択肢は、主体・手続・期間・効果などの点でずれています。;2:（2）「宅地の造成及び建物の建築が禁止されており、宅地の造成及び建物の建築が可能となる予定がない市街化調…」について：他の選択肢は、主体・手続・期間・効果などの点でずれています。;3:（3）「半径300m以内に小学校及び市役所が所在している中古住宅の販売広告においては、当該住宅からの道路…」について：他の選択肢は、主体・手続・期間・効果などの点でずれています。,正解は選択肢4です。 選択肢4の「近くに新駅の設置が予定されている分譲住宅の販売広告を行うに当たり、当該鉄道事業...」という内容が結論に合います。,正解は選択肢4です。,
2016,平成28年度,48,single,税・その他,,以下の記述のうち、正しいものを選びなさい。,,,,,,平成28年地価公示(平成28年3月公表)によれば、平成27年1月以降の1年間の地価は、全国平均では、住宅地はわずかに下落しているものの下落幅は縮小しており、全用途平均では昨年までの下落から上昇に転じた。,平成28年版土地白書(平成28年5月公表)によれば、平成26年の住宅地、工業用地等の宅地は、全国で約193万ヘクタールあり、近年、減少傾向にある。,建築着工統計(平成28年1月公表)によれば、分譲住宅の着工戸数は、消費税増税の影響を受け、マンション、一戸建住宅ともに平成26年から2年連続で前年に比べ減少している。,平成27年度国土交通白書(平成28年6月公表)によれば、平成27年3月末時点の宅地建物取引業者数は122.685業者となっており、前年3月末時点に比べ減少した。,1,FALSE,FALSE,,正解は選択肢1です。この問は以下の記述について、問題文の条件を制度の要件・効果に当てはめる問題です。選択肢1の「平成28年地価公示(平成28年3月公表)によれば、平成27年1月以降の1年間の...」という内容が結論に合います。他の選択肢は、主体・手続・期間・効果などの点でずれています。,2:（2）「平成28年版土地白書(平成28年5月公表)によれば、平成26年の住宅地、工業用地等の宅地は、全国…」について：他の選択肢は、主体・手続・期間・効果などの点でずれています。;3:（3）「建築着工統計(平成28年1月公表)によれば、分譲住宅の着工戸数は、消費税増税の影響を受け、マンシ…」について：他の選択肢は、主体・手続・期間・効果などの点でずれています。;4:（4）「平成27年度国土交通白書(平成28年6月公表)によれば、平成27年3月末時点の宅地建物取引業者数…」について：他の選択肢は、主体・手続・期間・効果などの点でずれています。,正解は選択肢1です。 選択肢1の「平成28年地価公示(平成28年3月公表)によれば、平成27年1月以降の1年間の...」という内容が結論に合います。,正解は選択肢1です。,
2016,平成28年度,49,single,税・その他,,土地についての以下の記述のうち、最も適当でないものを選びなさい。,,,,,,豪雨による深層崩壊は、山体岩盤の深い所に亀裂が生じ、巨大な岩塊が滑落し、山間の集落などに甚大な被害を及ぼす。,花両岩が風化してできた、まさ土地帯においては、近年発生した土石流災害によりその危険性が再認識された。,山麓や火山麓の地形の中で、土石流や土砂崩壊による堆積でできた地形は危険性が低く、 住宅地として好適である。,丘陵地や台地の縁辺部の崖崩れについては、山腹で傾斜角が25度を超えると急激に崩壊地が増加する。,3,FALSE,FALSE,,正解は選択肢3です。この問は土地について、問題文の条件を制度の要件・効果に当てはめる問題です。選択肢3の「山麓や火山麓の地形の中で、土石流や土砂崩壊による堆積でできた地形は危険性が低く...」という内容が結論に合います。他の選択肢は、主体・手続・期間・効果などの点でずれています。,1:（1）「豪雨による深層崩壊は、山体岩盤の深い所に亀裂が生じ、巨大な岩塊が滑落し、山間の集落などに甚大な被…」について：他の選択肢は、主体・手続・期間・効果などの点でずれています。;2:（2）「花両岩が風化してできた、まさ土地帯においては、近年発生した土石流災害によりその危険性が再認識され…」について：他の選択肢は、主体・手続・期間・効果などの点でずれています。;4:（4）「丘陵地や台地の縁辺部の崖崩れについては、山腹で傾斜角が25度を超えると急激に崩壊地が増加する。…」について：他の選択肢は、主体・手続・期間・効果などの点でずれています。,正解は選択肢3です。 選択肢3の「山麓や火山麓の地形の中で、土石流や土砂崩壊による堆積でできた地形は危険性が低く...」という内容が結論に合います。,正解は選択肢3です。,
2016,平成28年度,50,single,税・その他,,建築物の構造についての以下の記述のうち、最も適当でないものを選びなさい。,,,,,,鉄骨造は、自重が大きく、靭性が小さいことから、大空間の建築や高層建築にはあまり使用されない。,鉄筋コンクリート造においては、骨組の形式はラーメン式の構造が一般に用いられる。 じん,鉄骨鉄筋コンクリート造は、鉄筋コンクリート造にさらに強度と靭性を高めた構造である。,ブロック造を耐震的な構造にするためには、鉄筋コンクリートの布基礎及び臥梁により壁体の底部と頂部を固めることが必要である。 ,1,FALSE,FALSE,,正解は選択肢1です。この問は建築物の構造について、問題文の条件を制度の要件・効果に当てはめる問題です。選択肢1の「鉄骨造は、自重が大きく、靭性が小さいことから、大空間の建築や高層建築にはあまり...」という内容が結論に合います。他の選択肢は、主体・手続・期間・効果などの点でずれています。,2:（2）「鉄筋コンクリート造においては、骨組の形式はラーメン式の構造が一般に用いられる。 じん…」について：他の選択肢は、主体・手続・期間・効果などの点でずれています。;3:（3）「鉄骨鉄筋コンクリート造は、鉄筋コンクリート造にさらに強度と靭性を高めた構造である。…」について：他の選択肢は、主体・手続・期間・効果などの点でずれています。;4:（4）「ブロック造を耐震的な構造にするためには、鉄筋コンクリートの布基礎及び臥梁により壁体の底部と頂部を…」について：他の選択肢は、主体・手続・期間・効果などの点でずれています。,正解は選択肢1です。 選択肢1の「鉄骨造は、自重が大きく、靭性が小さいことから、大空間の建築や高層建築にはあまり...」という内容が結論に合います。,正解は選択肢1です。,
2018,平成30年度,1,single,権利関係,,AがBに甲土地を売却した場合についての以下の記述のうち、民法の規定と判例に照らすと、誤っているものを選びなさい。,,,,,,甲土地につき売買代金の支払と登記の移転がなされた後、第三者の詐欺を理由に売買契約が取り消された場合、原状回復のため、BはAに登記を移転する義務を、AはBに代金を返還する義務を負い、各義務は同時履行の関係となる。,Aが甲土地を売却した意思表示に錯誤があったとしても、Aに重大な過失があって無効を主張できないときは、BもAの錯誤を理由として無効を主張できない。,AB間の売買契約が仮装譲渡であり、その後BがCに甲土地を転売したとき、Cが仮装譲渡の事実を知らなければ、Aは、Cに虚偽表示による無効を対抗することが.できない。,Aが第三者の詐欺によってBに甲土地を売却し、その後BがDに甲土地を転売したとき、Bが第三者の詐欺の事実を知らなかったとしても、Dが第三者の詐欺の事実を知っていれば、Aは詐欺を理由にAB間の売買契約を取り消すことができる。,4,FALSE,FALSE,,正解は選択肢4です。この問はAがBに甲土地を売却した場合について、問題文の条件を制度の要件・効果に当てはめる問題です。選択肢4の「Aが第三者の詐欺によってBに甲土地を売却し、その後BがDに甲土地を転売したとき...」という内容が結論に合います。他の選択肢は、主体・手続・期間・効果などの点でずれています。,1:（1）「甲土地につき売買代金の支払と登記の移転がなされた後、第三者の詐欺を理由に売買契約が取り消された場…」について：他の選択肢は、主体・手続・期間・効果などの点でずれています。;2:（2）「Aが甲土地を売却した意思表示に錯誤があったとしても、Aに重大な過失があって無効を主張できないときは、BもAの錯誤を理由として無効を主張できない。」は、作業主任者の選任が必要な作業の組合せ（ABBDBDAAB）を含んでいません。解説のとおり、該当作業と非該当作業の区別を確認してください。 （2）「Aが甲土地を売却した意思表示に錯誤があったとしても、Aに重大な過失があって無効を主張できないとき…」について：他の選択肢は、主体・手続・期間・効果などの点でずれています。;3:（3）「AB間の売買契約が仮装譲渡であり、その後BがCに甲土地を転売したとき、Cが仮装譲渡の事実を知らなければ、Aは、Cに虚偽表示による無効を対抗することが.できない。」は、作業主任者の選任が必要な作業の組合せ（ABBDBDAAB）を含んでいません。解説のとおり、該当作業と非該当作業の区別を確認してください。 （3）「AB間の売買契約が仮装譲渡であり、その後BがCに甲土地を転売したとき、Cが仮装譲渡の事実を知らな…」について：他の選択肢は、主体・手続・期間・効果などの点でずれています。,正解は選択肢4です。 選択肢4の「Aが第三者の詐欺によってBに甲土地を売却し、その後BがDに甲土地を転売したとき...」という内容が結論に合います。,正解は選択肢4です。,
2018,平成30年度,2,single,権利関係,,Aが、所有する甲土地の売却に関する代理権をBに授与し、BがCとの間で、Aを売主、Cを買主とする甲土地の売買契約(以下、本問では「本件契約」という。)を締結した場合における以下の記述のうち、民法の規定と判例に照らすと、正しいものを選びなさい。,,,,,,Bが売買代金を着服する意図で本件契約を締結し、Cが本件契約の締結時点でこのことをま日っていたときであっても、本件契約の効果はAに帰属する。,AがBに代理権を授与するより前にBが補助開始の審判を受けていた場合、Bは有効に代理権を取得できない。,BがCの代理人にもなって本件契約を成立させた場合、Aの許諾の有無にかかわらず、本件契約は無効となる。,AがBに代理権を授与した後にBが後見開始の審判を受け、その後に本件契約が締結された場合、Bによる本件契約の締結は無権代理行為となる。,4,FALSE,FALSE,,正解は選択肢4です。この問はAが、所有する甲土地の売却について、問題文の条件を制度の要件・効果に当てはめる問題です。選択肢4の「AがBに代理権を授与した後にBが後見開始の審判を受け、その後に本件契約が締結さ...」という内容が結論に合います。他の選択肢は、主体・手続・期間・効果などの点でずれています。,1:（1）「Bが売買代金を着服する意図で本件契約を締結し、Cが本件契約の締結時点でこのことをま日っていたときであっても、本件契約の効果はAに帰属する。」は、作業主任者の選任が必要な作業の組合せ（ABBB）を含んでいません。解説のとおり、該当作業と非該当作業の区別を確認してください。 （1）「Bが売買代金を着服する意図で本件契約を締結し、Cが本件契約の締結時点でこのことをま日っていたとき…」について：他の選択肢は、主体・手続・期間・効果などの点でずれています。;2:（2）「AがBに代理権を授与するより前にBが補助開始の審判を受けていた場合、Bは有効に代理権を取得できない。」は、作業主任者の選任が必要な作業の組合せ（ABBB）を含んでいません。解説のとおり、該当作業と非該当作業の区別を確認してください。 （2）「AがBに代理権を授与するより前にBが補助開始の審判を受けていた場合、Bは有効に代理権を取得できな…」について：他の選択肢は、主体・手続・期間・効果などの点でずれています。;3:（3）「BがCの代理人にもなって本件契約を成立させた場合、Aの許諾の有無にかかわらず、本件契約は無効となる。」は、作業主任者の選任が必要な作業の組合せ（ABBB）を含んでいません。解説のとおり、該当作業と非該当作業の区別を確認してください。 （3）「BがCの代理人にもなって本件契約を成立させた場合、Aの許諾の有無にかかわらず、本件契約は無効とな…」について：他の選択肢は、主体・手続・期間・効果などの点でずれています。,正解は選択肢4です。 選択肢4の「AがBに代理権を授与した後にBが後見開始の審判を受け、その後に本件契約が締結さ...」という内容が結論に合います。,正解は選択肢4です。,
2018,平成30年度,3,single,権利関係,,AとBとの間で、 5か月後に実施される試験(以下、本問では「本件試験」 という。)にBが合格したときにはA所有の甲建物をBに贈与する旨を書面で約した(以下、本問では「本件約定」という。)。この場合における以下の記述のうち、民法の規定と判例に照らすと、誤っているものを選びなさい。,,,,,,本件約定は、停止条件付贈与契約である。,本件約定の後、Aの放火により甲建物が滅失し、その後にBが本件試験に合格したとき、AはBに対して損害賠償責任を負う。,Bは、本件試験に合格したときは、本件約定の時点にさかのぼって甲建物の所有権を取得する。,本件約定の時点でAに意思能力がなかった場合、Bは、本件試験に合格しても、本件約定に基づき甲建物の所有権を取得できない。,3,FALSE,FALSE,,正解は選択肢3です。この問は権利関係について、問題文の条件を制度の要件・効果に当てはめる問題です。選択肢3の「Bは、本件試験に合格したときは、本件約定の時点にさかのぼって甲建物の所有権を取...」という内容が結論に合います。他の選択肢は、主体・手続・期間・効果などの点でずれています。,1:（1）「本件約定は、停止条件付贈与契約である。…」について：他の選択肢は、主体・手続・期間・効果などの点でずれています。;2:（2）「本件約定の後、Aの放火により甲建物が滅失し、その後にBが本件試験に合格したとき、AはBに対して損…」について：他の選択肢は、主体・手続・期間・効果などの点でずれています。;4:（4）「本件約定の時点でAに意思能力がなかった場合、Bは、本件試験に合格しても、本件約定に基づき甲建物の…」について：他の選択肢は、主体・手続・期間・効果などの点でずれています。,正解は選択肢3です。 選択肢3の「Bは、本件試験に合格したときは、本件約定の時点にさかのぼって甲建物の所有権を取...」という内容が結論に合います。,正解は選択肢3です。,
2018,平成30年度,4,single,権利関係,,時効の援用についての以下の記述のうち、民法の規定と判例に照らすと、誤っているものを選びなさい。,,,,,,消滅時効完成後に主たる債務者が時効の利益を放棄したときであっても、保証人は時効を援用できる。,後順位抵当権者は、先順位抵当権の被担保債権の消滅時効を援用できる。,詐害行為の受益者は、債権者から詐害行為取消権を行使されている場合、当該債権者の有する被保全債権について、消滅時効を援用できる。,債務者が時効の完成の事実を知らずに債務の承認をしたとき、その後、債務者はその完成した消滅時効を援用できない。,2,FALSE,FALSE,,正解は選択肢2です。この問は時効の援用について、問題文の条件を制度の要件・効果に当てはめる問題です。選択肢2の「後順位抵当権者は、先順位抵当権の被担保債権の消滅時効を援用できる。」という内容が結論に合います。他の選択肢は、主体・手続・期間・効果などの点でずれています。,1:（1）「消滅時効完成後に主たる債務者が時効の利益を放棄したときであっても、保証人は時効を援用できる。…」について：他の選択肢は、主体・手続・期間・効果などの点でずれています。;3:（3）「詐害行為の受益者は、債権者から詐害行為取消権を行使されている場合、当該債権者の有する被保全債権に…」について：他の選択肢は、主体・手続・期間・効果などの点でずれています。;4:（4）「債務者が時効の完成の事実を知らずに債務の承認をしたとき、その後、債務者はその完成した消滅時効を援…」について：他の選択肢は、主体・手続・期間・効果などの点でずれています。,正解は選択肢2です。 選択肢2の「後順位抵当権者は、先順位抵当権の被担保債権の消滅時効を援用できる。,正解は選択肢2です。,
2018,平成30年度,5,single,権利関係,,Aは、隣人Bの留守中に台風が接近して、屋根の一部が壊れていたB宅に甚大な被害が生じる差し迫ったおそれがあったため、Bからの依頼なくB宅の屋根を修理した。この場合における以下の記述のうち、民法の規定に照らすと、誤っているものを選びなさい。,,,,,,Aは、Bに対して、特段の事情がない限り、B宅の屋根を修理したことについて報酬を請求できない。,Aは、Bからの請求があったときには、いつでも、本件事務処理の状況をBに報告する必要がある。,Aは、B宅の屋根を善良な管理者の注意をもって修理する必要がある。,AによるB宅の屋根の修理が、Bの意思に反することなく行われた場合、AはBに対し、Aが支出した有益な費用全額の償還を請求できる。,3,FALSE,FALSE,,正解は選択肢3です。この問は権利関係について、問題文の条件を制度の要件・効果に当てはめる問題です。選択肢3の「Aは、B宅の屋根を善良な管理者の注意をもって修理する必要がある。」という内容が結論に合います。他の選択肢は、主体・手続・期間・効果などの点でずれています。,1:（1）「Aは、Bに対して、特段の事情がない限り、B宅の屋根を修理したことについて報酬を請求できない。」は、作業主任者の選任が必要な作業の組合せ（AB）を含んでいません。解説のとおり、該当作業と非該当作業の区別を確認してください。 （1）「Aは、Bに対して、特段の事情がない限り、B宅の屋根を修理したことについて報酬を請求できない。…」について：他の選択肢は、主体・手続・期間・効果などの点でずれています。;2:（2）「Aは、Bからの請求があったときには、いつでも、本件事務処理の状況をBに報告する必要がある。」は、作業主任者の選任が必要な作業の組合せ（AB）を含んでいません。解説のとおり、該当作業と非該当作業の区別を確認してください。 （2）「Aは、Bからの請求があったときには、いつでも、本件事務処理の状況をBに報告する必要がある。…」について：他の選択肢は、主体・手続・期間・効果などの点でずれています。;4:（4）「AによるB宅の屋根の修理が、Bの意思に反することなく行われた場合、AはBに対し、Aが支出した有益な費用全額の償還を請求できる。」は、作業主任者の選任が必要な作業の組合せ（AB）を含んでいません。解説のとおり、該当作業と非該当作業の区別を確認してください。 （4）「AによるB宅の屋根の修理が、Bの意思に反することなく行われた場合、AはBに対し、Aが支出した有益…」について：他の選択肢は、主体・手続・期間・効果などの点でずれています。,正解は選択肢3です。 選択肢3の「Aは、B宅の屋根を善良な管理者の注意をもって修理する必要がある。,正解は選択肢3です。,
2018,平成30年度,6,single,権利関係,,Aが所有する甲土地上にBが乙建物を建築して所有権を登記していたところ、AがBから乙建物を買い取り、その後、Aが甲土地にCのために抵当権を設定し登記した。この場合の法定地上権についての以下の記述のうち、民法の規定と判例に照らすと、誤っているものを選びなさい。,,,,,,Aが乙建物の登記をA名義に移転する前に甲土地に抵当権を設定登記していた場合、甲土地の抵当権が実行されたとしても、乙建物のために法定地上権は成立しない。,Aが乙建物を取り壊して更地にしてから甲土地に抵当権を設定登記し、その後にAが甲土地上に丙建物を建築していた場合、甲土地の抵当権が実行されたとしても、丙建物のために法定地上権は成立しない。,Aが甲土地に抵当権を設定登記するのと同時に乙建物にもCのために共同抵当権を設定登記した後、乙建物を取り壊して丙建物を建築し、丙建物にCのために抵当権を設定しないまま甲土地の抵当権が実行された場合、丙建物のために法定地上権は成立しない。,Aが甲土地に抵当権を設定登記した後、乙建物をDに譲渡したとき、甲土地の抵当権が実行されると、乙建物のために法定;地上権が成立する。,1,FALSE,FALSE,,正解は選択肢1です。この問は権利関係について、問題文の条件を制度の要件・効果に当てはめる問題です。選択肢1の「Aが乙建物の登記をA名義に移転する前に甲土地に抵当権を設定登記していた場合、甲...」という内容が結論に合います。他の選択肢は、主体・手続・期間・効果などの点でずれています。,2:（2）「Aが乙建物を取り壊して更地にしてから甲土地に抵当権を設定登記し、その後にAが甲土地上に丙建物を建築していた場合、甲土地の抵当権が実行されたとしても、丙建物のために法定地上権は成立しない。」は、作業主任者の選任が必要な作業の組合せ（AA）を含んでいません。解説のとおり、該当作業と非該当作業の区別を確認してください。 （2）「Aが乙建物を取り壊して更地にしてから甲土地に抵当権を設定登記し、その後にAが甲土地上に丙建物を建…」について：他の選択肢は、主体・手続・期間・効果などの点でずれています。;3:（3）「Aが甲土地に抵当権を設定登記するのと同時に乙建物にもCのために共同抵当権を設定登記した後、乙建物を取り壊して丙建物を建築し、丙建物にCのために抵当権を設定しないまま甲土地の抵当権が実行された場合、丙建物のために法定地上権は成立しない。」は、作業主任者の選任が必要な作業の組合せ（AA）を含んでいません。解説のとおり、該当作業と非該当作業の区別を確認してください。 （3）「Aが甲土地に抵当権を設定登記するのと同時に乙建物にもCのために共同抵当権を設定登記した後、乙建物…」について：他の選択肢は、主体・手続・期間・効果などの点でずれています。;4:（4）「Aが甲土地に抵当権を設定登記した後、乙建物をDに譲渡したとき、甲土地の抵当権が実行されると、乙建物のために法定;地上権が成立する。」は、作業主任者の選任が必要な作業の組合せ（AA）を含んでいません。解説のとおり、該当作業と非該当作業の区別を確認してください。 （4）「Aが甲土地に抵当権を設定登記した後、乙建物をDに譲渡したとき、甲土地の抵当権が実行されると、乙建…」について：他の選択肢は、主体・手続・期間・効果などの点でずれています。,正解は選択肢1です。 選択肢1の「Aが乙建物の登記をA名義に移転する前に甲土地に抵当権を設定登記していた場合、甲...」という内容が結論に合います。,正解は選択肢1です。,
2018,平成30年度,7,single,権利関係,,債権譲渡についての以下の記述のうち、民法の規定と判例に照らすと、誤っているものを選びなさい。,,,,,,譲渡禁止特約のある債権の譲渡を受けた第三者が、その特約の存在を知らなかったとしても、知らなかったことにつき重大な過失があれば、当該債権を取得できない。,債権の譲受人が譲渡禁止特約の存在を知っていれば、さらにその債権を談り受けた転得者がその特約の存在を知らなかったことにつき重大な過失がなかったとしても、債務者はその転得者に対して、その特約の存在を対抗できる。,譲渡禁止特約に反して債権を譲渡した債権者は、債務者に譲渡の無効を主張する意思があることが明らかである等の事情がない限り、その特約の存在を理由に、譲渡の無効を主張できない。,譲渡禁止特約のある債権をもって質権の目的としたときに、質権者がその特約の存在について悪意であるときは、当該質権設定は無効となる。,2,FALSE,FALSE,,正解は選択肢2です。この問は債権譲渡について、問題文の条件を制度の要件・効果に当てはめる問題です。選択肢2の「債権の譲受人が譲渡禁止特約の存在を知っていれば、さらにその債権を談り受けた転得...」という内容が結論に合います。他の選択肢は、主体・手続・期間・効果などの点でずれています。,1:（1）「譲渡禁止特約のある債権の譲渡を受けた第三者が、その特約の存在を知らなかったとしても、知らなかった…」について：他の選択肢は、主体・手続・期間・効果などの点でずれています。;3:（3）「譲渡禁止特約に反して債権を譲渡した債権者は、債務者に譲渡の無効を主張する意思があることが明らかで…」について：他の選択肢は、主体・手続・期間・効果などの点でずれています。;4:（4）「譲渡禁止特約のある債権をもって質権の目的としたときに、質権者がその特約の存在について悪意であると…」について：他の選択肢は、主体・手続・期間・効果などの点でずれています。,正解は選択肢2です。 選択肢2の「債権の譲受人が譲渡禁止特約の存在を知っていれば、さらにその債権を談り受けた転得...」という内容が結論に合います。,正解は選択肢2です。,
2018,平成30年度,8,single,権利関係,,以下の1から4までの記述のうち、民法の規定及び下記判決文によれば、誤っているものを選びなさい。 (判決文) 賃借人は、賃貸借契約が終了した場合には、賃借物件を原状に回復して賃貸人に返還する義務があるところ、賃貸借契約は、賃借人による賃借物件の使用とその対価としての賃料の支払を内容とするものであり、賃借物件の損耗の発生は、賃貸借という契約の本質上当然に予定されているものである。それゆえ、建物の賃貸借においては、賃借人が社会通念上通常の使用をした場合に生ずる賃借物件の劣化又は価値の減少を意味する通常損耗に係る投下資本の減価の回収は、通常、減価償却費や修繕費等の必要経費分を賃料の中に含ませてその支払を受けることにより行われている。そうすると、建物の賃借人にその賃貸借において生ずる通常損耗についての原状回復義務を負わせるのは、賃借人に予期しない特別の負担を課すことになるから、 賃借人に同義務が認められるためには、(中略)その旨の特約(以下「通常損耗補修特約」という。)が明確に合意されていることが必要であると解するのが相当である。,,,,,,賃借物件を賃借人がどのように使用しでも、賃借物件に発生する損耗による減価の回収は、 賃貸人が全て賃料に含ませてその支払を受けることにより行っている。,通常損耗とは、賃借人が社会通念上通常の使用をしたときに生ずる賃借物件の劣化又は価値の減少を意味する。,賃借人が負担する通常損耗の範囲が賃貸借契約書に明記されておらず口頭での説明等もない場合に賃借人に通常損耗についての原状回復義務を負わせるのは、賃借人に予期しない特別の負担を課すことになる。,賃貸借契約に賃借人が原状回復義務を負う旨が定められていても、それをもって、賃借人が賃料とは別に通常損耗の補修費を支払う義務があるとはいえない。,1,FALSE,FALSE,,正解は選択肢1です。この問は以下の1から4までの記述について、問題文の条件を制度の要件・効果に当てはめる問題です。選択肢1の「賃借物件を賃借人がどのように使用しでも、賃借物件に発生する損耗による減価の回収...」という内容が結論に合います。他の選択肢は、主体・手続・期間・効果などの点でずれています。,2:（2）「通常損耗とは、賃借人が社会通念上通常の使用をしたときに生ずる賃借物件の劣化又は価値の減少を意味す…」について：他の選択肢は、主体・手続・期間・効果などの点でずれています。;3:（3）「賃借人が負担する通常損耗の範囲が賃貸借契約書に明記されておらず口頭での説明等もない場合に賃借人に…」について：他の選択肢は、主体・手続・期間・効果などの点でずれています。;4:（4）「賃貸借契約に賃借人が原状回復義務を負う旨が定められていても、それをもって、賃借人が賃料とは別に通…」について：他の選択肢は、主体・手続・期間・効果などの点でずれています。,正解は選択肢1です。 選択肢1の「賃借物件を賃借人がどのように使用しでも、賃借物件に発生する損耗による減価の回収...」という内容が結論に合います。,正解は選択肢1です。,
2018,平成30年度,9,single,権利関係,,"Aは、平成30年10月1日、A所有の甲土地につき、Bとの間で、代金1,000万円、支払期日を同年12月1日とする売買契約を締結した。この場合の相殺についての以下の記述のうち、民法の規定と判例に照らすと、正しいものを選びなさい。",,,,,,BがAに対して同年12月31日を支払期日とする貸金債権を有しているときは、Bは同年12月1日に売買代金債務と当該貸金債権を対当額で相殺できる。,同年11月1日にAの売買代金債権がAの債権者Cにより差し押さえられでも、Bは、同年11月2日から12月1日までの間にAに対する別の債権を取得したときは、同年12月 1日に売買代金債務と当該債権を対当額で相殺できる。,同年10月10日、BがAの自動車事故によって被害を受け、Aに対して不法行為に基づく損害賠償債権を取得したときは、Bは売買代金債務と当該損害賠償債権を対当額で相殺することカtできる。,BがAに対し同年9月30日に消滅時効の期限が到来する貸金債権を有していたときは、Aが当該消滅時効を援用したとしても、Bは売買代金債務と当該貸金債権を対当額で相殺できる。,3,FALSE,FALSE,,正解は選択肢3です。この問は権利関係について、問題文の条件を制度の要件・効果に当てはめる問題です。選択肢3の「同年10月10日、BがAの自動車事故によって被害を受け、Aに対して不法行為...」という内容が結論に合います。他の選択肢は、主体・手続・期間・効果などの点でずれています。,1:（1）「BがAに対して同年12月31日を支払期日とする貸金債権を有しているときは、Bは同年12月1日に売買代金債務と当該貸金債権を対当額で相殺できる。」は、作業主任者の選任が必要な作業の組合せ（BAAB）を含んでいません。解説のとおり、該当作業と非該当作業の区別を確認してください。 （1）「BがAに対して同年12月31日を支払期日とする貸金債権を有しているときは、Bは同年12月1日に売…」について：他の選択肢は、主体・手続・期間・効果などの点でずれています。;2:（2）「同年11月1日にAの売買代金債権がAの債権者Cにより差し押さえられでも、Bは、同年11月2日から…」について：他の選択肢は、主体・手続・期間・効果などの点でずれています。;4:（4）「BがAに対し同年9月30日に消滅時効の期限が到来する貸金債権を有していたときは、Aが当該消滅時効を援用したとしても、Bは売買代金債務と当該貸金債権を対当額で相殺できる。」は、作業主任者の選任が必要な作業の組合せ（BAAB）を含んでいません。解説のとおり、該当作業と非該当作業の区別を確認してください。 （4）「BがAに対し同年9月30日に消滅時効の期限が到来する貸金債権を有していたときは、Aが当該消滅時効…」について：他の選択肢は、主体・手続・期間・効果などの点でずれています。,正解は選択肢3です。 選択肢3の「同年10月10日、BがAの自動車事故によって被害を受け、Aに対して不法行為...」という内容が結論に合います。,正解は選択肢3です。,
2018,平成30年度,10,single,権利関係,,相続についての以下の記述のうち、民法の規定と判例に照らすと、誤っているものを選びなさい。,,,,,,無権代理人が本人に無断で、本人の不動産を売却した後に、単独で本人を相続したとき、本人が自ら当該不動産を売却したのと同様な法律上の効果が生じる。,相続財産に属する不動産について、遺産分割前に単独の所有権移転登記をした共同相続人から移転登記を受けた第三取得者に対し、他の共同相続人は、自己の持分を登記なくして対抗できる。,連帯債務者の一人が死亡し、その相続人が数人あるとき、相続人らは被相続人の債務の分割されたものを承継し、各自その承継した範囲において、本来の債務者とともに連帯債務者となる。,共同相続に基づく共有物の持分価格が過半数を超える相続人は、協議なくして単独で共有物を占有する他の相続人に対して、当然にその共有物の明渡しを請求できる。,4,FALSE,FALSE,,正解は選択肢4です。この問は相続について、問題文の条件を制度の要件・効果に当てはめる問題です。選択肢4の「共同相続に基づく共有物の持分価格が過半数を超える相続人は、協議なくして単独で共...」という内容が結論に合います。他の選択肢は、主体・手続・期間・効果などの点でずれています。,1:（1）「無権代理人が本人に無断で、本人の不動産を売却した後に、単独で本人を相続したとき、本人が自ら当該不…」について：他の選択肢は、主体・手続・期間・効果などの点でずれています。;2:（2）「相続財産に属する不動産について、遺産分割前に単独の所有権移転登記をした共同相続人から移転登記を受…」について：他の選択肢は、主体・手続・期間・効果などの点でずれています。;3:（3）「連帯債務者の一人が死亡し、その相続人が数人あるとき、相続人らは被相続人の債務の分割されたものを承…」について：他の選択肢は、主体・手続・期間・効果などの点でずれています。,正解は選択肢4です。 選択肢4の「共同相続に基づく共有物の持分価格が過半数を超える相続人は、協議なくして単独で共...」という内容が結論に合います。,正解は選択肢4です。,
2018,平成30年度,11,single,権利関係,,AとBとの間で、A所有の甲土地につき建物所有目的で賃貸借契約(以下、本問では「本件契約」という。)を締結する場合についての以下の記述のうち、民法及び借地借家法の規定並びに判例に照らすと、正しいものを選びなさい。,,,,,,本件契約が専ら事業の用に供する建物の所有を目的とするときは、公正証書によらなければ無効となる。,本件契約が居住用の建物の所有を目的とするときは、借地権の存続期間を20年とし、 かつ、契約の更新請求をしない旨を定めても、これらの規定は無効となる。,本件契約において借地権の存続期間を60年と定めても、公正証書によらなければ、その期間は30年となる。,Bは、甲土地につき借地権登記を備えなくても、Bと同姓でかつ同居している未成年の長男名義で保存登記をした建物を甲土地上に所有していれば、甲土地の所有者が替わっても、 甲土地の新所有者に対し借地権を対抗できる。,2,FALSE,FALSE,,正解は選択肢2です。この問は権利関係について、問題文の条件を制度の要件・効果に当てはめる問題です。選択肢2の「本件契約が居住用の建物の所有を目的とするときは、借地権の存続期間を20年とし、...」という内容が結論に合います。他の選択肢は、主体・手続・期間・効果などの点でずれています。,1:（1）「本件契約が専ら事業の用に供する建物の所有を目的とするときは、公正証書によらなければ無効となる。」は、単独の記述としては法令上妥当な場合がありますが、本問で選ぶべき正答は（2）「本件契約が居住用の建物の所有を目的とするときは、借地権の存続期間を20年とし、 かつ、契約の更新請求をしない旨を定めても、これらの規定は無効となる。」です。問題文の条件（AとBとの間で、A所有の甲土地につき建物所有目的で賃貸借契約(以下、本問では「本件契約」という。…）と照らし、設問が問う論点に合う肢を選び直してください。;3:（3）「本件契約において借地権の存続期間を60年と定めても、公正証書によらなければ、その期間は30年となる。」は、単独の記述としては法令上妥当な場合がありますが、本問で選ぶべき正答は（2）「本件契約が居住用の建物の所有を目的とするときは、借地権の存続期間を20年とし、 かつ、契約の更新請求をしない旨を定めても、これらの規定は無効となる。」です。問題文の条件（AとBとの間で、A所有の甲土地につき建物所有目的で賃貸借契約(以下、本問では「本件契約」という。…）と照らし、設問が問う論点に合う肢を選び直してください。;4:（4）「Bは、甲土地につき借地権登記を備えなくても、Bと同姓でかつ同居している未成年の長男名義で保存登記をした建物を甲土地上に所有していれば、甲土地の所有者が替わっても、 甲土地の新所有者に対し借地権を対抗できる。」は、作業主任者の選任が必要な作業の組合せ（）を含んでいません。解説のとおり、該当作業と非該当作業の区別を確認してください。 （4）「Bは、甲土地につき借地権登記を備えなくても、Bと同姓でかつ同居している未成年の長男名義で保存登記…」について：他の選択肢は、主体・手続・期間・効果などの点でずれています。,正解は選択肢2です。 選択肢2の「本件契約が居住用の建物の所有を目的とするときは、借地権の存続期間を20年とし、...」という内容が結論に合います。,正解は選択肢2です。,
2018,平成30年度,12,single,権利関係,,AとBとの間で、Aが所有する甲建物をBが5年間賃借する旨の契約を締結した場合における以下の記述のうち、民法及び借地借家法の規定に照らすと、正しいものはどれか(借地借家法第39条に定める取壊し予定の建物の賃貸借及び同法第40条に定める一時使用目的の建物の賃貸借は考慮しないものとして扱う。)。,,,,,,AB間の賃貸借契約が借地借家法第38条の定期建物賃貸借で、契約の更新がない旨を定めたときは、 5年経過をもって当然に、AはBに対して、期間満了による終了を対抗できる。,AB間の賃貸借契約が借地借家法第38条の定期建物賃貸借で、契約の更新がない旨を定めたときは、当該契約の期間中、Bから中途解約を申し入れることはできない。,AB間の賃貸借契約が借地借家法第38条の定期建物賃貸借でない場合、A及びBのいずれからも期間内に更新しないという通知又は条件変更しなければ更新しないという通知がなかったときは、当該賃貸借契約が更新され、その契約は期間の定めがないものとなる。,CがBから甲建物を適法に賃貸された転借人で、期間満了によってAB間及びBC間の賃貸借契約が終了する場合、Aの同意を得て甲建物に付加した造作について、BはAに対する買取請求権を有するが、CはAに対する買取請求権を有しない。,3,FALSE,FALSE,,正解は選択肢3です。この問は権利関係について、問題文の条件を制度の要件・効果に当てはめる問題です。選択肢3の「AB間の賃貸借契約が借地借家法第38条の定期建物賃貸借でない場合、A及びBの...」という内容が結論に合います。他の選択肢は、主体・手続・期間・効果などの点でずれています。,1:（1）「AB間の賃貸借契約が借地借家法第38条の定期建物賃貸借で、契約の更新がない旨を定めたときは、 5年経過をもって当然に、AはBに対して、期間満了による終了を対抗できる。」は、作業主任者の選任が必要な作業の組合せ（ABAB）を含んでいません。解説のとおり、該当作業と非該当作業の区別を確認してください。;2:（2）「AB間の賃貸借契約が借地借家法第38条の定期建物賃貸借で、契約の更新がない旨を定めたときは、当該契約の期間中、Bから中途解約を申し入れることはできない。」は、作業主任者の選任が必要な作業の組合せ（ABAB）を含んでいません。解説のとおり、該当作業と非該当作業の区別を確認してください。;4:（4）「CがBから甲建物を適法に賃貸された転借人で、期間満了によってAB間及びBC間の賃貸借契約が終了する場合、Aの同意を得て甲建物に付加した造作について、BはAに対する買取請求権を有するが、CはAに対する買取請求権を有しない。」は、作業主任者の選任が必要な作業の組合せ（ABAB）を含んでいません。解説のとおり、該当作業と非該当作業の区別を確認してください。 （4）「CがBから甲建物を適法に賃貸された転借人で、期間満了によってAB間及びBC間の賃貸借契約が終了す…」について：他の選択肢は、主体・手続・期間・効果などの点でずれています。,正解は選択肢3です。 選択肢3の「AB間の賃貸借契約が借地借家法第38条の定期建物賃貸借でない場合、A及びBの...」という内容が結論に合います。,正解は選択肢3です。,
2018,平成30年度,13,single,権利関係,,建物の区分所有等に関する法律についての以下の記述のうち、誤っているものを選びなさい。,,,,,,規約の設定、変更又は廃止を行うときは、区分所有者の過半数による集会の決議によってなされなければならない。,規約を保管する者は、利害関係人の請求があったときは、正当な理由があるときを除いて、 規約の関覧を拒んではならず、閲覧を拒絶したときは20万円以下の過料に処される。,規約の保管場所は、建物内の見やすい場所に掲示する必要がある。,占有者は、建物又はその敷地若しくは附属施設の使用方法につき、区分所有者が規約又は集会の決議に基づいて負う義務と同一の義務を負う。,1,FALSE,FALSE,,正解は選択肢1です。この問は建物の区分所有等について、問題文の条件を制度の要件・効果に当てはめる問題です。選択肢1の「規約の設定、変更又は廃止を行うときは、区分所有者の過半数による集会の決議によっ...」という内容が結論に合います。他の選択肢は、主体・手続・期間・効果などの点でずれています。,2:（2）「規約を保管する者は、利害関係人の請求があったときは、正当な理由があるときを除いて、 規約の関覧を拒んではならず、閲覧を拒絶したときは20万円以下の過料に処される…」は、単独の記述としては法令上妥当な場合がありますが、本問で選ぶべき正答は（1）「規約の設定、変更又は廃止を行うときは、区分所有者の過半数による集会の決議によってなされなければならない。」です。問題文の条件（建物の区分所有等に関する法律についての以下の記述のうち、誤っているものを選びなさい。…）と照らし、設問が問う論点に合う肢を選び直してください。;3:（3）「規約の保管場所は、建物内の見やすい場所に掲示する必要がある。…」について：他の選択肢は、主体・手続・期間・効果などの点でずれています。;4:（4）「占有者は、建物又はその敷地若しくは附属施設の使用方法につき、区分所有者が規約又は集会の決議に基づ…」について：他の選択肢は、主体・手続・期間・効果などの点でずれています。,正解は選択肢1です。 選択肢1の「規約の設定、変更又は廃止を行うときは、区分所有者の過半数による集会の決議によっ...」という内容が結論に合います。,正解は選択肢1です。,
2018,平成30年度,14,single,権利関係,,不動産の登記についての以下の記述のうち、誤っているものを選びなさい。,,,,,,登記は、法令に別段の定めがあるときを除き、当事者の申請又は官庁若しくは公署の嘱託がなければ、できない。,表示に関する登記は、登記官が、職権でできる。,所有権の登記名義人は、建物の床面積に変更があったときは、当該変更のあった日から1 月以内に、変更の登記を申請する必要がある。,所有権の登記名義人は、その住所について変更があったときは、当該変更のあった日から 1月以内に、変更の登記を申請する必要がある。,4,FALSE,FALSE,,正解は選択肢4です。この問は不動産の登記について、問題文の条件を制度の要件・効果に当てはめる問題です。選択肢4の「所有権の登記名義人は、その住所について変更があったときは、当該変更のあった日か...」という内容が結論に合います。他の選択肢は、主体・手続・期間・効果などの点でずれています。,1:（1）「登記は、法令に別段の定めがあるときを除き、当事者の申請又は官庁若しくは公署の嘱託がなければ、でき…」について：他の選択肢は、主体・手続・期間・効果などの点でずれています。;2:（2）「表示に関する登記は、登記官が、職権でできる。…」について：他の選択肢は、主体・手続・期間・効果などの点でずれています。;3:（3）「所有権の登記名義人は、建物の床面積に変更があったときは、当該変更のあった日から1 月以内に、変更…」について：他の選択肢は、主体・手続・期間・効果などの点でずれています。,正解は選択肢4です。 選択肢4の「所有権の登記名義人は、その住所について変更があったときは、当該変更のあった日か...」という内容が結論に合います。,正解は選択肢4です。,
2018,平成30年度,15,single,法令上の制限,,国土利用計画法第23条の届出(以下、本問では「事後届出」という。)についての以下の記述のうち、正しいものを選びなさい。,,,,,,事後届出に係る土地の利用目的について、甲県知事から勧告を受けた宅地建物取引業者Aがその勧告に従わないときは、甲県知事は、その内容及びその勧告の内容を公表できる。,"乙県が所有する都市計画区域内の土地(面積6,000㎡)を買い受けた者は、売買契約を締結した日から起算して2週間以内に、事後届出を行わなければならない。",指定都市(地方自治法に基づく指定都市をいう。)の区域以外に所在する土地について、 事後届出を行うに当たっては、市町村の長を経由しないで、直接都道府県知事に届け出なければならない。,"宅地建物取引業者Bが所有する市街化区域内の土地(面積2,500㎡)について、宅地建物取引業者Cが購入する契約を締結したとき、Cは事後届出を行う必要はない。",1,FALSE,FALSE,,正解は選択肢1です。この問は国土利用計画法第23条の届出(以下、本問では「事後届出」という。)について、問題文の条件を制度の要件・効果に当てはめる問題です。選択肢1の「事後届出に係る土地の利用目的について、甲県知事から勧告を受けた宅地建物取引業者...」という内容が結論に合います。他の選択肢は、主体・手続・期間・効果などの点でずれています。,"2:（2）「乙県が所有する都市計画区域内の土地(面積6,000㎡)を買い受けた者は、売買契約を締結した日から…」について：他の選択肢は、主体・手続・期間・効果などの点でずれています。;3:（3）「指定都市(地方自治法に基づく指定都市をいう。)の区域以外に所在する土地について、 事後届出を行う…」について：他の選択肢は、主体・手続・期間・効果などの点でずれています。;4:（4）「宅地建物取引業者Bが所有する市街化区域内の土地(面積2,500㎡)について、宅地建物取引業者Cが…」について：他の選択肢は、主体・手続・期間・効果などの点でずれています。",正解は選択肢1です。 選択肢1の「事後届出に係る土地の利用目的について、甲県知事から勧告を受けた宅地建物取引業者...」という内容が結論に合います。,正解は選択肢1です。,
2018,平成30年度,16,single,法令上の制限,,都市計画法についての以下の記述のうち、誤っているものを選びなさい。,,,,,,田園住居地域内の農地の区域内において、土地の形質の変更を行おうとする者は、一定の場合を除き、市町村長の許可を受けなければならない。,風致地区内における建築物の建築については、一定の基準に従い、地方公共団体の条例で、 都市の風致を維持するため必要な規制をできる。,市街化区域については、少なくとも用途地域を定めるものとし、市街化調整区域については、原則として用途地域を定めないものとする。,準都市計画区域については、無秩序な市街化を防止し、計画的な市街化を図るため、都市計画に市街化区域と市街化調整区域との区分を定めなければならない。,4,FALSE,FALSE,,正解は選択肢4です。この問は都市計画法について、問題文の条件を制度の要件・効果に当てはめる問題です。選択肢4の「準都市計画区域については、無秩序な市街化を防止し、計画的な市街化を図るため、都...」という内容が結論に合います。他の選択肢は、主体・手続・期間・効果などの点でずれています。,1:（1）「田園住居地域内の農地の区域内において、土地の形質の変更を行おうとする者は、一定の場合を除き、市町…」について：他の選択肢は、主体・手続・期間・効果などの点でずれています。;2:（2）「風致地区内における建築物の建築については、一定の基準に従い、地方公共団体の条例で、 都市の風致を…」について：他の選択肢は、主体・手続・期間・効果などの点でずれています。;3:（3）「市街化区域については、少なくとも用途地域を定めるものとし、市街化調整区域については、原則として用…」について：他の選択肢は、主体・手続・期間・効果などの点でずれています。,正解は選択肢4です。 選択肢4の「準都市計画区域については、無秩序な市街化を防止し、計画的な市街化を図るため、都...」という内容が結論に合います。,正解は選択肢4です。,
2018,平成30年度,17,single,法令上の制限,,都市計画法についての以下の記述のうち、誤っているものを選びなさい。ただし、許可を要する開発行為の面積については、条例による定めはないものとし、この問において「都道府県知事」とは、地方自治法に基づく指定都市、中核市及び古血行時特例市にあってはその長をいうものとして扱う。,,,,,,非常災害のため必要な応急措置として開発行為をしようとする者は、当該関発行為が市街化調整区域内において行われるものであっても都道府県知事の許可を受けなくてよい。,用途地域等の定めがない土地のうち開発許可を受けた開発区域内においては、開発行為に関する工事完了の公告があった後は、都道府県知事の許可を受けなければ、当該開発許可に係る予定建築物以外の建築物を新築できない。,"都市計画区域及び準都市計画区域外の区域内において、 8,000㎡の開発行為をしようとする者は、都道府県知事の許可を受けなくてよい。","準都市計画区域内において、農業を営む者の居住の用に供する建築物の建築を目的とした 1,000㎡の土地の区画形質の変更を行おうとする者は、あらかじめ、都道府県知事の許可を受けなければならない。",4,FALSE,FALSE,,正解は選択肢4です。この問は都市計画法について、問題文の条件を制度の要件・効果に当てはめる問題です。選択肢4の「準都市計画区域内において、農業を営む者の居住の用に供する建築物の建築を目的とし...」という内容が結論に合います。他の選択肢は、主体・手続・期間・効果などの点でずれています。,"1:（1）「非常災害のため必要な応急措置として開発行為をしようとする者は、当該関発行為が市街化調整区域内にお…」について：他の選択肢は、主体・手続・期間・効果などの点でずれています。;2:（2）「用途地域等の定めがない土地のうち開発許可を受けた開発区域内においては、開発行為に関する工事完了の…」について：他の選択肢は、主体・手続・期間・効果などの点でずれています。;3:（3）「都市計画区域及び準都市計画区域外の区域内において、 8,000㎡の開発行為をしようとする者は、都…」について：他の選択肢は、主体・手続・期間・効果などの点でずれています。",正解は選択肢4です。 選択肢4の「準都市計画区域内において、農業を営む者の居住の用に供する建築物の建築を目的とし...」という内容が結論に合います。,正解は選択肢4です。,
2018,平成30年度,18,single,法令上の制限,,建築基準法についての以下の記述のうち、正しいものを選びなさい。,,,,,,建築物の高さ31m以下の部分にある全ての階には、非常用の進入口を設けなければならない。,防火地域内にある3階建ての木造の建築物を増築する場合、その増築に係る部分の床面積の合計が10㎡以内であれば、その工事が完了した際に、建築主事又は指定確認検査機関の完了検査を受ける必要はない。,4階建ての事務所の用途に供する建築物の2階以上の階にあるバルコニーその他これに類するものの周囲には、安全上必要な高さが1.1m以上の手すり壁、さく又は金網を設けなければならない。,建築基準法の改正により、現に存する建築物が改正後の規定に適合しなくなった場合、当該建築物の所有者又は管理者は速やかに当該建築物を改正後の建築基準法の規定に適合させなければならない。,3,FALSE,FALSE,,正解は選択肢3です。この問は建築基準法について、問題文の条件を制度の要件・効果に当てはめる問題です。選択肢3の「4階建ての事務所の用途に供する建築物の2階以上の階にあるバルコニーその他これに...」という内容が結論に合います。他の選択肢は、主体・手続・期間・効果などの点でずれています。,1:（1）「建築物の高さ31m以下の部分にある全ての階には、非常用の進入口を設けなければならない。…」について：他の選択肢は、主体・手続・期間・効果などの点でずれています。;2:（2）「防火地域内にある3階建ての木造の建築物を増築する場合、その増築に係る部分の床面積の合計が10㎡以…」について：他の選択肢は、主体・手続・期間・効果などの点でずれています。;4:（4）「建築基準法の改正により、現に存する建築物が改正後の規定に適合しなくなった場合、当該建築物の所有者又は管理者は速やかに当該建築物を改正後の建築基準法の規定に適合さ…」は、単独の記述としては法令上妥当な場合がありますが、本問で選ぶべき正答は（3）「4階建ての事務所の用途に供する建築物の2階以上の階にあるバルコニーその他これに類するものの周囲には、安全上必要な高さが1.1m以上の手すり壁、さく又は金網を設け…」です。,正解は選択肢3です。 選択肢3の「4階建ての事務所の用途に供する建築物の2階以上の階にあるバルコニーその他これに...」という内容が結論に合います。,正解は選択肢3です。,
2018,平成30年度,19,single,法令上の制限,,建築基準法(以下、本問では「法」という。)についての以下の記述のうち、 誤っているものを選びなさい。,,,,,,田園住居地域内においては、建築物の高さは、一定の場合を除き、 10m又は12mのうち当該地域に関する都市計画において定められた建築物の高さの限度を超えてはならない。,ーの敷地で、その敷地面積の40%が第二種低層住居専用地域に、 60%が第一種中高層住居専用地域にあるときは、原則として、当該敷地内には大学を建築できない。,都市計画区域の変更等によって法第3章の規定が適用されるに至った際現に建築物が立ち並んで、いる幅員2mの道で、特定行政庁の指定したものは、問主主の規定における道路とみなされる。,容積率規制を適用するに当たっては、前面道路の境界線又はその反対側の境界線からそれぞれ後退して壁面線の指定があるときに、特定行政庁が一定の基準に適合すると認めて許可した建築物については、当該前面道路の境界線又はその反対側の境界線は、それぞれ当該壁面線にあるものとみなす。,2,FALSE,FALSE,,正解は選択肢2です。この問は建築基準法(以下、本問では「法」という。)について、問題文の条件を制度の要件・効果に当てはめる問題です。選択肢2の「ーの敷地で、その敷地面積の40%が第二種低層住居専用地域に、 60%が第一種中...」という内容が結論に合います。他の選択肢は、主体・手続・期間・効果などの点でずれています。,1:（1）「田園住居地域内においては、建築物の高さは、一定の場合を除き、 10m又は12mのうち当該地域に関…」について：他の選択肢は、主体・手続・期間・効果などの点でずれています。;3:（3）「都市計画区域の変更等によって法第3章の規定が適用されるに至った際現に建築物が立ち並んで、いる幅員…」について：他の選択肢は、主体・手続・期間・効果などの点でずれています。;4:（4）「容積率規制を適用するに当たっては、前面道路の境界線又はその反対側の境界線からそれぞれ後退して壁面…」について：他の選択肢は、主体・手続・期間・効果などの点でずれています。,正解は選択肢2です。 選択肢2の「ーの敷地で、その敷地面積の40%が第二種低層住居専用地域に、 60%が第一種中...」という内容が結論に合います。,正解は選択肢2です。,
2018,平成30年度,20,single,法令上の制限,,宅地造成等規制法についての以下の記述のうち、誤っているものを選びなさい。なお、本問では「都道府県知事」とは、地方自治法に基づく指定都市、中核市及び施行時特例市にあってはその長をいうものとして扱う。,,,,,,宅地造成工事規制区域内において、過去に宅地造成に関する工事が行われ現在は造成主とは異なる者がその工事が行われた宅地を所有している場合、当該宅地の所有者は、宅地造成に伴う災害が生じないよう、その宅地を常時安全な状態に維持するように努めなければならない。,宅地造成工事規制区域内において行われる宅地造成に関する工事について許可をする都道府県知事は、当該許可に、工事の施行に伴う災害を防止するために必要な条件を付できる。,宅地を宅地以外の土地にするために行う土地の形質の変更は、宅地造成に該当しない。,宅地造成工事規制区域内において、切土であって、当該切土をする土地の面積が400㎡ で、かつ、高さ1mの崖を生ずることとなるものに関する工事を行うときは、一定の場合を除き、都道府県知事の許可を受けなければならない。,4,FALSE,FALSE,,正解は選択肢4です。この問は宅地造成等規制法について、問題文の条件を制度の要件・効果に当てはめる問題です。選択肢4の「宅地造成工事規制区域内において、切土であって、当該切土をする土地の面積が400...」という内容が結論に合います。他の選択肢は、主体・手続・期間・効果などの点でずれています。,1:（1）「宅地造成工事規制区域内において、過去に宅地造成に関する工事が行われ現在は造成主とは異なる者がその…」について：他の選択肢は、主体・手続・期間・効果などの点でずれています。;2:（2）「宅地造成工事規制区域内において行われる宅地造成に関する工事について許可をする都道府県知事は、当該…」について：他の選択肢は、主体・手続・期間・効果などの点でずれています。;3:（3）「宅地を宅地以外の土地にするために行う土地の形質の変更は、宅地造成に該当しない。…」について：他の選択肢は、主体・手続・期間・効果などの点でずれています。,正解は選択肢4です。 選択肢4の「宅地造成工事規制区域内において、切土であって、当該切土をする土地の面積が400...」という内容が結論に合います。,正解は選択肢4です。,
2018,平成30年度,21,single,法令上の制限,,土地区画整理法についての以下の記述のうち、正しいものを選びなさい。,,,,,,土地区画整理事業とは、公共施設の整備改普及び宅地の利用の増進を図るため、土地区画整理法で定めるところに従って行われる、都市計画区域内及び都市計画区域外の土地の区画形質の変更に関する事業をいう。,土地区画整理組合の設立の認可の公告があった日以後、換地処分の公告がある日までは、 施行地区内において、土地区画整理事業の施行の障害となるおそれがある建築物その他の工作物の新築を行おうとする者は、都道府県知事及び市町村長の許可を受けなければならない。,土地区画整理事業の施行者は、仮換地を指定したときに、従前の宅地に存する建築物を移転し、又は除却することが必要となったときは、当該建築物を移転し、又は除却できる。,土地区画整理事業の施行者は、仮換地を指定したときに、当該仮換地について使用又は収益を開始できる日を当該仮換地の効力発生の日と同一の日として定めなければならない。 ,3,FALSE,FALSE,,正解は選択肢3です。この問は土地区画整理法について、問題文の条件を制度の要件・効果に当てはめる問題です。選択肢3の「土地区画整理事業の施行者は、仮換地を指定したときに、従前の宅地に存する建築物を...」という内容が結論に合います。他の選択肢は、主体・手続・期間・効果などの点でずれています。,1:（1）「土地区画整理事業とは、公共施設の整備改普及び宅地の利用の増進を図るため、土地区画整理法で定めると…」について：他の選択肢は、主体・手続・期間・効果などの点でずれています。;2:（2）「土地区画整理組合の設立の認可の公告があった日以後、換地処分の公告がある日までは、 施行地区内にお…」について：他の選択肢は、主体・手続・期間・効果などの点でずれています。;4:選択肢3の「土地区画整理事業の施行者は、仮換地を指定したときに、従前の宅地に存する建築物を...」という内容が結論に合います。,正解は選択肢3です。 選択肢3の「土地区画整理事業の施行者は、仮換地を指定したときに、従前の宅地に存する建築物を...」という内容が結論に合います。,正解は選択肢3です。,
2018,平成30年度,22,single,法令上の制限,,農地法(以下、本問では「法」という。)についての以下の記述のうち、正しいものを選びなさい。,,,,,,市街化区域内の農地を宅地とする目的で権利を取得するときは、あらかじめ農業委員会に届出をすれば法第5条の許可は不要である。,遺産分割により農地を取得することとなった場合、法第3条第1項の許可を受ける必要がある。,法第2条第3項の農地所有適格法人の要件を満たしていない株式会社は、耕作目的で農地を借り入れることはできない。,雑種地を開墾し耕作している土地でも、登記簿上の地目が雑種地であるときは、法の適用を受ける農地に当たらない。,1,FALSE,FALSE,,正解は選択肢1です。この問は農地法(以下、本問では「法」という。)について、問題文の条件を制度の要件・効果に当てはめる問題です。選択肢1の「市街化区域内の農地を宅地とする目的で権利を取得するときは、あらかじめ農業委員会...」という内容が結論に合います。他の選択肢は、主体・手続・期間・効果などの点でずれています。,2:（2）「遺産分割により農地を取得することとなった場合、法第3条第1項の許可を受ける必要がある。…」について：他の選択肢は、主体・手続・期間・効果などの点でずれています。;3:（3）「法第2条第3項の農地所有適格法人の要件を満たしていない株式会社は、耕作目的で農地を借り入れること…」について：他の選択肢は、主体・手続・期間・効果などの点でずれています。;4:（4）「雑種地を開墾し耕作している土地でも、登記簿上の地目が雑種地であるときは、法の適用を受ける農地に当…」について：他の選択肢は、主体・手続・期間・効果などの点でずれています。,正解は選択肢1です。 選択肢1の「市街化区域内の農地を宅地とする目的で権利を取得するときは、あらかじめ農業委員会...」という内容が結論に合います。,正解は選択肢1です。,
2018,平成30年度,23,single,税・その他,,住宅用家屋の所有権の移転登記に係る登録免許税の税率の軽減措置についての以下の記述のうち、正しいものを選びなさい。,,,,,,個人が他の個人と共有で住宅用の家屋を購入したとき、当該個人は、その住宅用の家屋の所有権の移転登記について、床面積に自己が有する共有持分の割合を乗じたものが50㎡以上でなければ、この税率の軽減措置の適用を受けることができない。,この税率の軽i 成措置は、登記の対象となる住宅用の家屋の取得原因を限定しており、交換を原因として取得した住宅用の家屋について受ける所有権の移転登記には適用されない。,所有権の移転登記に係る住宅用の家屋が耐火建築物の場合、築年数25年以内であっても、 耐震基準適合証明書;により一定の耐震基準を満たしていることが証明されないときは、この税率の軽減措置の適用を受けることができない。,この税率の軽減措置の適用を受けるためには、登記の申請書に、その家屋が一定の要件を満たす住宅用の家屋であることについての税務署長の証明書を添付する必要がある。,2,FALSE,FALSE,,正解は選択肢2です。この問は住宅用家屋の所有権の移転登記に係る登録免許税の税率の軽減措置について、問題文の条件を制度の要件・効果に当てはめる問題です。選択肢2の「この税率の軽i 成措置は、登記の対象となる住宅用の家屋の取得原因を限定しており...」という内容が結論に合います。他の選択肢は、主体・手続・期間・効果などの点でずれています。,1:（1）「個人が他の個人と共有で住宅用の家屋を購入したとき、当該個人は、その住宅用の家屋の所有権の移転登記…」について：他の選択肢は、主体・手続・期間・効果などの点でずれています。;3:（3）「所有権の移転登記に係る住宅用の家屋が耐火建築物の場合、築年数25年以内であっても、 耐震基準適合…」について：他の選択肢は、主体・手続・期間・効果などの点でずれています。;4:（4）「この税率の軽減措置の適用を受けるためには、登記の申請書に、その家屋が一定の要件を満たす住宅用の家…」について：他の選択肢は、主体・手続・期間・効果などの点でずれています。,正解は選択肢2です。 選択肢2の「この税率の軽i 成措置は、登記の対象となる住宅用の家屋の取得原因を限定しており...」という内容が結論に合います。,正解は選択肢2です。,
2018,平成30年度,24,single,税・その他,,不動産取得税についての以下の記述のうち、正しいものを選びなさい。,,,,,,不動産取得税は、不動産の取得があった日の翌日から起算して3月以内に当該不動産が所在する都道府県に申告納付する必要がある。,不動産取得税は不動産の取得に対して課される税であるので、家屋を改築したことにより当該家屋の価格が増加したとしても、新たな不動産の取得とはみなされないため、不動産取得税は課されない。,相続による不動産の取得については、不動産取得税は課されない。,一定の面積に満たない土地の取得については、不動産取得税は課されない。,3,FALSE,FALSE,,正解は選択肢3です。この問は不動産取得税について、問題文の条件を制度の要件・効果に当てはめる問題です。選択肢3の「相続による不動産の取得については、不動産取得税は課されない。」という内容が結論に合います。他の選択肢は、主体・手続・期間・効果などの点でずれています。,1:（1）「不動産取得税は、不動産の取得があった日の翌日から起算して3月以内に当該不動産が所在する都道府県に…」について：他の選択肢は、主体・手続・期間・効果などの点でずれています。;2:（2）「不動産取得税は不動産の取得に対して課される税であるので、家屋を改築したことにより当該家屋の価格が…」について：他の選択肢は、主体・手続・期間・効果などの点でずれています。;4:（4）「一定の面積に満たない土地の取得については、不動産取得税は課されない。…」について：他の選択肢は、主体・手続・期間・効果などの点でずれています。,正解は選択肢3です。 選択肢3の「相続による不動産の取得については、不動産取得税は課されない。,正解は選択肢3です。,
2018,平成30年度,25,single,税・その他,,不動産の鑑定評価についての以下の記述のうち、不動産鑑定評価基準によれば、正しいものを選びなさい。,,,,,,不動産の価格は、その不動産の効用が最高度に発揮される可能性に最も富む使用を前提として把握される価格を標準として形成されるが、これを最有効使用の原則という。,収益還元法は、賃貸用不動産又は賃貸以外の事業の用に供する不動産の価格を求める場合に特に有効な手法であるが、事業の用に供さない自用の不動産の鑑定評価には適用すべきではない。,鑑定評価の基本的な手法は、原価法、取引事例比較法及び収益還元法に大別され、実際の鑑定評価に際しては、地域分析及び個別分析により把握した対象不動産に係る市場の特性等を適切に反映した手法をいずれか1つ選択して、適用すべきである。,限定価格とは、市場性を有する不動産について、法令等による社会的要請を背景とする鑑定評価目的の下で、正常価格の前提となる諸条件を満たさないことにより正常価格と同一の市場概念の下において形成されるであろう市場価値と乖離することとなる場合における不動産の経済価値を適正に表示する価格のことをいい、民事再生法に基づく鑑定評価目的の下で、 早期売却を前提として求められる価格が例としてあげられる。,1,FALSE,FALSE,,正解は選択肢1です。この問は不動産の鑑定評価について、問題文の条件を制度の要件・効果に当てはめる問題です。選択肢1の「不動産の価格は、その不動産の効用が最高度に発揮される可能性に最も富む使用を前提...」という内容が結論に合います。他の選択肢は、主体・手続・期間・効果などの点でずれています。,2:（2）「収益還元法は、賃貸用不動産又は賃貸以外の事業の用に供する不動産の価格を求める場合に特に有効な手法…」について：他の選択肢は、主体・手続・期間・効果などの点でずれています。;3:（3）「鑑定評価の基本的な手法は、原価法、取引事例比較法及び収益還元法に大別され、実際の鑑定評価に際して…」について：他の選択肢は、主体・手続・期間・効果などの点でずれています。;4:（4）「限定価格とは、市場性を有する不動産について、法令等による社会的要請を背景とする鑑定評価目的の下で…」について：他の選択肢は、主体・手続・期間・効果などの点でずれています。,正解は選択肢1です。 選択肢1の「不動産の価格は、その不動産の効用が最高度に発揮される可能性に最も富む使用を前提...」という内容が結論に合います。,正解は選択肢1です。,
2018,平成30年度,26,single,宅建業法,,宅地建物取引業者が行う広告についての以下の記述のうち、宅地建物取引業法(以下、本問では「法」という。)の規定に照らすと、正しいものを選びなさい。,,,,,,宅地の売買に関する広告をインターネットで行ったときに、当該宅地の売買契約成立後に継続して広告を掲載していたとしても、当該広告の掲載を始めた時点で当該宅地に関する売買契約が成立していなかったときは、法第32条に規定する誇大広告等の禁止に違反しない。,販売する宅地又は建物の広告に著しく事実に相違する表示をしたとき、監督処分の対象となるほか、 6月以下の拘禁刑及び100万円以下の罰金を併科されることがある。,建築基準法第6条第1項の確認を申請中の建物については、当該建物の売買の媒介に関する広告をしてはいけないが、貸借の媒介に関する広告はできる。,宅地建物取引業者がその業務に関して広告をするときは、実際のものより著しく優良又は有利であると人を誤認させるような表示をしてはいけないが、宅地又は建物に係る現在又は将来の利用の制限の一部を表示しないことによりそのような誤認をさせるときは、法第32 条に規定する誇大広告等の禁止に違反しない。,2,FALSE,FALSE,,正解は選択肢2です。この問は宅地建物取引業者が行う広告について、問題文の条件を制度の要件・効果に当てはめる問題です。選択肢2の「販売する宅地又は建物の広告に著しく事実に相違する表示をしたとき、監督処分の対象...」という内容が結論に合います。他の選択肢は、主体・手続・期間・効果などの点でずれています。,1:（1）「宅地の売買に関する広告をインターネットで行ったときに、当該宅地の売買契約成立後に継続して広告を掲…」について：他の選択肢は、主体・手続・期間・効果などの点でずれています。;3:（3）「建築基準法第6条第1項の確認を申請中の建物については、当該建物の売買の媒介に関する広告をしてはい…」について：他の選択肢は、主体・手続・期間・効果などの点でずれています。;4:（4）「宅地建物取引業者がその業務に関して広告をするときは、実際のものより著しく優良又は有利であると人を…」について：他の選択肢は、主体・手続・期間・効果などの点でずれています。,正解は選択肢2です。 選択肢2の「販売する宅地又は建物の広告に著しく事実に相違する表示をしたとき、監督処分の対象...」という内容が結論に合います。,正解は選択肢2です。,
2018,平成30年度,27,single,宅建業法,,宅地建物取引業者Aは、Bが所有し、居住している甲住宅の売却の媒介を、また、 宅地建物取引業者Cは、Dから既存住宅の購入の媒介を依頼され、それぞれ媒介契約を締結した。その後、B及びDは、それぞれA及びCの媒介により、甲住宅の売買契約(以下、本問では「本件契約」という。)を締結した。この場合における以下の記述のうち、宅地建物取引業法(以下、本問では「法」という。)の規定に照らすと、正しいものを選びなさい。なお、本問では「建物状況調査」とは、法第34条の2第1項第4号に規定する調査をいうものとして扱う。,,,,,,Aは、甲住宅の売却の依頼を受けた媒介業者として、本件契約が成立するまでの間に、Dに対し、建物状況調査を実施する者のあっせんの有無について確認する必要がある。,A及びCは、本件契約が成立するまでの間に、Dに対し、甲住宅について、設計図書、点検記録その他の建物の建築及び維持保全の状況に関する書類で国土交通省令で定めるものの保存の状況及びそれぞれの書類に記載されている内容について説明する必要がある。,CがDとの間で媒介契約を締結する2年前に、甲住宅は既に建物状況調査を受けていた。 このときに、A及びCは、本件契約が成立するまでの間に、Dに対し、建物状況調査を実施している旨及びその結果の概要について説明する必要がある。,A及びCは、Dが宅地建物取引業者であるときであっても、法第37条に基づき交付すべき言:面において、甲住宅の構造耐力上主要な部分等の状況について当事者の双方が確認した事項があるときにその記載を省略できない。,4,FALSE,FALSE,,正解は選択肢4です。この問は宅建業法について、問題文の条件を制度の要件・効果に当てはめる問題です。選択肢4の「A及びCは、Dが宅地建物取引業者であるときであっても、法第37条に基づき交付...」という内容が結論に合います。他の選択肢は、主体・手続・期間・効果などの点でずれています。,1:（1）「Aは、甲住宅の売却の依頼を受けた媒介業者として、本件契約が成立するまでの間に、Dに対し、建物状況調査を実施する者のあっせんの有無について確認する必要がある。」は、作業主任者の選任が必要な作業の組合せ（ACD）を含んでいません。解説のとおり、該当作業と非該当作業の区別を確認してください。 （1）「Aは、甲住宅の売却の依頼を受けた媒介業者として、本件契約が成立するまでの間に、Dに対し、建物状況…」について：他の選択肢は、主体・手続・期間・効果などの点でずれています。;2:（2）「A及びCは、本件契約が成立するまでの間に、Dに対し、甲住宅について、設計図書、点検記録その他の建物の建築及び維持保全の状況に関する書類で国土交通省令で定めるものの保存の状況及びそれぞれの書類に記載されている内容について説明する必要がある。」は、作業主任者の選任が必要な作業の組合せ（ACD）を含んでいません。解説のとおり、該当作業と非該当作業の区別を確認してください。 （2）「A及びCは、本件契約が成立するまでの間に、Dに対し、甲住宅について、設計図書、点検記録その他の建…」について：他の選択肢は、主体・手続・期間・効果などの点でずれています。;3:（3）「CがDとの間で媒介契約を締結する2年前に、甲住宅は既に建物状況調査を受けていた。 このときに、A及びCは、本件契約が成立するまでの間に、Dに対し、建物状況調査を実施している旨及びその結果の概要について説明する必要がある。」は、作業主任者の選任が必要な作業の組合せ（ACD）を含んでいません。解説のとおり、該当作業と非該当作業の区別を確認してください。 （3）「CがDとの間で媒介契約を締結する2年前に、甲住宅は既に建物状況調査を受けていた。 このときに、A…」について：他の選択肢は、主体・手続・期間・効果などの点でずれています。,正解は選択肢4です。 選択肢4の「A及びCは、Dが宅地建物取引業者であるときであっても、法第37条に基づき交付...」という内容が結論に合います。,正解は選択肢4です。,
2018,平成30年度,28,single,宅建業法,,以下の記述のうち、宅地建物取引業法(以下、本問では「法」という。)の規定に照らすと、正しいものがいくつあるか選びなさい。 ア 宅地建物取引業者が、買主として、造成工事完了前の宅地の売買契約を締結しようとする場合、売主が当該造成工事に関レ必要な都市計画法第29条第1項の許可を申請中であっても、当該売買契約を締結することができる。 イ 宅地建物取引業者が、買主として、宅地建物取引業者との間で宅地の売買契約を締結した場合、法第37条の規定により交付すべき書面を交付しなくてよい。 ウ 営業保証金を供託している宅地建物取引業者が、売主として、宅地建物取引業者との間で宅地の売買契約を締結しようとする場合、営業保証金を供託した供託所及びその所在地について、買主に対し説明をしなければならない。 エ 宅地建物取引業者が、宅地の売却の依頼者と媒介契約を締結した場合、当該宅地の購入の申込みがあったときは、売却の依頼者が宅地建物取引業者であっても、遅滞なく、その旨を当該依頼者に報告しなければならない。,,,,,,正しい記述は一つである。,正しい記述は二つである。,正しい記述は三つである。,正しい記述はない。,1,FALSE,FALSE,,正解は選択肢1です。正しい記述は一つである。 各記述を個別に判定し、正しいもの・誤っているもの・違反するものなどの数を数える問題です。,2:（2）「正しい記述は二つである。」は、単独の記述としては法令上妥当な場合がありますが、本問で選ぶべき正答は（1）「正しい記述は一つである。」です。問題文の条件（以下の記述のうち、宅地建物取引業法(以下、本問では「法」という。)の規定に照らすと、正しいものが…）と照らし、設問が問う論点に合う肢を選び直してください。;3:（3）「正しい記述は三つである。」は、単独の記述としては法令上妥当な場合がありますが、本問で選ぶべき正答は（1）「正しい記述は一つである。」です。問題文の条件（以下の記述のうち、宅地建物取引業法(以下、本問では「法」という。)の規定に照らすと、正しいものが…）と照らし、設問が問う論点に合う肢を選び直してください。;4:（4）「正しい記述はない。」は、単独の記述としては法令上妥当な場合がありますが、本問で選ぶべき正答は（1）「正しい記述は一つである。」です。問題文の条件（以下の記述のうち、宅地建物取引業法(以下、本問では「法」という。)の規定に照らすと、正しいものが…）と照らし、設問が問う論点に合う肢を選び直してください。,正解は選択肢1です。 正しい記述は一つである。,正解は選択肢1です。,
2018,平成30年度,29,single,宅建業法,,"Aは、Bとの間で、Aが所有する建物を代金2,000万円で売却する売買契約(以下、本問では「本件契約」という。)を締結した。この場合における以下の記述のうち、宅地建物取引業法(以下、本問では「法」という。)の規定に違反しないものはどれか。",,,,,,A及びBがともに宅地建物取引業者であるときに、Aは、本件契約の成立後、法第37条の規定により交付すべき書面を作成し、記名押印は宅地建物取引士ではない者が行い、 これをBに交付した。,A及びBがともに宅地建物取引業者であるときに、当事者の債務の不履行を理由とする契約の解除があったときの損害賠償の額を600万円という特約を定めた。,Aは宅地建物取引業者であるが、Bは宅地建物取引業者ではないときに、Aは、本件契約の締結に際して、 500万円の手付を受領した。,Aは宅地建物取引業者であるが、Bは宅地建物取引業者ではないときに、本件契約の目的物である建物の瑕疵を担保すべき責任に関し、契約の解除又は損害賠償の請求は目的物の引渡しの日から1年以内にする必要があるものとするという内容の特約を定めた。,2,FALSE,FALSE,,正解は選択肢2です。この問は宅建業法について、問題文の条件を制度の要件・効果に当てはめる問題です。選択肢2の「A及びBがともに宅地建物取引業者であるときに、当事者の債務の不履行を理由とする...」という内容が結論に合います。他の選択肢は、主体・手続・期間・効果などの点でずれています。,1:（1）「A及びBがともに宅地建物取引業者であるときに、Aは、本件契約の成立後、法第37条の規定により交付すべき書面を作成し、記名押印は宅地建物取引士ではない者が行い、 これをBに交付した。」は、作業主任者の選任が必要な作業の組合せ（AB）を含んでいません。解説のとおり、該当作業と非該当作業の区別を確認してください。;3:（3）「Aは宅地建物取引業者であるが、Bは宅地建物取引業者ではないときに、Aは、本件契約の締結に際して、 500万円の手付を受領した。」は、作業主任者の選任が必要な作業の組合せ（AB）を含んでいません。解説のとおり、該当作業と非該当作業の区別を確認してください。 （3）「Aは宅地建物取引業者であるが、Bは宅地建物取引業者ではないときに、Aは、本件契約の締結に際して、…」について：他の選択肢は、主体・手続・期間・効果などの点でずれています。;4:（4）「Aは宅地建物取引業者であるが、Bは宅地建物取引業者ではないときに、本件契約の目的物である建物の瑕疵を担保すべき責任に関し、契約の解除又は損害賠償の請求は目的物の引渡しの日から1年以内にする必要があるものとするという内容の特約を定めた。」は、作業主任者の選任が必要な作業の組合せ（AB）を含んでいません。解説のとおり、該当作業と非該当作業の区別を確認してください。 （4）「Aは宅地建物取引業者であるが、Bは宅地建物取引業者ではないときに、本件契約の目的物である建物の瑕…」について：他の選択肢は、主体・手続・期間・効果などの点でずれています。,正解は選択肢2です。 選択肢2の「A及びBがともに宅地建物取引業者であるときに、当事者の債務の不履行を理由とする...」という内容が結論に合います。,正解は選択肢2です。,
2018,平成30年度,30,single,宅建業法,,宅地建物取引業者A(消費税課税事業者)は、Bが所有する建物について、B及びCから媒介の依頼を受け、Bを貸主、Cを借主とし、 1か月分の倍賃を10万円(消費税等相当額を含まない。)、CからBに支払われる権利金(権利設定の対価として支払われる金銭であって返還されないものであり、消費税等相当額を含まない。)を150万円とする定期建物賃貸借契約を成立させた。この場合における以下の記述のうち、宅地建物取引業法の規定に照らすと、 正しいものを選びなさい。,,,,,,"建物が店舗用であるとき、Aは、B及びCの承諾を得たときは、B及びCの双方からそれぞれ10万8,000円の報酬を受けることができる。","建物が居住用であるとき、Aが受け取ることができる報酬の額は、CからBに支払われる権利金の額を売買に係る代金の額とみなして算出される16万2,000円が上限となる。",建物が底舗用であるとき、Aは、Bからの依頼に基づくことなく広告をしたときでも、その広告が賃貸借契約の成立に寄与したときは、報酬とは別に、その広告料金に相当する額を Bに請求できる。,定期建物賃貸借契約の契約期間が終了した直後にAが依頼を受けてBC間の定期建物賃貸借契約の再契約を成立させた場合、Aが受け取る報酬については、宅地建物取引業法の規定が適用される。,4,FALSE,FALSE,,正解は選択肢4です。この問は宅地建物取引業者A(消費税課税事業者)は、Bが所有する建物について、問題文の条件を制度の要件・効果に当てはめる問題です。選択肢4の「定期建物賃貸借契約の契約期間が終了した直後にAが依頼を受けてBC間の定期建物賃...」という内容が結論に合います。他の選択肢は、主体・手続・期間・効果などの点でずれています。,"1:（1）「建物が店舗用であるとき、Aは、B及びCの承諾を得たときは、B及びCの双方からそれぞれ10万8,0…」について：他の選択肢は、主体・手続・期間・効果などの点でずれています。;2:（2）「建物が居住用であるとき、Aが受け取ることができる報酬の額は、CからBに支払われる権利金の額を売買…」について：他の選択肢は、主体・手続・期間・効果などの点でずれています。;3:（3）「建物が底舗用であるとき、Aは、Bからの依頼に基づくことなく広告をしたときでも、その広告が賃貸借契…」について：他の選択肢は、主体・手続・期間・効果などの点でずれています。",正解は選択肢4です。 選択肢4の「定期建物賃貸借契約の契約期間が終了した直後にAが依頼を受けてBC間の定期建物賃...」という内容が結論に合います。,正解は選択肢4です。,
2018,平成30年度,31,single,宅建業法,,宅地建物取引業者A(消費税課税事業者)が受け取ることのできる報酬の上限額についての以下の記述のうち、宅地建物取引業法の規定に照らすと、正しいものを選びなさい。,,,,,,"土地付中古住宅(代金500万円。消費税等相当額を含まない。)の売買について、Aが売主Bから媒介を依頼され、現地調査等の費用が通常の売買の媒介に比べ5万円(消費税等相当額を含まない。)多く要する場合、その内容をBに対し説明した上で、AがBから受け取ることができる報酬の上限額は280,800円である。","土地付中古住宅(代金300万円。消費税等相当額を含まない。)の売買について、Aが寅主Cから媒介を依頼され、現地調査等の費用が通常の売買の媒介に比べ4万円(消費税等相当額を含まない。)多く要する場合、その内容をCに対し説明した上で、AがCから受け取ることができる報酬の上限額は194,400円である。","土地(代金350万円。消費税等相当額を含まない。)の売買について、Aが売主Dから媒介を依頼され、現地調査等の費用が通常の売貿の媒介に比べ2万円(消費税等相当額を含まない。)多く要する場合、その内容をDに対し説明した上で、AがDから受け取ることができる報酬の上限額は194,400円である。","中古住宅(1か月分の借賃15万円。消費税等相当額を含まない。)の貸借について、Aが貸主Eから媒介を依頼され、現地調査等の費用が通常の貸借の媒介に比べ3万円(消費税等相当額を含まない。)多く要する場合、その内容をEに対し説明した上で、AがEから受け取ることができる報酬の上限額は194,400円である。",3,FALSE,FALSE,,正解は選択肢3です。この問は宅地建物取引業者A(消費税課税事業者)が受け取ることのできる報酬の上限額について、問題文の条件を制度の要件・効果に当てはめる問題です。選択肢3の「土地(代金350万円。消費税等相当額を含まない。)の売買について、Aが売主D...」という内容が結論に合います。他の選択肢は、主体・手続・期間・効果などの点でずれています。,1:（1）「土地付中古住宅(代金500万円。消費税等相当額を含まない。)の売買について、Aが売主Bから媒介を…」について：他の選択肢は、主体・手続・期間・効果などの点でずれています。;2:（2）「土地付中古住宅(代金300万円。消費税等相当額を含まない。)の売買について、Aが寅主Cから媒介を…」について：他の選択肢は、主体・手続・期間・効果などの点でずれています。;4:（4）「中古住宅(1か月分の借賃15万円。消費税等相当額を含まない。)の貸借について、Aが貸主Eから媒介…」について：他の選択肢は、主体・手続・期間・効果などの点でずれています。,正解は選択肢3です。 選択肢3の「土地(代金350万円。,正解は選択肢3です。,
2018,平成30年度,32,single,宅建業法,,以下の記述のうち、宅地建物取引業法の規定に照らすと、正しいものを選びなさい。,,,,,,宅地建物取引士が都道府県知事から指示処分を受けたときに、宅地建物取引業者 (国土交通大臣免許)の責めに帰すべき理由があるときは、国土交通大臣は、当該宅地建物取引業者に対して指示処分をできる。,宅地建物取引士が不正の手段により宅地建物取引士の登録を受けたとき、その登録をした都道府県知事は、宅地建物取引士資格試験の合格の決定を取り消さなければならない。,国土交通大臣は、すべての宅地建物取引士に対して、購入者等の利益の保護を図るため必要な指導、助言及び勧告をできる。,甲県知事の登録を受けている宅地建物取引士が、乙県知事から事務の禁止の処分を受けたときは、速やかに、宅地建物取引士証を乙県知事に提出する必要がある。,1,FALSE,FALSE,,正解は選択肢1です。この問は以下の記述について、問題文の条件を制度の要件・効果に当てはめる問題です。選択肢1の「宅地建物取引士が都道府県知事から指示処分を受けたときに、宅地建物取引業者 (国...」という内容が結論に合います。他の選択肢は、主体・手続・期間・効果などの点でずれています。,2:（2）「宅地建物取引士が不正の手段により宅地建物取引士の登録を受けたとき、その登録をした都道府県知事は、宅地建物取引士資格試験の合格の決定を取り消さなければならない。;3:（3）「国土交通大臣は、すべての宅地建物取引士に対して、購入者等の利益の保護を図るため必要な指導、助言及…」について：他の選択肢は、主体・手続・期間・効果などの点でずれています。;4:（4）「甲県知事の登録を受けている宅地建物取引士が、乙県知事から事務の禁止の処分を受けたときは、速やかに…」について：他の選択肢は、主体・手続・期間・効果などの点でずれています。,正解は選択肢1です。 選択肢1の「宅地建物取引士が都道府県知事から指示処分を受けたときに、宅地建物取引業者 (国...」という内容が結論に合います。,正解は選択肢1です。,
2018,平成30年度,33,single,宅建業法,,宅地建物取引業者Aは、Bから、Bが所有し居住している甲住宅の売却について媒介の依頼を受けた。この場合における以下の記述のうち、宅地建物取引業法(以下、本問では「法」という。)の規定に照らすと、正しいものを選びなさい。,,,,,,Aが甲住宅について、法第34条の2第1項第4号に規定する建物状況調査の制度概要を紹介し、Bが向調査を実施する者のあっせんを希望しなかった場合、Aは、同項の規定に基づき交付すべき書面に同調査を実施する者のあっせんに関する事項を記載する必要はない。,Aは、Bとの間で専属専任媒介契約を締結したとき、当該媒介契約締結日から7日以内 (休業日を含まない。)に、指定流通機構に甲住宅の所在等を登録する必要がある。,Aは、甲住宅の評価額についての根拠を明らかにするため周辺の取引事例の調査をしたとき、当該調査の実施についてBの承諾を得ていなくても、向調査に要した費用をBに請求することカtできる。,AとBの間で専任媒介契約を締結したとき、Aは、法第34条の2第1項の規定に基づき交付すべき書面に、BがA以外の宅地建物取引業者の媒介又は代理によって売買又は交換の契約を成立させたときの措置について記載する必要がある。,4,FALSE,FALSE,,正解は選択肢4です。この問は宅地建物取引業者Aは、Bから、Bが所有し居住している甲住宅の売却について、問題文の条件を制度の要件・効果に当てはめる問題です。選択肢4の「AとBの間で専任媒介契約を締結したとき、Aは、法第34条の2第1項の規定に基...」という内容が結論に合います。他の選択肢は、主体・手続・期間・効果などの点でずれています。,1:（1）「Aが甲住宅について、法第34条の2第1項第4号に規定する建物状況調査の制度概要を紹介し、Bが向調査を実施する者のあっせんを希望しなかった場合、Aは、同項の規定に基づき交付すべき書面に同調査を実施する者のあっせんに関する事項を記載する必要はない。」は、作業主任者の選任が必要な作業の組合せ（ABABA）を含んでいません。解説のとおり、該当作業と非該当作業の区別を確認してください。 （1）「Aが甲住宅について、法第34条の2第1項第4号に規定する建物状況調査の制度概要を紹介し、Bが向調…」について：他の選択肢は、主体・手続・期間・効果などの点でずれています。;2:（2）「Aは、Bとの間で専属専任媒介契約を締結したとき、当該媒介契約締結日から7日以内 (休業日を含まない。)に、指定流通機構に甲住宅の所在等を登録する必要がある。」は、作業主任者の選任が必要な作業の組合せ（ABABA）を含んでいません。解説のとおり、該当作業と非該当作業の区別を確認してください。 （2）「Aは、Bとの間で専属専任媒介契約を締結したとき、当該媒介契約締結日から7日以内 (休業日を含まな…」について：他の選択肢は、主体・手続・期間・効果などの点でずれています。;3:（3）「Aは、甲住宅の評価額についての根拠を明らかにするため周辺の取引事例の調査をしたとき、当該調査の実施についてBの承諾を得ていなくても、向調査に要した費用をBに請求することカtできる。」は、作業主任者の選任が必要な作業の組合せ（ABABA）を含んでいません。解説のとおり、該当作業と非該当作業の区別を確認してください。 （3）「Aは、甲住宅の評価額についての根拠を明らかにするため周辺の取引事例の調査をしたとき、当該調査の実…」について：他の選択肢は、主体・手続・期間・効果などの点でずれています。,正解は選択肢4です。 選択肢4の「AとBの間で専任媒介契約を締結したとき、Aは、法第34条の2第1項の規定に基...」という内容が結論に合います。,正解は選択肢4です。,
2018,平成30年度,34,single,宅建業法,,宅地建物取引業者が媒介により既存建物の貸借の契約を成立させた場合、宅地建物取引業法第37条の規定により、当該貸借の契約当事者に対して交付すべき書面に必ず記載しなければならない事項の組合せはどれか。 かしア 瑕疵担保責任の内容イ 当事者の氏名(法人にあっては、その名称)及び住所ウ 建物の引渡しの時期エ 建物の構造耐力上主要な部分等の状況について当事者双方カ可能認した事項,,,,,,ア、イ,イ、ウ,イ、エ,ウ、エ,2,FALSE,FALSE,,正解は選択肢2です。この問は宅建業法について、問題文の条件を制度の要件・効果に当てはめる問題です。選択肢2の「イ、ウ」という内容が結論に合います。他の選択肢は、主体・手続・期間・効果などの点でずれています。,1:（1）「ア、イ」は、単独の記述としては法令上妥当な場合がありますが、本問で選ぶべき正答は（2）「イ、ウ」です。問題文の条件（宅地建物取引業者が媒介により既存建物の貸借の契約を成立させた場合、宅地建物取引業法第37条の規定…）と照らし、設問が問う論点に合う肢を選び直してください。;3:（3）「イ、エ」は、単独の記述としては法令上妥当な場合がありますが、本問で選ぶべき正答は（2）「イ、ウ」です。問題文の条件（宅地建物取引業者が媒介により既存建物の貸借の契約を成立させた場合、宅地建物取引業法第37条の規定…）と照らし、設問が問う論点に合う肢を選び直してください。;4:（4）「ウ、エ」は、単独の記述としては法令上妥当な場合がありますが、本問で選ぶべき正答は（2）「イ、ウ」です。問題文の条件（宅地建物取引業者が媒介により既存建物の貸借の契約を成立させた場合、宅地建物取引業法第37条の規定…）と照らし、設問が問う論点に合う肢を選び直してください。,正解は選択肢2です。 選択肢2の「イ、ウ」という内容が結論に合います。,正解は選択肢2です。,
2018,平成30年度,35,single,宅建業法,,宅地建物取引業者間の取引における宅地建物取引業法第35条に規定する重要事項の説明及び重要事項を記載した書面(以下、本問では「重要事項説明書」という。)の交付についての以下の記述のうち、正しいものを選びなさい。,,,,,,建物の売買においては、売主は取引の対象となる建物(昭和56年6月1日以降に新築の工事に着手したものを除く。)について耐震診断を受けなければならず、また、その診断の結果を重要事項説明書に記載する必要がある。,建物の売買においては、その対象となる建物が未完成であるときは、重要事項説明書を交付した上で、宅地建物取引士をして説明させなければならない。,建物の売買においては、その建物の瑕疵を担保すべき責任の履行に関し保証保険契約の締結などの措置を講ずるかどうか、また、講ずるときはその概要を重要事項説明書に記載する必要がある。,宅地の交換において交換契約に先立って交換差金の一部として30万円の預り金の授受があるとき、その預り金を受領しようとする者は、保全措置を講ずるかどうか、及びその措置を講ずるときはその概要を重要事項説明書に記載する必要がある。,3,FALSE,FALSE,,正解は選択肢3です。この問は宅建業法について、問題文の条件を制度の要件・効果に当てはめる問題です。選択肢3の「建物の売買においては、その建物の瑕疵を担保すべき責任の履行に関し保証保険契約の...」という内容が結論に合います。他の選択肢は、主体・手続・期間・効果などの点でずれています。,1:（1）「建物の売買においては、売主は取引の対象となる建物(昭和56年6月1日以降に新築の工事に着手したも…」について：他の選択肢は、主体・手続・期間・効果などの点でずれています。;2:（2）「建物の売買においては、その対象となる建物が未完成であるときは、重要事項説明書を交付した上で、宅地…」について：他の選択肢は、主体・手続・期間・効果などの点でずれています。;4:（4）「宅地の交換において交換契約に先立って交換差金の一部として30万円の預り金の授受があるとき、その預…」について：他の選択肢は、主体・手続・期間・効果などの点でずれています。,正解は選択肢3です。 選択肢3の「建物の売買においては、その建物の瑕疵を担保すべき責任の履行に関し保証保険契約の...」という内容が結論に合います。,正解は選択肢3です。,
2018,平成30年度,36,single,宅建業法,,宅地建物取引業の免許(以下、本問では「免許」という。)についての以下の記述のうち、宅地建物取引業法の規定に照らすと、正しいものを選びなさい。,,,,,,宅地建物取引業者Aが免許の更新の申請を行ったときに、免許の有効期間の満了の日までにその申請について処分がなされないときは、Aの従前の免許は、有効期間の満了によりその効力を失う。,甲県に事務所を設置する宅地建物取引業者B(甲県知事免許)が、乙県所在の宅地の売買の媒介をする場合、Bは国土交通大臣に免許換えの申請をする必要がある。,宅地建物取引業を営もうとする個人Cが、拘禁刑に処せられ、その刑の執行を終えた日から5年を経過しない場合、Cは免許を受けることができない。,いずれも宅地建物取引士ではないDとEが宅地建物取引業者F社の取締役に就任した。Dが常勤、Eが非常勤であるとき、F社はDについてのみ役員の変更を免許権者に届け出る必要がある。,3,FALSE,FALSE,,正解は選択肢3です。この問は宅地建物取引業の免許(以下、本問では「免許」という。)について、問題文の条件を制度の要件・効果に当てはめる問題です。選択肢3の「宅地建物取引業を営もうとする個人Cが、拘禁刑に処せられ、その刑の執行を終えた...」という内容が結論に合います。他の選択肢は、主体・手続・期間・効果などの点でずれています。,1:（1）「宅地建物取引業者Aが免許の更新の申請を行ったときに、免許の有効期間の満了の日までにその申請につい…」について：他の選択肢は、主体・手続・期間・効果などの点でずれています。;2:（2）「甲県に事務所を設置する宅地建物取引業者B(甲県知事免許)が、乙県所在の宅地の売買の媒介をする場合…」について：他の選択肢は、主体・手続・期間・効果などの点でずれています。;4:（4）「いずれも宅地建物取引士ではないDとEが宅地建物取引業者F社の取締役に就任した。Dが常勤、Eが非常…」について：他の選択肢は、主体・手続・期間・効果などの点でずれています。,正解は選択肢3です。 選択肢3の「宅地建物取引業を営もうとする個人Cが、拘禁刑に処せられ、その刑の執行を終えた...」という内容が結論に合います。,正解は選択肢3です。,
2018,平成30年度,37,single,宅建業法,,宅地建物取引業者である売主Aが、宅地建物取引業者Bの媒介により宅地建物取引業者ではない買主Cと新築マンションの売買契約を締結した場合において、宅地建物取引業法第37条の2の規定に基づくいわゆるク」リング・オフについての以下の記述のうち、正しいものがいくつあるか選びなさい。 ア AとCの間で、クーリング・オフによる契約の解除に関し、Cは契約の解除の書面をクー リング・オフの告知の日から起算して8日以内にAに到達させなければ契約を解除することができない旨の特約を定めた場合、当該特約は無効である。 イ Cは、Bの事務所で買受けの申込みを行い、その3日後に、Cの自宅近くの喫茶店で売買契約を締結した場合、クーリング・オフによる契約の解除はできない。 ウ Cは、Bからの提案によりCの自宅で、買受けの申込みを行ったが、クーリング・オフについては告げられず、その10日後に、Aの事務所で売買契約を締結した;場合、クーリング・ オフによる契約の解除はできない。 エ クーリング・オフについて告げる書面には、Bの商号又は名称及び住所並びに免許証番号を記載しなければならない。,,,,,,正しい記述は一つである。,正しい記述は二つである。,正しい記述は三つである。,正しい記述はない。,2,FALSE,FALSE,,正解は選択肢2です。正しい記述は二つである。 各記述を個別に判定し、正しいもの・誤っているもの・違反するものなどの数を数える問題です。,1:（1）「正しい記述は一つである。」は、単独の記述としては法令上妥当な場合がありますが、本問で選ぶべき正答は（2）「正しい記述は二つである。」です。問題文の条件（宅地建物取引業者である売主Aが、宅地建物取引業者Bの媒介により宅地建物取引業者ではない買主Cと新…）と照らし、設問が問う論点に合う肢を選び直してください。;3:（3）「正しい記述は三つである。」は、単独の記述としては法令上妥当な場合がありますが、本問で選ぶべき正答は（2）「正しい記述は二つである。」です。問題文の条件（宅地建物取引業者である売主Aが、宅地建物取引業者Bの媒介により宅地建物取引業者ではない買主Cと新…）と照らし、設問が問う論点に合う肢を選び直してください。;4:（4）「正しい記述はない。」は、単独の記述としては法令上妥当な場合がありますが、本問で選ぶべき正答は（2）「正しい記述は二つである。」です。問題文の条件（宅地建物取引業者である売主Aが、宅地建物取引業者Bの媒介により宅地建物取引業者ではない買主Cと新…）と照らし、設問が問う論点に合う肢を選び直してください。,正解は選択肢2です。 正しい記述は二つである。,正解は選択肢2です。,
2018,平成30年度,38,single,宅建業法,,宅地建物取引業者である売主は、宅地建物取引業者ではない買主との間で、戸建住宅の売買契約(所有権の登記は当該住宅の引渡し時に行うものとして扱う。)を締結した。この場合における宅地建物取引業法第41条又は第41条の2の規定に基づく手付金等の保全措置 (以下、本問では「保全措置」という。)についての以下の記述のうち、正しいものを選びなさい。,,,,,,"当該住宅が建築工事の完了後で、売買代金が3,000万円であった場合、売主は、買主から手付金200万円を受領した後、当該住宅を引き渡す前に中間金300万円を受領するためには、 手付金200万円と合わせて保全措置を講じた後でなければ、その中間金を受領できない。","当該住宅が建築工事の完了前で、売買代金が2,500万円であった場合、売主は、当該住宅を引き渡す前に買主から保全措置を講じないで手付金150万円を受領できる。",当該住宅が建築工事の完了前で、売主が買主から保全措置が必要となる額の手付金を受領する場合、売主は、事前に、国土交通大臣が指定する指定保管機関と手付金等寄託契約を締結し、かつ、当該契約を証する書面を買主に交付した後でなければ、買主からその手付金を受領できない。,当該住宅が建築工事の完了前で、売主が買主から保全措置が必要となる額の手付金等を受領するときに売主が銀行との間で締結する保証委託契約に基づく保証契約は、建築工事の完了までの間を保証期間とするものでなければならない。,1,FALSE,FALSE,,"正解は選択肢1です。この問は宅建業法について、問題文の条件を制度の要件・効果に当てはめる問題です。選択肢1の「当該住宅が建築工事の完了後で、売買代金が3,000万円であった場合、売主は、買...」という内容が結論に合います。他の選択肢は、主体・手続・期間・効果などの点でずれています。","2:（2）「当該住宅が建築工事の完了前で、売買代金が2,500万円であった場合、売主は、当該住宅を引き渡す前…」について：他の選択肢は、主体・手続・期間・効果などの点でずれています。;3:（3）「当該住宅が建築工事の完了前で、売主が買主から保全措置が必要となる額の手付金を受領する場合、売主は…」について：他の選択肢は、主体・手続・期間・効果などの点でずれています。;4:（4）「当該住宅が建築工事の完了前で、売主が買主から保全措置が必要となる額の手付金等を受領するときに売主…」について：他の選択肢は、主体・手続・期間・効果などの点でずれています。","正解は選択肢1です。 選択肢1の「当該住宅が建築工事の完了後で、売買代金が3,000万円であった場合、売主は、買...」という内容が結論に合います。",正解は選択肢1です。,
2018,平成30年度,39,single,宅建業法,,宅地建物取引業者が建物の貸借の媒介を行う場合における宅地建物取引業法(以下、本問では「法」という。)第35条に規定する重要事項の説明についての以下の記述のうち、 誤っているものを選びなさい。なお、特に断りのない限り、当該建物を借りようとする者は宅地建物取引業者ではないものとして扱う。,,,,,,当該建物を借りようとする者が宅地建物取引業者であるときは、貸借の契約が成立するまでの間に重要事項を記載した書面を交付する必要があるが、その内容を宅地建物取引士に説明させる必要はない。,当該建物が既存の住宅であるときは、法第34条の2第1項第4号に規定する建物状況調査を実施しているかどうか、及びこれを実施している場合におけるその結果の概要を説明する必要がある。,台所、浴室、便所その他の当該建物の設備の整備の状況について説明する必要がある。,宅地建物取引士は、テレビ会議等のITを活用して重要事項の説明を行うときは、相手方の承諾があれば宅地建物取引士証の提示を省略できる。,4,FALSE,FALSE,,正解は選択肢4です。この問は宅建業法について、問題文の条件を制度の要件・効果に当てはめる問題です。選択肢4の「宅地建物取引士は、テレビ会議等のITを活用して重要事項の説明を行うときは、相手...」という内容が結論に合います。他の選択肢は、主体・手続・期間・効果などの点でずれています。,1:（1）「当該建物を借りようとする者が宅地建物取引業者であるときは、貸借の契約が成立するまでの間に重要事項…」について：他の選択肢は、主体・手続・期間・効果などの点でずれています。;2:（2）「当該建物が既存の住宅であるときは、法第34条の2第1項第4号に規定する建物状況調査を実施している…」について：他の選択肢は、主体・手続・期間・効果などの点でずれています。;3:（3）「台所、浴室、便所その他の当該建物の設備の整備の状況について説明する必要がある。…」について：他の選択肢は、主体・手続・期間・効果などの点でずれています。,正解は選択肢4です。 選択肢4の「宅地建物取引士は、テレビ会議等のITを活用して重要事項の説明を行うときは、相手...」という内容が結論に合います。,正解は選択肢4です。,
2018,平成30年度,40,single,宅建業法,,宅地建物取引業者Aが行う業務についての以下の記述のうち、宅地建物取引業法の規定に違反するものはいくつあるか。 ア Aは、自ら売主として、建物の売買契約を締結するに際し、買主が手付金を持ち合わせていなかったため手付金の分割払いを提案し、買主はこれに応じた。 イ Aは、建物の販売に際し、勧誘の相手方から値引きの要求があったため、広告に表示した販売価格から100万円値引きすることを告げて勧誘し、売貿契約を締結した。 ウ Aは、土地の売買の媒介に際し重要事項の説明の前に、宅地建物取引士ではないAの従業者をして媒介の相手方に対し、当該土地の交通等の利便の状況について説明させた。 エ Aは、投資用マンションの販売に際し、電話で、勧誘を行ったところ、勧誘の相手方から 「購入の意思がないので二度と電話をかけないように」と言われたことから、電話で=の勧誘を諦め、当該相手方の自宅を訪問して勧誘した。,,,,,,違反する記述は一つである。,違反する記述は二つである。,違反する記述は三つである。,違反する記述は四つである。,2,FALSE,FALSE,,正解は選択肢2です。違反する記述は二つである。 各記述を個別に判定し、正しいもの・誤っているもの・違反するものなどの数を数える問題です。,1:（1）「違反する記述は一つである。」は、単独の記述としては法令上妥当な場合がありますが、本問で選ぶべき正答は（2）「違反する記述は二つである。」です。問題文の条件（宅地建物取引業者Aが行う業務についての以下の記述のうち、宅地建物取引業法の規定に違反するものはい…）と照らし、設問が問う論点に合う肢を選び直してください。;3:（3）「違反する記述は三つである。」は、単独の記述としては法令上妥当な場合がありますが、本問で選ぶべき正答は（2）「違反する記述は二つである。」です。問題文の条件（宅地建物取引業者Aが行う業務についての以下の記述のうち、宅地建物取引業法の規定に違反するものはい…）と照らし、設問が問う論点に合う肢を選び直してください。;4:（4）「違反する記述は四つである。」は、単独の記述としては法令上妥当な場合がありますが、本問で選ぶべき正答は（2）「違反する記述は二つである。」です。問題文の条件（宅地建物取引業者Aが行う業務についての以下の記述のうち、宅地建物取引業法の規定に違反するものはい…）と照らし、設問が問う論点に合う肢を選び直してください。,正解は選択肢2です。 違反する記述は二つである。,正解は選択肢2です。,
2018,平成30年度,41,single,宅建業法,,以下の記述のうち、宅地建物取引業の免許を要する業務が含まれるものはどれか。,,,,,,A社は、所有する土地を10区画にほぼ均等に区分けしたうえで、それぞれの区画に戸建住宅を建築し、複数の者に貸し付けた。,B社は、所有するピルの一部にコンビニエンスストアや食堂など複数のテナントの出店を募集し、その募集広告を自社のホームページに掲載したほか、多数の事業者に案内を行った結果、出店事業者が決まった。,C社は賃貸マンションの管理業者であるが、複数の貸主から管理を委託されている物件について、入居者の募集、貸主を代理して行う賃貸借契約の締結、入居者からの苦情・要望の受付、入居者が退去した後の清掃なと与を行っている。,D社は、多数の顧客から、顧客が所有している土地に住宅や商業用ピルなどの建物を建設することを請け負って、その対価を得ている。,3,FALSE,FALSE,,正解は選択肢3です。この問は以下の記述について、問題文の条件を制度の要件・効果に当てはめる問題です。選択肢3の「C社は賃貸マンションの管理業者であるが、複数の貸主から管理を委託されている物件...」という内容が結論に合います。他の選択肢は、主体・手続・期間・効果などの点でずれています。,1:（1）「A社は、所有する土地を10区画にほぼ均等に区分けしたうえで、それぞれの区画に戸建住宅を建築し、複数の者に貸し付けた。」は、作業主任者の選任が必要な作業の組合せ（C）を含んでいません。解説のとおり、該当作業と非該当作業の区別を確認してください。 （1）「A社は、所有する土地を10区画にほぼ均等に区分けしたうえで、それぞれの区画に戸建住宅を建築し、複…」について：他の選択肢は、主体・手続・期間・効果などの点でずれています。;2:（2）「B社は、所有するピルの一部にコンビニエンスストアや食堂など複数のテナントの出店を募集し、その募集広告を自社のホームページに掲載したほか、多数の事業者に案内を行った結果、出店事業者が決まった。」は、作業主任者の選任が必要な作業の組合せ（C）を含んでいません。解説のとおり、該当作業と非該当作業の区別を確認してください。 （2）「B社は、所有するピルの一部にコンビニエンスストアや食堂など複数のテナントの出店を募集し、その募集…」について：他の選択肢は、主体・手続・期間・効果などの点でずれています。;4:（4）「D社は、多数の顧客から、顧客が所有している土地に住宅や商業用ピルなどの建物を建設することを請け負って、その対価を得ている。」は、作業主任者の選任が必要な作業の組合せ（C）を含んでいません。解説のとおり、該当作業と非該当作業の区別を確認してください。 （4）「D社は、多数の顧客から、顧客が所有している土地に住宅や商業用ピルなどの建物を建設することを請け負…」について：他の選択肢は、主体・手続・期間・効果などの点でずれています。,正解は選択肢3です。 選択肢3の「C社は賃貸マンションの管理業者であるが、複数の貸主から管理を委託されている物件...」という内容が結論に合います。,正解は選択肢3です。,
2018,平成30年度,42,single,宅建業法,,以下の記述のうち、宅地建物取引業法(以下、本問では「法」という。)の規定に照らすと、正しいものを選びなさい。,,,,,,宅地建物取引士が死亡したとき、その相続人は、死亡した日から30日以内に、その内容を当該宅地建物取引士の登録をしている都道府県知事に届け出なければならない。,甲県知事の登録を受けている宅地建物取引士は、乙県に所在する宅地建物取引業者の事務所の業務に従事しようとするときは、乙県知事に対し登録の移転の申請をし、乙県知事の登録を受けなければならない。,宅地建物取引士は、事務禁止の処分を受けたときは宅地建物取引士証をその交付を受けた都道府県知事に提出しなくてよいが、登録消除の処分を受けたときは返納しなければならな u 、。,宅地建物取引士は、法第37条に規定する書面を交付する際、取引の関係者から請求があったときは、専任の宅地建物取引士であるか否かにかかわらず宅地建物取引士証を提示する必要がある。,4,FALSE,FALSE,,正解は選択肢4です。この問は以下の記述について、問題文の条件を制度の要件・効果に当てはめる問題です。選択肢4の「宅地建物取引士は、法第37条に規定する書面を交付する際、取引の関係者から請求が...」という内容が結論に合います。他の選択肢は、主体・手続・期間・効果などの点でずれています。,1:（1）「宅地建物取引士が死亡したとき、その相続人は、死亡した日から30日以内に、その内容を当該宅地建物取…」について：他の選択肢は、主体・手続・期間・効果などの点でずれています。;2:（2）「甲県知事の登録を受けている宅地建物取引士は、乙県に所在する宅地建物取引業者の事務所の業務に従事し…」について：他の選択肢は、主体・手続・期間・効果などの点でずれています。;3:（3）「宅地建物取引士は、事務禁止の処分を受けたときは宅地建物取引士証をその交付を受けた都道府県知事に提…」について：他の選択肢は、主体・手続・期間・効果などの点でずれています。,正解は選択肢4です。 選択肢4の「宅地建物取引士は、法第37条に規定する書面を交付する際、取引の関係者から請求が...」という内容が結論に合います。,正解は選択肢4です。,
2018,平成30年度,43,single,宅建業法,,宅地建物取引業法に規定する営業保証金についての以下の記述のうち、正しいものを選びなさい。,,,,,,宅地建物取引業者は、免許を受けた日から3月以内に営業保証金を供託した旨の届出を行わなかったことにより国土交通大臣又は都道府県知事の催告を受けたとき、当該催告が到達した日から1月以内に届出をしないときは、免許を取り消されることがある。,宅地建物取引業者に委託している家賃収納代行業務により生じた債権を有する者は、宅地建物取引業者が供託した営業保証金について、その債権の弁済を受けることができる。,宅地建物取引業者は、宅地建物取引業の開始後1週間以内に、供託物受入れの記載のある供託書の写しを添附して、営業保証金を供託した旨を免許を受けた国土交通大臣又は都道府県知事に届け出なければならない。,宅地建物取引業者は、新たに事務所を2か所増設するための営業保証金の供託について国債証券と地方債証券を充てる場合、地方債証券の額面金額が800万円であるときは、額面金額が200万円の国債証券が必要となる。,1,FALSE,FALSE,,正解は選択肢1です。この問は宅地建物取引業法に規定する営業保証金について、問題文の条件を制度の要件・効果に当てはめる問題です。選択肢1の「宅地建物取引業者は、免許を受けた日から3月以内に営業保証金を供託した旨の届出を...」という内容が結論に合います。他の選択肢は、主体・手続・期間・効果などの点でずれています。,2:（2）「宅地建物取引業者に委託している家賃収納代行業務により生じた債権を有する者は、宅地建物取引業者が供…」について：他の選択肢は、主体・手続・期間・効果などの点でずれています。;3:（3）「宅地建物取引業者は、宅地建物取引業の開始後1週間以内に、供託物受入れの記載のある供託書の写しを添…」について：他の選択肢は、主体・手続・期間・効果などの点でずれています。;4:（4）「宅地建物取引業者は、新たに事務所を2か所増設するための営業保証金の供託について国債証券と地方債証…」について：他の選択肢は、主体・手続・期間・効果などの点でずれています。,正解は選択肢1です。 選択肢1の「宅地建物取引業者は、免許を受けた日から3月以内に営業保証金を供託した旨の届出を...」という内容が結論に合います。,正解は選択肢1です。,
2018,平成30年度,44,single,宅建業法,,宅地建物取引業保証協会(以下、本問では「保証協会」という。)の社員である宅地建物取引業者Aについての以下の記述のうち、宅地建物取引業法の規定に照らすと、正しいものを選びなさい。,,,,,,Aは、保証協会の社員の地位を失った場合、Aとの宅地建物取引業に関する取引により生じた債権に関し権利を有する者に対し、 6月以内に申し出るべき旨の公告をする必要がある。,保証協会は、Aの取引の相手方から宅地建物取引業に係る取引に関する苦情を受けたときは、Aに対し、文書又は口頭による説明を求めることができる。,"Aは、保証協会の社員の地位を失ったときに、保証協会に弁済業務保証金分担金として150万円の納付をしていたときは、全ての事務所で営業を継続するためには、 1週間以内に主たる事務所の最寄りの供託所に営業保証金として1,500万円を供託しなければならなし、。",Aは、その一部の事務所を廃止したときは、保証協会が弁済業務保証金の還付請求権者に対し、一定期間内に申し出るべき旨の公告をした後でなければ、弁済業務保証金分担金の返還を受けることができない。 かし,2,FALSE,FALSE,,正解は選択肢2です。この問は宅地建物取引業保証協会(以下、本問では「保証協会」という。)の社員である宅地建物取引業者Aについて、問題文の条件を制度の要件・効果に当てはめる問題です。選択肢2の「保証協会は、Aの取引の相手方から宅地建物取引業に係る取引に関する苦情を受けた...」という内容が結論に合います。他の選択肢は、主体・手続・期間・効果などの点でずれています。,"1:（1）「Aは、保証協会の社員の地位を失った場合、Aとの宅地建物取引業に関する取引により生じた債権に関し権利を有する者に対し、 6月以内に申し出るべき旨の公告をする必要がある。」は、作業主任者の選任が必要な作業の組合せ（AA）を含んでいません。解説のとおり、該当作業と非該当作業の区別を確認してください。 （1）「Aは、保証協会の社員の地位を失った場合、Aとの宅地建物取引業に関する取引により生じた債権に関し権…」について：他の選択肢は、主体・手続・期間・効果などの点でずれています。;3:（3）「Aは、保証協会の社員の地位を失ったときに、保証協会に弁済業務保証金分担金として150万円の納付をしていたときは、全ての事務所で営業を継続するためには、 1週間以内に主たる事務所の最寄りの供託所に営業保証金として1,500万円を供託しなければならなし、。」は、作業主任者の選任が必要な作業の組合せ（AA）を含んでいません。解説のとおり、該当作業と非該当作業の区別を確認してください。 （3）「Aは、保証協会の社員の地位を失ったときに、保証協会に弁済業務保証金分担金として150万円の納付を…」について：他の選択肢は、主体・手続・期間・効果などの点でずれています。;4:（4）「Aは、その一部の事務所を廃止したときは、保証協会が弁済業務保証金の還付請求権者に対し、一定期間内に申し出るべき旨の公告をした後でなければ、弁済業務保証金分担金の返還を受けることができない。 かし」は、作業主任者の選任が必要な作業の組合せ（AA）を含んでいません。解説のとおり、該当作業と非該当作業の区別を確認してください。 （4）「Aは、その一部の事務所を廃止したときは、保証協会が弁済業務保証金の還付請求権者に対し、一定期間内…」について：他の選択肢は、主体・手続・期間・効果などの点でずれています。",正解は選択肢2です。 選択肢2の「保証協会は、Aの取引の相手方から宅地建物取引業に係る取引に関する苦情を受けた...」という内容が結論に合います。,正解は選択肢2です。,
2018,平成30年度,45,single,宅建業法,,特定住宅瑕疵担保責任の履行の確保等に関する法律に基づく住宅販売瑕疵担保保証金の供託又は住宅販売瑕疵担保責任保険契約の締結についての以下の記述のうち、正しいものを選びなさい。,,,,,,宅地建物取引業者は、自ら売主として新築住宅を販売する場合及び新築住宅の売買の媒介をするときに、住宅販売瑕疵担保保証金の供託又は住宅販売瑕疵担保責任保険契約の締結を行う義務を負う。,自ら売主として新築住宅を宅地建物取引業者でない買主に引き渡した宅地建物取引業者は、 かその住宅を引き渡した日から3週間以内に、住宅販売瑕疵担保保証金の供託又は住宅販売破庇担保責任保険契約の締結の状況について、宅地建物取引業の免許を受けた国土交通大臣又は都道府県知事に届け出なければならない。,自ら売主として新築住宅を宅地建物取引業者でない買主に引き渡した宅地建物取引業者は、 かし基準日に係る住宅販売瑕疵担保保証金の供託及び住宅販売瑕疵担保責任保険契約の締結の状況について届出をしなければ、当該基準日の翌日から起算して50日を経過した日以後においては、新たに自ら売主となる新築住宅の売買契約を締結できない。,住宅販売瑕疵担保責任保険契約を締結している宅地建物取引業者は、当該住宅を引き渡しかした時から10年間、住宅の構造耐力上主要な部分の瑕疵によって生じた損害についてのみ保険金を請求できる。 -23,3,FALSE,FALSE,,正解は選択肢3です。この問は特定住宅瑕疵担保責任の履行の確保等について、問題文の条件を制度の要件・効果に当てはめる問題です。選択肢3の「自ら売主として新築住宅を宅地建物取引業者でない買主に引き渡した宅地建物取引業者...」という内容が結論に合います。他の選択肢は、主体・手続・期間・効果などの点でずれています。,1:（1）「宅地建物取引業者は、自ら売主として新築住宅を販売する場合及び新築住宅の売買の媒介をするときに、住…」について：他の選択肢は、主体・手続・期間・効果などの点でずれています。;2:選択肢3の「自ら売主として新築住宅を宅地建物取引業者でない買主に引き渡した宅地建物取引業者...」という内容が結論に合います。;4:（4）「住宅販売瑕疵担保責任保険契約を締結している宅地建物取引業者は、当該住宅を引き渡しかした時から10…」について：他の選択肢は、主体・手続・期間・効果などの点でずれています。,正解は選択肢3です。 選択肢3の「自ら売主として新築住宅を宅地建物取引業者でない買主に引き渡した宅地建物取引業者...」という内容が結論に合います。,正解は選択肢3です。,
2018,平成30年度,46,single,税・その他,,独立行政法人住宅金融支援機構(以下、本問では「機構」という。)についての以下の記述のうち、誤っているものを選びなさい。,,,,,,機構は、住宅の建設又は購入に必要な資金の貸付けに係る金融機関の貸付債権の譲受けを業務として行っているが、当該住宅の建設又は購入に付随する土地又は借地権の取得に必要な資金の貸付けに係る金融機関の貸付債権については、譲受けの対象としていない。,機構は、金融機関による住宅資金の供給を支援するため、金融機関が貸し付けた住宅ロー ンについて、住宅融資保険を引き受けている。,機構は、証券化支援事業(寅取型)において、MBS (資産担保証券)を発行することにより、債券市場(投資家)から資金を調達している。,機構は、高齢者の家庭に適した良好な居住性能及び居住環境を有する住宅とすることを主たる目的とする住宅の改良(高齢者が自ら居住する住宅について行うものに限る。)に必要な資金の貸付けを業務として行っている。,1,FALSE,FALSE,,正解は選択肢1です。この問は独立行政法人住宅金融支援機構(以下、本問では「機構」という。)について、問題文の条件を制度の要件・効果に当てはめる問題です。選択肢1の「機構は、住宅の建設又は購入に必要な資金の貸付けに係る金融機関の貸付債権の譲受け...」という内容が結論に合います。他の選択肢は、主体・手続・期間・効果などの点でずれています。,2:（2）「機構は、金融機関による住宅資金の供給を支援するため、金融機関が貸し付けた住宅ロー ンについて、住…」について：他の選択肢は、主体・手続・期間・効果などの点でずれています。;3:（3）「機構は、証券化支援事業(寅取型)において、MBS (資産担保証券)を発行することにより、債券市場…」について：他の選択肢は、主体・手続・期間・効果などの点でずれています。;4:（4）「機構は、高齢者の家庭に適した良好な居住性能及び居住環境を有する住宅とすることを主たる目的とする住…」について：他の選択肢は、主体・手続・期間・効果などの点でずれています。,正解は選択肢1です。 選択肢1の「機構は、住宅の建設又は購入に必要な資金の貸付けに係る金融機関の貸付債権の譲受け...」という内容が結論に合います。,正解は選択肢1です。,
2018,平成30年度,47,single,税・その他,,宅地建物取引業者が行う広告についての以下の記述のうち、不当景品類及び不当表示防止法(不動産の表示に関する公正競争規約を含む。)の規定に照らすと、正しいものを選びなさい。,,,,,,新築分譲住宅について、価格Aで販売を開始してから3か月以上経過したため、価格Aから価格Bに値下げをすることとし、価格Aと価格Bを併記して、値下げをした旨を表示する場合、値下げ金額が明確になっていれば、価格Aの公表時期や値下げの時期を表示する必要はない。,土地上に古家が存在する場合に、当該古家が、住宅として使用することが可能な状態と認められる場合であっても、古家がある旨を表示すれば、売地と表示して販売しでも不当表示に問われることはない。,新築分譲マンションの広告において、当該マンションの完成図を掲載する際に、敷地内にある電柱及び電線を消去する加工を施したときであっても、当該マンションの外観を消費者に対し明確に示すためであれば、不当表示に問われることはない。,複数の売買物件を1枚の広告に掲載するに当たり、取引態様が複数混在しているときは、 広告の下部にまとめて表示すれば、どの物件がどの取引態様かを明示していなくても不当表示に問われることはない。,2,FALSE,FALSE,,正解は選択肢2です。この問は宅地建物取引業者が行う広告について、問題文の条件を制度の要件・効果に当てはめる問題です。選択肢2の「土地上に古家が存在する場合に、当該古家が、住宅として使用することが可能な状態と...」という内容が結論に合います。他の選択肢は、主体・手続・期間・効果などの点でずれています。,1:（1）「新築分譲住宅について、価格Aで販売を開始してから3か月以上経過したため、価格Aから価格Bに値下げ…」について：他の選択肢は、主体・手続・期間・効果などの点でずれています。;3:（3）「新築分譲マンションの広告において、当該マンションの完成図を掲載する際に、敷地内にある電柱及び電線…」について：他の選択肢は、主体・手続・期間・効果などの点でずれています。;4:（4）「複数の売買物件を1枚の広告に掲載するに当たり、取引態様が複数混在しているときは、 広告の下部にま…」について：他の選択肢は、主体・手続・期間・効果などの点でずれています。,正解は選択肢2です。 選択肢2の「土地上に古家が存在する場合に、当該古家が、住宅として使用することが可能な状態と...」という内容が結論に合います。,正解は選択肢2です。,
2018,平成30年度,48,single,税・その他,,以下の記述のうち、正しいものを選びなさい。,,,,,,建築着工統計(平成30年1月公表)によれば、平成29年の新設住宅着工戸数は前年比 0.3 %の増加だったが、新設住宅のうち、分譲住宅の着工戸数は前年比1.9%の減少となった。,平成28年度法人企業統計年報(平成29年9月公表)によれば、平成28年度における全産業の売上高は前年度に比べ1.7%増加したが、不動産業の売上高は9.1%減少した。,平成30年地価公示(平成30年3月公表)によれば、平成29年1月以降の1年間の地価変動率は、住宅地の全国平均では、昨年の横ばいから10年ぶりに上昇に転じた。,平成30年版土地白書(平成30年6月公表)によれば、土地取引について、売買による所有権移転登記の件数でその動向を見ると、平成29年の全国の土地取引件数は132万件となり、 5年連続で減少した。,3,FALSE,FALSE,,正解は選択肢3です。この問は以下の記述について、問題文の条件を制度の要件・効果に当てはめる問題です。選択肢3の「平成30年地価公示(平成30年3月公表)によれば、平成29年1月以降の1年間の...」という内容が結論に合います。他の選択肢は、主体・手続・期間・効果などの点でずれています。,1:（1）「建築着工統計(平成30年1月公表)によれば、平成29年の新設住宅着工戸数は前年比 0.3 %の増…」について：他の選択肢は、主体・手続・期間・効果などの点でずれています。;2:（2）「平成28年度法人企業統計年報(平成29年9月公表)によれば、平成28年度における全産業の売上高は…」について：他の選択肢は、主体・手続・期間・効果などの点でずれています。;4:（4）「平成30年版土地白書(平成30年6月公表)によれば、土地取引について、売買による所有権移転登記の…」について：他の選択肢は、主体・手続・期間・効果などの点でずれています。,正解は選択肢3です。 選択肢3の「平成30年地価公示(平成30年3月公表)によれば、平成29年1月以降の1年間の...」という内容が結論に合います。,正解は選択肢3です。,
2018,平成30年度,49,single,税・その他,,土地についての以下の記述のうち、最も適当でないものを選びなさい。,,,,,,山麓の地形の中で、地すべりによってできた地形は一見なだらかで、水はけもよく、住宅地として好適のように見えるが、末端の急斜面部等は斜面崩壊の危険度が高い。,台地の上の浅い谷は、豪雨時には一時的に浸水することがあり、現地に入っても気付かないことが多いが、住宅地としては注意を要する。,大都市の大部分は低地に立地しているが、この数千年の間に形成され、かつては湿地や旧河道であった地域が多く、地震災害ーに対して脆弱で、また洪水、高湖、津波等の災害の危険度も高い。,低地の中で特に災害の危険度の高い所は、扇状地の中の微高地、自然堤防、廃川敷となった旧天井川等であり、比較的危険度の低い所が沿岸部の標高の低いデルタ地域、旧i 可道等である。,4,FALSE,FALSE,,正解は選択肢4です。この問は土地について、問題文の条件を制度の要件・効果に当てはめる問題です。選択肢4の「低地の中で特に災害の危険度の高い所は、扇状地の中の微高地、自然堤防、廃川敷とな...」という内容が結論に合います。他の選択肢は、主体・手続・期間・効果などの点でずれています。,1:（1）「山麓の地形の中で、地すべりによってできた地形は一見なだらかで、水はけもよく、住宅地として好適のよ…」について：他の選択肢は、主体・手続・期間・効果などの点でずれています。;2:（2）「台地の上の浅い谷は、豪雨時には一時的に浸水することがあり、現地に入っても気付かないことが多いが、…」について：他の選択肢は、主体・手続・期間・効果などの点でずれています。;3:（3）「大都市の大部分は低地に立地しているが、この数千年の間に形成され、かつては湿地や旧河道であった地域…」について：他の選択肢は、主体・手続・期間・効果などの点でずれています。,正解は選択肢4です。 選択肢4の「低地の中で特に災害の危険度の高い所は、扇状地の中の微高地、自然堤防、廃川敷とな...」という内容が結論に合います。,正解は選択肢4です。,
2018,平成30年度,50,single,税・その他,,建築物の構造についての以下の記述のうち、最も適当でないものを選びなさい。,,,,,,木造建物を造る際には、強度や耐久性において、できるだけ乾燥している木材を使用するのカ{f」 子ましい。,集成木材構造は、集成木材で骨組を構成したもので、大規模な建物にも使用されている。,鉄骨構造は、不燃構造であり、耐火材料による耐火被覆がなくても耐火構造にできる。,鉄筋コンクリート構造は、耐久性を高めるためには、中性化の防止やコンクリートのひび割れ防止の注意が必要である。,3,FALSE,FALSE,,正解は選択肢3です。この問は建築物の構造について、問題文の条件を制度の要件・効果に当てはめる問題です。選択肢3の「鉄骨構造は、不燃構造であり、耐火材料による耐火被覆がなくても耐火構造にできる。」という内容が結論に合います。他の選択肢は、主体・手続・期間・効果などの点でずれています。,1:（1）「木造建物を造る際には、強度や耐久性において、できるだけ乾燥している木材を使用するのカ{f」 子ま…」について：他の選択肢は、主体・手続・期間・効果などの点でずれています。;2:（2）「集成木材構造は、集成木材で骨組を構成したもので、大規模な建物にも使用されている。…」について：他の選択肢は、主体・手続・期間・効果などの点でずれています。;4:（4）「鉄筋コンクリート構造は、耐久性を高めるためには、中性化の防止やコンクリートのひび割れ防止の注意が…」について：他の選択肢は、主体・手続・期間・効果などの点でずれています。,正解は選択肢3です。 選択肢3の「鉄骨構造は、不燃構造であり、耐火材料による耐火被覆がなくても耐火構造にできる。,正解は選択肢3です。,
2023,令和5年度,1,single,権利関係,,Aが自己所有の甲土地をBに売却する契約を締結した場合の意思表示に関する記述として、民法の規定及び判例によれば、正しいものはどれか。,,,,,,AがBに騙されて契約した場合、AはBに対してのみ取消しを主張でき、第三者には主張できない,AがBに強迫されて契約した場合、Aは取消し前に現れた善意の第三者にも取消しを対抗できる,AがBと通謀して仮装売買をした場合、Aはその事情を知らない善意の第三者に対しても無効を主張できる,AがBの詐欺を理由に取消した後に土地を取得したCには、Aが先に登記を備えていなくてもAが勝つ,1,FALSE,FALSE,,強迫による取消しは、善意の第三者にも対抗できます（民法96条3項の反対解釈）。詐欺による取消しは善意無過失の第三者には対抗できません。通謀虚偽表示の無効は善意の第三者には対抗できません（民法94条2項）。取消し後の第三者との関係は対抗問題となり登記が必要です。,2:（2）「AがBに強迫されて契約した場合、Aは取消し前に現れた善意の第三者にも取消しを対抗できる」は、作業主任者の選任が必要な作業の組合せ（ABAB）を含んでいません。解説のとおり、該当作業と非該当作業の区別を確認してください。;3:（3）「AがBと通謀して仮装売買をした場合、Aはその事情を知らない善意の第三者に対しても無効を主張できる」は、作業主任者の選任が必要な作業の組合せ（ABAB）を含んでいません。解説のとおり、該当作業と非該当作業の区別を確認してください。;4:（4）「AがBの詐欺を理由に取消した後に土地を取得したCには、Aが先に登記を備えていなくてもAが勝つ」は、作業主任者の選任が必要な作業の組合せ（ABAB）を含んでいません。解説のとおり、該当作業と非該当作業の区別を確認してください。,強迫による取消しは、善意の第三者にも対抗できます（民法96条3項の反対解釈）。詐欺による取消しは善意無過失の第三者には対抗できません。通謀虚偽表示の無効は善意の第三者には対抗できません（民法94条2項）。取消し後の第三者との関係は対抗問題となり登記が必要です。,強迫による取消しは、善意の第三者にも対抗できます（民法96条3項の反対解釈）。詐欺による取消しは善意無過失の第三者には対抗できません。通謀虚偽表示の無効は善意の第三者には対抗できません（民法94条2項）。取消し後の第三者との関係は対抗問題となり登記が必要です。,
2023,令和5年度,3,single,権利関係,,AがBに対して有する100万円の金銭債権をAがCに譲渡した場合に関する次の記述のうち、民法の規定によれば、正しいものはどれか。,,,,,,AがBに対して債権譲渡の通知をしても、確定日付のある証書によらなければBには対抗できない,AがBに通知し、かつ確定日付のある証書によれば、CはBに対して債権譲渡を対抗できる,BがAに対して反対債権を有していた場合、BはCからの請求に対して相殺を主張できない,債権譲渡禁止特約がある場合、善意の譲受人Cには当該特約を対抗できる,1,FALSE,FALSE,,債権譲渡をBに対抗するには通知または承諾が必要で、第三者（C以外の譲受人や差押債権者）に対抗するには確定日付のある証書による通知または承諾が必要です（民法467条）。Bが譲渡前に取得した反対債権については、譲受人Cに対しても相殺を主張できます（民法469条）。改正民法では譲渡禁止特約があっても債権譲渡は有効で、悪意・重過失の譲受人にのみ対抗できます（民法466条3項）。,2:（2）「AがBに通知し、かつ確定日付のある証書によれば、CはBに対して債権譲渡を対抗できる」は、作業主任者の選任が必要な作業の組合せ（ABB）を含んでいません。解説のとおり、該当作業と非該当作業の区別を確認してください。;3:（3）「BがAに対して反対債権を有していた場合、BはCからの請求に対して相殺を主張できない」は、作業主任者の選任が必要な作業の組合せ（ABB）を含んでいません。解説のとおり、該当作業と非該当作業の区別を確認してください。;4:（4）の内容は、正答（1）「AがBに対して債権譲渡の通知をしても、確定日付のある証書によらなければBには対抗できない」が示す論点とずれています。 解説の要点：債権譲渡をBに対抗するには通知または承諾が必要で、第三者（C以外の譲受人や差押債権者）に対抗するには確定日付のある証書による通知または承諾が必要です（民法467条）。Bが譲渡前に取得した反対債権については、譲受人Cに対しても相殺を主張できます（民法469条）。改正民法では譲渡禁止… 正答（1）との違いを確認し直してください。,債権譲渡をBに対抗するには通知または承諾が必要で、第三者（C以外の譲受人や差押債権者）に対抗するには確定日付のある証書による通知または承諾が必要です（民法467条）。Bが譲渡前に取得した反対債権については、譲受人Cに対しても相殺を主張できます（民法469条）。改正民法では譲渡禁止特約があっても債権譲渡は有効で、悪意・重過失の譲受人にのみ対抗できます（民法466条3項）。,債権譲渡をBに対抗するには通知または承諾が必要で、第三者（C以外の譲受人や差押債権者）に対抗するには確定日付のある証書による通知または承諾が必要です（民法467条）。Bが譲渡前に取得した反対債権については、譲受人Cに対しても相殺を主張できます（民法469条）。改正民法では譲渡禁止特約があっても債権譲渡は有効で、悪意・重過失の譲受人にのみ対抗できます（民法46,
2023,令和5年度,13,single,権利関係,,建物の区分所有等に関する法律（区分所有法）に関する次の記述のうち、正しいものはどれか。,,,,,,管理組合法人を設立するには、区分所有者及び議決権の各4分の3以上の賛成が必要である,共用部分の変更（形状または効用の著しい変更を伴うもの）は、区分所有者及び議決権の各4分の3以上の賛成が必要である,建物の建替えは、区分所有者及び議決権の各5分の4以上の賛成があれば決議できる,規約の設定・変更・廃止は、区分所有者及び議決権の各過半数の賛成で行える,2,FALSE,FALSE,,建替え決議は区分所有者及び議決権の各5分の4以上（80%以上）の賛成が必要です（区分所有法62条1項）。共用部分の重大変更は4分の3以上、管理組合法人の設立も4分の3以上、規約の設定・変更・廃止は4分の3以上が必要です。,1:（1）の内容は、正答（2）「共用部分の変更（形状または効用の著しい変更を伴うもの）は、区分所有者及び議決権の各4分の3以上の賛成が必要である」が示す論点とずれています。 解説の要点：建替え決議は区分所有者及び議決権の各5分の4以上（80%以上）の賛成が必要です（区分所有法62条1項）。共用部分の重大変更は4分の3以上、管理組合法人の設立も4分の3以上、規約の設定・変更・廃止は4分の3以上が必要です。 正答（2）との違いを確認し直してください。;3:（3）の内容は、正答（2）「共用部分の変更（形状または効用の著しい変更を伴うもの）は、区分所有者及び議決権の各4分の3以上の賛成が必要である」が示す論点とずれています。 解説の要点：建替え決議は区分所有者及び議決権の各5分の4以上（80%以上）の賛成が必要です（区分所有法62条1項）。共用部分の重大変更は4分の3以上、管理組合法人の設立も4分の3以上、規約の設定・変更・廃止は4分の3以上が必要です。 正答（2）との違いを確認し直してください。;4:（4）の内容は、正答（2）「共用部分の変更（形状または効用の著しい変更を伴うもの）は、区分所有者及び議決権の各4分の3以上の賛成が必要である」が示す論点とずれています。 解説の要点：建替え決議は区分所有者及び議決権の各5分の4以上（80%以上）の賛成が必要です（区分所有法62条1項）。共用部分の重大変更は4分の3以上、管理組合法人の設立も4分の3以上、規約の設定・変更・廃止は4分の3以上が必要です。 正答（2）との違いを確認し直してください。,建替え決議は区分所有者及び議決権の各5分の4以上（80%以上）の賛成が必要です（区分所有法62条1項）。共用部分の重大変更は4分の3以上、管理組合法人の設立も4分の3以上、規約の設定・変更・廃止は4分の3以上が必要です。,建替え決議は区分所有者及び議決権の各5分の4以上（80%以上）の賛成が必要です（区分所有法62条1項）。共用部分の重大変更は4分の3以上、管理組合法人の設立も4分の3以上、規約の設定・変更・廃止は4分の3以上が必要です。,
2023,令和5年度,26,single,宅建業法,,宅地建物取引業者Aが、自ら売主として買主B（宅地建物取引業者でない）との間で宅地の売買契約を締結する場合に関する次の記述のうち、宅地建物取引業法の規定によれば、正しいものはどれか。,,,,,,Aは、宅地の引渡し前に、Bから代金の全額を受領することができる,AはBに対し、損害賠償の予定額と違約金の合計が代金の額の10分の2を超える定めをすることができない,Aは手付金を受け取った後、Bが履行に着手するまでであれば、手付の倍額を返還して契約を解除できる,Aは、Bに対して、BがAの宅地建物取引業法違反を理由にしない限り、損害賠償の予定額を定めることができない,1,FALSE,FALSE,,宅建業者が自ら売主の場合、損害賠償の予定額と違約金の合計が代金の20%を超える特約は無効となります（宅建業法38条）。手付解除は相手方が履行に着手するまでの間に行う必要があり、売主からの解除は手付の倍額返還が必要です（宅建業法39条2項）。代金の全額を引渡し前に受領することは保全措置の問題であり一定要件のもと可能です。,2:（2）「AはBに対し、損害賠償の予定額と違約金の合計が代金の額の10分の2を超える定めをすることができない」は、作業主任者の選任が必要な作業の組合せ（AB）を含んでいません。解説のとおり、該当作業と非該当作業の区別を確認してください。;3:（3）「Aは手付金を受け取った後、Bが履行に着手するまでであれば、手付の倍額を返還して契約を解除できる」は、作業主任者の選任が必要な作業の組合せ（AB）を含んでいません。解説のとおり、該当作業と非該当作業の区別を確認してください。;4:（4）「Aは、Bに対して、BがAの宅地建物取引業法違反を理由にしない限り、損害賠償の予定額を定めることができない」は、作業主任者の選任が必要な作業の組合せ（AB）を含んでいません。解説のとおり、該当作業と非該当作業の区別を確認してください。,宅建業者が自ら売主の場合、損害賠償の予定額と違約金の合計が代金の20%を超える特約は無効となります（宅建業法38条）。手付解除は相手方が履行に着手するまでの間に行う必要があり、売主からの解除は手付の倍額返還が必要です（宅建業法39条2項）。代金の全額を引渡し前に受領することは保全措置の問題であり一定要件のもと可能です。,宅建業者が自ら売主の場合、損害賠償の予定額と違約金の合計が代金の20%を超える特約は無効となります（宅建業法38条）。手付解除は相手方が履行に着手するまでの間に行う必要があり、売主からの解除は手付の倍額返還が必要です（宅建業法39条2項）。代金の全額を引渡し前に受領することは保全措置の問題であり一定要件のもと可能です。,
2023,令和5年度,27,single,宅建業法,,宅地建物取引業法に規定する営業保証金に関する次の記述のうち、正しいものはどれか。,,,,,,"宅地建物取引業者は、主たる事務所につき1,000万円、その他の事務所につき事務所ごとに500万円の営業保証金を供託しなければならない",営業保証金の還付を受けることができるのは、宅地建物取引業者と取引をした者に限られる,還付があった場合、宅地建物取引業者は通知を受けた日から2週間以内に不足額を供託しなければならない,宅地建物取引業保証協会の社員は、営業保証金を供託する必要がない,3,FALSE,FALSE,,"宅地建物取引業保証協会の社員（弁済業務保証金分担金を納付した業者）は、営業保証金の供託が免除されます（宅建業法64条の8）。主たる事務所1,000万円・従たる事務所500万円は正しい金額です。還付を受けられるのは宅建業者と「宅地建物取引業に関し取引をした者」であり、宅建業者同士の取引は対象外です（宅建業法27条）。不足額の供託は通知を受けた日から2週間以内（正しい）です。","1:（1）の内容は、正答（3）「還付があった場合、宅地建物取引業者は通知を受けた日から2週間以内に不足額を供託しなければならない」が示す論点とずれています。 解説の要点：宅地建物取引業保証協会の社員（弁済業務保証金分担金を納付した業者）は、営業保証金の供託が免除されます（宅建業法64条の8）。主たる事務所1,000万円・従たる事務所500万円は正しい金額です。還付を受けられるのは宅建業者と「宅地建物取引業に関し取引をした者」であり、宅建業者同士の… 正答（3）との違いを確認し直してください。;2:（2）の内容は、正答（3）「還付があった場合、宅地建物取引業者は通知を受けた日から2週間以内に不足額を供託しなければならない」が示す論点とずれています。 解説の要点：宅地建物取引業保証協会の社員（弁済業務保証金分担金を納付した業者）は、営業保証金の供託が免除されます（宅建業法64条の8）。主たる事務所1,000万円・従たる事務所500万円は正しい金額です。還付を受けられるのは宅建業者と「宅地建物取引業に関し取引をした者」であり、宅建業者同士の… 正答（3）との違いを確認し直してください。;4:（4）の内容は、正答（3）「還付があった場合、宅地建物取引業者は通知を受けた日から2週間以内に不足額を供託しなければならない」が示す論点とずれています。 解説の要点：宅地建物取引業保証協会の社員（弁済業務保証金分担金を納付した業者）は、営業保証金の供託が免除されます（宅建業法64条の8）。主たる事務所1,000万円・従たる事務所500万円は正しい金額です。還付を受けられるのは宅建業者と「宅地建物取引業に関し取引をした者」であり、宅建業者同士の… 正答（3）との違いを確認し直してください。","宅地建物取引業保証協会の社員（弁済業務保証金分担金を納付した業者）は、営業保証金の供託が免除されます（宅建業法64条の8）。主たる事務所1,000万円・従たる事務所500万円は正しい金額です。還付を受けられるのは宅建業者と「宅地建物取引業に関し取引をした者」であり、宅建業者同士の取引は対象外です（宅建業法27条）。不足額の供託は通知を受けた日から2週間以内（正しい）です。","宅地建物取引業保証協会の社員（弁済業務保証金分担金を納付した業者）は、営業保証金の供託が免除されます（宅建業法64条の8）。主たる事務所1,000万円・従たる事務所500万円は正しい金額です。還付を受けられるのは宅建業者と「宅地建物取引業に関し取引をした者」であり、宅建業者同士の取引は対象外です（宅建業法27条）。不足額の供託は通知を受けた日から2週間以内（",
2023,令和5年度,15,single,法令上の制限,,都市計画法に関する次の記述のうち、正しいものはどれか。,,,,,,用途地域は、都市計画区域及び準都市計画区域のみに定めることができる,高度地区は、用途地域内において建築物の高さの最高限度または最低限度を定める地区である,地区計画は、市街化調整区域には定めることができない,市街化区域は、すでに市街地を形成している区域に限られ、将来市街化を図る区域は含まない,1,FALSE,FALSE,,高度地区は、用途地域内において市街地の環境維持または土地利用の増進を図るため、建築物の高さの最高限度または最低限度を定める地区です（都市計画法9条18項）。用途地域は準都市計画区域にも定めることができます。地区計画は市街化調整区域にも定めることができます（同法12条の5）。市街化区域は「既成市街地＋おおむね10年以内に優先的・計画的に市街化を図るべき区域」を含みます。,2:（2）の内容は、正答（1）「用途地域は、都市計画区域及び準都市計画区域のみに定めることができる」が示す論点とずれています。 解説の要点：高度地区は、用途地域内において市街地の環境維持または土地利用の増進を図るため、建築物の高さの最高限度または最低限度を定める地区です（都市計画法9条18項）。用途地域は準都市計画区域にも定めることができます。地区計画は市街化調整区域にも定めることができます（同法12条の5）。市街化… 正答（1）との違いを確認し直してください。;3:（3）の内容は、正答（1）「用途地域は、都市計画区域及び準都市計画区域のみに定めることができる」が示す論点とずれています。 解説の要点：高度地区は、用途地域内において市街地の環境維持または土地利用の増進を図るため、建築物の高さの最高限度または最低限度を定める地区です（都市計画法9条18項）。用途地域は準都市計画区域にも定めることができます。地区計画は市街化調整区域にも定めることができます（同法12条の5）。市街化… 正答（1）との違いを確認し直してください。;4:（4）の内容は、正答（1）「用途地域は、都市計画区域及び準都市計画区域のみに定めることができる」が示す論点とずれています。 解説の要点：高度地区は、用途地域内において市街地の環境維持または土地利用の増進を図るため、建築物の高さの最高限度または最低限度を定める地区です（都市計画法9条18項）。用途地域は準都市計画区域にも定めることができます。地区計画は市街化調整区域にも定めることができます（同法12条の5）。市街化… 正答（1）との違いを確認し直してください。,高度地区は、用途地域内において市街地の環境維持または土地利用の増進を図るため、建築物の高さの最高限度または最低限度を定める地区です（都市計画法9条18項）。用途地域は準都市計画区域にも定めることができます。地区計画は市街化調整区域にも定めることができます（同法12条の5）。市街化区域は「既成市街地＋おおむね10年以内に優先的・計画的に市街化を図るべき区域」を含みます。,高度地区は、用途地域内において市街地の環境維持または土地利用の増進を図るため、建築物の高さの最高限度または最低限度を定める地区です（都市計画法9条18項）。用途地域は準都市計画区域にも定めることができます。地区計画は市街化調整区域にも定めることができます（同法12条の5）。市街化区域は「既成市街地＋おおむね10年以内に優先的・計画的に市街化を図るべき区域」を,
2023,令和5年度,16,single,法令上の制限,,建築基準法に関する次の記述のうち、正しいものはどれか。,,,,,,建築物の敷地が異なる用途地域にわたる場合、建築物全体に対して、敷地の過半の属する地域の用途制限が適用される,防火地域内にある建築物で、外壁が耐火構造のものについては、その外壁を隣地境界線に接して設けることができる,建ぺい率の制限は、防火地域内の耐火建築物については制限が緩和されるが、廃止されることはない,道路斜線制限は、第一種低層住居専用地域には適用されない,1,FALSE,FALSE,,防火地域内にある建築物で、外壁が耐火構造のものは、その外壁を隣地境界線に接して設けることができます（建築基準法65条）。これは民法の相隣関係（50cm以上離す）の特則です。敷地が異なる用途地域にわたる場合、建築物の用途制限は各部分が属する用途地域の制限が適用されます（同法91条）。防火地域内の耐火建築物は建ぺい率が10%加算（または制限廃止）されます。,2:防火地域内にある建築物で、外壁が耐火構造のものは、その外壁を隣地境界線に接して設けることができます（建築基準法65条）。;3:解説では「防火地域内にある建築物で、外壁が耐火構造のものは、その外壁を隣地境界線に接して設けることができます（建築基準法65条）。」とある一方、（3）の記述はそれと矛盾します。 解説の要点：防火地域内にある建築物で、外壁が耐火構造のものは、その外壁を隣地境界線に接して設けることができます（建築基準法65条）。これは民法の相隣関係（50cm以上離す）の特則です。敷地が異なる用途地域にわたる場合、建築物の用途制限は各部分が属する用途地域の制限が適用されます（同法91条）… 正答（1）との違いを確認し直してください。;4:解説では「防火地域内にある建築物で、外壁が耐火構造のものは、その外壁を隣地境界線に接して設けることができます（建築基準法65条）。」とある一方、（4）の記述はそれと矛盾します。 解説の要点：防火地域内にある建築物で、外壁が耐火構造のものは、その外壁を隣地境界線に接して設けることができます（建築基準法65条）。これは民法の相隣関係（50cm以上離す）の特則です。敷地が異なる用途地域にわたる場合、建築物の用途制限は各部分が属する用途地域の制限が適用されます（同法91条）… 正答（1）との違いを確認し直してください。,防火地域内にある建築物で、外壁が耐火構造のものは、その外壁を隣地境界線に接して設けることができます（建築基準法65条）。これは民法の相隣関係（50cm以上離す）の特則です。敷地が異なる用途地域にわたる場合、建築物の用途制限は各部分が属する用途地域の制限が適用されます（同法91条）。防火地域内の耐火建築物は建ぺい率が10%加算（または制限廃止）されます。,防火地域内にある建築物で、外壁が耐火構造のものは、その外壁を隣地境界線に接して設けることができます（建築基準法65条）。これは民法の相隣関係（50cm以上離す）の特則です。敷地が異なる用途地域にわたる場合、建築物の用途制限は各部分が属する用途地域の制限が適用されます（同法91条）。防火地域内の耐火建築物は建ぺい率が10%加算（または制限廃止）されます。,
2023,令和5年度,23,single,税・その他,,印紙税に関する次の記述のうち、正しいものはどれか。,,,,,,不動産の売買契約書は課税文書であるが、建物の賃貸借契約書は課税文書ではない,1通の契約書を複数当事者が各1通ずつ保有する場合、印紙税は各通に課される,電磁的方法（電子契約）で作成された契約書には、印紙税が課される,契約書に記載された契約金額が1万円未満の場合は、印紙税は非課税となる,3,FALSE,FALSE,,印紙税は課税文書1通ごとに課されますが、記載金額が1万円未満のものは非課税となります（印紙税法別表第一）。不動産の売買契約書は課税文書（第1号文書）、建物賃貸借契約書も課税文書（第1号文書）です。電子契約（電磁的記録）は「文書」ではないため印紙税は課されません。複数当事者が保有する各通にそれぞれ印紙税が課されます。,1:（1）の内容は、正答（3）「電磁的方法（電子契約）で作成された契約書には、印紙税が課される」が示す論点とずれています。 解説の要点：印紙税は課税文書1通ごとに課されますが、記載金額が1万円未満のものは非課税となります（印紙税法別表第一）。不動産の売買契約書は課税文書（第1号文書）、建物賃貸借契約書も課税文書（第1号文書）です。電子契約（電磁的記録）は「文書」ではないため印紙税は課されません。複数当事者が保有す… 正答（3）との違いを確認し直してください。;2:（2）の内容は、正答（3）「電磁的方法（電子契約）で作成された契約書には、印紙税が課される」が示す論点とずれています。 解説の要点：印紙税は課税文書1通ごとに課されますが、記載金額が1万円未満のものは非課税となります（印紙税法別表第一）。不動産の売買契約書は課税文書（第1号文書）、建物賃貸借契約書も課税文書（第1号文書）です。電子契約（電磁的記録）は「文書」ではないため印紙税は課されません。複数当事者が保有す… 正答（3）との違いを確認し直してください。;4:（4）の内容は、正答（3）「電磁的方法（電子契約）で作成された契約書には、印紙税が課される」が示す論点とずれています。 解説の要点：印紙税は課税文書1通ごとに課されますが、記載金額が1万円未満のものは非課税となります（印紙税法別表第一）。不動産の売買契約書は課税文書（第1号文書）、建物賃貸借契約書も課税文書（第1号文書）です。電子契約（電磁的記録）は「文書」ではないため印紙税は課されません。複数当事者が保有す… 正答（3）との違いを確認し直してください。,印紙税は課税文書1通ごとに課されますが、記載金額が1万円未満のものは非課税となります（印紙税法別表第一）。不動産の売買契約書は課税文書（第1号文書）、建物賃貸借契約書も課税文書（第1号文書）です。電子契約（電磁的記録）は「文書」ではないため印紙税は課されません。複数当事者が保有する各通にそれぞれ印紙税が課されます。,印紙税は課税文書1通ごとに課されますが、記載金額が1万円未満のものは非課税となります（印紙税法別表第一）。不動産の売買契約書は課税文書（第1号文書）、建物賃貸借契約書も課税文書（第1号文書）です。電子契約（電磁的記録）は「文書」ではないため印紙税は課されません。複数当事者が保有する各通にそれぞれ印紙税が課されます。,
2023,令和5年度,24,single,税・その他,,固定資産税に関する次の記述のうち、正しいものはどれか。,,,,,,固定資産税の賦課期日は毎年4月1日であり、その日現在の所有者に課税される,固定資産の価格は、総務大臣が定める固定資産評価基準に基づき、市町村長が決定する,土地の価格は毎年評価替えが行われるが、家屋の価格は3年に1度の評価替えが行われる,固定資産税の標準税率は1.4/100であり、市町村はこれを超えた税率を課すことができない,1,FALSE,FALSE,,固定資産の価格は、総務大臣が定める固定資産評価基準に基づき、市町村長が決定します（地方税法388条・403条）。賦課期日は1月1日です（同法359条）。土地・家屋ともに原則3年に1度の評価替えが行われます（基準年度）。固定資産税の標準税率は1.4/100ですが、市町村は条例によりこれを超えた税率を課すことができます（地方税法350条）。,2:固定資産の価格は、総務大臣が定める固定資産評価基準に基づき、市町村長が決定します（地方税法388条・403条）。;3:（3）の内容は、正答（1）「固定資産税の賦課期日は毎年4月1日であり、その日現在の所有者に課税される」が示す論点とずれています。 解説の要点：固定資産の価格は、総務大臣が定める固定資産評価基準に基づき、市町村長が決定します（地方税法388条・403条）。賦課期日は1月1日です（同法359条）。土地・家屋ともに原則3年に1度の評価替えが行われます（基準年度）。固定資産税の標準税率は1.4/100ですが、市町村は条例により… 正答（1）との違いを確認し直してください。;4:固定資産税の標準税率は1.4/100ですが、市町村は条例によりこれを超えた税率を課すことができます（地方税法350条）。,固定資産の価格は、総務大臣が定める固定資産評価基準に基づき、市町村長が決定します（地方税法388条・403条）。賦課期日は1月1日です（同法359条）。土地・家屋ともに原則3年に1度の評価替えが行われます（基準年度）。固定資産税の標準税率は1.4/100ですが、市町村は条例によりこれを超えた税率を課すことができます（地方税法350条）。,固定資産の価格は、総務大臣が定める固定資産評価基準に基づき、市町村長が決定します（地方税法388条・403条）。賦課期日は1月1日です（同法359条）。土地・家屋ともに原則3年に1度の評価替えが行われます（基準年度）。固定資産税の標準税率は1.4/100ですが、市町村は条例によりこれを超えた税率を課すことができます（地方税法350条）。,
2022,令和4年度,1,single,権利関係,,不法行為に関する次の記述のうち、民法の規定及び判例によれば、正しいものはどれか。,,,,,,使用者は、被用者が事業の執行について第三者に加えた損害を賠償する責任を負うが、被用者に対して求償することはできない,不法行為による損害賠償請求権は、損害及び加害者を知った時から3年で時効消滅する,不法行為による損害賠償債務は、期限の定めのない債務であり、被害者が催告した時から遅延損害金が発生する,土地の工作物の設置・保存の瑕疵により損害が生じた場合、占有者が損害防止に必要な注意をしていた場合、所有者が無過失であっても賠償責任を負う,3,FALSE,FALSE,,土地の工作物責任（民法717条）では、占有者が損害防止に必要な注意をしていた場合は、所有者が責任を負います。この場合の所有者責任は無過失責任です。使用者責任（民法715条）では使用者から被用者への求償は可能です。不法行為の時効は「損害および加害者を知った時から3年（人の生命・身体は5年）、行為の時から20年」です（民法724条）。不法行為による損害賠償債務は損害発生時から当然に遅滞となります（判例）。,1:解説では「土地の工作物責任（民法717条）では、占有者が損害防止に必要な注意をしていた場合は、所有者が責任を負います。」とある一方、（1）の記述はそれと矛盾します。 解説の要点：土地の工作物責任（民法717条）では、占有者が損害防止に必要な注意をしていた場合は、所有者が責任を負います。この場合の所有者責任は無過失責任です。使用者責任（民法715条）では使用者から被用者への求償は可能です。不法行為の時効は「損害および加害者を知った時から3年（人の生命・身体… 正答（3）との違いを確認し直してください。;2:（2）の内容は、正答（3）「不法行為による損害賠償債務は、期限の定めのない債務であり、被害者が催告した時から遅延損害金が発生する」が示す論点とずれています。 解説の要点：土地の工作物責任（民法717条）では、占有者が損害防止に必要な注意をしていた場合は、所有者が責任を負います。この場合の所有者責任は無過失責任です。使用者責任（民法715条）では使用者から被用者への求償は可能です。不法行為の時効は「損害および加害者を知った時から3年（人の生命・身体… 正答（3）との違いを確認し直してください。;4:（4）の内容は、正答（3）「不法行為による損害賠償債務は、期限の定めのない債務であり、被害者が催告した時から遅延損害金が発生する」が示す論点とずれています。 解説の要点：土地の工作物責任（民法717条）では、占有者が損害防止に必要な注意をしていた場合は、所有者が責任を負います。この場合の所有者責任は無過失責任です。使用者責任（民法715条）では使用者から被用者への求償は可能です。不法行為の時効は「損害および加害者を知った時から3年（人の生命・身体… 正答（3）との違いを確認し直してください。,土地の工作物責任（民法717条）では、占有者が損害防止に必要な注意をしていた場合は、所有者が責任を負います。この場合の所有者責任は無過失責任です。使用者責任（民法715条）では使用者から被用者への求償は可能です。不法行為の時効は「損害および加害者を知った時から3年（人の生命・身体は5年）、行為の時から20年」です（民法724条）。不法行為による損害賠償債務は損害発生時から当然に遅滞となります（判例）。,土地の工作物責任（民法717条）では、占有者が損害防止に必要な注意をしていた場合は、所有者が責任を負います。この場合の所有者責任は無過失責任です。使用者責任（民法715条）では使用者から被用者への求償は可能です。不法行為の時効は「損害および加害者を知った時から3年（人の生命・身体は5年）、行為の時から20年」です（民法724条）。不法行為による損害賠償債務は,
2022,令和4年度,2,single,権利関係,,相隣関係に関する次の記述のうち、民法の規定によれば、正しいものはどれか。,,,,,,土地の所有者は、境界を超えてきた隣地の竹木の枝を、直ちに自ら切り取ることができる,土地の所有者は、隣地から侵入している竹木の根は、自ら切り取ることができる,建物を建築する場合は、境界線から50cm以上離さなければならず、この規定は条例によっても変更できない,袋地の所有者は、公道に至るため囲繞地を通行できるが、その通行料は無償とされている,1,FALSE,FALSE,,竹木の枝は原則として所有者に切除させなければなりませんが（改正前の原則。2023年改正で一定要件のもと自ら切除可）、根は自ら切り取ることができます（民法233条）。境界から50cmの規定は異なる慣習があればその慣習に従います（民法236条）。袋地通行権（民法210条）は有償が原則で、通行料を支払う必要があります。,2:（2）の内容は、正答（1）「土地の所有者は、境界を超えてきた隣地の竹木の枝を、直ちに自ら切り取ることができる」が示す論点とずれています。 解説の要点：竹木の枝は原則として所有者に切除させなければなりませんが（改正前の原則。2023年改正で一定要件のもと自ら切除可）、根は自ら切り取ることができます（民法233条）。境界から50cmの規定は異なる慣習があればその慣習に従います（民法236条）。袋地通行権（民法210条）は有償が原則… 正答（1）との違いを確認し直してください。;3:解説では「袋地通行権（民法210条）は有償が原則で、通行料を支払う必要があります。」とある一方、（3）の記述はそれと矛盾します。 解説の要点：竹木の枝は原則として所有者に切除させなければなりませんが（改正前の原則。2023年改正で一定要件のもと自ら切除可）、根は自ら切り取ることができます（民法233条）。境界から50cmの規定は異なる慣習があればその慣習に従います（民法236条）。袋地通行権（民法210条）は有償が原則… 正答（1）との違いを確認し直してください。;4:（4）の内容は、正答（1）「土地の所有者は、境界を超えてきた隣地の竹木の枝を、直ちに自ら切り取ることができる」が示す論点とずれています。 解説の要点：竹木の枝は原則として所有者に切除させなければなりませんが（改正前の原則。2023年改正で一定要件のもと自ら切除可）、根は自ら切り取ることができます（民法233条）。境界から50cmの規定は異なる慣習があればその慣習に従います（民法236条）。袋地通行権（民法210条）は有償が原則… 正答（1）との違いを確認し直してください。,竹木の枝は原則として所有者に切除させなければなりませんが（改正前の原則。2023年改正で一定要件のもと自ら切除可）、根は自ら切り取ることができます（民法233条）。境界から50cmの規定は異なる慣習があればその慣習に従います（民法236条）。袋地通行権（民法210条）は有償が原則で、通行料を支払う必要があります。,竹木の枝は原則として所有者に切除させなければなりませんが（改正前の原則。2023年改正で一定要件のもと自ら切除可）、根は自ら切り取ることができます（民法233条）。境界から50cmの規定は異なる慣習があればその慣習に従います（民法236条）。袋地通行権（民法210条）は有償が原則で、通行料を支払う必要があります。,
2022,令和4年度,26,single,宅建業法,,宅地建物取引業者Aが媒介により、売主B・買主C間の中古マンション売買契約を成立させた場合の報酬に関する次の記述のうち、宅地建物取引業法の規定によれば、正しいものはどれか。なお、消費税はないものとし、売買代金は400万円を超えるものとする。,,,,,,Aは、BまたはCの一方のみを依頼者とする場合でも、BとCの双方から代金の3%に6万円を加えた額（消費税別）を受領できる,AがBとCの双方から媒介依頼を受けた場合、BとC合計で代金の6%に12万円を加えた額（消費税別）が上限となる,AがBのみから媒介依頼を受けた場合、Cからは一切報酬を受領できない,200万円以下の宅地の売買では、依頼者の同意があれば代金の5%を超えた報酬を受領できる,1,FALSE,FALSE,,売買の媒介報酬の上限は、代金200万円以下の部分は5%、200万超400万円以下は4%、400万超は3%（いずれも税別）で、400万円超では「代金×3%＋6万円」の速算式が使われます（宅建業法46条・告示）。双方から媒介を受けた場合、一方から受領できる上限は「代金×3%＋6万円」であり、双方合計の上限は「(代金×3%＋6万円)×2」です。依頼者の同意があっても報酬上限を超えることはできません。,2:（2）「AがBとCの双方から媒介依頼を受けた場合、BとC合計で代金の6%に12万円を加えた額（消費税別）が上限となる」は、作業主任者の選任が必要な作業の組合せ（ABCBC）を含んでいません。解説のとおり、該当作業と非該当作業の区別を確認してください。;3:（3）「AがBのみから媒介依頼を受けた場合、Cからは一切報酬を受領できない」は、作業主任者の選任が必要な作業の組合せ（ABCBC）を含んでいません。解説のとおり、該当作業と非該当作業の区別を確認してください。;4:（4）の内容は、正答（1）「Aは、BまたはCの一方のみを依頼者とする場合でも、BとCの双方から代金の3%に6万円を加えた額（消費税別）を受領…」が示す論点とずれています。 解説の要点：売買の媒介報酬の上限は、代金200万円以下の部分は5%、200万超400万円以下は4%、400万超は3%（いずれも税別）で、400万円超では「代金×3%＋6万円」の速算式が使われます（宅建業法46条・告示）。双方から媒介を受けた場合、一方から受領できる上限は「代金×3%＋6万円」… 正答（1）との違いを確認し直してください。,売買の媒介報酬の上限は、代金200万円以下の部分は5%、200万超400万円以下は4%、400万超は3%（いずれも税別）で、400万円超では「代金×3%＋6万円」の速算式が使われます（宅建業法46条・告示）。双方から媒介を受けた場合、一方から受領できる上限は「代金×3%＋6万円」であり、双方合計の上限は「(代金×3%＋6万円)×2」です。依頼者の同意があっても報酬上限を超えることはできません。,売買の媒介報酬の上限は、代金200万円以下の部分は5%、200万超400万円以下は4%、400万超は3%（いずれも税別）で、400万円超では「代金×3%＋6万円」の速算式が使われます（宅建業法46条・告示）。双方から媒介を受けた場合、一方から受領できる上限は「代金×3%＋6万円」であり、双方合計の上限は「(代金×3%＋6万円)×2」です。依頼者の同意があって,
2022,令和4年度,15,single,法令上の制限,,国土利用計画法に規定する事後届出制に関する次の記述のうち、正しいものはどれか。,,,,,,事後届出は、土地売買等の契約を締結した日から起算して3週間以内に行わなければならない,"市街化区域内の1,000㎡以上の土地取引については、事後届出が必要である",事後届出が必要な取引について届出をしなかった場合、取引自体は無効とはならないが、罰則が科される,事後届出制は、農地法の許可を要する農地の取引にも重複して適用される,2,FALSE,FALSE,,"事後届出をしなかった場合や虚偽の届出をした場合は罰則（6か月以下の拘禁刑または100万円以下の罰金）が科されますが、取引自体は無効とはなりません（国土利用計画法23条・47条）。届出期間は契約締結後2週間以内（3週間ではない）。市街化区域内は2,000㎡以上が正しい。農地法の許可を要する取引も原則として事後届出の適用があります（一部例外あり）。","1:（1）の内容は、正答（2）「市街化区域内の1,000㎡以上の土地取引については、事後届出が必要である」が示す論点とずれています。 解説の要点：事後届出をしなかった場合や虚偽の届出をした場合は罰則（6か月以下の拘禁刑または100万円以下の罰金）が科されますが、取引自体は無効とはなりません（国土利用計画法23条・47条）。届出期間は契約締結後2週間以内（3週間ではない）。市街化区域内は2,000㎡以上が正しい。農地法の許可… 正答（2）との違いを確認し直してください。;3:（3）の内容は、正答（2）「市街化区域内の1,000㎡以上の土地取引については、事後届出が必要である」が示す論点とずれています。 解説の要点：事後届出をしなかった場合や虚偽の届出をした場合は罰則（6か月以下の拘禁刑または100万円以下の罰金）が科されますが、取引自体は無効とはなりません（国土利用計画法23条・47条）。届出期間は契約締結後2週間以内（3週間ではない）。市街化区域内は2,000㎡以上が正しい。農地法の許可… 正答（2）との違いを確認し直してください。;4:（4）の内容は、正答（2）「市街化区域内の1,000㎡以上の土地取引については、事後届出が必要である」が示す論点とずれています。 解説の要点：事後届出をしなかった場合や虚偽の届出をした場合は罰則（6か月以下の拘禁刑または100万円以下の罰金）が科されますが、取引自体は無効とはなりません（国土利用計画法23条・47条）。届出期間は契約締結後2週間以内（3週間ではない）。市街化区域内は2,000㎡以上が正しい。農地法の許可… 正答（2）との違いを確認し直してください。","事後届出をしなかった場合や虚偽の届出をした場合は罰則（6か月以下の拘禁刑または100万円以下の罰金）が科されますが、取引自体は無効とはなりません（国土利用計画法23条・47条）。届出期間は契約締結後2週間以内（3週間ではない）。市街化区域内は2,000㎡以上が正しい。農地法の許可を要する取引も原則として事後届出の適用があります（一部例外あり）。","事後届出をしなかった場合や虚偽の届出をした場合は罰則（6か月以下の拘禁刑または100万円以下の罰金）が科されますが、取引自体は無効とはなりません（国土利用計画法23条・47条）。届出期間は契約締結後2週間以内（3週間ではない）。市街化区域内は2,000㎡以上が正しい。農地法の許可を要する取引も原則として事後届出の適用があります（一部例外あり）。",
2022,令和4年度,16,single,法令上の制限,,都市計画法に規定する開発許可に関する次の記述のうち、正しいものはどれか。,,,,,,開発許可の申請は、開発行為を行う土地の所有者のみが行うことができる,開発許可を受けた開発区域内の土地では、工事完了公告前であっても、開発行為に同意しなかった土地所有者は建築物を建築することができる,開発許可申請書には、予定建築物の用途・構造・設備の概要を記載しなければならない,開発許可を受けた後に開発行為に関する工事の廃止をする場合、都道府県知事の許可を得なければならない,1,FALSE,FALSE,,開発許可を受けた開発区域内においては、工事完了の公告前は建築物の建築等が制限されますが、開発行為に同意しなかった土地所有者（及びその相続人）は建築できます（都市計画法37条但書）。開発許可申請は開発行為を行おうとする者が行えばよく、土地所有者に限りません（同法30条）。申請書には「予定建築物の用途」は必要ですが、「構造・設備の概要」は不要です。工事廃止は「遅滞なく届け出る」だけでよく、許可は不要です（同法38条）。,2:（2）の内容は、正答（1）「開発許可の申請は、開発行為を行う土地の所有者のみが行うことができる」が示す論点とずれています。 解説の要点：開発許可を受けた開発区域内においては、工事完了の公告前は建築物の建築等が制限されますが、開発行為に同意しなかった土地所有者（及びその相続人）は建築できます（都市計画法37条但書）。開発許可申請は開発行為を行おうとする者が行えばよく、土地所有者に限りません（同法30条）。申請書には… 正答（1）との違いを確認し直してください。;3:解説では「申請書には「予定建築物の用途」は必要ですが、「構造・設備の概要」は不要です。」とある一方、（3）の記述はそれと矛盾します。 解説の要点：開発許可を受けた開発区域内においては、工事完了の公告前は建築物の建築等が制限されますが、開発行為に同意しなかった土地所有者（及びその相続人）は建築できます（都市計画法37条但書）。開発許可申請は開発行為を行おうとする者が行えばよく、土地所有者に限りません（同法30条）。申請書には… 正答（1）との違いを確認し直してください。;4:解説では「申請書には「予定建築物の用途」は必要ですが、「構造・設備の概要」は不要です。」とある一方、（4）の記述はそれと矛盾します。 解説の要点：開発許可を受けた開発区域内においては、工事完了の公告前は建築物の建築等が制限されますが、開発行為に同意しなかった土地所有者（及びその相続人）は建築できます（都市計画法37条但書）。開発許可申請は開発行為を行おうとする者が行えばよく、土地所有者に限りません（同法30条）。申請書には… 正答（1）との違いを確認し直してください。,開発許可を受けた開発区域内においては、工事完了の公告前は建築物の建築等が制限されますが、開発行為に同意しなかった土地所有者（及びその相続人）は建築できます（都市計画法37条但書）。開発許可申請は開発行為を行おうとする者が行えばよく、土地所有者に限りません（同法30条）。申請書には「予定建築物の用途」は必要ですが、「構造・設備の概要」は不要です。工事廃止は「遅滞なく届け出る」だけでよく、許可は不要です（同法38条）。,開発許可を受けた開発区域内においては、工事完了の公告前は建築物の建築等が制限されますが、開発行為に同意しなかった土地所有者（及びその相続人）は建築できます（都市計画法37条但書）。開発許可申請は開発行為を行おうとする者が行えばよく、土地所有者に限りません（同法30条）。申請書には「予定建築物の用途」は必要ですが、「構造・設備の概要」は不要です。工事廃止は「遅,
2022,令和4年度,23,single,税・その他,,所得税における譲渡所得に関する次の記述のうち、正しいものはどれか。,,,,,,土地・建物の譲渡所得は、他の所得と合算して総合課税される,土地・建物の長期譲渡所得（所有期間5年超）の税率は、所得税15%・住民税5%の合計20%である,"居住用財産の3,000万円特別控除は、その年の前年または前々年に適用を受けていても、再度適用できる",相続により取得した土地を譲渡した場合、被相続人の取得時期と取得費を引き継ぐことができる,3,FALSE,FALSE,,"相続により取得した資産を譲渡する場合、所有期間の判定および取得費については、被相続人の取得時期・取得費を引き継ぎます（所得税法60条）。土地・建物の譲渡所得は分離課税です（申告分離）。長期譲渡所得（5年超）の税率は所得税15%・住民税5%合計20%で正しい。居住用財産の3,000万円特別控除は、前年・前々年に適用を受けていた場合は適用できません（3年に1回の制限）。","1:（1）の内容は、正答（3）「居住用財産の3,000万円特別控除は、その年の前年または前々年に適用を受けていても、再度適用できる」が示す論点とずれています。 解説の要点：相続により取得した資産を譲渡する場合、所有期間の判定および取得費については、被相続人の取得時期・取得費を引き継ぎます（所得税法60条）。土地・建物の譲渡所得は分離課税です（申告分離）。長期譲渡所得（5年超）の税率は所得税15%・住民税5%合計20%で正しい。居住用財産の3,000… 正答（3）との違いを確認し直してください。;2:（2）の内容は、正答（3）「居住用財産の3,000万円特別控除は、その年の前年または前々年に適用を受けていても、再度適用できる」が示す論点とずれています。 解説の要点：相続により取得した資産を譲渡する場合、所有期間の判定および取得費については、被相続人の取得時期・取得費を引き継ぎます（所得税法60条）。土地・建物の譲渡所得は分離課税です（申告分離）。長期譲渡所得（5年超）の税率は所得税15%・住民税5%合計20%で正しい。居住用財産の3,000… 正答（3）との違いを確認し直してください。;4:（4）の内容は、正答（3）「居住用財産の3,000万円特別控除は、その年の前年または前々年に適用を受けていても、再度適用できる」が示す論点とずれています。 解説の要点：相続により取得した資産を譲渡する場合、所有期間の判定および取得費については、被相続人の取得時期・取得費を引き継ぎます（所得税法60条）。土地・建物の譲渡所得は分離課税です（申告分離）。長期譲渡所得（5年超）の税率は所得税15%・住民税5%合計20%で正しい。居住用財産の3,000… 正答（3）との違いを確認し直してください。","居住用財産の3,000万円特別控除は、前年・前々年に適用を受けていた場合は適用できません（3年に1回の制限）。","相続により取得した資産を譲渡する場合、所有期間の判定および取得費については、被相続人の取得時期・取得費を引き継ぎます（所得税法60条）。土地・建物の譲渡所得は分離課税です（申告分離）。長期譲渡所得（5年超）の税率は所得税15%・住民税5%合計20%で正しい。居住用財産の3,000万円特別控除は、前年・前々年に適用を受けていた場合は適用できません（3年に1回の",
2022,令和4年度,24,single,税・その他,,宅地建物取引業者が受ける報酬に関連して、消費税に関する次の記述のうち、正しいものはどれか。,,,,,,土地の売買は消費税の課税取引であり、売主に消費税の申告・納付義務が生じる,建物の売買は消費税の課税取引であるが、個人が自己の居住用に供していた建物の売却は非課税となる,住宅の貸付けは、貸付期間にかかわらず、消費税が非課税となる,事業者が行う建物の譲渡は原則課税対象であるが、土地の譲渡・貸付けは原則非課税である,3,FALSE,FALSE,,消費税において、土地の譲渡・貸付けは原則非課税です（消費税法別表第一）。一方、建物（事業者による）の譲渡は課税対象です。個人が自己居住用建物を売却する場合でも、事業者に該当すれば消費税の課税対象となります。住宅の貸付けは1か月以上の契約であれば非課税ですが、1か月未満（旅館・ホテル等）は課税です。,1:（1）の内容は、正答（3）「住宅の貸付けは、貸付期間にかかわらず、消費税が非課税となる」が示す論点とずれています。 解説の要点：消費税において、土地の譲渡・貸付けは原則非課税です（消費税法別表第一）。一方、建物（事業者による）の譲渡は課税対象です。個人が自己居住用建物を売却する場合でも、事業者に該当すれば消費税の課税対象となります。住宅の貸付けは1か月以上の契約であれば非課税ですが、1か月未満（旅館・ホテ… 正答（3）との違いを確認し直してください。;2:（2）の内容は、正答（3）「住宅の貸付けは、貸付期間にかかわらず、消費税が非課税となる」が示す論点とずれています。 解説の要点：消費税において、土地の譲渡・貸付けは原則非課税です（消費税法別表第一）。一方、建物（事業者による）の譲渡は課税対象です。個人が自己居住用建物を売却する場合でも、事業者に該当すれば消費税の課税対象となります。住宅の貸付けは1か月以上の契約であれば非課税ですが、1か月未満（旅館・ホテ… 正答（3）との違いを確認し直してください。;4:（4）の内容は、正答（3）「住宅の貸付けは、貸付期間にかかわらず、消費税が非課税となる」が示す論点とずれています。 解説の要点：消費税において、土地の譲渡・貸付けは原則非課税です（消費税法別表第一）。一方、建物（事業者による）の譲渡は課税対象です。個人が自己居住用建物を売却する場合でも、事業者に該当すれば消費税の課税対象となります。住宅の貸付けは1か月以上の契約であれば非課税ですが、1か月未満（旅館・ホテ… 正答（3）との違いを確認し直してください。,消費税において、土地の譲渡・貸付けは原則非課税です（消費税法別表第一）。一方、建物（事業者による）の譲渡は課税対象です。個人が自己居住用建物を売却する場合でも、事業者に該当すれば消費税の課税対象となります。住宅の貸付けは1か月以上の契約であれば非課税ですが、1か月未満（旅館・ホテル等）は課税です。,消費税において、土地の譲渡・貸付けは原則非課税です（消費税法別表第一）。一方、建物（事業者による）の譲渡は課税対象です。個人が自己居住用建物を売却する場合でも、事業者に該当すれば消費税の課税対象となります。住宅の貸付けは1か月以上の契約であれば非課税ですが、1か月未満（旅館・ホテル等）は課税です。,
2022,令和4年度,17,single,法令上の制限,,建築基準法に規定する建築確認に関する次の記述のうち、正しいものはどれか。,,,,,,木造2階建て・延べ面積200㎡の一戸建て住宅の新築は、建築確認が不要である,建築確認の申請は、建築主が確認申請書を提出して行うが、建築主事だけでなく指定確認検査機関でも確認を受けることができる,建築確認を受けた工事の施工中に、軽微な変更が生じた場合も改めて確認申請が必要である,都市計画区域外では、どのような規模の建築物でも建築確認は不要である,1,FALSE,FALSE,,建築確認は建築主事だけでなく、指定確認検査機関でも受けることができます（建築基準法6条の2）。木造2階建て・延べ面積200㎡超（500㎡超の旧規定は改正済）の一戸建て住宅は確認が必要です（2025年改正により木造2階建ても原則確認対象に）。軽微な変更の場合は改めての確認申請は不要です（同法6条1項後段）。都市計画区域外でも大規模建築物（階数2以上または延べ面積200㎡超等）は確認が必要です。,2:（2）の内容は、正答（1）「木造2階建て・延べ面積200㎡の一戸建て住宅の新築は、建築確認が不要である」が示す論点とずれています。 解説の要点：建築確認は建築主事だけでなく、指定確認検査機関でも受けることができます（建築基準法6条の2）。木造2階建て・延べ面積200㎡超（500㎡超の旧規定は改正済）の一戸建て住宅は確認が必要です（2025年改正により木造2階建ても原則確認対象に）。軽微な変更の場合は改めての確認申請は不要… 正答（1）との違いを確認し直してください。;3:（3）の内容は、正答（1）「木造2階建て・延べ面積200㎡の一戸建て住宅の新築は、建築確認が不要である」が示す論点とずれています。 解説の要点：建築確認は建築主事だけでなく、指定確認検査機関でも受けることができます（建築基準法6条の2）。木造2階建て・延べ面積200㎡超（500㎡超の旧規定は改正済）の一戸建て住宅は確認が必要です（2025年改正により木造2階建ても原則確認対象に）。軽微な変更の場合は改めての確認申請は不要… 正答（1）との違いを確認し直してください。;4:解説では「木造2階建て・延べ面積200㎡超（500㎡超の旧規定は改正済）の一戸建て住宅は確認が必要です（2025年改正により木造2階建ても原則確認対象に）。」とある一方、（4）の記述はそれと矛盾します。 解説の要点：建築確認は建築主事だけでなく、指定確認検査機関でも受けることができます（建築基準法6条の2）。木造2階建て・延べ面積200㎡超（500㎡超の旧規定は改正済）の一戸建て住宅は確認が必要です（2025年改正により木造2階建ても原則確認対象に）。軽微な変更の場合は改めての確認申請は不要… 正答（1）との違いを確認し直してください。,建築確認は建築主事だけでなく、指定確認検査機関でも受けることができます（建築基準法6条の2）。木造2階建て・延べ面積200㎡超（500㎡超の旧規定は改正済）の一戸建て住宅は確認が必要です（2025年改正により木造2階建ても原則確認対象に）。軽微な変更の場合は改めての確認申請は不要です（同法6条1項後段）。都市計画区域外でも大規模建築物（階数2以上または延べ面積200㎡超等）は確認が必要です。,建築確認は建築主事だけでなく、指定確認検査機関でも受けることができます（建築基準法6条の2）。木造2階建て・延べ面積200㎡超（500㎡超の旧規定は改正済）の一戸建て住宅は確認が必要です（2025年改正により木造2階建ても原則確認対象に）。軽微な変更の場合は改めての確認申請は不要です（同法6条1項後段）。都市計画区域外でも大規模建築物（階数2以上または延べ面,
2022,令和4年度,11,single,権利関係,,借地借家法に規定する定期建物賃貸借に関する次の記述のうち、正しいものはどれか。,,,,,,定期建物賃貸借契約は、公正証書によらなければ締結できない,定期建物賃貸借契約では、期間満了の1年前から6か月前までに、借主に対して期間満了の通知をしなければ、終了を対抗できない,定期建物賃貸借では、賃料の減額請求をしない旨の特約も有効である,期間1年未満の定期建物賃貸借は、期間の定めがないものとみなされる,2,FALSE,FALSE,,定期建物賃貸借では、賃料の減額請求をしない旨の特約が有効です（借地借家法38条7項）。これは普通賃貸借と異なる点です（普通賃貸借では増額不請求の特約は有効だが減額不請求は無効）。定期建物賃貸借は、公正証書でなくてもよく「書面（又は電磁的記録）」で締結できます（同法38条1項）。期間満了通知は1年前から6か月前までに行う必要があります（同法38条4項）。期間1年未満の定期賃貸借は有効に1年未満の期間を定めることができます（普通賃貸借と異なる）。,1:解説では「定期建物賃貸借では、賃料の減額請求をしない旨の特約が有効です（借地借家法38条7項）。」とある一方、（1）の記述はそれと矛盾します。 解説の要点：定期建物賃貸借では、賃料の減額請求をしない旨の特約が有効です（借地借家法38条7項）。これは普通賃貸借と異なる点です（普通賃貸借では増額不請求の特約は有効だが減額不請求は無効）。定期建物賃貸借は、公正証書でなくてもよく「書面（又は電磁的記録）」で締結できます（同法38条1項）。期… 正答（2）との違いを確認し直してください。;3:定期建物賃貸借では、賃料の減額請求をしない旨の特約が有効です（借地借家法38条7項）。;4:解説では「定期建物賃貸借では、賃料の減額請求をしない旨の特約が有効です（借地借家法38条7項）。」とある一方、（4）の記述はそれと矛盾します。 解説の要点：定期建物賃貸借では、賃料の減額請求をしない旨の特約が有効です（借地借家法38条7項）。これは普通賃貸借と異なる点です（普通賃貸借では増額不請求の特約は有効だが減額不請求は無効）。定期建物賃貸借は、公正証書でなくてもよく「書面（又は電磁的記録）」で締結できます（同法38条1項）。期… 正答（2）との違いを確認し直してください。,定期建物賃貸借では、賃料の減額請求をしない旨の特約が有効です（借地借家法38条7項）。これは普通賃貸借と異なる点です（普通賃貸借では増額不請求の特約は有効だが減額不請求は無効）。定期建物賃貸借は、公正証書でなくてもよく「書面（又は電磁的記録）」で締結できます（同法38条1項）。期間満了通知は1年前から6か月前までに行う必要があります（同法38条4項）。期間1年未満の定期賃貸借は有効に1年未満の期間を定めることができます（普通賃貸借と異なる）。,定期建物賃貸借では、賃料の減額請求をしない旨の特約が有効です（借地借家法38条7項）。これは普通賃貸借と異なる点です（普通賃貸借では増額不請求の特約は有効だが減額不請求は無効）。定期建物賃貸借は、公正証書でなくてもよく「書面（又は電磁的記録）」で締結できます（同法38条1項）。期間満了通知は1年前から6か月前までに行う必要があります（同法38条4項）。期間1,
2021,令和3年度,1,single,権利関係,,AがBに対して有する債権の担保として、A・B間でAを抵当権者、B所有の甲土地に抵当権を設定した場合に関する次の記述のうち、民法の規定及び判例によれば、正しいものはどれか。,,,,,,抵当権設定登記前に甲土地上にBが建物を建築した場合、Aは建物も含めて競売を申し立てることができる,抵当権設定後に第三者Cが甲土地の所有権を取得した場合、Cは抵当権の消滅を請求することができる,抵当権の実行により甲土地が競売された場合、Bが甲土地上に有益費を投じた場合でも、その費用の償還は受けられない,抵当権設定登記は、抵当権の効力発生要件であり、登記なくして抵当権は成立しない,1,FALSE,FALSE,,第三者が抵当権の目的不動産の所有権を取得した場合（第三取得者）、その者は抵当権消滅請求をすることができます（民法379条）。抵当権設定前の建物は一括競売できますが（民法389条1項）、設定前の建物には法定地上権が成立する場合があります。抵当権は契約（合意）によって成立し、登記は対抗要件であって効力発生要件ではありません（民法177条）。,2:（2）の内容は、正答（1）「抵当権設定登記前に甲土地上にBが建物を建築した場合、Aは建物も含めて競売を申し立てることができる」が示す論点とずれています。 解説の要点：第三者が抵当権の目的不動産の所有権を取得した場合（第三取得者）、その者は抵当権消滅請求をすることができます（民法379条）。抵当権設定前の建物は一括競売できますが（民法389条1項）、設定前の建物には法定地上権が成立する場合があります。抵当権は契約（合意）によって成立し、登記は対… 正答（1）との違いを確認し直してください。;3:（3）の内容は、正答（1）「抵当権設定登記前に甲土地上にBが建物を建築した場合、Aは建物も含めて競売を申し立てることができる」が示す論点とずれています。 解説の要点：第三者が抵当権の目的不動産の所有権を取得した場合（第三取得者）、その者は抵当権消滅請求をすることができます（民法379条）。抵当権設定前の建物は一括競売できますが（民法389条1項）、設定前の建物には法定地上権が成立する場合があります。抵当権は契約（合意）によって成立し、登記は対… 正答（1）との違いを確認し直してください。;4:（4）の内容は、正答（1）「抵当権設定登記前に甲土地上にBが建物を建築した場合、Aは建物も含めて競売を申し立てることができる」が示す論点とずれています。 解説の要点：第三者が抵当権の目的不動産の所有権を取得した場合（第三取得者）、その者は抵当権消滅請求をすることができます（民法379条）。抵当権設定前の建物は一括競売できますが（民法389条1項）、設定前の建物には法定地上権が成立する場合があります。抵当権は契約（合意）によって成立し、登記は対… 正答（1）との違いを確認し直してください。,第三者が抵当権の目的不動産の所有権を取得した場合（第三取得者）、その者は抵当権消滅請求をすることができます（民法379条）。抵当権設定前の建物は一括競売できますが（民法389条1項）、設定前の建物には法定地上権が成立する場合があります。抵当権は契約（合意）によって成立し、登記は対抗要件であって効力発生要件ではありません（民法177条）。,第三者が抵当権の目的不動産の所有権を取得した場合（第三取得者）、その者は抵当権消滅請求をすることができます（民法379条）。抵当権設定前の建物は一括競売できますが（民法389条1項）、設定前の建物には法定地上権が成立する場合があります。抵当権は契約（合意）によって成立し、登記は対抗要件であって効力発生要件ではありません（民法177条）。,
2021,令和3年度,3,single,権利関係,,AがA所有の甲建物についてBと賃貸借契約を締結し、BがAの承諾を得て甲建物をCに転貸した場合に関する次の記述のうち、民法の規定及び判例によれば、正しいものはどれか。,,,,,,AはCに直接賃料を請求することができず、あくまでBに対してのみ請求できる,AとBが賃貸借契約を合意解除しても、AはCに対してその解除を対抗できない,BがCから転貸料を受け取っていない場合でも、AはCに賃料を請求できる,CはAに対して直接の義務を負わず、Bに対してのみ転借人としての義務を負う,1,FALSE,FALSE,,賃貸人Aと賃借人Bが合意解除した場合、転借人Cが存在するときはその合意解除をCに対抗できません（民法613条3項）。AはCに対して直接賃料を請求できます（直接義務：民法613条1項）ただしBの賃料の範囲に限られます。AはCに直接の義務を課すことができ、CはAとBの双方に義務を負います。,2:（2）「AとBが賃貸借契約を合意解除しても、AはCに対してその解除を対抗できない」は、作業主任者の選任が必要な作業の組合せ（ACB）を含んでいません。解説のとおり、該当作業と非該当作業の区別を確認してください。;3:（3）「BがCから転貸料を受け取っていない場合でも、AはCに賃料を請求できる」は、作業主任者の選任が必要な作業の組合せ（ACB）を含んでいません。解説のとおり、該当作業と非該当作業の区別を確認してください。;4:（4）「CはAに対して直接の義務を負わず、Bに対してのみ転借人としての義務を負う」は、作業主任者の選任が必要な作業の組合せ（ACB）を含んでいません。解説のとおり、該当作業と非該当作業の区別を確認してください。,賃貸人Aと賃借人Bが合意解除した場合、転借人Cが存在するときはその合意解除をCに対抗できません（民法613条3項）。AはCに対して直接賃料を請求できます（直接義務：民法613条1項）ただしBの賃料の範囲に限られます。AはCに直接の義務を課すことができ、CはAとBの双方に義務を負います。,賃貸人Aと賃借人Bが合意解除した場合、転借人Cが存在するときはその合意解除をCに対抗できません（民法613条3項）。AはCに対して直接賃料を請求できます（直接義務：民法613条1項）ただしBの賃料の範囲に限られます。AはCに直接の義務を課すことができ、CはAとBの双方に義務を負います。,
2021,令和3年度,26,single,宅建業法,,宅地建物取引業法に規定するクーリングオフに関する次の記述のうち、正しいものはどれか。,,,,,,クーリングオフによる申込みの撤回または契約の解除は、口頭でも行うことができる,クーリングオフの告知を受けた日から8日間が経過する前は、いつでも解除できる,買主が宅建業者の事務所で契約を締結した場合、クーリングオフの適用がある,クーリングオフによる解除があった場合、宅建業者は受領した代金・手付金等を直ちに返還しなければならない,3,FALSE,FALSE,,クーリングオフによる解除の場合、宅建業者は受領した代金・手付金等を遅滞なく返還しなければなりません（宅建業法37条の2第3項）。クーリングオフは書面によって行う必要があります（口頭不可、同条1項）。クーリングオフが適用されない場所（事務所等）で契約した場合は解除できません。告知を受けた日から起算して8日が経過した後は解除できません。,1:（1）の内容は、正答（3）「買主が宅建業者の事務所で契約を締結した場合、クーリングオフの適用がある」が示す論点とずれています。 解説の要点：クーリングオフによる解除の場合、宅建業者は受領した代金・手付金等を遅滞なく返還しなければなりません（宅建業法37条の2第3項）。クーリングオフは書面によって行う必要があります（口頭不可、同条1項）。クーリングオフが適用されない場所（事務所等）で契約した場合は解除できません。告知を… 正答（3）との違いを確認し直してください。;2:（2）の内容は、正答（3）「買主が宅建業者の事務所で契約を締結した場合、クーリングオフの適用がある」が示す論点とずれています。 解説の要点：クーリングオフによる解除の場合、宅建業者は受領した代金・手付金等を遅滞なく返還しなければなりません（宅建業法37条の2第3項）。クーリングオフは書面によって行う必要があります（口頭不可、同条1項）。クーリングオフが適用されない場所（事務所等）で契約した場合は解除できません。告知を… 正答（3）との違いを確認し直してください。;4:解説では「クーリングオフは書面によって行う必要があります（口頭不可、同条1項）。」とある一方、（4）の記述はそれと矛盾します。 解説の要点：クーリングオフによる解除の場合、宅建業者は受領した代金・手付金等を遅滞なく返還しなければなりません（宅建業法37条の2第3項）。クーリングオフは書面によって行う必要があります（口頭不可、同条1項）。クーリングオフが適用されない場所（事務所等）で契約した場合は解除できません。告知を… 正答（3）との違いを確認し直してください。,クーリングオフによる解除の場合、宅建業者は受領した代金・手付金等を遅滞なく返還しなければなりません（宅建業法37条の2第3項）。クーリングオフは書面によって行う必要があります（口頭不可、同条1項）。クーリングオフが適用されない場所（事務所等）で契約した場合は解除できません。告知を受けた日から起算して8日が経過した後は解除できません。,クーリングオフによる解除の場合、宅建業者は受領した代金・手付金等を遅滞なく返還しなければなりません（宅建業法37条の2第3項）。クーリングオフは書面によって行う必要があります（口頭不可、同条1項）。クーリングオフが適用されない場所（事務所等）で契約した場合は解除できません。告知を受けた日から起算して8日が経過した後は解除できません。,
2021,令和3年度,28,single,宅建業法,,宅地建物取引業法に規定する宅地建物取引士の登録に関する次の記述のうち、正しいものはどれか。,,,,,,宅地建物取引士資格試験に合格した者は、直ちに宅地建物取引士として登録することができる,登録を受けている者が死亡した場合、その相続人は死亡の事実を知った日から30日以内に届け出なければならない,宅地建物取引士は、登録を受けている都道府県知事の管轄内でしか業務を行うことができない,登録の移転は、現在登録を受けている都道府県知事を経由して申請しなければならない,3,FALSE,FALSE,,登録の移転は、移転先の都道府県知事に申請しますが、現在登録している都道府県知事を経由して行います（宅建業法19条の2）。試験合格後は実務経験2年以上または登録実務講習の修了が必要です（宅建業法18条1項2号）。死亡の届出は「死亡を知った日から30日以内」ではなく、登録が消除されるのは法律上当然の効果であり、「遅滞なく届け出る」義務があります（同法21条1号）。宅建士の業務は全国で可能です。,1:（1）の内容は、正答（3）「宅地建物取引士は、登録を受けている都道府県知事の管轄内でしか業務を行うことができない」が示す論点とずれています。 解説の要点：登録の移転は、移転先の都道府県知事に申請しますが、現在登録している都道府県知事を経由して行います（宅建業法19条の2）。試験合格後は実務経験2年以上または登録実務講習の修了が必要です（宅建業法18条1項2号）。死亡の届出は「死亡を知った日から30日以内」ではなく、登録が消除される… 正答（3）との違いを確認し直してください。;2:解説では「試験合格後は実務経験2年以上または登録実務講習の修了が必要です（宅建業法18条1項2号）。」とある一方、（2）の記述はそれと矛盾します。 解説の要点：登録の移転は、移転先の都道府県知事に申請しますが、現在登録している都道府県知事を経由して行います（宅建業法19条の2）。試験合格後は実務経験2年以上または登録実務講習の修了が必要です（宅建業法18条1項2号）。死亡の届出は「死亡を知った日から30日以内」ではなく、登録が消除される… 正答（3）との違いを確認し直してください。;4:解説では「試験合格後は実務経験2年以上または登録実務講習の修了が必要です（宅建業法18条1項2号）。」とある一方、（4）の記述はそれと矛盾します。 解説の要点：登録の移転は、移転先の都道府県知事に申請しますが、現在登録している都道府県知事を経由して行います（宅建業法19条の2）。試験合格後は実務経験2年以上または登録実務講習の修了が必要です（宅建業法18条1項2号）。死亡の届出は「死亡を知った日から30日以内」ではなく、登録が消除される… 正答（3）との違いを確認し直してください。,登録の移転は、移転先の都道府県知事に申請しますが、現在登録している都道府県知事を経由して行います（宅建業法19条の2）。試験合格後は実務経験2年以上または登録実務講習の修了が必要です（宅建業法18条1項2号）。死亡の届出は「死亡を知った日から30日以内」ではなく、登録が消除されるのは法律上当然の効果であり、「遅滞なく届け出る」義務があります（同法21条1号）。宅建士の業務は全国で可能です。,登録の移転は、移転先の都道府県知事に申請しますが、現在登録している都道府県知事を経由して行います（宅建業法19条の2）。試験合格後は実務経験2年以上または登録実務講習の修了が必要です（宅建業法18条1項2号）。死亡の届出は「死亡を知った日から30日以内」ではなく、登録が消除されるのは法律上当然の効果であり、「遅滞なく届け出る」義務があります（同法21条1号）,
2021,令和3年度,15,single,法令上の制限,,都市計画法に規定する地域地区に関する次の記述のうち、正しいものはどれか。,,,,,,特別用途地区は、用途地域内において定めることができるが、用途地域の制限を強化することしかできない,特定用途制限地域は、用途地域が定められていない土地の区域に定めることができる,景観地区は、市街化調整区域内に定めることができない,高度地区は、用途地域の内外を問わず定めることができる,1,FALSE,FALSE,,特定用途制限地域は、用途地域が定められていない土地の区域（市街化調整区域を除く）において、特定の建築物等の用途を制限するために定めます（都市計画法9条15項）。特別用途地区は用途地域内で制限の強化・緩和どちらも可能です。景観地区は市街化調整区域にも定めることができます。高度地区は用途地域内のみに定めることができます。,2:特定用途制限地域は、用途地域が定められていない土地の区域（市街化調整区域を除く）において、特定の建築物等の用途を制限するために定めます（都市計画法9条15項）。;3:（3）の内容は、正答（1）「特別用途地区は、用途地域内において定めることができるが、用途地域の制限を強化することしかできない」が示す論点とずれています。 解説の要点：特定用途制限地域は、用途地域が定められていない土地の区域（市街化調整区域を除く）において、特定の建築物等の用途を制限するために定めます（都市計画法9条15項）。特別用途地区は用途地域内で制限の強化・緩和どちらも可能です。景観地区は市街化調整区域にも定めることができます。高度地区は… 正答（1）との違いを確認し直してください。;4:（4）の内容は、正答（1）「特別用途地区は、用途地域内において定めることができるが、用途地域の制限を強化することしかできない」が示す論点とずれています。 解説の要点：特定用途制限地域は、用途地域が定められていない土地の区域（市街化調整区域を除く）において、特定の建築物等の用途を制限するために定めます（都市計画法9条15項）。特別用途地区は用途地域内で制限の強化・緩和どちらも可能です。景観地区は市街化調整区域にも定めることができます。高度地区は… 正答（1）との違いを確認し直してください。,特定用途制限地域は、用途地域が定められていない土地の区域（市街化調整区域を除く）において、特定の建築物等の用途を制限するために定めます（都市計画法9条15項）。特別用途地区は用途地域内で制限の強化・緩和どちらも可能です。景観地区は市街化調整区域にも定めることができます。高度地区は用途地域内のみに定めることができます。,特定用途制限地域は、用途地域が定められていない土地の区域（市街化調整区域を除く）において、特定の建築物等の用途を制限するために定めます（都市計画法9条15項）。特別用途地区は用途地域内で制限の強化・緩和どちらも可能です。景観地区は市街化調整区域にも定めることができます。高度地区は用途地域内のみに定めることができます。,
2021,令和3年度,16,single,法令上の制限,,建築基準法に規定する容積率に関する次の記述のうち、正しいものはどれか。,,,,,,前面道路の幅員が12m未満の場合、容積率は都市計画で定める数値と前面道路幅員に一定の数を乗じた数値のいずれか大きい方が上限となる,容積率の算定における延べ面積には、エレベーターの昇降路の部分は含まれない,住宅の地下室については、住宅の用途に供する部分の床面積の合計の3分の1を限度に容積率算定から除外できる,特定行政庁が指定する角地にある建築物の容積率は緩和されないが、建ぺい率は緩和される,2,FALSE,FALSE,,住宅の地下室（地階）で住宅の用途に供する部分は、住宅の床面積の合計の3分の1を限度として容積率算定上の床面積から除外できます（建築基準法52条3項）。前面道路幅員が12m未満の場合は、都市計画の容積率と前面道路幅員×法定乗数（住居系：0.4、その他：0.6）のいずれか「小さい方」が上限です。エレベーターの昇降路は容積率算定から除外できます（令135条の16）。角地緩和は容積率ではなく建ぺい率のみです。,1:（1）の内容は、正答（2）「容積率の算定における延べ面積には、エレベーターの昇降路の部分は含まれない」が示す論点とずれています。 解説の要点：住宅の地下室（地階）で住宅の用途に供する部分は、住宅の床面積の合計の3分の1を限度として容積率算定上の床面積から除外できます（建築基準法52条3項）。前面道路幅員が12m未満の場合は、都市計画の容積率と前面道路幅員×法定乗数（住居系：0.4、その他：0.6）のいずれか「小さい方」… 正答（2）との違いを確認し直してください。;3:（3）の内容は、正答（2）「容積率の算定における延べ面積には、エレベーターの昇降路の部分は含まれない」が示す論点とずれています。 解説の要点：住宅の地下室（地階）で住宅の用途に供する部分は、住宅の床面積の合計の3分の1を限度として容積率算定上の床面積から除外できます（建築基準法52条3項）。前面道路幅員が12m未満の場合は、都市計画の容積率と前面道路幅員×法定乗数（住居系：0.4、その他：0.6）のいずれか「小さい方」… 正答（2）との違いを確認し直してください。;4:（4）の内容は、正答（2）「容積率の算定における延べ面積には、エレベーターの昇降路の部分は含まれない」が示す論点とずれています。 解説の要点：住宅の地下室（地階）で住宅の用途に供する部分は、住宅の床面積の合計の3分の1を限度として容積率算定上の床面積から除外できます（建築基準法52条3項）。前面道路幅員が12m未満の場合は、都市計画の容積率と前面道路幅員×法定乗数（住居系：0.4、その他：0.6）のいずれか「小さい方」… 正答（2）との違いを確認し直してください。,住宅の地下室（地階）で住宅の用途に供する部分は、住宅の床面積の合計の3分の1を限度として容積率算定上の床面積から除外できます（建築基準法52条3項）。前面道路幅員が12m未満の場合は、都市計画の容積率と前面道路幅員×法定乗数（住居系：0.4、その他：0.6）のいずれか「小さい方」が上限です。エレベーターの昇降路は容積率算定から除外できます（令135条の16）。角地緩和は容積率ではなく建ぺい率のみです。,住宅の地下室（地階）で住宅の用途に供する部分は、住宅の床面積の合計の3分の1を限度として容積率算定上の床面積から除外できます（建築基準法52条3項）。前面道路幅員が12m未満の場合は、都市計画の容積率と前面道路幅員×法定乗数（住居系：0.4、その他：0.6）のいずれか「小さい方」が上限です。エレベーターの昇降路は容積率算定から除外できます（令135条の16）,
2021,令和3年度,17,single,法令上の制限,,宅地造成及び特定盛土等規制法（盛土規制法）に関する次の記述のうち、正しいものはどれか（旧宅地造成等規制法の論点）。,,,,,,宅地造成等工事規制区域内において、高さ1mを超える崖を生ずる切土工事を行う場合は、都道府県知事の許可が必要である,宅地造成等工事規制区域内において、高さ2mを超える擁壁の設置を必要とする宅地造成工事を行う場合は、都道府県知事の許可が必要である,宅地造成等工事規制区域内において、宅地以外の土地を宅地に転用する場合は、工事が伴わなくても都道府県知事の許可が必要である,宅地造成等工事規制区域の指定は、農地や森林であっても行うことができる,3,FALSE,FALSE,,宅地造成工事規制区域（現：宅地造成等工事規制区域）は、農地・森林を含む「宅地造成に伴い崖崩れ・土砂流出の危険がある区域」に指定できます（盛土規制法3条）。許可が必要な宅地造成工事の規模は「高さ2m超の切土崖または高さ1m超の盛土崖を生ずるもの」等です。宅地への転用は工事を伴う場合に許可が必要です。,1:（1）の内容は、正答（3）「宅地造成等工事規制区域内において、宅地以外の土地を宅地に転用する場合は、工事が伴わなくても都道府県知事の許可が必…」が示す論点とずれています。 解説の要点：宅地造成工事規制区域（現：宅地造成等工事規制区域）は、農地・森林を含む「宅地造成に伴い崖崩れ・土砂流出の危険がある区域」に指定できます（盛土規制法3条）。許可が必要な宅地造成工事の規模は「高さ2m超の切土崖または高さ1m超の盛土崖を生ずるもの」等です。宅地への転用は工事を伴う場合… 正答（3）との違いを確認し直してください。;2:（2）の内容は、正答（3）「宅地造成等工事規制区域内において、宅地以外の土地を宅地に転用する場合は、工事が伴わなくても都道府県知事の許可が必…」が示す論点とずれています。 解説の要点：宅地造成工事規制区域（現：宅地造成等工事規制区域）は、農地・森林を含む「宅地造成に伴い崖崩れ・土砂流出の危険がある区域」に指定できます（盛土規制法3条）。許可が必要な宅地造成工事の規模は「高さ2m超の切土崖または高さ1m超の盛土崖を生ずるもの」等です。宅地への転用は工事を伴う場合… 正答（3）との違いを確認し直してください。;4:（4）の内容は、正答（3）「宅地造成等工事規制区域内において、宅地以外の土地を宅地に転用する場合は、工事が伴わなくても都道府県知事の許可が必…」が示す論点とずれています。 解説の要点：宅地造成工事規制区域（現：宅地造成等工事規制区域）は、農地・森林を含む「宅地造成に伴い崖崩れ・土砂流出の危険がある区域」に指定できます（盛土規制法3条）。許可が必要な宅地造成工事の規模は「高さ2m超の切土崖または高さ1m超の盛土崖を生ずるもの」等です。宅地への転用は工事を伴う場合… 正答（3）との違いを確認し直してください。,宅地造成工事規制区域（現：宅地造成等工事規制区域）は、農地・森林を含む「宅地造成に伴い崖崩れ・土砂流出の危険がある区域」に指定できます（盛土規制法3条）。許可が必要な宅地造成工事の規模は「高さ2m超の切土崖または高さ1m超の盛土崖を生ずるもの」等です。宅地への転用は工事を伴う場合に許可が必要です。,宅地造成工事規制区域（現：宅地造成等工事規制区域）は、農地・森林を含む「宅地造成に伴い崖崩れ・土砂流出の危険がある区域」に指定できます（盛土規制法3条）。許可が必要な宅地造成工事の規模は「高さ2m超の切土崖または高さ1m超の盛土崖を生ずるもの」等です。宅地への転用は工事を伴う場合に許可が必要です。,
2021,令和3年度,23,single,税・その他,,不動産取得税に関する次の記述のうち、正しいものはどれか。,,,,,,不動産取得税は、不動産を取得した者に対して国が課する税である,"新築住宅を取得した場合、一定要件を満たせば固定資産税評価額から1,200万円を控除した額が課税標準となる特例がある",中古住宅を取得した場合は、不動産取得税の課税標準の特例は適用されない,土地を取得した場合の特例として、一定要件のもと固定資産税評価額の4分の1が課税標準となる,1,FALSE,FALSE,,"新築住宅の不動産取得税では、固定資産税評価額から最大1,200万円（認定長期優良住宅は1,300万円）を控除した額が課税標準となる特例があります（地方税法73条の14）。不動産取得税は都道府県が課す地方税です（国税ではない）。中古住宅にも建築年によって異なる控除額（100万〜1,200万円）の特例があります。土地の特例は「評価額の2分の1」が課税標準です。","2:（2）の内容は、正答（1）「不動産取得税は、不動産を取得した者に対して国が課する税である」が示す論点とずれています。 解説の要点：新築住宅の不動産取得税では、固定資産税評価額から最大1,200万円（認定長期優良住宅は1,300万円）を控除した額が課税標準となる特例があります（地方税法73条の14）。不動産取得税は都道府県が課す地方税です（国税ではない）。中古住宅にも建築年によって異なる控除額（100万〜1,… 正答（1）との違いを確認し直してください。;3:（3）の内容は、正答（1）「不動産取得税は、不動産を取得した者に対して国が課する税である」が示す論点とずれています。 解説の要点：新築住宅の不動産取得税では、固定資産税評価額から最大1,200万円（認定長期優良住宅は1,300万円）を控除した額が課税標準となる特例があります（地方税法73条の14）。不動産取得税は都道府県が課す地方税です（国税ではない）。中古住宅にも建築年によって異なる控除額（100万〜1,… 正答（1）との違いを確認し直してください。;4:（4）の内容は、正答（1）「不動産取得税は、不動産を取得した者に対して国が課する税である」が示す論点とずれています。 解説の要点：新築住宅の不動産取得税では、固定資産税評価額から最大1,200万円（認定長期優良住宅は1,300万円）を控除した額が課税標準となる特例があります（地方税法73条の14）。不動産取得税は都道府県が課す地方税です（国税ではない）。中古住宅にも建築年によって異なる控除額（100万〜1,… 正答（1）との違いを確認し直してください。","新築住宅の不動産取得税では、固定資産税評価額から最大1,200万円（認定長期優良住宅は1,300万円）を控除した額が課税標準となる特例があります（地方税法73条の14）。不動産取得税は都道府県が課す地方税です（国税ではない）。中古住宅にも建築年によって異なる控除額（100万〜1,200万円）の特例があります。土地の特例は「評価額の2分の1」が課税標準です。","新築住宅の不動産取得税では、固定資産税評価額から最大1,200万円（認定長期優良住宅は1,300万円）を控除した額が課税標準となる特例があります（地方税法73条の14）。不動産取得税は都道府県が課す地方税です（国税ではない）。中古住宅にも建築年によって異なる控除額（100万〜1,200万円）の特例があります。土地の特例は「評価額の2分の1」が課税標準です。",
2021,令和3年度,14,single,権利関係,,保証に関する次の記述のうち、民法の規定によれば、正しいものはどれか。,,,,,,保証契約は、口頭でも締結することができる,主たる債務者が時効の利益を放棄した場合、保証人もその放棄の効果を受ける,連帯保証人には検索の抗弁権が認められている,保証人は、主たる債務者が債権者に対して有する相殺権を援用することができる,3,FALSE,FALSE,,保証人は、主たる債務者が債権者に対して有する相殺権・取消権・解除権を援用することができます（民法457条3項）。保証契約は書面（または電磁的記録）でなければ効力を生じません（民法446条2項）。主たる債務者の時効利益の放棄は相対的効力しかなく、保証人はなお時効を援用できます（民法145条）。連帯保証人には催告の抗弁権・検索の抗弁権はありません（民法454条）。,1:（1）の内容は、正答（3）「連帯保証人には検索の抗弁権が認められている」が示す論点とずれています。 解説の要点：保証人は、主たる債務者が債権者に対して有する相殺権・取消権・解除権を援用することができます（民法457条3項）。保証契約は書面（または電磁的記録）でなければ効力を生じません（民法446条2項）。主たる債務者の時効利益の放棄は相対的効力しかなく、保証人はなお時効を援用できます（民法… 正答（3）との違いを確認し直してください。;2:（2）の内容は、正答（3）「連帯保証人には検索の抗弁権が認められている」が示す論点とずれています。 解説の要点：保証人は、主たる債務者が債権者に対して有する相殺権・取消権・解除権を援用することができます（民法457条3項）。保証契約は書面（または電磁的記録）でなければ効力を生じません（民法446条2項）。主たる債務者の時効利益の放棄は相対的効力しかなく、保証人はなお時効を援用できます（民法… 正答（3）との違いを確認し直してください。;4:保証人は、主たる債務者が債権者に対して有する相殺権・取消権・解除権を援用することができます（民法457条3項）。,保証人は、主たる債務者が債権者に対して有する相殺権・取消権・解除権を援用することができます（民法457条3項）。保証契約は書面（または電磁的記録）でなければ効力を生じません（民法446条2項）。主たる債務者の時効利益の放棄は相対的効力しかなく、保証人はなお時効を援用できます（民法145条）。連帯保証人には催告の抗弁権・検索の抗弁権はありません（民法454条）。,保証人は、主たる債務者が債権者に対して有する相殺権・取消権・解除権を援用することができます（民法457条3項）。保証契約は書面（または電磁的記録）でなければ効力を生じません（民法446条2項）。主たる債務者の時効利益の放棄は相対的効力しかなく、保証人はなお時効を援用できます（民法145条）。連帯保証人には催告の抗弁権・検索の抗弁権はありません（民法454条）,
2020,令和2年度,1,single,権利関係,,AがA所有の甲土地をBに売却した場合の物権変動に関する次の記述のうち、民法の規定及び判例によれば、正しいものはどれか。,,,,,,AがCにも甲土地を売却した場合（二重譲渡）、BとCの優劣は契約締結の先後で決まる,AがCに甲土地を売却した後にBに売却した場合、Cが先に登記を備えれば、Bの背信的悪意者に対してもCが優先する,背信的悪意者からの転得者は、転得者自身が背信的悪意者でない限り、登記なく保護される,不法占拠者Dに対して、Bは登記がなくても所有権に基づく明渡請求ができる,3,FALSE,FALSE,,不法占拠者（無権原の占有者）に対しては、登記がなくても所有権に基づく明渡請求ができます（判例）。二重譲渡の場合は先に登記を備えた者が優先します（民法177条）。背信的悪意者（登記欠缺を主張する正当な利益を有しない者）には登記なく対抗できますが（判例）、背信的悪意者からの転得者が善意であれば保護される場合があります。,1:（1）「AがCにも甲土地を売却した場合（二重譲渡）、BとCの優劣は契約締結の先後で決まる」は、作業主任者の選任が必要な作業の組合せ（）を含んでいません。解説のとおり、該当作業と非該当作業の区別を確認してください。;2:（2）「AがCに甲土地を売却した後にBに売却した場合、Cが先に登記を備えれば、Bの背信的悪意者に対してもCが優先する」は、作業主任者の選任が必要な作業の組合せ（）を含んでいません。解説のとおり、該当作業と非該当作業の区別を確認してください。;4:（4）の内容は、正答（3）「背信的悪意者からの転得者は、転得者自身が背信的悪意者でない限り、登記なく保護される」が示す論点とずれています。 解説の要点：不法占拠者（無権原の占有者）に対しては、登記がなくても所有権に基づく明渡請求ができます（判例）。二重譲渡の場合は先に登記を備えた者が優先します（民法177条）。背信的悪意者（登記欠缺を主張する正当な利益を有しない者）には登記なく対抗できますが（判例）、背信的悪意者からの転得者が善… 正答（3）との違いを確認し直してください。,不法占拠者（無権原の占有者）に対しては、登記がなくても所有権に基づく明渡請求ができます（判例）。二重譲渡の場合は先に登記を備えた者が優先します（民法177条）。背信的悪意者（登記欠缺を主張する正当な利益を有しない者）には登記なく対抗できますが（判例）、背信的悪意者からの転得者が善意であれば保護される場合があります。,不法占拠者（無権原の占有者）に対しては、登記がなくても所有権に基づく明渡請求ができます（判例）。二重譲渡の場合は先に登記を備えた者が優先します（民法177条）。背信的悪意者（登記欠缺を主張する正当な利益を有しない者）には登記なく対抗できますが（判例）、背信的悪意者からの転得者が善意であれば保護される場合があります。,
2020,令和2年度,2,single,権利関係,,Aが死亡し、相続人がB・C・Dの3名（各法定相続分3分の1）である場合に関する次の記述のうち、民法の規定及び判例によれば、正しいものはどれか。,,,,,,AがBに対してのみ遺産を相続させる旨の公正証書遺言を作成していた場合、C・Dは遺産を全く受け取れない,遺産分割協議が成立した場合、その効力は相続開始時にさかのぼる,共同相続人の一人が遺産分割前に自己の相続分を第三者に譲渡した場合、他の相続人はこれを一切阻止できない,相続財産の中に不動産があった場合、遺産分割前でもB・C・Dは各3分の1の共有持分を第三者に対抗するために登記が必要である,1,FALSE,FALSE,,遺産分割の効力は相続開始時にさかのぼります（民法909条本文）。ただし第三者の権利を害することはできません（同条但書）。特定の相続人への「相続させる」旨の遺言は遺贈と同様に機能し、他の相続人の遺留分は侵害されることがあります（遺留分侵害額請求権は行使可能）。相続分の譲渡に対して他の相続人は取戻権を行使できます（民法905条）。共同相続人の各相続分は登記なく第三者に対抗できる場合があります（判例）。,2:（2）の内容は、正答（1）「AがBに対してのみ遺産を相続させる旨の公正証書遺言を作成していた場合、C・Dは遺産を全く受け取れない」が示す論点とずれています。 解説の要点：遺産分割の効力は相続開始時にさかのぼります（民法909条本文）。ただし第三者の権利を害することはできません（同条但書）。特定の相続人への「相続させる」旨の遺言は遺贈と同様に機能し、他の相続人の遺留分は侵害されることがあります（遺留分侵害額請求権は行使可能）。相続分の譲渡に対して他… 正答（1）との違いを確認し直してください。;3:（3）の内容は、正答（1）「AがBに対してのみ遺産を相続させる旨の公正証書遺言を作成していた場合、C・Dは遺産を全く受け取れない」が示す論点とずれています。 解説の要点：遺産分割の効力は相続開始時にさかのぼります（民法909条本文）。ただし第三者の権利を害することはできません（同条但書）。特定の相続人への「相続させる」旨の遺言は遺贈と同様に機能し、他の相続人の遺留分は侵害されることがあります（遺留分侵害額請求権は行使可能）。相続分の譲渡に対して他… 正答（1）との違いを確認し直してください。;4:（4）の内容は、正答（1）「AがBに対してのみ遺産を相続させる旨の公正証書遺言を作成していた場合、C・Dは遺産を全く受け取れない」が示す論点とずれています。 解説の要点：遺産分割の効力は相続開始時にさかのぼります（民法909条本文）。ただし第三者の権利を害することはできません（同条但書）。特定の相続人への「相続させる」旨の遺言は遺贈と同様に機能し、他の相続人の遺留分は侵害されることがあります（遺留分侵害額請求権は行使可能）。相続分の譲渡に対して他… 正答（1）との違いを確認し直してください。,遺産分割の効力は相続開始時にさかのぼります（民法909条本文）。ただし第三者の権利を害することはできません（同条但書）。特定の相続人への「相続させる」旨の遺言は遺贈と同様に機能し、他の相続人の遺留分は侵害されることがあります（遺留分侵害額請求権は行使可能）。相続分の譲渡に対して他の相続人は取戻権を行使できます（民法905条）。共同相続人の各相続分は登記なく第三者に対抗できる場合があります（判例）。,遺産分割の効力は相続開始時にさかのぼります（民法909条本文）。ただし第三者の権利を害することはできません（同条但書）。特定の相続人への「相続させる」旨の遺言は遺贈と同様に機能し、他の相続人の遺留分は侵害されることがあります（遺留分侵害額請求権は行使可能）。相続分の譲渡に対して他の相続人は取戻権を行使できます（民法905条）。共同相続人の各相続分は登記なく第,
2020,令和2年度,26,single,宅建業法,,宅地建物取引業法に規定する保証協会に関する次の記述のうち、正しいものはどれか。,,,,,,保証協会は、宅地建物取引業者のみが社員となることができる一般社団法人である,新たに宅地建物取引業者となった者は、宅地建物取引業保証協会への加入は義務ではなく任意である,保証協会の社員が供託所に供託した弁済業務保証金から還付を受けられるのは、取引により被害を受けた宅建業者に限られる,保証協会の社員である宅建業者が業務停止処分を受けた場合、保証協会はその社員を除名しなければならない,1,FALSE,FALSE,,宅地建物取引業保証協会への加入は任意であり、加入しない場合は自ら営業保証金を供託しなければなりません（宅建業法25条）。保証協会は「宅地建物取引業者のみを社員とする一般社団法人」です（宅建業法64条の2）。弁済業務保証金から還付を受けられるのは「宅地建物取引業に関し取引をした者（宅建業者は除く）」です（宅建業法64条の8）。業務停止処分を受けても当然除名にはなりません。,2:（2）の内容は、正答（1）「保証協会は、宅地建物取引業者のみが社員となることができる一般社団法人である」が示す論点とずれています。 解説の要点：宅地建物取引業保証協会への加入は任意であり、加入しない場合は自ら営業保証金を供託しなければなりません（宅建業法25条）。保証協会は「宅地建物取引業者のみを社員とする一般社団法人」です（宅建業法64条の2）。弁済業務保証金から還付を受けられるのは「宅地建物取引業に関し取引をした者（… 正答（1）との違いを確認し直してください。;3:（3）の内容は、正答（1）「保証協会は、宅地建物取引業者のみが社員となることができる一般社団法人である」が示す論点とずれています。 解説の要点：宅地建物取引業保証協会への加入は任意であり、加入しない場合は自ら営業保証金を供託しなければなりません（宅建業法25条）。保証協会は「宅地建物取引業者のみを社員とする一般社団法人」です（宅建業法64条の2）。弁済業務保証金から還付を受けられるのは「宅地建物取引業に関し取引をした者（… 正答（1）との違いを確認し直してください。;4:（4）の内容は、正答（1）「保証協会は、宅地建物取引業者のみが社員となることができる一般社団法人である」が示す論点とずれています。 解説の要点：宅地建物取引業保証協会への加入は任意であり、加入しない場合は自ら営業保証金を供託しなければなりません（宅建業法25条）。保証協会は「宅地建物取引業者のみを社員とする一般社団法人」です（宅建業法64条の2）。弁済業務保証金から還付を受けられるのは「宅地建物取引業に関し取引をした者（… 正答（1）との違いを確認し直してください。,宅地建物取引業保証協会への加入は任意であり、加入しない場合は自ら営業保証金を供託しなければなりません（宅建業法25条）。保証協会は「宅地建物取引業者のみを社員とする一般社団法人」です（宅建業法64条の2）。弁済業務保証金から還付を受けられるのは「宅地建物取引業に関し取引をした者（宅建業者は除く）」です（宅建業法64条の8）。業務停止処分を受けても当然除名にはなりません。,宅地建物取引業保証協会への加入は任意であり、加入しない場合は自ら営業保証金を供託しなければなりません（宅建業法25条）。保証協会は「宅地建物取引業者のみを社員とする一般社団法人」です（宅建業法64条の2）。弁済業務保証金から還付を受けられるのは「宅地建物取引業に関し取引をした者（宅建業者は除く）」です（宅建業法64条の8）。業務停止処分を受けても当然除名には,
2020,令和2年度,27,single,宅建業法,,宅地建物取引業者Aが宅地の売買を媒介した場合の37条書面（売買契約書）に関する次の記述のうち、宅地建物取引業法の規定によれば、正しいものはどれか。,,,,,,37条書面には宅地建物取引士が署名しなければならない,引渡しの時期は37条書面への記載が任意的記載事項（定めがある場合に記載）である,代金以外の金銭の授受に関する定めがある場合、その内容を37条書面に記載しなければならない,37条書面は、相手方から請求がある場合のみ交付すればよい,2,FALSE,FALSE,,代金以外の金銭（手付金・内金・敷金など）の授受に関する定めがある場合は、その額・目的を37条書面に記載しなければなりません（宅建業法37条1項4号）。37条書面には宅建士が「記名」すれば足り、署名は不要です（同条3項）。引渡しの時期は必要的記載事項（必ず記載）です（同条1項4号）。37条書面は請求の有無にかかわらず、契約が成立したときに必ず交付しなければなりません（同条1項）。,1:解説では「代金以外の金銭（手付金・内金・敷金など）の授受に関する定めがある場合は、その額・目的を37条書面に記載しなければなりません（宅建業法37条1項4号）。」とある一方、（1）の記述はそれと矛盾します。 解説の要点：代金以外の金銭（手付金・内金・敷金など）の授受に関する定めがある場合は、その額・目的を37条書面に記載しなければなりません（宅建業法37条1項4号）。37条書面には宅建士が「記名」すれば足り、署名は不要です（同条3項）。引渡しの時期は必要的記載事項（必ず記載）です（同条1項4号）… 正答（2）との違いを確認し直してください。;3:解説では「代金以外の金銭（手付金・内金・敷金など）の授受に関する定めがある場合は、その額・目的を37条書面に記載しなければなりません（宅建業法37条1項4号）。」とある一方、（3）の記述はそれと矛盾します。 解説の要点：代金以外の金銭（手付金・内金・敷金など）の授受に関する定めがある場合は、その額・目的を37条書面に記載しなければなりません（宅建業法37条1項4号）。37条書面には宅建士が「記名」すれば足り、署名は不要です（同条3項）。引渡しの時期は必要的記載事項（必ず記載）です（同条1項4号）… 正答（2）との違いを確認し直してください。;4:解説では「代金以外の金銭（手付金・内金・敷金など）の授受に関する定めがある場合は、その額・目的を37条書面に記載しなければなりません（宅建業法37条1項4号）。」とある一方、（4）の記述はそれと矛盾します。 解説の要点：代金以外の金銭（手付金・内金・敷金など）の授受に関する定めがある場合は、その額・目的を37条書面に記載しなければなりません（宅建業法37条1項4号）。37条書面には宅建士が「記名」すれば足り、署名は不要です（同条3項）。引渡しの時期は必要的記載事項（必ず記載）です（同条1項4号）… 正答（2）との違いを確認し直してください。,代金以外の金銭（手付金・内金・敷金など）の授受に関する定めがある場合は、その額・目的を37条書面に記載しなければなりません（宅建業法37条1項4号）。37条書面には宅建士が「記名」すれば足り、署名は不要です（同条3項）。引渡しの時期は必要的記載事項（必ず記載）です（同条1項4号）。37条書面は請求の有無にかかわらず、契約が成立したときに必ず交付しなければなりません（同条1項）。,代金以外の金銭（手付金・内金・敷金など）の授受に関する定めがある場合は、その額・目的を37条書面に記載しなければなりません（宅建業法37条1項4号）。37条書面には宅建士が「記名」すれば足り、署名は不要です（同条3項）。引渡しの時期は必要的記載事項（必ず記載）です（同条1項4号）。37条書面は請求の有無にかかわらず、契約が成立したときに必ず交付しなければなり,
2020,令和2年度,15,single,法令上の制限,,都市計画法に規定する地区計画に関する次の記述のうち、正しいものはどれか。,,,,,,地区計画は、用途地域が定められている土地の区域のみに定めることができる,地区計画を定める区域では、土地の区画形質の変更や建築物の建築等について、着手前に都道府県知事の許可が必要となる,地区計画の区域内では、建築物の建築等の行為を行う場合、着手の30日前に市町村長への届出が必要な場合がある,地区計画は、一体的に整備・開発・保全すべき土地の区域に、建築物の建築形態に関する計画だけを定めるものである,2,FALSE,FALSE,,地区計画の区域内で土地の区画形質の変更や建築物の建築等を行う場合、行為に着手する30日前までに市町村長へ届け出る必要があります（都市計画法58条の2第1項）。地区計画は用途地域が定められていない区域にも定めることができます（同法12条の5）。届出は許可ではなく届出であり、市町村長が設計変更等を「勧告」することができます。地区計画は建築形態だけでなく、道路・公園等の配置も定めることができます。,1:解説では「地区計画の区域内で土地の区画形質の変更や建築物の建築等を行う場合、行為に着手する30日前までに市町村長へ届け出る必要があります（都市計画法58条の2第1項）。」とある一方、（1）の記述はそれと矛盾します。 解説の要点：地区計画の区域内で土地の区画形質の変更や建築物の建築等を行う場合、行為に着手する30日前までに市町村長へ届け出る必要があります（都市計画法58条の2第1項）。地区計画は用途地域が定められていない区域にも定めることができます（同法12条の5）。届出は許可ではなく届出であり、市町村長… 正答（2）との違いを確認し直してください。;3:（3）の内容は、正答（2）「地区計画を定める区域では、土地の区画形質の変更や建築物の建築等について、着手前に都道府県知事の許可が必要となる」が示す論点とずれています。 解説の要点：地区計画の区域内で土地の区画形質の変更や建築物の建築等を行う場合、行為に着手する30日前までに市町村長へ届け出る必要があります（都市計画法58条の2第1項）。地区計画は用途地域が定められていない区域にも定めることができます（同法12条の5）。届出は許可ではなく届出であり、市町村長… 正答（2）との違いを確認し直してください。;4:（4）の内容は、正答（2）「地区計画を定める区域では、土地の区画形質の変更や建築物の建築等について、着手前に都道府県知事の許可が必要となる」が示す論点とずれています。 解説の要点：地区計画の区域内で土地の区画形質の変更や建築物の建築等を行う場合、行為に着手する30日前までに市町村長へ届け出る必要があります（都市計画法58条の2第1項）。地区計画は用途地域が定められていない区域にも定めることができます（同法12条の5）。届出は許可ではなく届出であり、市町村長… 正答（2）との違いを確認し直してください。,地区計画の区域内で土地の区画形質の変更や建築物の建築等を行う場合、行為に着手する30日前までに市町村長へ届け出る必要があります（都市計画法58条の2第1項）。地区計画は用途地域が定められていない区域にも定めることができます（同法12条の5）。届出は許可ではなく届出であり、市町村長が設計変更等を「勧告」することができます。地区計画は建築形態だけでなく、道路・公園等の配置も定めることができます。,地区計画の区域内で土地の区画形質の変更や建築物の建築等を行う場合、行為に着手する30日前までに市町村長へ届け出る必要があります（都市計画法58条の2第1項）。地区計画は用途地域が定められていない区域にも定めることができます（同法12条の5）。届出は許可ではなく届出であり、市町村長が設計変更等を「勧告」することができます。地区計画は建築形態だけでなく、道路・公,
2020,令和2年度,16,single,法令上の制限,,建築基準法に規定する防火地域及び準防火地域に関する次の記述のうち、正しいものはどれか。,,,,,,防火地域内では、全ての建築物を耐火建築物としなければならない,準防火地域内では、地上3階建て以上の建築物は耐火建築物または準耐火建築物にしなければならない,防火地域と準防火地域にわたって建築物を建築する場合、建築物の全部に防火地域の制限が適用される,"準防火地域内において延べ面積1,500㎡を超える建築物は、耐火建築物または準耐火建築物にしなければならない",2,FALSE,FALSE,,"敷地が防火地域と準防火地域にわたる建築物については、より厳しい防火地域の制限が建築物全体に適用されます（建築基準法65条）。防火地域内でも、延べ面積100㎡以下かつ地上2階以下のものは準耐火建築物でも可です（同法61条）。準防火地域では地上4階以上（または延べ面積1,500㎡超）の建築物が耐火建築物等に必要であり、3階建ては準耐火建築物等でよい場合があります。","1:解説では「準防火地域では地上4階以上（または延べ面積1,500㎡超）の建築物が耐火建築物等に必要であり、3階建ては準耐火建築物等でよい場合があります。」とある一方、（1）の記述はそれと矛盾します。 解説の要点：敷地が防火地域と準防火地域にわたる建築物については、より厳しい防火地域の制限が建築物全体に適用されます（建築基準法65条）。防火地域内でも、延べ面積100㎡以下かつ地上2階以下のものは準耐火建築物でも可です（同法61条）。準防火地域では地上4階以上（または延べ面積1,500㎡超）… 正答（2）との違いを確認し直してください。;3:（3）の内容は、正答（2）「準防火地域内では、地上3階建て以上の建築物は耐火建築物または準耐火建築物にしなければならない」が示す論点とずれています。 解説の要点：敷地が防火地域と準防火地域にわたる建築物については、より厳しい防火地域の制限が建築物全体に適用されます（建築基準法65条）。防火地域内でも、延べ面積100㎡以下かつ地上2階以下のものは準耐火建築物でも可です（同法61条）。準防火地域では地上4階以上（または延べ面積1,500㎡超）… 正答（2）との違いを確認し直してください。;4:解説では「準防火地域では地上4階以上（または延べ面積1,500㎡超）の建築物が耐火建築物等に必要であり、3階建ては準耐火建築物等でよい場合があります。」とある一方、（4）の記述はそれと矛盾します。 解説の要点：敷地が防火地域と準防火地域にわたる建築物については、より厳しい防火地域の制限が建築物全体に適用されます（建築基準法65条）。防火地域内でも、延べ面積100㎡以下かつ地上2階以下のものは準耐火建築物でも可です（同法61条）。準防火地域では地上4階以上（または延べ面積1,500㎡超）… 正答（2）との違いを確認し直してください。","敷地が防火地域と準防火地域にわたる建築物については、より厳しい防火地域の制限が建築物全体に適用されます（建築基準法65条）。防火地域内でも、延べ面積100㎡以下かつ地上2階以下のものは準耐火建築物でも可です（同法61条）。準防火地域では地上4階以上（または延べ面積1,500㎡超）の建築物が耐火建築物等に必要であり、3階建ては準耐火建築物等でよい場合があります。","敷地が防火地域と準防火地域にわたる建築物については、より厳しい防火地域の制限が建築物全体に適用されます（建築基準法65条）。防火地域内でも、延べ面積100㎡以下かつ地上2階以下のものは準耐火建築物でも可です（同法61条）。準防火地域では地上4階以上（または延べ面積1,500㎡超）の建築物が耐火建築物等に必要であり、3階建ては準耐火建築物等でよい場合があります",
2020,令和2年度,23,single,税・その他,,"居住用財産の譲渡所得の特別控除（3,000万円控除）に関する次の記述のうち、正しいものはどれか。",,,,,,この特例は、居住しなくなった日から5年以内に譲渡する場合に適用される,この特例は、譲渡した相手が配偶者の場合でも適用できる,居住用財産を取り壊した後に土地を譲渡する場合、取り壊し後1年以内に譲渡契約を締結し、かつ取り壊し後に土地を貸付け等に使用していないことが要件の一つである,この特例の適用を受ける場合、その年の合計所得金額は関係しない,2,FALSE,FALSE,,"居住用財産を取り壊した後の土地の譲渡については、取り壊し後1年以内に売買契約を締結し、かつ取り壊し後に貸付けや事業の用に供していないことが要件です（租税特別措置法35条1項）。「居住しなくなった日から3年を経過する日の属する年の12月31日まで」が要件（5年ではない）。配偶者・直系血族など特別の関係にある者への譲渡は適用外です（同法35条2項）。3,000万円控除に合計所得金額の制限はありません。",1:（1）の内容は、正答（2）「この特例は、譲渡した相手が配偶者の場合でも適用できる」が示す論点とずれています。 解説の要点：居住用財産を取り壊した後の土地の譲渡については、取り壊し後1年以内に売買契約を締結し、かつ取り壊し後に貸付けや事業の用に供していないことが要件です（租税特別措置法35条1項）。「居住しなくなった日から3年を経過する日の属する年の12月31日まで」が要件（5年ではない）。配偶者・直… 正答（2）との違いを確認し直してください。;3:解説では「配偶者・直系血族など特別の関係にある者への譲渡は適用外です（同法35条2項）。」とある一方、（3）の記述はそれと矛盾します。 解説の要点：居住用財産を取り壊した後の土地の譲渡については、取り壊し後1年以内に売買契約を締結し、かつ取り壊し後に貸付けや事業の用に供していないことが要件です（租税特別措置法35条1項）。「居住しなくなった日から3年を経過する日の属する年の12月31日まで」が要件（5年ではない）。配偶者・直… 正答（2）との違いを確認し直してください。;4:解説では「配偶者・直系血族など特別の関係にある者への譲渡は適用外です（同法35条2項）。」とある一方、（4）の記述はそれと矛盾します。 解説の要点：居住用財産を取り壊した後の土地の譲渡については、取り壊し後1年以内に売買契約を締結し、かつ取り壊し後に貸付けや事業の用に供していないことが要件です（租税特別措置法35条1項）。「居住しなくなった日から3年を経過する日の属する年の12月31日まで」が要件（5年ではない）。配偶者・直… 正答（2）との違いを確認し直してください。,"居住用財産を取り壊した後の土地の譲渡については、取り壊し後1年以内に売買契約を締結し、かつ取り壊し後に貸付けや事業の用に供していないことが要件です（租税特別措置法35条1項）。「居住しなくなった日から3年を経過する日の属する年の12月31日まで」が要件（5年ではない）。配偶者・直系血族など特別の関係にある者への譲渡は適用外です（同法35条2項）。3,000万円控除に合計所得金額の制限はありません。","居住用財産を取り壊した後の土地の譲渡については、取り壊し後1年以内に売買契約を締結し、かつ取り壊し後に貸付けや事業の用に供していないことが要件です（租税特別措置法35条1項）。「居住しなくなった日から3年を経過する日の属する年の12月31日まで」が要件（5年ではない）。配偶者・直系血族など特別の関係にある者への譲渡は適用外です（同法35条2項）。3,000万",
2020,令和2年度,24,single,税・その他,,贈与税に関する次の記述のうち、正しいものはどれか。,,,,,,贈与税の基礎控除額は、年間100万円である,"相続時精算課税制度を選択した場合、累積2,500万円までの贈与については贈与税が課されない",直系尊属から住宅取得等資金の贈与を受けた場合の非課税制度は、贈与者の年齢制限はないが受贈者は20歳以上であることが要件である,暦年課税における贈与税の税率は、一律20%である,1,FALSE,FALSE,,"相続時精算課税制度（租税特別措置法70条の3）では、累積2,500万円までの贈与財産については贈与税が非課税（ただし相続時に精算）となり、超える部分には一律20%が課されます。暦年課税の基礎控除額は年間110万円です（贈与税法21条の5）。直系尊属からの住宅取得等資金の非課税制度は、贈与を受けた年の1月1日において18歳以上（令和4年4月1日以降）が要件です。暦年課税の贈与税は累進税率（10%〜55%）です。","2:（2）の内容は、正答（1）「贈与税の基礎控除額は、年間100万円である」が示す論点とずれています。 解説の要点：相続時精算課税制度（租税特別措置法70条の3）では、累積2,500万円までの贈与財産については贈与税が非課税（ただし相続時に精算）となり、超える部分には一律20%が課されます。暦年課税の基礎控除額は年間110万円です（贈与税法21条の5）。直系尊属からの住宅取得等資金の非課税制度… 正答（1）との違いを確認し直してください。;3:（3）の内容は、正答（1）「贈与税の基礎控除額は、年間100万円である」が示す論点とずれています。 解説の要点：相続時精算課税制度（租税特別措置法70条の3）では、累積2,500万円までの贈与財産については贈与税が非課税（ただし相続時に精算）となり、超える部分には一律20%が課されます。暦年課税の基礎控除額は年間110万円です（贈与税法21条の5）。直系尊属からの住宅取得等資金の非課税制度… 正答（1）との違いを確認し直してください。;4:（4）の内容は、正答（1）「贈与税の基礎控除額は、年間100万円である」が示す論点とずれています。 解説の要点：相続時精算課税制度（租税特別措置法70条の3）では、累積2,500万円までの贈与財産については贈与税が非課税（ただし相続時に精算）となり、超える部分には一律20%が課されます。暦年課税の基礎控除額は年間110万円です（贈与税法21条の5）。直系尊属からの住宅取得等資金の非課税制度… 正答（1）との違いを確認し直してください。","相続時精算課税制度（租税特別措置法70条の3）では、累積2,500万円までの贈与財産については贈与税が非課税（ただし相続時に精算）となり、超える部分には一律20%が課されます。暦年課税の基礎控除額は年間110万円です（贈与税法21条の5）。直系尊属からの住宅取得等資金の非課税制度は、贈与を受けた年の1月1日において18歳以上（令和4年4月1日以降）が要件です。暦年課税の贈与税は累進税率（10%〜55%）です。","相続時精算課税制度（租税特別措置法70条の3）では、累積2,500万円までの贈与財産については贈与税が非課税（ただし相続時に精算）となり、超える部分には一律20%が課されます。暦年課税の基礎控除額は年間110万円です（贈与税法21条の5）。直系尊属からの住宅取得等資金の非課税制度は、贈与を受けた年の1月1日において18歳以上（令和4年4月1日以降）が要件です",
2020,令和2年度,17,single,法令上の制限,,土地区画整理法に規定する土地区画整理事業に関する次の記述のうち、正しいものはどれか。,,,,,,土地区画整理事業において仮換地の指定を受けた場合、従前の土地の所有権は消滅する,土地区画整理事業の施行者は、国・地方公共団体・土地区画整理組合のみである,土地区画整理組合の設立には、施行地区内の宅地所有者及び借地権者の3分の2以上の同意が必要である,換地処分の公告があった翌日から、換地は従前の土地とみなされ、清算金は確定する,2,FALSE,FALSE,,土地区画整理組合の設立認可申請には、施行地区内の宅地所有者及び借地権者の各3分の2以上の同意が必要です（土地区画整理法18条）。仮換地の指定を受けても従前の土地の所有権は消滅しません（仮換地で使用・収益の権利が移動するだけ）。施行者には個人・組合・地方公共団体・国土交通大臣・機構・会社なども含まれます。換地処分の公告があった日の翌日から換地が従前地とみなされ、清算金が確定します（公告の「翌日」から）。,1:（1）の内容は、正答（2）「土地区画整理事業の施行者は、国・地方公共団体・土地区画整理組合のみである」が示す論点とずれています。 解説の要点：土地区画整理組合の設立認可申請には、施行地区内の宅地所有者及び借地権者の各3分の2以上の同意が必要です（土地区画整理法18条）。仮換地の指定を受けても従前の土地の所有権は消滅しません（仮換地で使用・収益の権利が移動するだけ）。施行者には個人・組合・地方公共団体・国土交通大臣・機構… 正答（2）との違いを確認し直してください。;3:（3）の内容は、正答（2）「土地区画整理事業の施行者は、国・地方公共団体・土地区画整理組合のみである」が示す論点とずれています。 解説の要点：土地区画整理組合の設立認可申請には、施行地区内の宅地所有者及び借地権者の各3分の2以上の同意が必要です（土地区画整理法18条）。仮換地の指定を受けても従前の土地の所有権は消滅しません（仮換地で使用・収益の権利が移動するだけ）。施行者には個人・組合・地方公共団体・国土交通大臣・機構… 正答（2）との違いを確認し直してください。;4:（4）の内容は、正答（2）「土地区画整理事業の施行者は、国・地方公共団体・土地区画整理組合のみである」が示す論点とずれています。 解説の要点：土地区画整理組合の設立認可申請には、施行地区内の宅地所有者及び借地権者の各3分の2以上の同意が必要です（土地区画整理法18条）。仮換地の指定を受けても従前の土地の所有権は消滅しません（仮換地で使用・収益の権利が移動するだけ）。施行者には個人・組合・地方公共団体・国土交通大臣・機構… 正答（2）との違いを確認し直してください。,土地区画整理組合の設立認可申請には、施行地区内の宅地所有者及び借地権者の各3分の2以上の同意が必要です（土地区画整理法18条）。仮換地の指定を受けても従前の土地の所有権は消滅しません（仮換地で使用・収益の権利が移動するだけ）。施行者には個人・組合・地方公共団体・国土交通大臣・機構・会社なども含まれます。換地処分の公告があった日の翌日から換地が従前地とみなされ、清算金が確定します（公告の「翌日」から）。,土地区画整理組合の設立認可申請には、施行地区内の宅地所有者及び借地権者の各3分の2以上の同意が必要です（土地区画整理法18条）。仮換地の指定を受けても従前の土地の所有権は消滅しません（仮換地で使用・収益の権利が移動するだけ）。施行者には個人・組合・地方公共団体・国土交通大臣・機構・会社なども含まれます。換地処分の公告があった日の翌日から換地が従前地とみなされ,
2020,令和2年度,11,single,権利関係,,借地借家法に規定する借地権に関する次の記述のうち、正しいものはどれか。,,,,,,借地権（普通借地権）の存続期間は20年以上でなければならない,借地上の建物が滅失した場合、借地権者は建物が存在しなくなった旨を土地に登記することで、第三者に借地権を対抗できる,借地権者が建物の再築をする場合、地主の承諾がある場合には借地権の期間が延長される,事業用定期借地権は、公正証書によらなくても書面で設定できる,2,FALSE,FALSE,,借地上建物が滅失した場合でも、借地権者が残存期間・建物特定事項等を土地上の見やすい場所に掲示することで第三者に対抗できます（借地借家法10条2項）。また再築について地主の承諾があった場合、承諾日から20年（残存期間が20年超なら残存期間）存続期間が延長されます（同法7条1項）。普通借地権の存続期間は30年以上です（同法3条）。事業用定期借地権は公正証書による設定が必要です（同法23条3項）。,1:解説では「事業用定期借地権は公正証書による設定が必要です（同法23条3項）。」とある一方、（1）の記述はそれと矛盾します。 解説の要点：借地上建物が滅失した場合でも、借地権者が残存期間・建物特定事項等を土地上の見やすい場所に掲示することで第三者に対抗できます（借地借家法10条2項）。また再築について地主の承諾があった場合、承諾日から20年（残存期間が20年超なら残存期間）存続期間が延長されます（同法7条1項）。普… 正答（2）との違いを確認し直してください。;3:（3）の内容は、正答（2）「借地上の建物が滅失した場合、借地権者は建物が存在しなくなった旨を土地に登記することで、第三者に借地権を対抗できる」が示す論点とずれています。 解説の要点：借地上建物が滅失した場合でも、借地権者が残存期間・建物特定事項等を土地上の見やすい場所に掲示することで第三者に対抗できます（借地借家法10条2項）。また再築について地主の承諾があった場合、承諾日から20年（残存期間が20年超なら残存期間）存続期間が延長されます（同法7条1項）。普… 正答（2）との違いを確認し直してください。;4:（4）の内容は、正答（2）「借地上の建物が滅失した場合、借地権者は建物が存在しなくなった旨を土地に登記することで、第三者に借地権を対抗できる」が示す論点とずれています。 解説の要点：借地上建物が滅失した場合でも、借地権者が残存期間・建物特定事項等を土地上の見やすい場所に掲示することで第三者に対抗できます（借地借家法10条2項）。また再築について地主の承諾があった場合、承諾日から20年（残存期間が20年超なら残存期間）存続期間が延長されます（同法7条1項）。普… 正答（2）との違いを確認し直してください。,借地上建物が滅失した場合でも、借地権者が残存期間・建物特定事項等を土地上の見やすい場所に掲示することで第三者に対抗できます（借地借家法10条2項）。また再築について地主の承諾があった場合、承諾日から20年（残存期間が20年超なら残存期間）存続期間が延長されます（同法7条1項）。普通借地権の存続期間は30年以上です（同法3条）。事業用定期借地権は公正証書による設定が必要です（同法23条3項）。,借地上建物が滅失した場合でも、借地権者が残存期間・建物特定事項等を土地上の見やすい場所に掲示することで第三者に対抗できます（借地借家法10条2項）。また再築について地主の承諾があった場合、承諾日から20年（残存期間が20年超なら残存期間）存続期間が延長されます（同法7条1項）。普通借地権の存続期間は30年以上です（同法3条）。事業用定期借地権は公正証書による,
2019,令和1年度,26,single,宅建業法,,宅地建物取引業法に規定する免許に関する次の記述のうち、正しいものはどれか。,,,,,,法人が宅地建物取引業の免許を受けるためには、その役員の中に少なくとも1人の宅地建物取引士が必要である,宅地建物取引業者Aが死亡した場合、その相続人は死亡の日から30日以内に廃業の届出をしなければならない,免許の更新申請は、免許の有効期間満了の日の90日前から30日前までの間に行わなければならない,欠格事由に該当して免許取消しとなった者は、取消しの日から5年間は免許を受けることができない,3,FALSE,FALSE,,欠格事由（宅建業法5条1項各号）に該当して免許取消しとなった者は、取消しの日から5年間は免許を受けることができません（同条1項2号）。宅建業の免許要件として役員の中の宅建士は不要です（専任の宅建士は事務所ごとに必要）。宅建業者が死亡した場合は、相続人が「その事実を知った日から30日以内」に廃業等の届出をする必要があります（同法11条1項1号）。免許更新申請は「有効期間満了の日の90日前から30日前まで」に行います（同法3条3項）。,1:（1）の内容は、正答（3）「免許の更新申請は、免許の有効期間満了の日の90日前から30日前までの間に行わなければならない」が示す論点とずれています。 解説の要点：欠格事由（宅建業法5条1項各号）に該当して免許取消しとなった者は、取消しの日から5年間は免許を受けることができません（同条1項2号）。宅建業の免許要件として役員の中の宅建士は不要です（専任の宅建士は事務所ごとに必要）。宅建業者が死亡した場合は、相続人が「その事実を知った日から30… 正答（3）との違いを確認し直してください。;2:解説では「宅建業の免許要件として役員の中の宅建士は不要です（専任の宅建士は事務所ごとに必要）。」とある一方、（2）の記述はそれと矛盾します。 解説の要点：欠格事由（宅建業法5条1項各号）に該当して免許取消しとなった者は、取消しの日から5年間は免許を受けることができません（同条1項2号）。宅建業の免許要件として役員の中の宅建士は不要です（専任の宅建士は事務所ごとに必要）。宅建業者が死亡した場合は、相続人が「その事実を知った日から30… 正答（3）との違いを確認し直してください。;4:解説では「宅建業の免許要件として役員の中の宅建士は不要です（専任の宅建士は事務所ごとに必要）。」とある一方、（4）の記述はそれと矛盾します。 解説の要点：欠格事由（宅建業法5条1項各号）に該当して免許取消しとなった者は、取消しの日から5年間は免許を受けることができません（同条1項2号）。宅建業の免許要件として役員の中の宅建士は不要です（専任の宅建士は事務所ごとに必要）。宅建業者が死亡した場合は、相続人が「その事実を知った日から30… 正答（3）との違いを確認し直してください。,欠格事由（宅建業法5条1項各号）に該当して免許取消しとなった者は、取消しの日から5年間は免許を受けることができません（同条1項2号）。宅建業の免許要件として役員の中の宅建士は不要です（専任の宅建士は事務所ごとに必要）。宅建業者が死亡した場合は、相続人が「その事実を知った日から30日以内」に廃業等の届出をする必要があります（同法11条1項1号）。免許更新申請は「有効期間満了の日の90日前から30日前まで」に行います（同法3条3項）。,欠格事由（宅建業法5条1項各号）に該当して免許取消しとなった者は、取消しの日から5年間は免許を受けることができません（同条1項2号）。宅建業の免許要件として役員の中の宅建士は不要です（専任の宅建士は事務所ごとに必要）。宅建業者が死亡した場合は、相続人が「その事実を知った日から30日以内」に廃業等の届出をする必要があります（同法11条1項1号）。免許更新申請は,
2019,令和1年度,27,single,宅建業法,,宅地建物取引業法に規定する宅地建物取引士に関する次の記述のうち、正しいものはどれか。,,,,,,宅地建物取引士は、宅地建物取引業者の事務所において専任として勤務しなければならず、複数の宅地建物取引業者に所属することはできない,宅地建物取引士が住所変更した場合は、登録をしている都道府県知事に遅滞なく変更の届出をしなければならない,専任の宅地建物取引士が退職した場合、宅地建物取引業者は2週間以内に補充しなければならない,宅地建物取引士証を亡失した場合、宅地建物取引業者に届け出ることで再交付を申請できる,1,FALSE,FALSE,,宅建士は住所変更した場合、登録している都道府県知事に遅滞なく変更の届出をしなければなりません（宅建業法20条）。専任の宅建士の設置数が不足した場合は「2週間以内」に補充する必要があります（同法31条の3第3項）。宅建士は複数の業者に所属することはできません（専任とは他に優先的に勤務すること）。宅建士証の再交付申請は都道府県知事に行います（宅建業者ではない）。,2:解説では「専任の宅建士の設置数が不足した場合は「2週間以内」に補充する必要があります（同法31条の3第3項）。」とある一方、（2）の記述はそれと矛盾します。 解説の要点：宅建士は住所変更した場合、登録している都道府県知事に遅滞なく変更の届出をしなければなりません（宅建業法20条）。専任の宅建士の設置数が不足した場合は「2週間以内」に補充する必要があります（同法31条の3第3項）。宅建士は複数の業者に所属することはできません（専任とは他に優先的に勤… 正答（1）との違いを確認し直してください。;3:解説では「専任の宅建士の設置数が不足した場合は「2週間以内」に補充する必要があります（同法31条の3第3項）。」とある一方、（3）の記述はそれと矛盾します。 解説の要点：宅建士は住所変更した場合、登録している都道府県知事に遅滞なく変更の届出をしなければなりません（宅建業法20条）。専任の宅建士の設置数が不足した場合は「2週間以内」に補充する必要があります（同法31条の3第3項）。宅建士は複数の業者に所属することはできません（専任とは他に優先的に勤… 正答（1）との違いを確認し直してください。;4:（4）の内容は、正答（1）「宅地建物取引士は、宅地建物取引業者の事務所において専任として勤務しなければならず、複数の宅地建物取引業者に所属す…」が示す論点とずれています。 解説の要点：宅建士は住所変更した場合、登録している都道府県知事に遅滞なく変更の届出をしなければなりません（宅建業法20条）。専任の宅建士の設置数が不足した場合は「2週間以内」に補充する必要があります（同法31条の3第3項）。宅建士は複数の業者に所属することはできません（専任とは他に優先的に勤… 正答（1）との違いを確認し直してください。,宅建士は住所変更した場合、登録している都道府県知事に遅滞なく変更の届出をしなければなりません（宅建業法20条）。専任の宅建士の設置数が不足した場合は「2週間以内」に補充する必要があります（同法31条の3第3項）。宅建士は複数の業者に所属することはできません（専任とは他に優先的に勤務すること）。宅建士証の再交付申請は都道府県知事に行います（宅建業者ではない）。,宅建士は住所変更した場合、登録している都道府県知事に遅滞なく変更の届出をしなければなりません（宅建業法20条）。専任の宅建士の設置数が不足した場合は「2週間以内」に補充する必要があります（同法31条の3第3項）。宅建士は複数の業者に所属することはできません（専任とは他に優先的に勤務すること）。宅建士証の再交付申請は都道府県知事に行います（宅建業者ではない）。,
2019,令和1年度,17,single,法令上の制限,,宅地建物取引業法の規定に基づく監督処分に関する次の記述のうち、正しいものはどれか（法令上の制限の範囲で出題）。農地法に関する次の記述のうち、正しいものはどれか。,,,,,,農業者が自己の農地を農業用施設（面積2アール未満）に転用する場合は、農地法4条の許可が不要である,市街化区域内の農地を転用する場合は、都道府県知事の許可が必要であり届出では足りない,農地を農地のまま他人に贈与する場合は、農地法の許可は不要である,相続により農地を取得した場合は、農地法3条の許可を要しないが、農業委員会への届出が必要である,3,FALSE,FALSE,,相続・遺産分割・遺贈（相続人への遺贈）等により農地を取得した場合、農地法3条の許可は不要ですが、取得後3か月以内に農業委員会に届け出なければなりません（農地法3条の3）。農業者が農業用施設（2アール未満）への転用は4条許可不要（農地法4条1項8号の一）。市街化区域内の農地の転用は農業委員会への届出で足ります（許可不要）。農地を贈与するのは権利移動であり3条の許可が必要です。,1:解説では「農地を贈与するのは権利移動であり3条の許可が必要です。」とある一方、（1）の記述はそれと矛盾します。 解説の要点：相続・遺産分割・遺贈（相続人への遺贈）等により農地を取得した場合、農地法3条の許可は不要ですが、取得後3か月以内に農業委員会に届け出なければなりません（農地法3条の3）。農業者が農業用施設（2アール未満）への転用は4条許可不要（農地法4条1項8号の一）。市街化区域内の農地の転用は… 正答（3）との違いを確認し直してください。;2:解説では「農地を贈与するのは権利移動であり3条の許可が必要です。」とある一方、（2）の記述はそれと矛盾します。 解説の要点：相続・遺産分割・遺贈（相続人への遺贈）等により農地を取得した場合、農地法3条の許可は不要ですが、取得後3か月以内に農業委員会に届け出なければなりません（農地法3条の3）。農業者が農業用施設（2アール未満）への転用は4条許可不要（農地法4条1項8号の一）。市街化区域内の農地の転用は… 正答（3）との違いを確認し直してください。;4:解説では「農地を贈与するのは権利移動であり3条の許可が必要です。」とある一方、（4）の記述はそれと矛盾します。 解説の要点：相続・遺産分割・遺贈（相続人への遺贈）等により農地を取得した場合、農地法3条の許可は不要ですが、取得後3か月以内に農業委員会に届け出なければなりません（農地法3条の3）。農業者が農業用施設（2アール未満）への転用は4条許可不要（農地法4条1項8号の一）。市街化区域内の農地の転用は… 正答（3）との違いを確認し直してください。,相続・遺産分割・遺贈（相続人への遺贈）等により農地を取得した場合、農地法3条の許可は不要ですが、取得後3か月以内に農業委員会に届け出なければなりません（農地法3条の3）。農業者が農業用施設（2アール未満）への転用は4条許可不要（農地法4条1項8号の一）。市街化区域内の農地の転用は農業委員会への届出で足ります（許可不要）。農地を贈与するのは権利移動であり3条の許可が必要です。,相続・遺産分割・遺贈（相続人への遺贈）等により農地を取得した場合、農地法3条の許可は不要ですが、取得後3か月以内に農業委員会に届け出なければなりません（農地法3条の3）。農業者が農業用施設（2アール未満）への転用は4条許可不要（農地法4条1項8号の一）。市街化区域内の農地の転用は農業委員会への届出で足ります（許可不要）。農地を贈与するのは権利移動であり3条の,
2019,令和1年度,23,single,税・その他,,不動産の取得に係る税金に関する次の記述のうち、正しいものはどれか。,,,,,,不動産取得税は、不動産の取得があった日から起算して6か月以内に申告しなければならない,不動産取得税は、形式的な所有権の移転があった場合でも、実質的な取得がなければ課されない場合がある,固定資産税評価額が100万円以下の不動産の取得には、不動産取得税は課されない,法人の合併による不動産の取得には不動産取得税が課される,1,FALSE,FALSE,,不動産取得税において、形式的な所有権の移転に過ぎないもの（共有物の分割による取得で持分超過がない場合など）は、非課税となります（地方税法73条の7）。不動産取得税は普通徴収方式（都道府県が税額を決定して通知）であり、申告不要の税です。固定資産税評価額が一定額以下（土地は10万円、建物新築は23万円等）の場合は非課税ですが、100万円が基準ではありません。法人の合併による取得は非課税です（同法73条の7第2号）。,2:（2）の内容は、正答（1）「不動産取得税は、不動産の取得があった日から起算して6か月以内に申告しなければならない」が示す論点とずれています。 解説の要点：不動産取得税において、形式的な所有権の移転に過ぎないもの（共有物の分割による取得で持分超過がない場合など）は、非課税となります（地方税法73条の7）。不動産取得税は普通徴収方式（都道府県が税額を決定して通知）であり、申告不要の税です。固定資産税評価額が一定額以下（土地は10万円、… 正答（1）との違いを確認し直してください。;3:（3）の内容は、正答（1）「不動産取得税は、不動産の取得があった日から起算して6か月以内に申告しなければならない」が示す論点とずれています。 解説の要点：不動産取得税において、形式的な所有権の移転に過ぎないもの（共有物の分割による取得で持分超過がない場合など）は、非課税となります（地方税法73条の7）。不動産取得税は普通徴収方式（都道府県が税額を決定して通知）であり、申告不要の税です。固定資産税評価額が一定額以下（土地は10万円、… 正答（1）との違いを確認し直してください。;4:（4）の内容は、正答（1）「不動産取得税は、不動産の取得があった日から起算して6か月以内に申告しなければならない」が示す論点とずれています。 解説の要点：不動産取得税において、形式的な所有権の移転に過ぎないもの（共有物の分割による取得で持分超過がない場合など）は、非課税となります（地方税法73条の7）。不動産取得税は普通徴収方式（都道府県が税額を決定して通知）であり、申告不要の税です。固定資産税評価額が一定額以下（土地は10万円、… 正答（1）との違いを確認し直してください。,不動産取得税において、形式的な所有権の移転に過ぎないもの（共有物の分割による取得で持分超過がない場合など）は、非課税となります（地方税法73条の7）。不動産取得税は普通徴収方式（都道府県が税額を決定して通知）であり、申告不要の税です。固定資産税評価額が一定額以下（土地は10万円、建物新築は23万円等）の場合は非課税ですが、100万円が基準ではありません。法人の合併による取得は非課税です（同法73条の7第2号）。,不動産取得税において、形式的な所有権の移転に過ぎないもの（共有物の分割による取得で持分超過がない場合など）は、非課税となります（地方税法73条の7）。不動産取得税は普通徴収方式（都道府県が税額を決定して通知）であり、申告不要の税です。固定資産税評価額が一定額以下（土地は10万円、建物新築は23万円等）の場合は非課税ですが、100万円が基準ではありません。法人,
2019,令和1年度,24,single,税・その他,,地価公示法に関する次の記述のうち、正しいものはどれか。,,,,,,地価公示は、毎年4月1日を基準日として行われる,公示区域は、都市計画区域のみに限定されており、都市計画区域外には設けることができない,土地鑑定委員会は、正常な価格（公示価格）を判定し、その結果を官報に公示しなければならない,公示価格は、金融機関が住宅ローンの担保評価をする場合に用いる価格の基準となるが、不動産鑑定士の鑑定評価においては基準とならない,2,FALSE,FALSE,,土地鑑定委員会は、標準地の正常な価格（公示価格）を判定し、官報で公示します（地価公示法7条）。地価公示の基準日は毎年1月1日です（同法2条1項）。公示区域は都市計画区域のほか都市計画区域外の一定の区域も含まれます（同条）。公示価格は不動産鑑定士の鑑定評価の規準となります（同法8条）。,1:（1）の内容は、正答（2）「公示区域は、都市計画区域のみに限定されており、都市計画区域外には設けることができない」が示す論点とずれています。 解説の要点：土地鑑定委員会は、標準地の正常な価格（公示価格）を判定し、官報で公示します（地価公示法7条）。地価公示の基準日は毎年1月1日です（同法2条1項）。公示区域は都市計画区域のほか都市計画区域外の一定の区域も含まれます（同条）。公示価格は不動産鑑定士の鑑定評価の規準となります（同法8条… 正答（2）との違いを確認し直してください。;3:（3）の内容は、正答（2）「公示区域は、都市計画区域のみに限定されており、都市計画区域外には設けることができない」が示す論点とずれています。 解説の要点：土地鑑定委員会は、標準地の正常な価格（公示価格）を判定し、官報で公示します（地価公示法7条）。地価公示の基準日は毎年1月1日です（同法2条1項）。公示区域は都市計画区域のほか都市計画区域外の一定の区域も含まれます（同条）。公示価格は不動産鑑定士の鑑定評価の規準となります（同法8条… 正答（2）との違いを確認し直してください。;4:（4）の内容は、正答（2）「公示区域は、都市計画区域のみに限定されており、都市計画区域外には設けることができない」が示す論点とずれています。 解説の要点：土地鑑定委員会は、標準地の正常な価格（公示価格）を判定し、官報で公示します（地価公示法7条）。地価公示の基準日は毎年1月1日です（同法2条1項）。公示区域は都市計画区域のほか都市計画区域外の一定の区域も含まれます（同条）。公示価格は不動産鑑定士の鑑定評価の規準となります（同法8条… 正答（2）との違いを確認し直してください。,土地鑑定委員会は、標準地の正常な価格（公示価格）を判定し、官報で公示します（地価公示法7条）。地価公示の基準日は毎年1月1日です（同法2条1項）。公示区域は都市計画区域のほか都市計画区域外の一定の区域も含まれます（同条）。公示価格は不動産鑑定士の鑑定評価の規準となります（同法8条）。,土地鑑定委員会は、標準地の正常な価格（公示価格）を判定し、官報で公示します（地価公示法7条）。地価公示の基準日は毎年1月1日です（同法2条1項）。公示区域は都市計画区域のほか都市計画区域外の一定の区域も含まれます（同条）。公示価格は不動産鑑定士の鑑定評価の規準となります（同法8条）。,
2019,令和1年度,14,single,権利関係,,建物の区分所有等に関する法律（区分所有法）に関する次の記述のうち、正しいものはどれか。,,,,,,区分所有者は、規約に特別の定めがない限り、専有部分と敷地利用権を分離して処分することができる,管理者は、集会において、毎年1回一定の時期に、その事務に関する報告をしなければならない,集会の招集通知は、集会の日より少なくとも2週間前に各区分所有者に発しなければならない,共用部分の管理に関する事項（重大変更以外）は、区分所有者及び議決権の各4分の3以上の決議が必要である,1,FALSE,FALSE,,管理者は、集会において、毎年1回一定の時期に、その事務に関する報告をしなければなりません（区分所有法43条）。専有部分と敷地利用権は規約に別段の定めがない限り、分離して処分することができません（同法22条1項）。集会の招集通知は原則として1週間前（規約で伸縮可）に発する必要があります（同法35条1項）。共用部分の通常の管理は区分所有者及び議決権の各過半数の決議で行います（重大変更は3/4以上）。,2:管理者は、集会において、毎年1回一定の時期に、その事務に関する報告をしなければなりません（区分所有法43条）。;3:解説では「集会の招集通知は原則として1週間前（規約で伸縮可）に発する必要があります（同法35条1項）。」とある一方、（3）の記述はそれと矛盾します。 解説の要点：管理者は、集会において、毎年1回一定の時期に、その事務に関する報告をしなければなりません（区分所有法43条）。専有部分と敷地利用権は規約に別段の定めがない限り、分離して処分することができません（同法22条1項）。集会の招集通知は原則として1週間前（規約で伸縮可）に発する必要があり… 正答（1）との違いを確認し直してください。;4:（4）の内容は、正答（1）「区分所有者は、規約に特別の定めがない限り、専有部分と敷地利用権を分離して処分することができる」が示す論点とずれています。 解説の要点：管理者は、集会において、毎年1回一定の時期に、その事務に関する報告をしなければなりません（区分所有法43条）。専有部分と敷地利用権は規約に別段の定めがない限り、分離して処分することができません（同法22条1項）。集会の招集通知は原則として1週間前（規約で伸縮可）に発する必要があり… 正答（1）との違いを確認し直してください。,管理者は、集会において、毎年1回一定の時期に、その事務に関する報告をしなければなりません（区分所有法43条）。専有部分と敷地利用権は規約に別段の定めがない限り、分離して処分することができません（同法22条1項）。集会の招集通知は原則として1週間前（規約で伸縮可）に発する必要があります（同法35条1項）。共用部分の通常の管理は区分所有者及び議決権の各過半数の決議で行います（重大変更は3/4以上）。,管理者は、集会において、毎年1回一定の時期に、その事務に関する報告をしなければなりません（区分所有法43条）。専有部分と敷地利用権は規約に別段の定めがない限り、分離して処分することができません（同法22条1項）。集会の招集通知は原則として1週間前（規約で伸縮可）に発する必要があります（同法35条1項）。共用部分の通常の管理は区分所有者及び議決権の各過半数の決,
2019,令和1年度,3,single,権利関係,,物権変動の対抗要件に関する次の記述のうち、民法の規定及び判例によれば正しいものはどれか。,,,,,,Aがその所有する甲土地をBとCに二重売買した場合、先に登記を備えた者が所有権者として認められる,不動産の賃借権は登記しなければ第三者に対抗できない,相続によって取得した不動産は登記がなくても誰に対しても対抗できる,登記がなくても不動産の所有権を第三者に対抗できる場合がある,3,FALSE,FALSE,,登記なくして第三者に対抗できる例外があります（判例）。例えば不法占拠者（無権利者）に対しては登記なく所有権を主張できます。二重売買では先に登記した者が優先します（正しい内容）。建物賃借権は引渡し（占有）が対抗要件で登記は不要です（借地借家法31条）。相続による取得も、他の相続人や第三者に対しては登記が必要な場合があります（判例）。,1:（1）「Aがその所有する甲土地をBとCに二重売買した場合、先に登記を備えた者が所有権者として認められる」は、作業主任者の選任が必要な作業の組合せ（）を含んでいません。解説のとおり、該当作業と非該当作業の区別を確認してください。;2:解説では「相続による取得も、他の相続人や第三者に対しては登記が必要な場合があります（判例）。」とある一方、（2）の記述はそれと矛盾します。 解説の要点：登記なくして第三者に対抗できる例外があります（判例）。例えば不法占拠者（無権利者）に対しては登記なく所有権を主張できます。二重売買では先に登記した者が優先します（正しい内容）。建物賃借権は引渡し（占有）が対抗要件で登記は不要です（借地借家法31条）。相続による取得も、他の相続人や… 正答（3）との違いを確認し直してください。;4:（4）の内容は、正答（3）「相続によって取得した不動産は登記がなくても誰に対しても対抗できる」が示す論点とずれています。 解説の要点：登記なくして第三者に対抗できる例外があります（判例）。例えば不法占拠者（無権利者）に対しては登記なく所有権を主張できます。二重売買では先に登記した者が優先します（正しい内容）。建物賃借権は引渡し（占有）が対抗要件で登記は不要です（借地借家法31条）。相続による取得も、他の相続人や… 正答（3）との違いを確認し直してください。,登記なくして第三者に対抗できる例外があります（判例）。例えば不法占拠者（無権利者）に対しては登記なく所有権を主張できます。二重売買では先に登記した者が優先します（正しい内容）。建物賃借権は引渡し（占有）が対抗要件で登記は不要です（借地借家法31条）。相続による取得も、他の相続人や第三者に対しては登記が必要な場合があります（判例）。,登記なくして第三者に対抗できる例外があります（判例）。例えば不法占拠者（無権利者）に対しては登記なく所有権を主張できます。二重売買では先に登記した者が優先します（正しい内容）。建物賃借権は引渡し（占有）が対抗要件で登記は不要です（借地借家法31条）。相続による取得も、他の相続人や第三者に対しては登記が必要な場合があります（判例）。,
2019,令和1年度,6,single,権利関係,,売主の担保責任（契約不適合責任）に関する次の記述のうち、民法の規定によれば正しいものはどれか。,,,,,,売買の目的物に欠陥があった場合、買主は修補・代金減額・解除・損害賠償のいずれかを請求できる,契約不適合責任を追及するには、買主は欠陥を知った時から1年以内に通知しなければならない,売主が欠陥を知らなかった場合は担保責任を負わない,契約不適合があっても、軽微な場合は解除できない,1,FALSE,FALSE,,契約不適合（欠陥）を知った買主は、知った時から1年以内に売主に「通知」しなければ担保責任を追及できなくなります（民法566条）。買主は修補・代金減額・解除・損害賠償の中から請求を選べます。売主が善意（知らなかった）でも担保責任を負います（無過失責任）。軽微な不適合では解除が認められない場合があります（民法541条ただし書き）。,2:（2）の内容は、正答（1）「売買の目的物に欠陥があった場合、買主は修補・代金減額・解除・損害賠償のいずれかを請求できる」が示す論点とずれています。 解説の要点：契約不適合（欠陥）を知った買主は、知った時から1年以内に売主に「通知」しなければ担保責任を追及できなくなります（民法566条）。買主は修補・代金減額・解除・損害賠償の中から請求を選べます。売主が善意（知らなかった）でも担保責任を負います（無過失責任）。軽微な不適合では解除が認めら… 正答（1）との違いを確認し直してください。;3:（3）の内容は、正答（1）「売買の目的物に欠陥があった場合、買主は修補・代金減額・解除・損害賠償のいずれかを請求できる」が示す論点とずれています。 解説の要点：契約不適合（欠陥）を知った買主は、知った時から1年以内に売主に「通知」しなければ担保責任を追及できなくなります（民法566条）。買主は修補・代金減額・解除・損害賠償の中から請求を選べます。売主が善意（知らなかった）でも担保責任を負います（無過失責任）。軽微な不適合では解除が認めら… 正答（1）との違いを確認し直してください。;4:（4）の内容は、正答（1）「売買の目的物に欠陥があった場合、買主は修補・代金減額・解除・損害賠償のいずれかを請求できる」が示す論点とずれています。 解説の要点：契約不適合（欠陥）を知った買主は、知った時から1年以内に売主に「通知」しなければ担保責任を追及できなくなります（民法566条）。買主は修補・代金減額・解除・損害賠償の中から請求を選べます。売主が善意（知らなかった）でも担保責任を負います（無過失責任）。軽微な不適合では解除が認めら… 正答（1）との違いを確認し直してください。,契約不適合（欠陥）を知った買主は、知った時から1年以内に売主に「通知」しなければ担保責任を追及できなくなります（民法566条）。買主は修補・代金減額・解除・損害賠償の中から請求を選べます。売主が善意（知らなかった）でも担保責任を負います（無過失責任）。軽微な不適合では解除が認められない場合があります（民法541条ただし書き）。,契約不適合（欠陥）を知った買主は、知った時から1年以内に売主に「通知」しなければ担保責任を追及できなくなります（民法566条）。買主は修補・代金減額・解除・損害賠償の中から請求を選べます。売主が善意（知らなかった）でも担保責任を負います（無過失責任）。軽微な不適合では解除が認められない場合があります（民法541条ただし書き）。,
2019,令和1年度,8,single,権利関係,,相続の承認と放棄に関する次の記述のうち、民法の規定によれば正しいものはどれか。,,,,,,相続人は自己のために相続開始があったことを知った時から3か月以内に承認または放棄しなければならない,相続を単純承認すると、プラスの財産だけを相続し、マイナス（借金等）は引き継がない,限定承認は相続人全員が共同して行う必要がある,相続放棄は相続人が複数の場合、全員で行わなければならない,2,FALSE,FALSE,,限定承認（相続財産の範囲でのみ債務を引き受けること）は、相続人が複数いる場合は「全員が共同して」行わなければなりません（民法923条）。相続放棄は各相続人が単独でできます。相続放棄・承認の熟慮期間は「自己のために相続開始があったことを知った時から3か月以内」です（正しい）。単純承認するとプラスもマイナスも全て引き継ぎます。,1:（1）の内容は、正答（2）「相続を単純承認すると、プラスの財産だけを相続し、マイナス（借金等）は引き継がない」が示す論点とずれています。 解説の要点：限定承認（相続財産の範囲でのみ債務を引き受けること）は、相続人が複数いる場合は「全員が共同して」行わなければなりません（民法923条）。相続放棄は各相続人が単独でできます。相続放棄・承認の熟慮期間は「自己のために相続開始があったことを知った時から3か月以内」です（正しい）。単純承… 正答（2）との違いを確認し直してください。;3:（3）の内容は、正答（2）「相続を単純承認すると、プラスの財産だけを相続し、マイナス（借金等）は引き継がない」が示す論点とずれています。 解説の要点：限定承認（相続財産の範囲でのみ債務を引き受けること）は、相続人が複数いる場合は「全員が共同して」行わなければなりません（民法923条）。相続放棄は各相続人が単独でできます。相続放棄・承認の熟慮期間は「自己のために相続開始があったことを知った時から3か月以内」です（正しい）。単純承… 正答（2）との違いを確認し直してください。;4:（4）の内容は、正答（2）「相続を単純承認すると、プラスの財産だけを相続し、マイナス（借金等）は引き継がない」が示す論点とずれています。 解説の要点：限定承認（相続財産の範囲でのみ債務を引き受けること）は、相続人が複数いる場合は「全員が共同して」行わなければなりません（民法923条）。相続放棄は各相続人が単独でできます。相続放棄・承認の熟慮期間は「自己のために相続開始があったことを知った時から3か月以内」です（正しい）。単純承… 正答（2）との違いを確認し直してください。,限定承認（相続財産の範囲でのみ債務を引き受けること）は、相続人が複数いる場合は「全員が共同して」行わなければなりません（民法923条）。相続放棄は各相続人が単独でできます。相続放棄・承認の熟慮期間は「自己のために相続開始があったことを知った時から3か月以内」です（正しい）。単純承認するとプラスもマイナスも全て引き継ぎます。,限定承認（相続財産の範囲でのみ債務を引き受けること）は、相続人が複数いる場合は「全員が共同して」行わなければなりません（民法923条）。相続放棄は各相続人が単独でできます。相続放棄・承認の熟慮期間は「自己のために相続開始があったことを知った時から3か月以内」です（正しい）。単純承認するとプラスもマイナスも全て引き継ぎます。,
2019,令和1年度,11,single,権利関係,,抵当権に関する次の記述のうち、民法の規定及び判例によれば正しいものはどれか。,,,,,,抵当権が実行されると、抵当権の設定された土地上の建物も競売にかけられる,法定地上権は、抵当権設定当時に土地と建物が同一所有者に属し、かつ建物が存在する場合に成立する,抵当権の効力は、目的物から生じる賃料（法定果実）には及ばない,抵当権の消滅には登記の抹消が必要である,1,FALSE,FALSE,,法定地上権（抵当権実行後に建物の所有者が土地を使えるよう自動的に発生する地上権）は「①抵当権設定時に土地と建物が同一所有者に属し②設定時に建物が存在し③土地または建物の一方または双方に抵当権が設定され④競売で土地と建物の所有者が別々になる」ことで成立します（民法388条）。土地の競売では建物は当然には競売対象になりません（一括競売の特例はあり）。,2:（2）「法定地上権は、抵当権設定当時に土地と建物が同一所有者に属し、かつ建物が存在する場合に成立する」は、単独の記述としては法令上妥当な場合がありますが、本問で選ぶべき正答は（1）「抵当権が実行されると、抵当権の設定された土地上の建物も競売にかけられる」です。問題文の条件と照らし、設問が問う論点に合う肢を選び直してください。;3:（3）「抵当権の効力は、目的物から生じる賃料（法定果実）には及ばない」は、単独の記述としては法令上妥当な場合がありますが、本問で選ぶべき正答は（1）「抵当権が実行されると、抵当権の設定された土地上の建物も競売にかけられる」です。問題文の条件と照らし、設問が問う論点に合う肢を選び直してください。;4:（4）「抵当権の消滅には登記の抹消が必要である」は、単独の記述としては法令上妥当な場合がありますが、本問で選ぶべき正答は（1）「抵当権が実行されると、抵当権の設定された土地上の建物も競売にかけられる」です。問題文の条件と照らし、設問が問う論点に合う肢を選び直してください。,法定地上権（抵当権実行後に建物の所有者が土地を使えるよう自動的に発生する地上権）は「①抵当権設定時に土地と建物が同一所有者に属し②設定時に建物が存在し③土地または建物の一方または双方に抵当権が設定され④競売で土地と建物の所有者が別々になる」ことで成立します（民法388条）。,法定地上権（抵当権実行後に建物の所有者が土地を使えるよう自動的に発生する地上権）は「①抵当権設定時に土地と建物が同一所有者に属し②設定時に建物が存在し③土地または建物の一方または双方に抵当権が設定され④競売で土地と建物の所有者が別々になる」ことで成立します（民法388条）。,
2019,令和1年度,34,single,宅建業法,,宅地建物取引業者の報酬に関する次の記述のうち、正しいものはどれか（消費税考慮不要）。,,,,,,代金400万円の宅地の売買を媒介した場合、一方から受け取れる報酬の上限は18万円である,居住用建物の賃貸借の媒介で月額賃料10万円の場合、双方合計の報酬上限は10万円である,売買の媒介と代理では報酬の計算式が異なる,代金200万円の場合の報酬上限の計算式は代金×5%+6万円である,1,FALSE,FALSE,,居住用建物の賃貸借の媒介の場合、借主・貸主の双方から受け取れる報酬の合計は借賃（月額）の1か月分（税別）が上限です（宅建業法告示）。月額10万円なら合計10万円が上限です。代金400万円の売買媒介では400万×3%+6万円=18万円が一方からの上限（正しい）。代金200万円以下は代金×5%が上限（+6万円は200万超部分からの加算なので不適切）。,2:（2）の内容は、正答（1）「代金400万円の宅地の売買を媒介した場合、一方から受け取れる報酬の上限は18万円である」が示す論点とずれています。 解説の要点：居住用建物の賃貸借の媒介の場合、借主・貸主の双方から受け取れる報酬の合計は借賃（月額）の1か月分（税別）が上限です（宅建業法告示）。月額10万円なら合計10万円が上限です。代金400万円の売買媒介では400万×3%+6万円=18万円が一方からの上限（正しい）。代金200万円以下は… 正答（1）との違いを確認し直してください。;3:（3）の内容は、正答（1）「代金400万円の宅地の売買を媒介した場合、一方から受け取れる報酬の上限は18万円である」が示す論点とずれています。 解説の要点：居住用建物の賃貸借の媒介の場合、借主・貸主の双方から受け取れる報酬の合計は借賃（月額）の1か月分（税別）が上限です（宅建業法告示）。月額10万円なら合計10万円が上限です。代金400万円の売買媒介では400万×3%+6万円=18万円が一方からの上限（正しい）。代金200万円以下は… 正答（1）との違いを確認し直してください。;4:（4）の内容は、正答（1）「代金400万円の宅地の売買を媒介した場合、一方から受け取れる報酬の上限は18万円である」が示す論点とずれています。 解説の要点：居住用建物の賃貸借の媒介の場合、借主・貸主の双方から受け取れる報酬の合計は借賃（月額）の1か月分（税別）が上限です（宅建業法告示）。月額10万円なら合計10万円が上限です。代金400万円の売買媒介では400万×3%+6万円=18万円が一方からの上限（正しい）。代金200万円以下は… 正答（1）との違いを確認し直してください。,居住用建物の賃貸借の媒介の場合、借主・貸主の双方から受け取れる報酬の合計は借賃（月額）の1か月分（税別）が上限です（宅建業法告示）。月額10万円なら合計10万円が上限です。代金400万円の売買媒介では400万×3%+6万円=18万円が一方からの上限（正しい）。代金200万円以下は代金×5%が上限（+6万円は200万超部分からの加算なので不適切）。,居住用建物の賃貸借の媒介の場合、借主・貸主の双方から受け取れる報酬の合計は借賃（月額）の1か月分（税別）が上限です（宅建業法告示）。月額10万円なら合計10万円が上限です。代金400万円の売買媒介では400万×3%+6万円=18万円が一方からの上限（正しい）。代金200万円以下は代金×5%が上限（+6万円は200万超部分からの加算なので不適切）。,
2019,令和1年度,38,single,宅建業法,,宅地建物取引業法に規定する宅地建物取引士証に関する次の記述のうち、正しいものはどれか。,,,,,,宅建士証の有効期間は5年であり、更新申請は期間満了前6か月から1か月前の間に行う,宅建士証の交付を受けるには法定講習の受講が必要だが、試験合格後1年以内なら講習は不要である,宅建士証を亡失した場合は警察への届出だけで足りる,宅建士証の有効期間が切れると宅建士としての全業務ができなくなる,1,FALSE,FALSE,,宅建士証の交付申請には法定講習（交付申請前6か月以内）が必要ですが、試験合格後1年以内の申請であれば講習は免除されます（宅建業法22条の2第2項）。有効期間は5年で、満了前に更新申請（法定講習受講後）が必要です。亡失した場合は都道府県知事に再交付申請が必要です（警察への届出だけでは不可）。有効期間が切れると更新が完了するまで業務制限があります。,2:根拠の記述が異なります。解説では「宅建士証の交付申請には法」が根拠ですが、（2）は「建士証の交付を受けるには法」を根拠とする内容です。 解説では「宅建士証の交付申請には法定講習（交付申請前6か月以内）が必要ですが、試験合格後1年以内の申請であれば講習は免除されます（宅建業法22条の2第2項）。」とある一方、（2）の記述はそれと矛盾します。 解説の要点：宅建士証の交付申請には法定講習（交付申請前6か月以内）が必要ですが、試験合格後1年以内の申請であれば講習は免除されます（宅建業法22条の2第2項）。有効期間は5年で、満了前に更新申請（法定講習受講後）が必要です。亡失した場合は都道府県知事に再交付申請が必要です（警察への届出だけで… 正答（1）との違いを確認し直してください。;3:（3）の内容は、正答（1）「宅建士証の有効期間は5年であり、更新申請は期間満了前6か月から1か月前の間に行う」が示す論点とずれています。 解説の要点：宅建士証の交付申請には法定講習（交付申請前6か月以内）が必要ですが、試験合格後1年以内の申請であれば講習は免除されます（宅建業法22条の2第2項）。有効期間は5年で、満了前に更新申請（法定講習受講後）が必要です。亡失した場合は都道府県知事に再交付申請が必要です（警察への届出だけで… 正答（1）との違いを確認し直してください。;4:（4）の内容は、正答（1）「宅建士証の有効期間は5年であり、更新申請は期間満了前6か月から1か月前の間に行う」が示す論点とずれています。 解説の要点：宅建士証の交付申請には法定講習（交付申請前6か月以内）が必要ですが、試験合格後1年以内の申請であれば講習は免除されます（宅建業法22条の2第2項）。有効期間は5年で、満了前に更新申請（法定講習受講後）が必要です。亡失した場合は都道府県知事に再交付申請が必要です（警察への届出だけで… 正答（1）との違いを確認し直してください。,宅建士証の交付申請には法定講習（交付申請前6か月以内）が必要ですが、試験合格後1年以内の申請であれば講習は免除されます（宅建業法22条の2第2項）。有効期間は5年で、満了前に更新申請（法定講習受講後）が必要です。亡失した場合は都道府県知事に再交付申請が必要です（警察への届出だけでは不可）。有効期間が切れると更新が完了するまで業務制限があります。,宅建士証の交付申請には法定講習（交付申請前6か月以内）が必要ですが、試験合格後1年以内の申請であれば講習は免除されます（宅建業法22条の2第2項）。有効期間は5年で、満了前に更新申請（法定講習受講後）が必要です。亡失した場合は都道府県知事に再交付申請が必要です（警察への届出だけでは不可）。有効期間が切れると更新が完了するまで業務制限があります。,
2019,令和1年度,48,single,税・その他,,土地に関する次の記述のうち、最も不適切なものはどれか。,,,,,,丘陵地は一般に宅地として地盤が安定しており適している,低湿地は洪水や高潮の危険があり宅地としての安全性に配慮が必要である,旧河道（かつての川の跡地）は地盤が軟弱で宅地として不適切なことが多い,山地の斜面は土砂崩れの危険があるが宅地として問題ない,3,FALSE,FALSE,,山地の斜面（急傾斜地）は土砂崩れ（崖崩れ・地すべり）の危険があるため、宅地として特別な注意が必要です（「問題ない」は最も不適切）。丘陵地は比較的地盤が安定しています。低湿地は洪水・液状化リスクがあります。旧河道は砂礫・粘土等が堆積した軟弱地盤で液状化しやすく宅地として不適切です。,1:（1）「丘陵地は一般に宅地として地盤が安定しており適している」は、設問の趣旨では適切な記述・対応に当たることが多いです。本問は「最も不適切なもの」を選ぶ形式のため、正答は（3）「旧河道（かつての川の跡地）は地盤が軟弱で宅地として不適切なことが多い」です。解説のポイント：山地の斜面（急傾斜地）は土砂崩れ（崖崩れ・地すべり）の危険があるため、宅地として特別な注意が必要です（「問題ない」は最も不適切）。丘陵地は比較的地盤が安定しています。低湿地は洪水・液状化リスクがあります。旧河道は砂礫・粘土等が堆積した軟弱地…;2:（2）「低湿地は洪水や高潮の危険があり宅地としての安全性に配慮が必要である」は、設問の趣旨では適切な記述・対応に当たることが多いです。本問は「最も不適切なもの」を選ぶ形式のため、正答は（3）「旧河道（かつての川の跡地）は地盤が軟弱で宅地として不適切なことが多い」です。解説のポイント：山地の斜面（急傾斜地）は土砂崩れ（崖崩れ・地すべり）の危険があるため、宅地として特別な注意が必要です（「問題ない」は最も不適切）。丘陵地は比較的地盤が安定しています。低湿地は洪水・液状化リスクがあります。旧河道は砂礫・粘土等が堆積した軟弱地…;4:（4）「山地の斜面は土砂崩れの危険があるが宅地として問題ない」は、設問の趣旨では適切な記述・対応に当たることが多いです。本問は「最も不適切なもの」を選ぶ形式のため、正答は（3）「旧河道（かつての川の跡地）は地盤が軟弱で宅地として不適切なことが多い」です。解説のポイント：山地の斜面（急傾斜地）は土砂崩れ（崖崩れ・地すべり）の危険があるため、宅地として特別な注意が必要です（「問題ない」は最も不適切）。丘陵地は比較的地盤が安定しています。低湿地は洪水・液状化リスクがあります。旧河道は砂礫・粘土等が堆積した軟弱地…,山地の斜面（急傾斜地）は土砂崩れ（崖崩れ・地すべり）の危険があるため、宅地として特別な注意が必要です（「問題ない」は最も不適切）。丘陵地は比較的地盤が安定しています。低湿地は洪水・液状化リスクがあります。旧河道は砂礫・粘土等が堆積した軟弱地盤で液状化しやすく宅地として不適切です。,山地の斜面（急傾斜地）は土砂崩れ（崖崩れ・地すべり）の危険があるため、宅地として特別な注意が必要です（「問題ない」は最も不適切）。丘陵地は比較的地盤が安定しています。低湿地は洪水・液状化リスクがあります。旧河道は砂礫・粘土等が堆積した軟弱地盤で液状化しやすく宅地として不適切です。,
2019,令和1年度,49,single,税・その他,,木造建物に関する次の記述のうち、最も不適切なものはどれか。,,,,,,木造軸組構法（在来工法）は日本で最も普及している木造の工法である,木造枠組壁工法（2×4工法）は壁・床・天井のパネルを組み合わせた構造である,木造建物は耐火性に劣るため、3階建て以上の建物には使用できない,木造の接合部には金物（かすがい・ボルト等）を使用して強度を高める方法がある,2,FALSE,FALSE,,木造建物は一定の防火措置を施すことで3階建て以上の建物にも使用できます（木造3階建て住宅・中大規模木造等）。建築基準法上も一定の要件を満たせば木造での多階建てが認められています。「3階建て以上には使えない」という記述が最も不適切です。在来工法は日本で最も普及しており、2×4工法はパネル構造で工場生産化に適しています。,1:（1）「木造軸組構法（在来工法）は日本で最も普及している木造の工法である」は、設問の趣旨では適切な記述・対応に当たることが多いです。本問は「最も不適切なもの」を選ぶ形式のため、正答は（2）「木造枠組壁工法（2×4工法）は壁・床・天井のパネルを組み合わせた構造である」です。解説のポイント：木造建物は一定の防火措置を施すことで3階建て以上の建物にも使用できます（木造3階建て住宅・中大規模木造等）。建築基準法上も一定の要件を満たせば木造での多階建てが認められています。「3階建て以上には使えない」という記述が最も不適切です。在来工…;3:（3）「木造建物は耐火性に劣るため、3階建て以上の建物には使用できない」は、設問の趣旨では適切な記述・対応に当たることが多いです。本問は「最も不適切なもの」を選ぶ形式のため、正答は（2）「木造枠組壁工法（2×4工法）は壁・床・天井のパネルを組み合わせた構造である」です。解説のポイント：木造建物は一定の防火措置を施すことで3階建て以上の建物にも使用できます（木造3階建て住宅・中大規模木造等）。建築基準法上も一定の要件を満たせば木造での多階建てが認められています。「3階建て以上には使えない」という記述が最も不適切です。在来工…;4:（4）「木造の接合部には金物（かすがい・ボルト等）を使用して強度を高める方法がある」は、設問の趣旨では適切な記述・対応に当たることが多いです。本問は「最も不適切なもの」を選ぶ形式のため、正答は（2）「木造枠組壁工法（2×4工法）は壁・床・天井のパネルを組み合わせた構造である」です。解説のポイント：木造建物は一定の防火措置を施すことで3階建て以上の建物にも使用できます（木造3階建て住宅・中大規模木造等）。建築基準法上も一定の要件を満たせば木造での多階建てが認められています。「3階建て以上には使えない」という記述が最も不適切です。在来工…,木造建物は一定の防火措置を施すことで3階建て以上の建物にも使用できます（木造3階建て住宅・中大規模木造等）。建築基準法上も一定の要件を満たせば木造での多階建てが認められています。「3階建て以上には使えない」という記述が最も不適切です。在来工法は日本で最も普及しており、2×4工法はパネル構造で工場生産化に適しています。,木造建物は一定の防火措置を施すことで3階建て以上の建物にも使用できます（木造3階建て住宅・中大規模木造等）。建築基準法上も一定の要件を満たせば木造での多階建てが認められています。「3階建て以上には使えない」という記述が最も不適切です。在来工法は日本で最も普及しており、2×4工法はパネル構造で工場生産化に適しています。,
2019,令和1年度,50,single,税・その他,,令和元年度の宅地建物に関する統計で最も適切なものはどれか。,,,,,,全国の住宅着工戸数は近年100万戸を超えて増加傾向にある,首都圏の中古マンション成約件数は近年減少傾向にある,不動産業の売上高は近年減少傾向にある,新設住宅着工戸数のうち、貸家（賃貸住宅）は全体の一定割合を占めている,3,FALSE,FALSE,,新設住宅着工戸数の中で貸家（賃貸住宅）は全体の一定割合（概ね30〜40%程度）を占めており継続的に着工されています。全国の住宅着工戸数は近年80〜90万戸前後で推移しており（100万戸超は誤り）。首都圏の中古マンション成約件数は概ね堅調です（大幅減少ではない）。不動産業の売上高は近年堅調または増加傾向にあります。,1:（1）の内容は、正答（3）「不動産業の売上高は近年減少傾向にある」が示す論点とずれています。 解説の要点：新設住宅着工戸数の中で貸家（賃貸住宅）は全体の一定割合（概ね30〜40%程度）を占めており継続的に着工されています。全国の住宅着工戸数は近年80〜90万戸前後で推移しており（100万戸超は誤り）。首都圏の中古マンション成約件数は概ね堅調です（大幅減少ではない）。不動産業の売上高は… 正答（3）との違いを確認し直してください。;2:（2）の内容は、正答（3）「不動産業の売上高は近年減少傾向にある」が示す論点とずれています。 解説の要点：新設住宅着工戸数の中で貸家（賃貸住宅）は全体の一定割合（概ね30〜40%程度）を占めており継続的に着工されています。全国の住宅着工戸数は近年80〜90万戸前後で推移しており（100万戸超は誤り）。首都圏の中古マンション成約件数は概ね堅調です（大幅減少ではない）。不動産業の売上高は… 正答（3）との違いを確認し直してください。;4:（4）の内容は、正答（3）「不動産業の売上高は近年減少傾向にある」が示す論点とずれています。 解説の要点：新設住宅着工戸数の中で貸家（賃貸住宅）は全体の一定割合（概ね30〜40%程度）を占めており継続的に着工されています。全国の住宅着工戸数は近年80〜90万戸前後で推移しており（100万戸超は誤り）。首都圏の中古マンション成約件数は概ね堅調です（大幅減少ではない）。不動産業の売上高は… 正答（3）との違いを確認し直してください。,新設住宅着工戸数の中で貸家（賃貸住宅）は全体の一定割合（概ね30〜40%程度）を占めており継続的に着工されています。全国の住宅着工戸数は近年80〜90万戸前後で推移しており（100万戸超は誤り）。首都圏の中古マンション成約件数は概ね堅調です（大幅減少ではない）。不動産業の売上高は近年堅調または増加傾向にあります。,新設住宅着工戸数の中で貸家（賃貸住宅）は全体の一定割合（概ね30〜40%程度）を占めており継続的に着工されています。全国の住宅着工戸数は近年80〜90万戸前後で推移しており（100万戸超は誤り）。首都圏の中古マンション成約件数は概ね堅調です（大幅減少ではない）。不動産業の売上高は近年堅調または増加傾向にあります。,
2020,令和2年度,6,single,権利関係,,物権の種類に関する次の記述のうち、民法の規定によれば正しいものはどれか。,,,,,,地上権は他人の土地を使用できる物権であり、賃借権より強い権利である,留置権は他人の物を留置して債権の弁済を促す権利で、優先弁済権がある,先取特権は法律の規定によって当然に成立する担保物権の一種である,地役権は一定の目的のために他人の土地を通行等するために設定する従物的な権利である,2,FALSE,FALSE,,先取特権（一般の先取特権・特別の先取特権）は当事者の合意や占有移転を要せず、法律の定めにより当然に発生する担保物権です（民法303条）。例えば雇用関係から生じる賃金債権や一般の先取特権があります。地上権は賃借権より物権として強い対抗力がありますが、「物権>賃借権」という優劣は場面によります。留置権は優先弁済権はなく占有権限のみです。,1:（1）の内容は、正答（2）「留置権は他人の物を留置して債権の弁済を促す権利で、優先弁済権がある」が示す論点とずれています。 解説の要点：先取特権（一般の先取特権・特別の先取特権）は当事者の合意や占有移転を要せず、法律の定めにより当然に発生する担保物権です（民法303条）。例えば雇用関係から生じる賃金債権や一般の先取特権があります。地上権は賃借権より物権として強い対抗力がありますが、「物権>賃借権」という優劣は場面… 正答（2）との違いを確認し直してください。;3:根拠の記述が異なります。解説では「発生する担保物権です（民法」が根拠ですが、（3）は「先取特権は法」を根拠とする内容です。 解説の要点：先取特権（一般の先取特権・特別の先取特権）は当事者の合意や占有移転を要せず、法律の定めにより当然に発生する担保物権です（民法303条）。例えば雇用関係から生じる賃金債権や一般の先取特権があります。地上権は賃借権より物権として強い対抗力がありますが、「物権>賃借権」という優劣は場面… 正答（2）との違いを確認し直してください。;4:（4）の内容は、正答（2）「留置権は他人の物を留置して債権の弁済を促す権利で、優先弁済権がある」が示す論点とずれています。 解説の要点：先取特権（一般の先取特権・特別の先取特権）は当事者の合意や占有移転を要せず、法律の定めにより当然に発生する担保物権です（民法303条）。例えば雇用関係から生じる賃金債権や一般の先取特権があります。地上権は賃借権より物権として強い対抗力がありますが、「物権>賃借権」という優劣は場面… 正答（2）との違いを確認し直してください。,先取特権（一般の先取特権・特別の先取特権）は当事者の合意や占有移転を要せず、法律の定めにより当然に発生する担保物権です（民法303条）。例えば雇用関係から生じる賃金債権や一般の先取特権があります。地上権は賃借権より物権として強い対抗力がありますが、「物権>賃借権」という優劣は場面によります。留置権は優先弁済権はなく占有権限のみです。,先取特権（一般の先取特権・特別の先取特権）は当事者の合意や占有移転を要せず、法律の定めにより当然に発生する担保物権です（民法303条）。例えば雇用関係から生じる賃金債権や一般の先取特権があります。地上権は賃借権より物権として強い対抗力がありますが、「物権>賃借権」という優劣は場面によります。留置権は優先弁済権はなく占有権限のみです。,
2020,令和2年度,14,single,権利関係,,民法に規定する時効に関する次の記述のうち、正しいものはどれか。,,,,,,取得時効は、所有の意思をもって平穏・公然に他人の物を占有し続けることで完成する,消滅時効は中断事由がなければ時効完成を止められない,時効が完成しても援用（使います！の意思表示）がなければ効力は生じない,時効の完成後に自ら義務を認めた（承認）場合は時効援用の効力が発生しない,2,FALSE,FALSE,,時効は完成しただけでは効力が生じず、当事者が「時効を援用する（使います！）」という意思表示をしてはじめて効力が発生します（民法145条）。取得時効は「所有の意思をもって平穏・公然に10年（善意無過失）または20年（それ以外）占有」で完成します。時効中断（更新）事由（請求・差押え・承認等）があれば時効の進行がリセットされます。,1:（1）の内容は、正答（2）「消滅時効は中断事由がなければ時効完成を止められない」が示す論点とずれています。 解説の要点：時効は完成しただけでは効力が生じず、当事者が「時効を援用する（使います！）」という意思表示をしてはじめて効力が発生します（民法145条）。取得時効は「所有の意思をもって平穏・公然に10年（善意無過失）または20年（それ以外）占有」で完成します。時効中断（更新）事由（請求・差押え・… 正答（2）との違いを確認し直してください。;3:（3）の内容は、正答（2）「消滅時効は中断事由がなければ時効完成を止められない」が示す論点とずれています。 解説の要点：時効は完成しただけでは効力が生じず、当事者が「時効を援用する（使います！）」という意思表示をしてはじめて効力が発生します（民法145条）。取得時効は「所有の意思をもって平穏・公然に10年（善意無過失）または20年（それ以外）占有」で完成します。時効中断（更新）事由（請求・差押え・… 正答（2）との違いを確認し直してください。;4:（4）の内容は、正答（2）「消滅時効は中断事由がなければ時効完成を止められない」が示す論点とずれています。 解説の要点：時効は完成しただけでは効力が生じず、当事者が「時効を援用する（使います！）」という意思表示をしてはじめて効力が発生します（民法145条）。取得時効は「所有の意思をもって平穏・公然に10年（善意無過失）または20年（それ以外）占有」で完成します。時効中断（更新）事由（請求・差押え・… 正答（2）との違いを確認し直してください。,時効は完成しただけでは効力が生じず、当事者が「時効を援用する（使います！）」という意思表示をしてはじめて効力が発生します（民法145条）。取得時効は「所有の意思をもって平穏・公然に10年（善意無過失）または20年（それ以外）占有」で完成します。時効中断（更新）事由（請求・差押え・承認等）があれば時効の進行がリセットされます。,時効は完成しただけでは効力が生じず、当事者が「時効を援用する（使います！）」という意思表示をしてはじめて効力が発生します（民法145条）。取得時効は「所有の意思をもって平穏・公然に10年（善意無過失）または20年（それ以外）占有」で完成します。時効中断（更新）事由（請求・差押え・承認等）があれば時効の進行がリセットされます。,
2020,令和2年度,21,single,法令上の制限,,都市計画法に規定する用途地域に関する次の記述のうち、正しいものはどれか。,,,,,,用途地域は都市計画区域内のみに定めることができる,田園住居地域では農地において農産物の販売施設を建築できる,工業地域では住宅を建築できない,商業地域では全ての建築物の建築が認められる,1,FALSE,FALSE,,田園住居地域（2018年新設）では農産物の直売所など農業用の販売施設を農地に建てることができます（建築基準法別表第二）。用途地域は都市計画区域内が原則ですが、準都市計画区域にも定めることができます。工業地域では住宅も建築できます（工業専用地域が住宅不可）。商業地域でも一部の危険物・風俗関係施設等は制限を受けます。,2:（2）の内容は、正答（1）「用途地域は都市計画区域内のみに定めることができる」が示す論点とずれています。 解説の要点：田園住居地域（2018年新設）では農産物の直売所など農業用の販売施設を農地に建てることができます（建築基準法別表第二）。用途地域は都市計画区域内が原則ですが、準都市計画区域にも定めることができます。工業地域では住宅も建築できます（工業専用地域が住宅不可）。商業地域でも一部の危険物… 正答（1）との違いを確認し直してください。;3:（3）「工業地域では住宅を建築できない」は、単独の記述としては法令上妥当な場合がありますが、本問で選ぶべき正答は（1）「用途地域は都市計画区域内のみに定めることができる」です。問題文の条件（都市計画法に規定する用途地域に関する次の記述のうち、正しいものはどれか。…）と照らし、設問が問う論点に合う肢を選び直してください。;4:（4）の内容は、正答（1）「用途地域は都市計画区域内のみに定めることができる」が示す論点とずれています。 解説の要点：田園住居地域（2018年新設）では農産物の直売所など農業用の販売施設を農地に建てることができます（建築基準法別表第二）。用途地域は都市計画区域内が原則ですが、準都市計画区域にも定めることができます。工業地域では住宅も建築できます（工業専用地域が住宅不可）。商業地域でも一部の危険物… 正答（1）との違いを確認し直してください。,田園住居地域（2018年新設）では農産物の直売所など農業用の販売施設を農地に建てることができます（建築基準法別表第二）。用途地域は都市計画区域内が原則ですが、準都市計画区域にも定めることができます。工業地域では住宅も建築できます（工業専用地域が住宅不可）。商業地域でも一部の危険物・風俗関係施設等は制限を受けます。,田園住居地域（2018年新設）では農産物の直売所など農業用の販売施設を農地に建てることができます（建築基準法別表第二）。用途地域は都市計画区域内が原則ですが、準都市計画区域にも定めることができます。工業地域では住宅も建築できます（工業専用地域が住宅不可）。商業地域でも一部の危険物・風俗関係施設等は制限を受けます。,
2020,令和2年度,28,single,宅建業法,,宅地建物取引業法に規定する媒介契約書面に関する次の記述のうち、正しいものはどれか。,,,,,,媒介契約書面には宅建士の記名が必要である,一般媒介契約でも書面の作成が義務付けられている,媒介契約書面には依頼者から求められた場合のみ宅建士が記名すればよい,専任媒介契約と専属専任媒介契約は書面が必要だが、一般媒介は口頭でよい,1,FALSE,FALSE,,媒介契約（一般・専任・専属専任のいずれも）は書面で行わなければなりません（宅建業法34条の2第1項）。媒介契約書面には宅建士の記名は不要で、業者（会社）として記名・押印することが求められます（改正後は押印は不要）。,2:（2）の内容は、正答（1）「媒介契約書面には宅建士の記名が必要である」が示す論点とずれています。 解説の要点：媒介契約（一般・専任・専属専任のいずれも）は書面で行わなければなりません（宅建業法34条の2第1項）。媒介契約書面には宅建士の記名は不要で、業者（会社）として記名・押印することが求められます（改正後は押印は不要）。 正答（1）との違いを確認し直してください。;3:（3）の内容は、正答（1）「媒介契約書面には宅建士の記名が必要である」が示す論点とずれています。 解説の要点：媒介契約（一般・専任・専属専任のいずれも）は書面で行わなければなりません（宅建業法34条の2第1項）。媒介契約書面には宅建士の記名は不要で、業者（会社）として記名・押印することが求められます（改正後は押印は不要）。 正答（1）との違いを確認し直してください。;4:（4）の内容は、正答（1）「媒介契約書面には宅建士の記名が必要である」が示す論点とずれています。 解説の要点：媒介契約（一般・専任・専属専任のいずれも）は書面で行わなければなりません（宅建業法34条の2第1項）。媒介契約書面には宅建士の記名は不要で、業者（会社）として記名・押印することが求められます（改正後は押印は不要）。 正答（1）との違いを確認し直してください。,媒介契約（一般・専任・専属専任のいずれも）は書面で行わなければなりません（宅建業法34条の2第1項）。媒介契約書面には宅建士の記名は不要で、業者（会社）として記名・押印することが求められます（改正後は押印は不要）。,媒介契約（一般・専任・専属専任のいずれも）は書面で行わなければなりません（宅建業法34条の2第1項）。媒介契約書面には宅建士の記名は不要で、業者（会社）として記名・押印することが求められます（改正後は押印は不要）。,
2020,令和2年度,29,single,宅建業法,,宅地建物取引業法に規定する重要事項説明に関する次の記述のうち、正しいものはどれか。,,,,,,重要事項の説明は、取引の相手方が宅建業者であっても省略できない,重要事項説明書には宅建士の記名が必要であり、相手方にも署名を求める必要がある,重要事項説明において、建物の売買では耐震診断の結果も説明が必要な場合がある,重要事項説明書に記載の必要はないが口頭で説明が必要な事項がある,2,FALSE,FALSE,,建物（昭和56年6月1日以前に新築の工事の着工がなされたもの等）の売買では、耐震診断の結果（診断されている場合）を重要事項として説明しなければなりません（宅建業法35条1項14号）。相手方が宅建業者の場合は説明の省略が認められます（書面交付は必要）。重要事項説明書は宅建士の記名で足り、相手方の署名は不要です。,1:解説では「相手方が宅建業者の場合は説明の省略が認められます（書面交付は必要）。」とある一方、（1）の記述はそれと矛盾します。 解説の要点：建物（昭和56年6月1日以前に新築の工事の着工がなされたもの等）の売買では、耐震診断の結果（診断されている場合）を重要事項として説明しなければなりません（宅建業法35条1項14号）。相手方が宅建業者の場合は説明の省略が認められます（書面交付は必要）。重要事項説明書は宅建士の記名で… 正答（2）との違いを確認し直してください。;3:（3）の内容は、正答（2）「重要事項説明書には宅建士の記名が必要であり、相手方にも署名を求める必要がある」が示す論点とずれています。 解説の要点：建物（昭和56年6月1日以前に新築の工事の着工がなされたもの等）の売買では、耐震診断の結果（診断されている場合）を重要事項として説明しなければなりません（宅建業法35条1項14号）。相手方が宅建業者の場合は説明の省略が認められます（書面交付は必要）。重要事項説明書は宅建士の記名で… 正答（2）との違いを確認し直してください。;4:解説では「相手方が宅建業者の場合は説明の省略が認められます（書面交付は必要）。」とある一方、（4）の記述はそれと矛盾します。 解説の要点：建物（昭和56年6月1日以前に新築の工事の着工がなされたもの等）の売買では、耐震診断の結果（診断されている場合）を重要事項として説明しなければなりません（宅建業法35条1項14号）。相手方が宅建業者の場合は説明の省略が認められます（書面交付は必要）。重要事項説明書は宅建士の記名で… 正答（2）との違いを確認し直してください。,建物（昭和56年6月1日以前に新築の工事の着工がなされたもの等）の売買では、耐震診断の結果（診断されている場合）を重要事項として説明しなければなりません（宅建業法35条1項14号）。相手方が宅建業者の場合は説明の省略が認められます（書面交付は必要）。重要事項説明書は宅建士の記名で足り、相手方の署名は不要です。,建物（昭和56年6月1日以前に新築の工事の着工がなされたもの等）の売買では、耐震診断の結果（診断されている場合）を重要事項として説明しなければなりません（宅建業法35条1項14号）。相手方が宅建業者の場合は説明の省略が認められます（書面交付は必要）。重要事項説明書は宅建士の記名で足り、相手方の署名は不要です。,
2020,令和2年度,30,single,宅建業法,,宅地建物取引業法に規定する報酬に関する次の記述のうち、正しいものはどれか（消費税考慮不要）。,,,,,,宅建業者が売買の媒介をした場合、代金が300万円のとき双方から受け取れる報酬合計の上限は16万円+6万円×2=24万円である,宅建業者は国土交通大臣が定める報酬の上限を超えて報酬を受け取ることができる,賃貸借の媒介で貸主・借主双方から依頼を受けた場合、合計して借賃の2か月分まで受領できる,売買の媒介で速算式を用いる場合、代金が500万円のときの上限は500万×3%+6万円=21万円である,3,FALSE,FALSE,,代金500万円の売買媒介の場合、速算式「代金×3%+6万円=21万円（税別）」が一方からの上限です（宅建業法告示）。300万円の場合は「300万×4%+2万円=14万円」が一方からの上限です（速算式の200万〜400万は4%+2万）。報酬の上限を超えた受領は違法です。賃貸借の場合は双方合計で1か月分（2か月分ではない）が上限です。,1:（1）の内容は、正答（3）「賃貸借の媒介で貸主・借主双方から依頼を受けた場合、合計して借賃の2か月分まで受領できる」が示す論点とずれています。 解説の要点：代金500万円の売買媒介の場合、速算式「代金×3%+6万円=21万円（税別）」が一方からの上限です（宅建業法告示）。300万円の場合は「300万×4%+2万円=14万円」が一方からの上限です（速算式の200万〜400万は4%+2万）。報酬の上限を超えた受領は違法です。賃貸借の場合… 正答（3）との違いを確認し直してください。;2:（2）の内容は、正答（3）「賃貸借の媒介で貸主・借主双方から依頼を受けた場合、合計して借賃の2か月分まで受領できる」が示す論点とずれています。 解説の要点：代金500万円の売買媒介の場合、速算式「代金×3%+6万円=21万円（税別）」が一方からの上限です（宅建業法告示）。300万円の場合は「300万×4%+2万円=14万円」が一方からの上限です（速算式の200万〜400万は4%+2万）。報酬の上限を超えた受領は違法です。賃貸借の場合… 正答（3）との違いを確認し直してください。;4:（4）の内容は、正答（3）「賃貸借の媒介で貸主・借主双方から依頼を受けた場合、合計して借賃の2か月分まで受領できる」が示す論点とずれています。 解説の要点：代金500万円の売買媒介の場合、速算式「代金×3%+6万円=21万円（税別）」が一方からの上限です（宅建業法告示）。300万円の場合は「300万×4%+2万円=14万円」が一方からの上限です（速算式の200万〜400万は4%+2万）。報酬の上限を超えた受領は違法です。賃貸借の場合… 正答（3）との違いを確認し直してください。,代金500万円の売買媒介の場合、速算式「代金×3%+6万円=21万円（税別）」が一方からの上限です（宅建業法告示）。300万円の場合は「300万×4%+2万円=14万円」が一方からの上限です（速算式の200万〜400万は4%+2万）。報酬の上限を超えた受領は違法です。賃貸借の場合は双方合計で1か月分（2か月分ではない）が上限です。,代金500万円の売買媒介の場合、速算式「代金×3%+6万円=21万円（税別）」が一方からの上限です（宅建業法告示）。300万円の場合は「300万×4%+2万円=14万円」が一方からの上限です（速算式の200万〜400万は4%+2万）。報酬の上限を超えた受領は違法です。賃貸借の場合は双方合計で1か月分（2か月分ではない）が上限です。,
2020,令和2年度,37,single,宅建業法,,宅地建物取引業法に規定する重要事項説明書（35条書面）の記載事項に関する次の記述のうち、正しいものはどれか。,,,,,,宅地の売買の場合、当該宅地の造成に関する工事の完了時の形状・構造は説明しなければならない,宅地の売買の場合、近隣住民の生活環境は説明しなければならない,建物の売買の場合、当該建物に関する住宅性能評価を受けた新築住宅では評価書の交付を受けているかどうかを説明しなければならない,土地の売買では地盤の状況は重要事項として説明不要である,2,FALSE,FALSE,,住宅性能評価を受けた新築住宅（住宅品質確保法に基づく）の売買では、評価書の交付を受けているかどうかを重要事項として説明しなければなりません（宅建業法35条1項13号）。造成工事完了時の形状・構造は未完成の宅地の売買では説明が必要です。地盤の状況も必要に応じて説明が求められます。,1:解説では「造成工事完了時の形状・構造は未完成の宅地の売買では説明が必要です。」とある一方、（1）の記述はそれと矛盾します。 解説の要点：住宅性能評価を受けた新築住宅（住宅品質確保法に基づく）の売買では、評価書の交付を受けているかどうかを重要事項として説明しなければなりません（宅建業法35条1項13号）。造成工事完了時の形状・構造は未完成の宅地の売買では説明が必要です。地盤の状況も必要に応じて説明が求められます。 正答（2）との違いを確認し直してください。;3:解説では「造成工事完了時の形状・構造は未完成の宅地の売買では説明が必要です。」とある一方、（3）の記述はそれと矛盾します。 解説の要点：住宅性能評価を受けた新築住宅（住宅品質確保法に基づく）の売買では、評価書の交付を受けているかどうかを重要事項として説明しなければなりません（宅建業法35条1項13号）。造成工事完了時の形状・構造は未完成の宅地の売買では説明が必要です。地盤の状況も必要に応じて説明が求められます。 正答（2）との違いを確認し直してください。;4:解説では「造成工事完了時の形状・構造は未完成の宅地の売買では説明が必要です。」とある一方、（4）の記述はそれと矛盾します。 解説の要点：住宅性能評価を受けた新築住宅（住宅品質確保法に基づく）の売買では、評価書の交付を受けているかどうかを重要事項として説明しなければなりません（宅建業法35条1項13号）。造成工事完了時の形状・構造は未完成の宅地の売買では説明が必要です。地盤の状況も必要に応じて説明が求められます。 正答（2）との違いを確認し直してください。,住宅性能評価を受けた新築住宅（住宅品質確保法に基づく）の売買では、評価書の交付を受けているかどうかを重要事項として説明しなければなりません（宅建業法35条1項13号）。造成工事完了時の形状・構造は未完成の宅地の売買では説明が必要です。地盤の状況も必要に応じて説明が求められます。,住宅性能評価を受けた新築住宅（住宅品質確保法に基づく）の売買では、評価書の交付を受けているかどうかを重要事項として説明しなければなりません（宅建業法35条1項13号）。造成工事完了時の形状・構造は未完成の宅地の売買では説明が必要です。地盤の状況も必要に応じて説明が求められます。,
2020,令和2年度,39,single,宅建業法,,宅地建物取引業者の免許に関する次の記述のうち、正しいものはどれか。,,,,,,宅建業の免許を受けた後に廃業した場合、廃業後30日以内に届け出なければならない,宅建業者が合併により消滅した場合、合併後の法人が免許を引き継ぐ,免許申請後、免許を受ける前でも宅建業の広告を行うことができる,宅建業者が破産した場合、破産管財人が30日以内に届け出なければならない,3,FALSE,FALSE,,宅建業者が破産した場合、破産管財人が破産手続き開始の日から30日以内に届け出なければなりません（宅建業法11条）。廃業した場合は代表者等（法人の場合は役員）が廃業後30日以内に届け出が必要です。法人が合併で消滅した場合、免許は引き継がれず、合併後の法人が新たに免許を取得する必要があります。免許取得前の広告は宅建業法違反です。,1:解説では「廃業した場合は代表者等（法人の場合は役員）が廃業後30日以内に届け出が必要です。」とある一方、（1）の記述はそれと矛盾します。 解説の要点：宅建業者が破産した場合、破産管財人が破産手続き開始の日から30日以内に届け出なければなりません（宅建業法11条）。廃業した場合は代表者等（法人の場合は役員）が廃業後30日以内に届け出が必要です。法人が合併で消滅した場合、免許は引き継がれず、合併後の法人が新たに免許を取得する必要が… 正答（3）との違いを確認し直してください。;2:（2）の内容は、正答（3）「免許申請後、免許を受ける前でも宅建業の広告を行うことができる」が示す論点とずれています。 解説の要点：宅建業者が破産した場合、破産管財人が破産手続き開始の日から30日以内に届け出なければなりません（宅建業法11条）。廃業した場合は代表者等（法人の場合は役員）が廃業後30日以内に届け出が必要です。法人が合併で消滅した場合、免許は引き継がれず、合併後の法人が新たに免許を取得する必要が… 正答（3）との違いを確認し直してください。;4:宅建業者が破産した場合、破産管財人が破産手続き開始の日から30日以内に届け出なければなりません（宅建業法11条）。,宅建業者が破産した場合、破産管財人が破産手続き開始の日から30日以内に届け出なければなりません（宅建業法11条）。廃業した場合は代表者等（法人の場合は役員）が廃業後30日以内に届け出が必要です。法人が合併で消滅した場合、免許は引き継がれず、合併後の法人が新たに免許を取得する必要があります。免許取得前の広告は宅建業法違反です。,宅建業者が破産した場合、破産管財人が破産手続き開始の日から30日以内に届け出なければなりません（宅建業法11条）。廃業した場合は代表者等（法人の場合は役員）が廃業後30日以内に届け出が必要です。法人が合併で消滅した場合、免許は引き継がれず、合併後の法人が新たに免許を取得する必要があります。免許取得前の広告は宅建業法違反です。,
2020,令和2年度,45,single,宅建業法,,宅地建物取引業法に規定する監督処分に関する次の記述のうち、正しいものはどれか。,,,,,,宅建業者が業法違反をした場合、まず指示処分・次に業務停止・最後に免許取消の順序で処分される,業務停止処分期間中も宅建業者は既存の取引の引渡し等の履行を続けることができる,知事は大臣免許業者に対して業務停止処分を直接行うことができる,免許取消処分の際は聴聞（意見を聞く手続き）は行わなくてよい,1,FALSE,FALSE,,業務停止処分期間中でも、既存の取引（既に契約した物件の引渡し・登記等）の履行は継続できます（宅建業法65条）。処分の順序は必ずしも指示→業務停止→免許取消の順ではなく、違反の内容に応じて直接免許取消もあります。知事は自分の管轄（知事免許業者）に対して業務停止処分を行い、大臣免許業者には大臣が行います。免許取消処分は聴聞手続きが必要です。,2:（2）の内容は、正答（1）「宅建業者が業法違反をした場合、まず指示処分・次に業務停止・最後に免許取消の順序で処分される」が示す論点とずれています。 解説の要点：業務停止処分期間中でも、既存の取引（既に契約した物件の引渡し・登記等）の履行は継続できます（宅建業法65条）。処分の順序は必ずしも指示→業務停止→免許取消の順ではなく、違反の内容に応じて直接免許取消もあります。知事は自分の管轄（知事免許業者）に対して業務停止処分を行い、大臣免許業… 正答（1）との違いを確認し直してください。;3:（3）の内容は、正答（1）「宅建業者が業法違反をした場合、まず指示処分・次に業務停止・最後に免許取消の順序で処分される」が示す論点とずれています。 解説の要点：業務停止処分期間中でも、既存の取引（既に契約した物件の引渡し・登記等）の履行は継続できます（宅建業法65条）。処分の順序は必ずしも指示→業務停止→免許取消の順ではなく、違反の内容に応じて直接免許取消もあります。知事は自分の管轄（知事免許業者）に対して業務停止処分を行い、大臣免許業… 正答（1）との違いを確認し直してください。;4:（4）の内容は、正答（1）「宅建業者が業法違反をした場合、まず指示処分・次に業務停止・最後に免許取消の順序で処分される」が示す論点とずれています。 解説の要点：業務停止処分期間中でも、既存の取引（既に契約した物件の引渡し・登記等）の履行は継続できます（宅建業法65条）。処分の順序は必ずしも指示→業務停止→免許取消の順ではなく、違反の内容に応じて直接免許取消もあります。知事は自分の管轄（知事免許業者）に対して業務停止処分を行い、大臣免許業… 正答（1）との違いを確認し直してください。,業務停止処分期間中でも、既存の取引（既に契約した物件の引渡し・登記等）の履行は継続できます（宅建業法65条）。処分の順序は必ずしも指示→業務停止→免許取消の順ではなく、違反の内容に応じて直接免許取消もあります。知事は自分の管轄（知事免許業者）に対して業務停止処分を行い、大臣免許業者には大臣が行います。免許取消処分は聴聞手続きが必要です。,業務停止処分期間中でも、既存の取引（既に契約した物件の引渡し・登記等）の履行は継続できます（宅建業法65条）。処分の順序は必ずしも指示→業務停止→免許取消の順ではなく、違反の内容に応じて直接免許取消もあります。知事は自分の管轄（知事免許業者）に対して業務停止処分を行い、大臣免許業者には大臣が行います。免許取消処分は聴聞手続きが必要です。,
2020,令和2年度,48,single,税・その他,,土地の地盤に関する次の記述のうち、最も不適切なものはどれか。,,,,,,液状化現象は砂質地盤で地震時に発生しやすい,台地は一般に地盤が安定しており液状化しにくい,埋立地は地盤が軟弱で液状化の危険性が高い,山地・丘陵地は平野に比べて液状化しやすい,3,FALSE,FALSE,,液状化現象は「砂質の地盤」が地震で振動した際に発生しやすく、山地・丘陵地（岩盤や固い地盤が多い）では発生しにくいです。液状化しやすいのは沖積低地・埋立地・干拓地・砂丘など砂質の地盤です。台地は比較的固い地盤で液状化しにくいです。これが最も不適切な記述です。,1:（1）「液状化現象は砂質地盤で地震時に発生しやすい」は、設問の趣旨では適切な記述・対応に当たることが多いです。本問は「最も不適切なもの」を選ぶ形式のため、正答は（3）「埋立地は地盤が軟弱で液状化の危険性が高い」です。解説のポイント：液状化現象は「砂質の地盤」が地震で振動した際に発生しやすく、山地・丘陵地（岩盤や固い地盤が多い）では発生しにくいです。液状化しやすいのは沖積低地・埋立地・干拓地・砂丘など砂質の地盤です。台地は比較的固い地盤で液状化しにくいです。これが最も不…;2:（2）「台地は一般に地盤が安定しており液状化しにくい」は、設問の趣旨では適切な記述・対応に当たることが多いです。本問は「最も不適切なもの」を選ぶ形式のため、正答は（3）「埋立地は地盤が軟弱で液状化の危険性が高い」です。解説のポイント：液状化現象は「砂質の地盤」が地震で振動した際に発生しやすく、山地・丘陵地（岩盤や固い地盤が多い）では発生しにくいです。液状化しやすいのは沖積低地・埋立地・干拓地・砂丘など砂質の地盤です。台地は比較的固い地盤で液状化しにくいです。これが最も不…;4:（4）「山地・丘陵地は平野に比べて液状化しやすい」は、設問の趣旨では適切な記述・対応に当たることが多いです。本問は「最も不適切なもの」を選ぶ形式のため、正答は（3）「埋立地は地盤が軟弱で液状化の危険性が高い」です。解説のポイント：液状化現象は「砂質の地盤」が地震で振動した際に発生しやすく、山地・丘陵地（岩盤や固い地盤が多い）では発生しにくいです。液状化しやすいのは沖積低地・埋立地・干拓地・砂丘など砂質の地盤です。台地は比較的固い地盤で液状化しにくいです。これが最も不…,液状化現象は「砂質の地盤」が地震で振動した際に発生しやすく、山地・丘陵地（岩盤や固い地盤が多い）では発生しにくいです。液状化しやすいのは沖積低地・埋立地・干拓地・砂丘など砂質の地盤です。台地は比較的固い地盤で液状化しにくいです。これが最も不適切な記述です。,液状化現象は「砂質の地盤」が地震で振動した際に発生しやすく、山地・丘陵地（岩盤や固い地盤が多い）では発生しにくいです。液状化しやすいのは沖積低地・埋立地・干拓地・砂丘など砂質の地盤です。台地は比較的固い地盤で液状化しにくいです。これが最も不適切な記述です。,
2020,令和2年度,49,single,税・その他,,建物の構造に関する次の記述のうち、最も不適切なものはどれか。,,,,,,ラーメン構造は柱と梁を剛接合（固く接合）した骨組みで大空間が実現しやすい,壁式構造は壁で建物を支えるため、ラーメン構造に比べて大空間が作りにくい,木造枠組壁工法（2×4工法）は壁・床・天井のパネルで建物を支える構造である,鉄骨造（S造）は耐火性に優れるため、耐火被覆は不要である,3,FALSE,FALSE,,鉄骨（スチール）は高温になると急激に強度が低下するため、耐火被覆（被覆材で覆うこと）が必要です。「耐火被覆が不要」という記述が最も不適切です。ラーメン構造は柱・梁の剛接合により大空間が可能で、オフィスビルや高層マンションに多く採用されます。2×4工法は壁・床・天井のパネルで支える合理的な工法です。,1:（1）「ラーメン構造は柱と梁を剛接合（固く接合）した骨組みで大空間が実現しやすい」は、設問の趣旨では適切な記述・対応に当たることが多いです。本問は「最も不適切なもの」を選ぶ形式のため、正答は（3）「木造枠組壁工法（2×4工法）は壁・床・天井のパネルで建物を支える構造である」です。解説のポイント：鉄骨（スチール）は高温になると急激に強度が低下するため、耐火被覆（被覆材で覆うこと）が必要です。「耐火被覆が不要」という記述が最も不適切です。ラーメン構造は柱・梁の剛接合により大空間が可能で、オフィスビルや高層マンションに多く採用されます。…;2:（2）「壁式構造は壁で建物を支えるため、ラーメン構造に比べて大空間が作りにくい」は、設問の趣旨では適切な記述・対応に当たることが多いです。本問は「最も不適切なもの」を選ぶ形式のため、正答は（3）「木造枠組壁工法（2×4工法）は壁・床・天井のパネルで建物を支える構造である」です。解説のポイント：鉄骨（スチール）は高温になると急激に強度が低下するため、耐火被覆（被覆材で覆うこと）が必要です。「耐火被覆が不要」という記述が最も不適切です。ラーメン構造は柱・梁の剛接合により大空間が可能で、オフィスビルや高層マンションに多く採用されます。…;4:（4）「鉄骨造（S造）は耐火性に優れるため、耐火被覆は不要である」は、設問の趣旨では適切な記述・対応に当たることが多いです。本問は「最も不適切なもの」を選ぶ形式のため、正答は（3）「木造枠組壁工法（2×4工法）は壁・床・天井のパネルで建物を支える構造である」です。解説のポイント：鉄骨（スチール）は高温になると急激に強度が低下するため、耐火被覆（被覆材で覆うこと）が必要です。「耐火被覆が不要」という記述が最も不適切です。ラーメン構造は柱・梁の剛接合により大空間が可能で、オフィスビルや高層マンションに多く採用されます。…,鉄骨（スチール）は高温になると急激に強度が低下するため、耐火被覆（被覆材で覆うこと）が必要です。「耐火被覆が不要」という記述が最も不適切です。ラーメン構造は柱・梁の剛接合により大空間が可能で、オフィスビルや高層マンションに多く採用されます。2×4工法は壁・床・天井のパネルで支える合理的な工法です。,鉄骨（スチール）は高温になると急激に強度が低下するため、耐火被覆（被覆材で覆うこと）が必要です。「耐火被覆が不要」という記述が最も不適切です。ラーメン構造は柱・梁の剛接合により大空間が可能で、オフィスビルや高層マンションに多く採用されます。2×4工法は壁・床・天井のパネルで支える合理的な工法です。,
2020,令和2年度,50,single,税・その他,,宅地・建物の統計（令和2年度試験時点）に関する次の記述のうち、最も適切なものはどれか。,,,,,,近年の住宅着工戸数は100万戸を大幅に超えて推移している,首都圏の新築マンションの1戸あたり平均価格は近年大幅に下落している,新設住宅着工のうち持家は減少傾向にある一方、貸家は増加傾向にある,不動産価格指数（住宅）は近年上昇傾向にある,3,FALSE,FALSE,,不動産価格指数（住宅）は近年上昇傾向にあります（国土交通省公表）。近年の住宅着工戸数は80〜90万戸前後で推移しており100万戸を大幅に超えてはいません。首都圏の新築マンション価格は上昇傾向です（下落ではない）。持家・貸家ともに増減はありますが一概に言えません。,1:（1）の内容は、正答（3）「新設住宅着工のうち持家は減少傾向にある一方、貸家は増加傾向にある」が示す論点とずれています。 解説の要点：不動産価格指数（住宅）は近年上昇傾向にあります（国土交通省公表）。近年の住宅着工戸数は80〜90万戸前後で推移しており100万戸を大幅に超えてはいません。首都圏の新築マンション価格は上昇傾向です（下落ではない）。持家・貸家ともに増減はありますが一概に言えません。 正答（3）との違いを確認し直してください。;2:（2）の内容は、正答（3）「新設住宅着工のうち持家は減少傾向にある一方、貸家は増加傾向にある」が示す論点とずれています。 解説の要点：不動産価格指数（住宅）は近年上昇傾向にあります（国土交通省公表）。近年の住宅着工戸数は80〜90万戸前後で推移しており100万戸を大幅に超えてはいません。首都圏の新築マンション価格は上昇傾向です（下落ではない）。持家・貸家ともに増減はありますが一概に言えません。 正答（3）との違いを確認し直してください。;4:（4）の内容は、正答（3）「新設住宅着工のうち持家は減少傾向にある一方、貸家は増加傾向にある」が示す論点とずれています。 解説の要点：不動産価格指数（住宅）は近年上昇傾向にあります（国土交通省公表）。近年の住宅着工戸数は80〜90万戸前後で推移しており100万戸を大幅に超えてはいません。首都圏の新築マンション価格は上昇傾向です（下落ではない）。持家・貸家ともに増減はありますが一概に言えません。 正答（3）との違いを確認し直してください。,不動産価格指数（住宅）は近年上昇傾向にあります（国土交通省公表）。近年の住宅着工戸数は80〜90万戸前後で推移しており100万戸を大幅に超えてはいません。首都圏の新築マンション価格は上昇傾向です（下落ではない）。持家・貸家ともに増減はありますが一概に言えません。,不動産価格指数（住宅）は近年上昇傾向にあります（国土交通省公表）。近年の住宅着工戸数は80〜90万戸前後で推移しており100万戸を大幅に超えてはいません。首都圏の新築マンション価格は上昇傾向です（下落ではない）。持家・貸家ともに増減はありますが一概に言えません。,
2021,令和3年度,7,single,権利関係,,売買に関する次の記述のうち、民法の規定によれば正しいものはどれか。,,,,,,売買契約が締結されると、目的物の所有権は当事者間の合意のみで移転する,売買代金の支払いと目的物の引渡しは原則として同時履行の関係にある,売主が代金を受領した後に目的物の引渡しを拒む場合、買主は代金返還を請求できるだけである,買主が代金を支払わない場合、売主は催告なしに直ちに契約を解除できる,1,FALSE,FALSE,,売買代金の支払いと目的物の引渡しは同時履行の関係（お互い相手が履行するまで自分の履行を拒める）にあります（民法533条）。所有権は原則として「当事者間の合意のみ」で移転します（民法176条）（登記は対抗要件）。原則として催告（「期間を定めて履行してください」と通知）後でないと解除できません。,2:（2）の内容は、正答（1）「売買契約が締結されると、目的物の所有権は当事者間の合意のみで移転する」が示す論点とずれています。 解説の要点：売買代金の支払いと目的物の引渡しは同時履行の関係（お互い相手が履行するまで自分の履行を拒める）にあります（民法533条）。所有権は原則として「当事者間の合意のみ」で移転します（民法176条）（登記は対抗要件）。原則として催告（「期間を定めて履行してください」と通知）後でないと解除… 正答（1）との違いを確認し直してください。;3:（3）の内容は、正答（1）「売買契約が締結されると、目的物の所有権は当事者間の合意のみで移転する」が示す論点とずれています。 解説の要点：売買代金の支払いと目的物の引渡しは同時履行の関係（お互い相手が履行するまで自分の履行を拒める）にあります（民法533条）。所有権は原則として「当事者間の合意のみ」で移転します（民法176条）（登記は対抗要件）。原則として催告（「期間を定めて履行してください」と通知）後でないと解除… 正答（1）との違いを確認し直してください。;4:（4）の内容は、正答（1）「売買契約が締結されると、目的物の所有権は当事者間の合意のみで移転する」が示す論点とずれています。 解説の要点：売買代金の支払いと目的物の引渡しは同時履行の関係（お互い相手が履行するまで自分の履行を拒める）にあります（民法533条）。所有権は原則として「当事者間の合意のみ」で移転します（民法176条）（登記は対抗要件）。原則として催告（「期間を定めて履行してください」と通知）後でないと解除… 正答（1）との違いを確認し直してください。,売買代金の支払いと目的物の引渡しは同時履行の関係（お互い相手が履行するまで自分の履行を拒める）にあります（民法533条）。所有権は原則として「当事者間の合意のみ」で移転します（民法176条）（登記は対抗要件）。原則として催告（「期間を定めて履行してください」と通知）後でないと解除できません。,売買代金の支払いと目的物の引渡しは同時履行の関係（お互い相手が履行するまで自分の履行を拒める）にあります（民法533条）。所有権は原則として「当事者間の合意のみ」で移転します（民法176条）（登記は対抗要件）。原則として催告（「期間を定めて履行してください」と通知）後でないと解除できません。,
2021,令和3年度,33,single,宅建業法,,宅地建物取引業者が自ら売主の場合の自己の所有に属しない物件の売買に関する次の記述のうち、正しいものはどれか。,,,,,,宅建業者は、他人が所有する物件について当該他人と売買予約がある場合でも、買主に売ることができない,宅建業者は、未完成の自社物件については条件なく売却できる,宅建業者同士の売買契約では、他人物売買の制限が適用される,宅建業者は、土地の開発許可を取得した段階で所有していなくても売却できる,3,FALSE,FALSE,,宅建業者が開発許可を取得している場合など、一定の条件を満たせば自己の所有に属しない物件でも売買契約ができます（宅建業法33条の2但書）。他人が所有する物件でも、その他人と売買予約がある場合（他人物取得の見込みがある場合）は売却できます。宅建業者同士の売買では8種制限（他人物売買の制限含む）は適用されません。,1:解説では「他人が所有する物件でも、その他人と売買予約がある場合（他人物取得の見込みがある場合）は売却できます。」とある一方、（1）の記述はそれと矛盾します。 解説の要点：宅建業者が開発許可を取得している場合など、一定の条件を満たせば自己の所有に属しない物件でも売買契約ができます（宅建業法33条の2但書）。他人が所有する物件でも、その他人と売買予約がある場合（他人物取得の見込みがある場合）は売却できます。宅建業者同士の売買では8種制限（他人物売買の… 正答（3）との違いを確認し直してください。;2:（2）の内容は、正答（3）「宅建業者同士の売買契約では、他人物売買の制限が適用される」が示す論点とずれています。 解説の要点：宅建業者が開発許可を取得している場合など、一定の条件を満たせば自己の所有に属しない物件でも売買契約ができます（宅建業法33条の2但書）。他人が所有する物件でも、その他人と売買予約がある場合（他人物取得の見込みがある場合）は売却できます。宅建業者同士の売買では8種制限（他人物売買の… 正答（3）との違いを確認し直してください。;4:（4）の内容は、正答（3）「宅建業者同士の売買契約では、他人物売買の制限が適用される」が示す論点とずれています。 解説の要点：宅建業者が開発許可を取得している場合など、一定の条件を満たせば自己の所有に属しない物件でも売買契約ができます（宅建業法33条の2但書）。他人が所有する物件でも、その他人と売買予約がある場合（他人物取得の見込みがある場合）は売却できます。宅建業者同士の売買では8種制限（他人物売買の… 正答（3）との違いを確認し直してください。,宅建業者が開発許可を取得している場合など、一定の条件を満たせば自己の所有に属しない物件でも売買契約ができます（宅建業法33条の2但書）。他人が所有する物件でも、その他人と売買予約がある場合（他人物取得の見込みがある場合）は売却できます。宅建業者同士の売買では8種制限（他人物売買の制限含む）は適用されません。,宅建業者が開発許可を取得している場合など、一定の条件を満たせば自己の所有に属しない物件でも売買契約ができます（宅建業法33条の2但書）。他人が所有する物件でも、その他人と売買予約がある場合（他人物取得の見込みがある場合）は売却できます。宅建業者同士の売買では8種制限（他人物売買の制限含む）は適用されません。,
2021,令和3年度,40,single,宅建業法,,宅地建物取引業法に規定する宅建業者の免許の失効に関する次の記述のうち、正しいものはどれか。,,,,,,法人業者が合併により消滅した場合、合併後の法人が承継するため免許の効力は引き続き有効である,宅建業者が死亡した場合、相続人は直ちに業務を停止しなければならない,宅建業者が廃業した場合、廃業した日にさかのぼって免許の効力が失われる,宅建業者の免許の有効期間が満了した場合、業者は直ちに営業保証金の取り戻しができる,3,FALSE,FALSE,,免許の有効期間が満了して更新されなかった場合や廃業・死亡等で免許が失効した場合、営業保証金（または分担金の差額等）の取り戻し手続きができます（宅建業法30条）。法人が合併で消滅した場合、合併後の法人は新たに免許を取得し直す必要があります（免許は引き継がれない）。宅建業者が死亡した場合、相続人は業務停止ではなく届出をしなければなりません。,1:（1）の内容は、正答（3）「宅建業者が廃業した場合、廃業した日にさかのぼって免許の効力が失われる」が示す論点とずれています。 解説の要点：免許の有効期間が満了して更新されなかった場合や廃業・死亡等で免許が失効した場合、営業保証金（または分担金の差額等）の取り戻し手続きができます（宅建業法30条）。法人が合併で消滅した場合、合併後の法人は新たに免許を取得し直す必要があります（免許は引き継がれない）。宅建業者が死亡した… 正答（3）との違いを確認し直してください。;2:解説では「免許の有効期間が満了して更新されなかった場合や廃業・死亡等で免許が失効した場合、営業保証金（または分担金の差額等）の取り戻し手続きができます（宅建業法30条）。」とある一方、（2）の記述はそれと矛盾します。 解説の要点：免許の有効期間が満了して更新されなかった場合や廃業・死亡等で免許が失効した場合、営業保証金（または分担金の差額等）の取り戻し手続きができます（宅建業法30条）。法人が合併で消滅した場合、合併後の法人は新たに免許を取得し直す必要があります（免許は引き継がれない）。宅建業者が死亡した… 正答（3）との違いを確認し直してください。;4:（4）の内容は、正答（3）「宅建業者が廃業した場合、廃業した日にさかのぼって免許の効力が失われる」が示す論点とずれています。 解説の要点：免許の有効期間が満了して更新されなかった場合や廃業・死亡等で免許が失効した場合、営業保証金（または分担金の差額等）の取り戻し手続きができます（宅建業法30条）。法人が合併で消滅した場合、合併後の法人は新たに免許を取得し直す必要があります（免許は引き継がれない）。宅建業者が死亡した… 正答（3）との違いを確認し直してください。,免許の有効期間が満了して更新されなかった場合や廃業・死亡等で免許が失効した場合、営業保証金（または分担金の差額等）の取り戻し手続きができます（宅建業法30条）。法人が合併で消滅した場合、合併後の法人は新たに免許を取得し直す必要があります（免許は引き継がれない）。宅建業者が死亡した場合、相続人は業務停止ではなく届出をしなければなりません。,免許の有効期間が満了して更新されなかった場合や廃業・死亡等で免許が失効した場合、営業保証金（または分担金の差額等）の取り戻し手続きができます（宅建業法30条）。法人が合併で消滅した場合、合併後の法人は新たに免許を取得し直す必要があります（免許は引き継がれない）。宅建業者が死亡した場合、相続人は業務停止ではなく届出をしなければなりません。,
2021,令和3年度,41,single,宅建業法,,宅地建物取引業法に規定する宅建業者の業務に関する次の記述のうち、正しいものはどれか。,,,,,,宅建業者は取引の際に相手方の意思確認をせずに契約書に押印させることは禁じられている,宅建業者は物件の価格に関して不当に高い価格を提示することが禁じられている,宅建業者は相手方に嘘の説明をすることは禁じられているが、誇張は許容される,宅建業者は相手方に不利益な事実を告げないことが禁じられている,3,FALSE,FALSE,,宅建業者は相手方が判断する上で必要な重要事実を故意に告げないこと（不告知）が禁じられています（宅建業法47条）。物件の価格の不当な高価表示も問題になる場合があります。嘘の説明（虚偽告知）はもちろん禁止で、誇張も不当表示として問題となります。,1:（1）の内容は、正答（3）「宅建業者は相手方に嘘の説明をすることは禁じられているが、誇張は許容される」が示す論点とずれています。 解説の要点：宅建業者は相手方が判断する上で必要な重要事実を故意に告げないこと（不告知）が禁じられています（宅建業法47条）。物件の価格の不当な高価表示も問題になる場合があります。嘘の説明（虚偽告知）はもちろん禁止で、誇張も不当表示として問題となります。 正答（3）との違いを確認し直してください。;2:（2）の内容は、正答（3）「宅建業者は相手方に嘘の説明をすることは禁じられているが、誇張は許容される」が示す論点とずれています。 解説の要点：宅建業者は相手方が判断する上で必要な重要事実を故意に告げないこと（不告知）が禁じられています（宅建業法47条）。物件の価格の不当な高価表示も問題になる場合があります。嘘の説明（虚偽告知）はもちろん禁止で、誇張も不当表示として問題となります。 正答（3）との違いを確認し直してください。;4:解説では「宅建業者は相手方が判断する上で必要な重要事実を故意に告げないこと（不告知）が禁じられています（宅建業法47条）。」とある一方、（4）の記述はそれと矛盾します。 解説の要点：宅建業者は相手方が判断する上で必要な重要事実を故意に告げないこと（不告知）が禁じられています（宅建業法47条）。物件の価格の不当な高価表示も問題になる場合があります。嘘の説明（虚偽告知）はもちろん禁止で、誇張も不当表示として問題となります。 正答（3）との違いを確認し直してください。,宅建業者は相手方が判断する上で必要な重要事実を故意に告げないこと（不告知）が禁じられています（宅建業法47条）。物件の価格の不当な高価表示も問題になる場合があります。嘘の説明（虚偽告知）はもちろん禁止で、誇張も不当表示として問題となります。,宅建業者は相手方が判断する上で必要な重要事実を故意に告げないこと（不告知）が禁じられています（宅建業法47条）。物件の価格の不当な高価表示も問題になる場合があります。嘘の説明（虚偽告知）はもちろん禁止で、誇張も不当表示として問題となります。,
2021,令和3年度,43,single,宅建業法,,宅地建物取引業法に規定する宅地建物取引士の登録の欠格事由に関する次の記述のうち、正しいものはどれか。,,,,,,拘禁刑以上の刑に処せられた者は、執行終了後5年間は登録できない,破産者で復権を得ていない者は宅建士登録ができない,成年被後見人は現在も宅建士登録ができない,暴力行為で罰金刑を受けた者は刑の執行終了後1年で登録できる,1,FALSE,FALSE,,破産者で復権（法的な資格制限の解除）を得ていない者は宅建士の登録ができません（宅建業法18条1項1号）。復権を得れば直ちに登録申請可能です。拘禁刑以上の刑の場合も執行終了後5年間は登録不可です（正しい記述）。令和2年改正で成年被後見人の欠格条項は廃止されました。暴力行為での罰金刑は5年間登録不可です（1年ではない）。,2:（2）の内容は、正答（1）「拘禁刑以上の刑に処せられた者は、執行終了後5年間は登録できない」が示す論点とずれています。 解説の要点：破産者で復権（法的な資格制限の解除）を得ていない者は宅建士の登録ができません（宅建業法18条1項1号）。復権を得れば直ちに登録申請可能です。拘禁刑以上の刑の場合も執行終了後5年間は登録不可です（正しい記述）。令和2年改正で成年被後見人の欠格条項は廃止されました。暴力行為での罰金刑… 正答（1）との違いを確認し直してください。;3:（3）の内容は、正答（1）「拘禁刑以上の刑に処せられた者は、執行終了後5年間は登録できない」が示す論点とずれています。 解説の要点：破産者で復権（法的な資格制限の解除）を得ていない者は宅建士の登録ができません（宅建業法18条1項1号）。復権を得れば直ちに登録申請可能です。拘禁刑以上の刑の場合も執行終了後5年間は登録不可です（正しい記述）。令和2年改正で成年被後見人の欠格条項は廃止されました。暴力行為での罰金刑… 正答（1）との違いを確認し直してください。;4:（4）の内容は、正答（1）「拘禁刑以上の刑に処せられた者は、執行終了後5年間は登録できない」が示す論点とずれています。 解説の要点：破産者で復権（法的な資格制限の解除）を得ていない者は宅建士の登録ができません（宅建業法18条1項1号）。復権を得れば直ちに登録申請可能です。拘禁刑以上の刑の場合も執行終了後5年間は登録不可です（正しい記述）。令和2年改正で成年被後見人の欠格条項は廃止されました。暴力行為での罰金刑… 正答（1）との違いを確認し直してください。,破産者で復権（法的な資格制限の解除）を得ていない者は宅建士の登録ができません（宅建業法18条1項1号）。復権を得れば直ちに登録申請可能です。拘禁刑以上の刑の場合も執行終了後5年間は登録不可です（正しい記述）。令和2年改正で成年被後見人の欠格条項は廃止されました。暴力行為での罰金刑は5年間登録不可です（1年ではない）。,破産者で復権（法的な資格制限の解除）を得ていない者は宅建士の登録ができません（宅建業法18条1項1号）。復権を得れば直ちに登録申請可能です。拘禁刑以上の刑の場合も執行終了後5年間は登録不可です（正しい記述）。令和2年改正で成年被後見人の欠格条項は廃止されました。暴力行為での罰金刑は5年間登録不可です（1年ではない）。,
2021,令和3年度,49,single,税・その他,,建物の構造に関する次の記述のうち、最も不適切なものはどれか。,,,,,,耐震構造は建物の剛性を高め地震力を建物全体で受け止める構造である,制振（制震）構造は建物内部にダンパー等の装置を設けて地震エネルギーを吸収する構造である,免震構造は建物の基礎と上部構造の間に免震装置を挟んで地震の揺れを建物に伝えにくくする構造である,木造軸組構法（在来工法）は壁式構造とも呼ばれ壁で建物を支える,3,FALSE,FALSE,,木造軸組構法（在来工法）は「柱・梁・筋交い」で建物を支える軸組構造です。「壁式構造」は壁（パネル等）で建物を支える構造で、木造枠組壁工法（ツーバイフォー）やRC壁式構造が該当します。軸組構法と壁式構造は別の構造形式です。耐震・制振・免震の説明は正しいです。,1:（1）「耐震構造は建物の剛性を高め地震力を建物全体で受け止める構造である」は、設問の趣旨では適切な記述・対応に当たることが多いです。本問は「最も不適切なもの」を選ぶ形式のため、正答は（3）「免震構造は建物の基礎と上部構造の間に免震装置を挟んで地震の揺れを建物に伝えにくくする構造である」です。解説のポイント：木造軸組構法（在来工法）は「柱・梁・筋交い」で建物を支える軸組構造です。「壁式構造」は壁（パネル等）で建物を支える構造で、木造枠組壁工法（ツーバイフォー）やRC壁式構造が該当します。軸組構法と壁式構造は別の構造形式です。耐震・制振・免震の説…;2:（2）「制振（制震）構造は建物内部にダンパー等の装置を設けて地震エネルギーを吸収する構造である」は、設問の趣旨では適切な記述・対応に当たることが多いです。本問は「最も不適切なもの」を選ぶ形式のため、正答は（3）「免震構造は建物の基礎と上部構造の間に免震装置を挟んで地震の揺れを建物に伝えにくくする構造である」です。解説のポイント：木造軸組構法（在来工法）は「柱・梁・筋交い」で建物を支える軸組構造です。「壁式構造」は壁（パネル等）で建物を支える構造で、木造枠組壁工法（ツーバイフォー）やRC壁式構造が該当します。軸組構法と壁式構造は別の構造形式です。耐震・制振・免震の説…;4:（4）「木造軸組構法（在来工法）は壁式構造とも呼ばれ壁で建物を支える」は、設問の趣旨では適切な記述・対応に当たることが多いです。本問は「最も不適切なもの」を選ぶ形式のため、正答は（3）「免震構造は建物の基礎と上部構造の間に免震装置を挟んで地震の揺れを建物に伝えにくくする構造である」です。解説のポイント：木造軸組構法（在来工法）は「柱・梁・筋交い」で建物を支える軸組構造です。「壁式構造」は壁（パネル等）で建物を支える構造で、木造枠組壁工法（ツーバイフォー）やRC壁式構造が該当します。軸組構法と壁式構造は別の構造形式です。耐震・制振・免震の説…,木造軸組構法（在来工法）は「柱・梁・筋交い」で建物を支える軸組構造です。「壁式構造」は壁（パネル等）で建物を支える構造で、木造枠組壁工法（ツーバイフォー）やRC壁式構造が該当します。軸組構法と壁式構造は別の構造形式です。耐震・制振・免震の説明は正しいです。,木造軸組構法（在来工法）は「柱・梁・筋交い」で建物を支える軸組構造です。「壁式構造」は壁（パネル等）で建物を支える構造で、木造枠組壁工法（ツーバイフォー）やRC壁式構造が該当します。軸組構法と壁式構造は別の構造形式です。耐震・制振・免震の説明は正しいです。,
2022,令和4年度,6,single,権利関係,,弁済に関する次の記述のうち、民法の規定によれば正しいものはどれか。,,,,,,弁済は第三者（債務者以外の者）がすることはできない,弁済の費用が増加した場合、その増加費用は債権者の負担となる,弁済した者は弁済の証拠として受取証書（領収書）の交付を請求できる,弁済の場所は当事者間の合意がない場合、常に債務者の住所地である,2,FALSE,FALSE,,弁済した者は「受取証書（領収書）の交付を請求する権利」があります（民法486条）。弁済は原則として第三者（利害関係のない者）でもできますが、債務者の意思に反する場合は不可です（民法474条）。弁済の費用が増加した原因が債権者にある場合は債権者負担ですが、全ての費用増加が債権者負担というわけではありません。弁済場所は持参債務が原則（債権者の住所地）です。,1:解説では「弁済の費用が増加した原因が債権者にある場合は債権者負担ですが、全ての費用増加が債権者負担というわけではありません。」とある一方、（1）の記述はそれと矛盾します。 解説の要点：弁済した者は「受取証書（領収書）の交付を請求する権利」があります（民法486条）。弁済は原則として第三者（利害関係のない者）でもできますが、債務者の意思に反する場合は不可です（民法474条）。弁済の費用が増加した原因が債権者にある場合は債権者負担ですが、全ての費用増加が債権者負担… 正答（2）との違いを確認し直してください。;3:（3）の内容は、正答（2）「弁済の費用が増加した場合、その増加費用は債権者の負担となる」が示す論点とずれています。 解説の要点：弁済した者は「受取証書（領収書）の交付を請求する権利」があります（民法486条）。弁済は原則として第三者（利害関係のない者）でもできますが、債務者の意思に反する場合は不可です（民法474条）。弁済の費用が増加した原因が債権者にある場合は債権者負担ですが、全ての費用増加が債権者負担… 正答（2）との違いを確認し直してください。;4:解説では「弁済の費用が増加した原因が債権者にある場合は債権者負担ですが、全ての費用増加が債権者負担というわけではありません。」とある一方、（4）の記述はそれと矛盾します。 解説の要点：弁済した者は「受取証書（領収書）の交付を請求する権利」があります（民法486条）。弁済は原則として第三者（利害関係のない者）でもできますが、債務者の意思に反する場合は不可です（民法474条）。弁済の費用が増加した原因が債権者にある場合は債権者負担ですが、全ての費用増加が債権者負担… 正答（2）との違いを確認し直してください。,弁済した者は「受取証書（領収書）の交付を請求する権利」があります（民法486条）。弁済は原則として第三者（利害関係のない者）でもできますが、債務者の意思に反する場合は不可です（民法474条）。弁済の費用が増加した原因が債権者にある場合は債権者負担ですが、全ての費用増加が債権者負担というわけではありません。弁済場所は持参債務が原則（債権者の住所地）です。,弁済した者は「受取証書（領収書）の交付を請求する権利」があります（民法486条）。弁済は原則として第三者（利害関係のない者）でもできますが、債務者の意思に反する場合は不可です（民法474条）。弁済の費用が増加した原因が債権者にある場合は債権者負担ですが、全ての費用増加が債権者負担というわけではありません。弁済場所は持参債務が原則（債権者の住所地）です。,
2022,令和4年度,12,single,権利関係,,借地借家法に規定する普通借地権に関する次の記述のうち、正しいものはどれか。,,,,,,普通借地権の存続期間は最短30年であり、これより短い定めは無効で30年となる,借地権者が借地上の建物を登記していれば、地主が土地を第三者に譲渡しても借地権を対抗できる,借地権は書面によらなければ設定できない,借地上の建物が滅失した場合、借地権は当然消滅する,1,FALSE,FALSE,,借地権者が借地上の建物を登記（自分の名義で登記）していれば、土地が第三者Cさんに売却されても「私に借地権がありますよ」と対抗できます（借地借家法10条）。普通借地権の最短期間は30年で、これより短い定めは無効となり30年になります（正しい内容）。書面は必須ではありません。建物が滅失しても借地権は消滅せず、掲示板等の掲示で存続できます。,2:（2）の内容は、正答（1）「普通借地権の存続期間は最短30年であり、これより短い定めは無効で30年となる」が示す論点とずれています。 解説の要点：借地権者が借地上の建物を登記（自分の名義で登記）していれば、土地が第三者Cさんに売却されても「私に借地権がありますよ」と対抗できます（借地借家法10条）。普通借地権の最短期間は30年で、これより短い定めは無効となり30年になります（正しい内容）。書面は必須ではありません。建物が滅… 正答（1）との違いを確認し直してください。;3:（3）「借地権は書面によらなければ設定できない」は、単独の記述としては法令上妥当な場合がありますが、本問で選ぶべき正答は（1）「普通借地権の存続期間は最短30年であり、これより短い定めは無効で30年となる」です。問題文の条件（借地借家法に規定する普通借地権に関する次の記述のうち、正しいものはどれか。…）と照らし、設問が問う論点に合う肢を選び直してください。;4:（4）の内容は、正答（1）「普通借地権の存続期間は最短30年であり、これより短い定めは無効で30年となる」が示す論点とずれています。 解説の要点：借地権者が借地上の建物を登記（自分の名義で登記）していれば、土地が第三者Cさんに売却されても「私に借地権がありますよ」と対抗できます（借地借家法10条）。普通借地権の最短期間は30年で、これより短い定めは無効となり30年になります（正しい内容）。書面は必須ではありません。建物が滅… 正答（1）との違いを確認し直してください。,借地権者が借地上の建物を登記（自分の名義で登記）していれば、土地が第三者Cさんに売却されても「私に借地権がありますよ」と対抗できます（借地借家法10条）。普通借地権の最短期間は30年で、これより短い定めは無効となり30年になります（正しい内容）。書面は必須ではありません。建物が滅失しても借地権は消滅せず、掲示板等の掲示で存続できます。,借地権者が借地上の建物を登記（自分の名義で登記）していれば、土地が第三者Cさんに売却されても「私に借地権がありますよ」と対抗できます（借地借家法10条）。普通借地権の最短期間は30年で、これより短い定めは無効となり30年になります（正しい内容）。書面は必須ではありません。建物が滅失しても借地権は消滅せず、掲示板等の掲示で存続できます。,
2022,令和4年度,14,single,権利関係,,不動産の物権変動に関する次の記述のうち、民法の規定及び判例によれば正しいものはどれか。,,,,,,同一不動産に関して二重売買が行われた場合、先に登記を備えた者が所有権を取得する,登記が備えられた建物の賃借人は、賃借権を登記しなくても建物の引渡しを受ければ新しい所有者に対抗できる,不法行為を行った占有者に対して所有権を対抗するには登記が必要である,物権変動の対抗要件として登記が必要なのは売買によるものだけで、相続による取得は不要である,1,FALSE,FALSE,,建物の賃借人は賃借権の登記がなくても、建物の引渡し（実際に使い始めること）を受ければ新しい所有者に「私が借主です」と対抗できます（借地借家法31条）。二重売買では登記の先後で勝敗が決まります（正しい）。不法行為者には登記なく所有権を主張できます。相続も他の相続人への対抗には登記が必要な場合があります（判例）。,2:（2）の内容は、正答（1）「同一不動産に関して二重売買が行われた場合、先に登記を備えた者が所有権を取得する」が示す論点とずれています。 解説の要点：建物の賃借人は賃借権の登記がなくても、建物の引渡し（実際に使い始めること）を受ければ新しい所有者に「私が借主です」と対抗できます（借地借家法31条）。二重売買では登記の先後で勝敗が決まります（正しい）。不法行為者には登記なく所有権を主張できます。相続も他の相続人への対抗には登記が… 正答（1）との違いを確認し直してください。;3:（3）の内容は、正答（1）「同一不動産に関して二重売買が行われた場合、先に登記を備えた者が所有権を取得する」が示す論点とずれています。 解説の要点：建物の賃借人は賃借権の登記がなくても、建物の引渡し（実際に使い始めること）を受ければ新しい所有者に「私が借主です」と対抗できます（借地借家法31条）。二重売買では登記の先後で勝敗が決まります（正しい）。不法行為者には登記なく所有権を主張できます。相続も他の相続人への対抗には登記が… 正答（1）との違いを確認し直してください。;4:解説では「相続も他の相続人への対抗には登記が必要な場合があります（判例）。」とある一方、（4）の記述はそれと矛盾します。 解説の要点：建物の賃借人は賃借権の登記がなくても、建物の引渡し（実際に使い始めること）を受ければ新しい所有者に「私が借主です」と対抗できます（借地借家法31条）。二重売買では登記の先後で勝敗が決まります（正しい）。不法行為者には登記なく所有権を主張できます。相続も他の相続人への対抗には登記が… 正答（1）との違いを確認し直してください。,建物の賃借人は賃借権の登記がなくても、建物の引渡し（実際に使い始めること）を受ければ新しい所有者に「私が借主です」と対抗できます（借地借家法31条）。二重売買では登記の先後で勝敗が決まります（正しい）。不法行為者には登記なく所有権を主張できます。相続も他の相続人への対抗には登記が必要な場合があります（判例）。,建物の賃借人は賃借権の登記がなくても、建物の引渡し（実際に使い始めること）を受ければ新しい所有者に「私が借主です」と対抗できます（借地借家法31条）。二重売買では登記の先後で勝敗が決まります（正しい）。不法行為者には登記なく所有権を主張できます。相続も他の相続人への対抗には登記が必要な場合があります（判例）。,
2022,令和4年度,20,single,法令上の制限,,農地法に関する次の記述のうち、正しいものはどれか。,,,,,,農地の転用には農地法4条の許可が必要であるが、市街化区域内なら農業委員会への届出で足りる,農地を贈与する場合は農地法3条の許可は不要である,農地を相続で取得した後は農業委員会への届出も不要である,農地法5条は農地を農地以外に転用する目的で権利移動する場合の規制である,3,FALSE,FALSE,,農地法5条は「農地を農地以外に転用する目的で売買・賃貸等の権利移動をする場合（転用目的の権利移動）」を規制しています（農地法5条）。農地を農地のまま贈与する場合は3条（権利移動）の許可が必要です。市街化区域内の農地転用（4条・5条）は農業委員会への届出で足りますが、3条は特例なしです。相続後は農業委員会への届出（3か月以内）が必要です。,1:（1）の内容は、正答（3）「農地を相続で取得した後は農業委員会への届出も不要である」が示す論点とずれています。 解説の要点：農地法5条は「農地を農地以外に転用する目的で売買・賃貸等の権利移動をする場合（転用目的の権利移動）」を規制しています（農地法5条）。農地を農地のまま贈与する場合は3条（権利移動）の許可が必要です。市街化区域内の農地転用（4条・5条）は農業委員会への届出で足りますが、3条は特例なし… 正答（3）との違いを確認し直してください。;2:解説では「農地を農地のまま贈与する場合は3条（権利移動）の許可が必要です。」とある一方、（2）の記述はそれと矛盾します。 解説の要点：農地法5条は「農地を農地以外に転用する目的で売買・賃貸等の権利移動をする場合（転用目的の権利移動）」を規制しています（農地法5条）。農地を農地のまま贈与する場合は3条（権利移動）の許可が必要です。市街化区域内の農地転用（4条・5条）は農業委員会への届出で足りますが、3条は特例なし… 正答（3）との違いを確認し直してください。;4:（4）の内容は、正答（3）「農地を相続で取得した後は農業委員会への届出も不要である」が示す論点とずれています。 解説の要点：農地法5条は「農地を農地以外に転用する目的で売買・賃貸等の権利移動をする場合（転用目的の権利移動）」を規制しています（農地法5条）。農地を農地のまま贈与する場合は3条（権利移動）の許可が必要です。市街化区域内の農地転用（4条・5条）は農業委員会への届出で足りますが、3条は特例なし… 正答（3）との違いを確認し直してください。,農地法5条は「農地を農地以外に転用する目的で売買・賃貸等の権利移動をする場合（転用目的の権利移動）」を規制しています（農地法5条）。農地を農地のまま贈与する場合は3条（権利移動）の許可が必要です。市街化区域内の農地転用（4条・5条）は農業委員会への届出で足りますが、3条は特例なしです。相続後は農業委員会への届出（3か月以内）が必要です。,農地法5条は「農地を農地以外に転用する目的で売買・賃貸等の権利移動をする場合（転用目的の権利移動）」を規制しています（農地法5条）。農地を農地のまま贈与する場合は3条（権利移動）の許可が必要です。市街化区域内の農地転用（4条・5条）は農業委員会への届出で足りますが、3条は特例なしです。相続後は農業委員会への届出（3か月以内）が必要です。,
2022,令和4年度,41,single,宅建業法,,宅地建物取引業法に規定する宅地建物取引士証に関する次の記述のうち、正しいものはどれか。,,,,,,宅建士証の有効期間は5年であり、更新申請は期間満了の前1か月以内に行う,宅建士証の交付を受けるには、都道府県知事が指定する法定講習を受けることが必要である,宅建士証は都道府県知事から交付を受けるが、他の都道府県での業務には使えない,宅建士証を紛失した場合、所属する宅建業者に届け出ることで再交付される,1,FALSE,FALSE,,宅建士証の交付には、都道府県知事が指定した機関の法定講習（交付申請前6か月以内の受講）が必要です（宅建業法22条の2）。ただし試験合格後1年以内に申請する場合は講習不要です。有効期間は5年で、更新は期間満了前に申請します。宅建士証は全国共通で他の都道府県でも使えます。再交付申請は都道府県知事に直接行います。,2:根拠の記述が異なります。解説では「府県知事が指定した機関の法」が根拠ですが、（2）は「都道府県知事が指定する法」を根拠とする内容です。 解説の要点：宅建士証の交付には、都道府県知事が指定した機関の法定講習（交付申請前6か月以内の受講）が必要です（宅建業法22条の2）。ただし試験合格後1年以内に申請する場合は講習不要です。有効期間は5年で、更新は期間満了前に申請します。宅建士証は全国共通で他の都道府県でも使えます。再交付申請は… 正答（1）との違いを確認し直してください。;3:解説では「宅建士証の交付には、都道府県知事が指定した機関の法定講習（交付申請前6か月以内の受講）が必要です（宅建業法22条の2）。」とある一方、（3）の記述はそれと矛盾します。 解説の要点：宅建士証の交付には、都道府県知事が指定した機関の法定講習（交付申請前6か月以内の受講）が必要です（宅建業法22条の2）。ただし試験合格後1年以内に申請する場合は講習不要です。有効期間は5年で、更新は期間満了前に申請します。宅建士証は全国共通で他の都道府県でも使えます。再交付申請は… 正答（1）との違いを確認し直してください。;4:（4）の内容は、正答（1）「宅建士証の有効期間は5年であり、更新申請は期間満了の前1か月以内に行う」が示す論点とずれています。 解説の要点：宅建士証の交付には、都道府県知事が指定した機関の法定講習（交付申請前6か月以内の受講）が必要です（宅建業法22条の2）。ただし試験合格後1年以内に申請する場合は講習不要です。有効期間は5年で、更新は期間満了前に申請します。宅建士証は全国共通で他の都道府県でも使えます。再交付申請は… 正答（1）との違いを確認し直してください。,宅建士証の交付には、都道府県知事が指定した機関の法定講習（交付申請前6か月以内の受講）が必要です（宅建業法22条の2）。ただし試験合格後1年以内に申請する場合は講習不要です。有効期間は5年で、更新は期間満了前に申請します。宅建士証は全国共通で他の都道府県でも使えます。再交付申請は都道府県知事に直接行います。,宅建士証の交付には、都道府県知事が指定した機関の法定講習（交付申請前6か月以内の受講）が必要です（宅建業法22条の2）。ただし試験合格後1年以内に申請する場合は講習不要です。有効期間は5年で、更新は期間満了前に申請します。宅建士証は全国共通で他の都道府県でも使えます。再交付申請は都道府県知事に直接行います。,
2022,令和4年度,42,single,宅建業法,,宅地建物取引業保証協会に関する次の記述のうち、正しいものはどれか。,,,,,,保証協会の社員は、協会から指導・研修を受ける機会が設けられている,弁済業務保証金の還付後、宅建業者は不足額を6か月以内に供託しなければならない,保証協会は全国に1つだけ設立できる,弁済業務保証金分担金は、主たる事務所60万円、従たる事務所30万円である,3,FALSE,FALSE,,弁済業務保証金分担金は主たる事務所60万円、従たる事務所1か所につき30万円です（宅建業法64条の9）。保証協会の社員への指導・研修も業務に含まれます。弁済業務保証金が還付された場合、業者は協会から通知を受けた日から2週間以内に不足額を分担金として納付しなければなりません（6か月ではない）。保証協会は現在全国に2つ設立されています。,1:（1）の内容は、正答（3）「保証協会は全国に1つだけ設立できる」が示す論点とずれています。 解説の要点：弁済業務保証金分担金は主たる事務所60万円、従たる事務所1か所につき30万円です（宅建業法64条の9）。保証協会の社員への指導・研修も業務に含まれます。弁済業務保証金が還付された場合、業者は協会から通知を受けた日から2週間以内に不足額を分担金として納付しなければなりません（6か月… 正答（3）との違いを確認し直してください。;2:（2）の内容は、正答（3）「保証協会は全国に1つだけ設立できる」が示す論点とずれています。 解説の要点：弁済業務保証金分担金は主たる事務所60万円、従たる事務所1か所につき30万円です（宅建業法64条の9）。保証協会の社員への指導・研修も業務に含まれます。弁済業務保証金が還付された場合、業者は協会から通知を受けた日から2週間以内に不足額を分担金として納付しなければなりません（6か月… 正答（3）との違いを確認し直してください。;4:（4）の内容は、正答（3）「保証協会は全国に1つだけ設立できる」が示す論点とずれています。 解説の要点：弁済業務保証金分担金は主たる事務所60万円、従たる事務所1か所につき30万円です（宅建業法64条の9）。保証協会の社員への指導・研修も業務に含まれます。弁済業務保証金が還付された場合、業者は協会から通知を受けた日から2週間以内に不足額を分担金として納付しなければなりません（6か月… 正答（3）との違いを確認し直してください。,弁済業務保証金分担金は主たる事務所60万円、従たる事務所1か所につき30万円です（宅建業法64条の9）。保証協会の社員への指導・研修も業務に含まれます。弁済業務保証金が還付された場合、業者は協会から通知を受けた日から2週間以内に不足額を分担金として納付しなければなりません（6か月ではない）。保証協会は現在全国に2つ設立されています。,弁済業務保証金分担金は主たる事務所60万円、従たる事務所1か所につき30万円です（宅建業法64条の9）。保証協会の社員への指導・研修も業務に含まれます。弁済業務保証金が還付された場合、業者は協会から通知を受けた日から2週間以内に不足額を分担金として納付しなければなりません（6か月ではない）。保証協会は現在全国に2つ設立されています。,
2022,令和4年度,48,single,税・その他,,土地に関する次の記述のうち、最も不適切なものはどれか。,,,,,,河川沿いの低地は洪水のリスクがあるため、宅地として利用する場合は注意が必要である,山地・丘陵地では急傾斜地の崩壊（崖崩れ）に注意が必要である,砂丘・砂礫地は水はけがよく、一般に宅地として利用できる,埋め立て地や干拓地は地盤が軟弱で地震時に液状化しやすい,2,FALSE,FALSE,,砂丘・砂礫地は確かに水はけが良いですが、砂地盤は地震時に液状化（砂と水が混じって流動化すること）が起きやすく、宅地としては慎重な判断が必要です。この選択肢「一般に宅地として利用できる」という表現が最も不適切です。低地・埋め立て地は軟弱地盤で液状化リスクがあります。山地では崖崩れへの注意が必要です。,1:（1）「河川沿いの低地は洪水のリスクがあるため、宅地として利用する場合は注意が必要である」は、設問の趣旨では適切な記述・対応に当たることが多いです。本問は「最も不適切なもの」を選ぶ形式のため、正答は（2）「山地・丘陵地では急傾斜地の崩壊（崖崩れ）に注意が必要である」です。解説のポイント：砂丘・砂礫地は確かに水はけが良いですが、砂地盤は地震時に液状化（砂と水が混じって流動化すること）が起きやすく、宅地としては慎重な判断が必要です。この選択肢「一般に宅地として利用できる」という表現が最も不適切です。低地・埋め立て地は軟弱地盤で…;3:（3）「砂丘・砂礫地は水はけがよく、一般に宅地として利用できる」は、設問の趣旨では適切な記述・対応に当たることが多いです。本問は「最も不適切なもの」を選ぶ形式のため、正答は（2）「山地・丘陵地では急傾斜地の崩壊（崖崩れ）に注意が必要である」です。解説のポイント：砂丘・砂礫地は確かに水はけが良いですが、砂地盤は地震時に液状化（砂と水が混じって流動化すること）が起きやすく、宅地としては慎重な判断が必要です。この選択肢「一般に宅地として利用できる」という表現が最も不適切です。低地・埋め立て地は軟弱地盤で…;4:（4）「埋め立て地や干拓地は地盤が軟弱で地震時に液状化しやすい」は、設問の趣旨では適切な記述・対応に当たることが多いです。本問は「最も不適切なもの」を選ぶ形式のため、正答は（2）「山地・丘陵地では急傾斜地の崩壊（崖崩れ）に注意が必要である」です。解説のポイント：砂丘・砂礫地は確かに水はけが良いですが、砂地盤は地震時に液状化（砂と水が混じって流動化すること）が起きやすく、宅地としては慎重な判断が必要です。この選択肢「一般に宅地として利用できる」という表現が最も不適切です。低地・埋め立て地は軟弱地盤で…,砂丘・砂礫地は確かに水はけが良いですが、砂地盤は地震時に液状化（砂と水が混じって流動化すること）が起きやすく、宅地としては慎重な判断が必要です。この選択肢「一般に宅地として利用できる」という表現が最も不適切です。低地・埋め立て地は軟弱地盤で液状化リスクがあります。山地では崖崩れへの注意が必要です。,砂丘・砂礫地は確かに水はけが良いですが、砂地盤は地震時に液状化（砂と水が混じって流動化すること）が起きやすく、宅地としては慎重な判断が必要です。この選択肢「一般に宅地として利用できる」という表現が最も不適切です。低地・埋め立て地は軟弱地盤で液状化リスクがあります。山地では崖崩れへの注意が必要です。,
2022,令和4年度,49,single,税・その他,,建物の基礎構造に関する次の記述のうち、最も不適切なものはどれか。,,,,,,軟弱な地盤では杭基礎（くい基礎）が採用されることが多い,ベタ基礎は建物全体の底部をコンクリートで覆う基礎工法である,布基礎は建物の壁部分の下にのみコンクリートを打つ工法で、軟弱地盤には不向きである,べた基礎は布基礎に比べて材料費・工事費が安い,3,FALSE,FALSE,,ベタ基礎（建物全体の底部をコンクリートで覆う工法）は布基礎（壁下にのみコンクリートを打つ工法）より材料費・工事費が高くなります（コンクリートを多く使うため）。ただし地盤への荷重を分散できるため、軟弱地盤や不同沈下が懸念される場合に適しています。杭基礎は軟弱地盤で固い支持層まで杭を打ち込む工法で適切な選択です。,1:（1）「軟弱な地盤では杭基礎（くい基礎）が採用されることが多い」は、設問の趣旨では適切な記述・対応に当たることが多いです。本問は「最も不適切なもの」を選ぶ形式のため、正答は（3）「布基礎は建物の壁部分の下にのみコンクリートを打つ工法で、軟弱地盤には不向きである」です。解説のポイント：ベタ基礎（建物全体の底部をコンクリートで覆う工法）は布基礎（壁下にのみコンクリートを打つ工法）より材料費・工事費が高くなります（コンクリートを多く使うため）。ただし地盤への荷重を分散できるため、軟弱地盤や不同沈下が懸念される場合に適していま…;2:（2）「ベタ基礎は建物全体の底部をコンクリートで覆う基礎工法である」は、設問の趣旨では適切な記述・対応に当たることが多いです。本問は「最も不適切なもの」を選ぶ形式のため、正答は（3）「布基礎は建物の壁部分の下にのみコンクリートを打つ工法で、軟弱地盤には不向きである」です。解説のポイント：ベタ基礎（建物全体の底部をコンクリートで覆う工法）は布基礎（壁下にのみコンクリートを打つ工法）より材料費・工事費が高くなります（コンクリートを多く使うため）。ただし地盤への荷重を分散できるため、軟弱地盤や不同沈下が懸念される場合に適していま…;4:（4）「べた基礎は布基礎に比べて材料費・工事費が安い」は、設問の趣旨では適切な記述・対応に当たることが多いです。本問は「最も不適切なもの」を選ぶ形式のため、正答は（3）「布基礎は建物の壁部分の下にのみコンクリートを打つ工法で、軟弱地盤には不向きである」です。解説のポイント：ベタ基礎（建物全体の底部をコンクリートで覆う工法）は布基礎（壁下にのみコンクリートを打つ工法）より材料費・工事費が高くなります（コンクリートを多く使うため）。ただし地盤への荷重を分散できるため、軟弱地盤や不同沈下が懸念される場合に適していま…,ベタ基礎（建物全体の底部をコンクリートで覆う工法）は布基礎（壁下にのみコンクリートを打つ工法）より材料費・工事費が高くなります（コンクリートを多く使うため）。ただし地盤への荷重を分散できるため、軟弱地盤や不同沈下が懸念される場合に適しています。杭基礎は軟弱地盤で固い支持層まで杭を打ち込む工法で適切な選択です。,ベタ基礎（建物全体の底部をコンクリートで覆う工法）は布基礎（壁下にのみコンクリートを打つ工法）より材料費・工事費が高くなります（コンクリートを多く使うため）。ただし地盤への荷重を分散できるため、軟弱地盤や不同沈下が懸念される場合に適しています。杭基礎は軟弱地盤で固い支持層まで杭を打ち込む工法で適切な選択です。,
2022,令和4年度,50,single,税・その他,,宅地・建物に関する統計（令和4年度試験時点）で最も適切なものはどれか。,,,,,,首都圏の中古マンション成約件数は近年減少傾向にある,土地取引件数（売買による所有権移転登記件数）は近年増加傾向にある,新設住宅着工戸数は近年100万戸を大きく超えて増加している,不動産業の経常利益は近年下落傾向にある,1,FALSE,FALSE,,土地取引件数（売買による所有権移転登記件数）は近年比較的安定〜緩やかな増加傾向にあります。首都圏の中古マンションの成約件数も活発な状態が続いています。新設住宅着工戸数は近年80万戸前後で推移しており、100万戸を大きく超えているわけではありません。不動産業の経常利益は概ね堅調です。,2:土地取引件数（売買による所有権移転登記件数）は近年比較的安定〜緩やかな増加傾向にあります。;3:（3）の内容は、正答（1）「首都圏の中古マンション成約件数は近年減少傾向にある」が示す論点とずれています。 解説の要点：土地取引件数（売買による所有権移転登記件数）は近年比較的安定〜緩やかな増加傾向にあります。首都圏の中古マンションの成約件数も活発な状態が続いています。新設住宅着工戸数は近年80万戸前後で推移しており、100万戸を大きく超えているわけではありません。不動産業の経常利益は概ね堅調です… 正答（1）との違いを確認し直してください。;4:（4）の内容は、正答（1）「首都圏の中古マンション成約件数は近年減少傾向にある」が示す論点とずれています。 解説の要点：土地取引件数（売買による所有権移転登記件数）は近年比較的安定〜緩やかな増加傾向にあります。首都圏の中古マンションの成約件数も活発な状態が続いています。新設住宅着工戸数は近年80万戸前後で推移しており、100万戸を大きく超えているわけではありません。不動産業の経常利益は概ね堅調です… 正答（1）との違いを確認し直してください。,土地取引件数（売買による所有権移転登記件数）は近年比較的安定〜緩やかな増加傾向にあります。首都圏の中古マンションの成約件数も活発な状態が続いています。新設住宅着工戸数は近年80万戸前後で推移しており、100万戸を大きく超えているわけではありません。不動産業の経常利益は概ね堅調です。,土地取引件数（売買による所有権移転登記件数）は近年比較的安定〜緩やかな増加傾向にあります。首都圏の中古マンションの成約件数も活発な状態が続いています。新設住宅着工戸数は近年80万戸前後で推移しており、100万戸を大きく超えているわけではありません。不動産業の経常利益は概ね堅調です。,
2023,令和5年度,5,single,権利関係,,Aの代理人と称するBがAから代理権を与えられていないのにCと契約を締結した。民法の規定及び判例によれば正しいものはどれか。,,,,,,AがBの行為を追認すると効果は追認時から将来に向かって生じる,CはAに対して相当の期間を定めて追認するかどうか催告できる,Cが善意の場合でも表見代理は成立しない,Aが追認拒絶した場合Cは何も請求できない,1,FALSE,FALSE,,Cさんは、AさんにBさんの無権代理を追認するか否か相当の期間を定めて催告できます（民法114条）。Aさんが期間内に確答しなければ追認拒絶とみなします。追認した場合、効果は契約時にさかのぼります（将来からではない）。Bさんに代理権があると信じた正当な理由があれば表見代理が成立しAさんが責任を負います。,2:（2）「CはAに対して相当の期間を定めて追認するかどうか催告できる」は、作業主任者の選任が必要な作業の組合せ（AB）を含んでいません。解説のとおり、該当作業と非該当作業の区別を確認してください。;3:（3）「Cが善意の場合でも表見代理は成立しない」は、作業主任者の選任が必要な作業の組合せ（AB）を含んでいません。解説のとおり、該当作業と非該当作業の区別を確認してください。;4:（4）「Aが追認拒絶した場合Cは何も請求できない」は、作業主任者の選任が必要な作業の組合せ（AB）を含んでいません。解説のとおり、該当作業と非該当作業の区別を確認してください。,Cさんは、AさんにBさんの無権代理を追認するか否か相当の期間を定めて催告できます（民法114条）。Aさんが期間内に確答しなければ追認拒絶とみなします。追認した場合、効果は契約時にさかのぼります（将来からではない）。Bさんに代理権があると信じた正当な理由があれば表見代理が成立しAさんが責任を負います。,Cさんは、AさんにBさんの無権代理を追認するか否か相当の期間を定めて催告できます（民法114条）。Aさんが期間内に確答しなければ追認拒絶とみなします。追認した場合、効果は契約時にさかのぼります（将来からではない）。Bさんに代理権があると信じた正当な理由があれば表見代理が成立しAさんが責任を負います。,
2023,令和5年度,6,single,権利関係,,民法に規定する契約の解除に関する次の記述のうち、正しいものはどれか。,,,,,,債務者の責めに帰することができない事由による履行不能の場合、債権者は解除できない,解除権は形成権であり、解除の意思表示は相手方に到達した時から効力が生じる,解除した場合の原状回復義務は、解除時から将来に向かってのみ発生する,解除の意思表示には、必ず相当の期間を設けた催告が必要である,1,FALSE,FALSE,,解除権は「形成権（一方的な意思表示だけで効力が生じる権利）」であり、相手方に解除の意思表示が到達した時点で効力が発生します（民法540条）。債務者の責めに帰さない事由による履行不能でも解除は可能です（民法543条）。解除されると、お互いに原状回復（元の状態に戻す）の義務を負います。,2:（2）の内容は、正答（1）「債務者の責めに帰することができない事由による履行不能の場合、債権者は解除できない」が示す論点とずれています。 解説の要点：解除権は「形成権（一方的な意思表示だけで効力が生じる権利）」であり、相手方に解除の意思表示が到達した時点で効力が発生します（民法540条）。債務者の責めに帰さない事由による履行不能でも解除は可能です（民法543条）。解除されると、お互いに原状回復（元の状態に戻す）の義務を負います… 正答（1）との違いを確認し直してください。;3:（3）の内容は、正答（1）「債務者の責めに帰することができない事由による履行不能の場合、債権者は解除できない」が示す論点とずれています。 解説の要点：解除権は「形成権（一方的な意思表示だけで効力が生じる権利）」であり、相手方に解除の意思表示が到達した時点で効力が発生します（民法540条）。債務者の責めに帰さない事由による履行不能でも解除は可能です（民法543条）。解除されると、お互いに原状回復（元の状態に戻す）の義務を負います… 正答（1）との違いを確認し直してください。;4:（4）の内容は、正答（1）「債務者の責めに帰することができない事由による履行不能の場合、債権者は解除できない」が示す論点とずれています。 解説の要点：解除権は「形成権（一方的な意思表示だけで効力が生じる権利）」であり、相手方に解除の意思表示が到達した時点で効力が発生します（民法540条）。債務者の責めに帰さない事由による履行不能でも解除は可能です（民法543条）。解除されると、お互いに原状回復（元の状態に戻す）の義務を負います… 正答（1）との違いを確認し直してください。,解除権は「形成権（一方的な意思表示だけで効力が生じる権利）」であり、相手方に解除の意思表示が到達した時点で効力が発生します（民法540条）。債務者の責めに帰さない事由による履行不能でも解除は可能です（民法543条）。解除されると、お互いに原状回復（元の状態に戻す）の義務を負います。,解除権は「形成権（一方的な意思表示だけで効力が生じる権利）」であり、相手方に解除の意思表示が到達した時点で効力が発生します（民法540条）。債務者の責めに帰さない事由による履行不能でも解除は可能です（民法543条）。解除されると、お互いに原状回復（元の状態に戻す）の義務を負います。,
2023,令和5年度,7,single,権利関係,,売主Aが買主Bに建物を引き渡したが、引渡し後に建物に雨漏りが発覚した（契約不適合）。民法の規定によれば正しいものはどれか。,,,,,,Bは引渡しから3年以内に修補請求しなければならない,Bは不適合を知った時から1年以内にAに通知しなければならない,AがBに不適合がないと断言した場合、契約不適合責任は免除される,修補が不可能な場合でもBは代金減額請求できない,1,FALSE,FALSE,,契約不適合（欠陥）を知った買主Bさんは、知った時から1年以内に売主Aさんに通知しなければ、修補請求・代金減額・解除・損害賠償の権利を失います（民法566条）。ただし不適合があっても必ず解除できるわけではなく、軽微な不適合では解除が認められない場合があります。修補が不可能な場合は代金減額請求が可能です。,2:（2）「Bは不適合を知った時から1年以内にAに通知しなければならない」は、作業主任者の選任が必要な作業の組合せ（B）を含んでいません。解説のとおり、該当作業と非該当作業の区別を確認してください。;3:（3）「AがBに不適合がないと断言した場合、契約不適合責任は免除される」は、作業主任者の選任が必要な作業の組合せ（B）を含んでいません。解説のとおり、該当作業と非該当作業の区別を確認してください。;4:（4）の内容は、正答（1）「Bは引渡しから3年以内に修補請求しなければならない」が示す論点とずれています。 解説の要点：契約不適合（欠陥）を知った買主Bさんは、知った時から1年以内に売主Aさんに通知しなければ、修補請求・代金減額・解除・損害賠償の権利を失います（民法566条）。ただし不適合があっても必ず解除できるわけではなく、軽微な不適合では解除が認められない場合があります。修補が不可能な場合は代… 正答（1）との違いを確認し直してください。,契約不適合（欠陥）を知った買主Bさんは、知った時から1年以内に売主Aさんに通知しなければ、修補請求・代金減額・解除・損害賠償の権利を失います（民法566条）。ただし不適合があっても必ず解除できるわけではなく、軽微な不適合では解除が認められない場合があります。修補が不可能な場合は代金減額請求が可能です。,契約不適合（欠陥）を知った買主Bさんは、知った時から1年以内に売主Aさんに通知しなければ、修補請求・代金減額・解除・損害賠償の権利を失います（民法566条）。ただし不適合があっても必ず解除できるわけではなく、軽微な不適合では解除が認められない場合があります。修補が不可能な場合は代金減額請求が可能です。,
2023,令和5年度,8,single,権利関係,,賃貸借に関する次の記述のうち、民法の規定によれば正しいものはどれか。,,,,,,賃借人が賃貸人の承諾なく賃借物を転貸した場合、賃貸人は常に契約を解除できる,賃貸人は賃借物について賃借人が必要費を支出した場合、直ちに償還しなければならない,賃借人は賃貸借終了時に賃借物を原状回復する義務があるが、通常の使用による損耗は含まない,敷金は、賃貸借の期間中は賃借人が随時返還請求できる,2,FALSE,FALSE,,賃貸借終了時に借主は原状回復（元の状態に戻すこと）の義務がありますが、通常の使用によって生じた損耗（壁の日焼け・軽微な傷など）は含まれません（民法621条）。無断転貸は解除事由になり得ますが、背信的行為と認められない特段の事情があれば解除できない場合もあります（判例）。必要費は直ちに請求できますが、有益費は終了時の請求が原則です。,1:（1）の内容は、正答（2）「賃貸人は賃借物について賃借人が必要費を支出した場合、直ちに償還しなければならない」が示す論点とずれています。 解説の要点：賃貸借終了時に借主は原状回復（元の状態に戻すこと）の義務がありますが、通常の使用によって生じた損耗（壁の日焼け・軽微な傷など）は含まれません（民法621条）。無断転貸は解除事由になり得ますが、背信的行為と認められない特段の事情があれば解除できない場合もあります（判例）。必要費は直… 正答（2）との違いを確認し直してください。;3:解説では「必要費は直ちに請求できますが、有益費は終了時の請求が原則です。」とある一方、（3）の記述はそれと矛盾します。 解説の要点：賃貸借終了時に借主は原状回復（元の状態に戻すこと）の義務がありますが、通常の使用によって生じた損耗（壁の日焼け・軽微な傷など）は含まれません（民法621条）。無断転貸は解除事由になり得ますが、背信的行為と認められない特段の事情があれば解除できない場合もあります（判例）。必要費は直… 正答（2）との違いを確認し直してください。;4:（4）の内容は、正答（2）「賃貸人は賃借物について賃借人が必要費を支出した場合、直ちに償還しなければならない」が示す論点とずれています。 解説の要点：賃貸借終了時に借主は原状回復（元の状態に戻すこと）の義務がありますが、通常の使用によって生じた損耗（壁の日焼け・軽微な傷など）は含まれません（民法621条）。無断転貸は解除事由になり得ますが、背信的行為と認められない特段の事情があれば解除できない場合もあります（判例）。必要費は直… 正答（2）との違いを確認し直してください。,賃貸借終了時に借主は原状回復（元の状態に戻すこと）の義務がありますが、通常の使用によって生じた損耗（壁の日焼け・軽微な傷など）は含まれません（民法621条）。無断転貸は解除事由になり得ますが、背信的行為と認められない特段の事情があれば解除できない場合もあります（判例）。必要費は直ちに請求できますが、有益費は終了時の請求が原則です。,賃貸借終了時に借主は原状回復（元の状態に戻すこと）の義務がありますが、通常の使用によって生じた損耗（壁の日焼け・軽微な傷など）は含まれません（民法621条）。無断転貸は解除事由になり得ますが、背信的行為と認められない特段の事情があれば解除できない場合もあります（判例）。必要費は直ちに請求できますが、有益費は終了時の請求が原則です。,
2023,令和5年度,9,single,権利関係,,A会社の従業員Bが業務執行中に過失でCに損害を与えた場合の使用者責任に関する次の記述のうち、民法の規定及び判例によれば正しいものはどれか。,,,,,,Aが賠償した後Bへの求償は一切できない,AはBの選任・監督に相当の注意をしたことを証明すれば免責される,Cは損害を知った時から5年で損害賠償請求権が時効消滅する,BがCに不法行為責任を負う場合でもAは使用者責任を負わない,1,FALSE,FALSE,,使用者Aは、Bの選任・監督について相当の注意をしたことを証明するか、注意をしても損害が生じたと証明できれば免責されます（民法715条1項ただし書き）。ただし実際には免責が認められるケースは少ないです。Aが賠償した後、Bが故意・重過失だった場合は信義則の範囲でBへ求償できます。不法行為の時効は損害・加害者を知った時から3年または行為時から20年です。,2:（2）「AはBの選任・監督に相当の注意をしたことを証明すれば免責される」は、作業主任者の選任が必要な作業の組合せ（AB）を含んでいません。解説のとおり、該当作業と非該当作業の区別を確認してください。;3:（3）「Cは損害を知った時から5年で損害賠償請求権が時効消滅する」は、作業主任者の選任が必要な作業の組合せ（AB）を含んでいません。解説のとおり、該当作業と非該当作業の区別を確認してください。;4:（4）「BがCに不法行為責任を負う場合でもAは使用者責任を負わない」は、作業主任者の選任が必要な作業の組合せ（AB）を含んでいません。解説のとおり、該当作業と非該当作業の区別を確認してください。,使用者Aは、Bの選任・監督について相当の注意をしたことを証明するか、注意をしても損害が生じたと証明できれば免責されます（民法715条1項ただし書き）。ただし実際には免責が認められるケースは少ないです。Aが賠償した後、Bが故意・重過失だった場合は信義則の範囲でBへ求償できます。不法行為の時効は損害・加害者を知った時から3年または行為時から20年です。,使用者Aは、Bの選任・監督について相当の注意をしたことを証明するか、注意をしても損害が生じたと証明できれば免責されます（民法715条1項ただし書き）。ただし実際には免責が認められるケースは少ないです。Aが賠償した後、Bが故意・重過失だった場合は信義則の範囲でBへ求償できます。不法行為の時効は損害・加害者を知った時から3年または行為時から20年です。,
2023,令和5年度,10,single,権利関係,,相殺に関する次の記述のうち、民法の規定によれば正しいものはどれか。,,,,,,相殺は当事者の合意がなければできない,不法行為による損害賠償債権を受働債権として相殺することは常に認められる,時効によって消滅した債権がその消滅以前に相殺適状にあった場合、その後も相殺できる,相殺の意思表示に条件や期限を付けることができる,2,FALSE,FALSE,,時効で消えた債権でも、消滅する前に相殺できる状態（相殺適状）にあったなら、時効完成後でも相殺に使えます（民法508条）。例えばBさんへの100万円の債権が時効消滅していても、消滅前に相殺適状だったならAさんは「相殺します」と言えます。相殺は一方的な意思表示でできますが、条件・期限は付けられません。故意の不法行為に基づく損害賠償債権は受働債権として相殺できません。,1:（1）「相殺は当事者の合意がなければできない」は、単独の記述としては法令上妥当な場合がありますが、本問で選ぶべき正答は（2）「不法行為による損害賠償債権を受働債権として相殺することは常に認められる」です。問題文の条件（相殺に関する次の記述のうち、民法の規定によれば正しいものはどれか。…）と照らし、設問が問う論点に合う肢を選び直してください。;3:（3）の内容は、正答（2）「不法行為による損害賠償債権を受働債権として相殺することは常に認められる」が示す論点とずれています。 解説の要点：時効で消えた債権でも、消滅する前に相殺できる状態（相殺適状）にあったなら、時効完成後でも相殺に使えます（民法508条）。例えばBさんへの100万円の債権が時効消滅していても、消滅前に相殺適状だったならAさんは「相殺します」と言えます。相殺は一方的な意思表示でできますが、条件・期限… 正答（2）との違いを確認し直してください。;4:（4）の内容は、正答（2）「不法行為による損害賠償債権を受働債権として相殺することは常に認められる」が示す論点とずれています。 解説の要点：時効で消えた債権でも、消滅する前に相殺できる状態（相殺適状）にあったなら、時効完成後でも相殺に使えます（民法508条）。例えばBさんへの100万円の債権が時効消滅していても、消滅前に相殺適状だったならAさんは「相殺します」と言えます。相殺は一方的な意思表示でできますが、条件・期限… 正答（2）との違いを確認し直してください。,時効で消えた債権でも、消滅する前に相殺できる状態（相殺適状）にあったなら、時効完成後でも相殺に使えます（民法508条）。例えばBさんへの100万円の債権が時効消滅していても、消滅前に相殺適状だったならAさんは「相殺します」と言えます。相殺は一方的な意思表示でできますが、条件・期限は付けられません。故意の不法行為に基づく損害賠償債権は受働債権として相殺できません。,時効で消えた債権でも、消滅する前に相殺できる状態（相殺適状）にあったなら、時効完成後でも相殺に使えます（民法508条）。例えばBさんへの100万円の債権が時効消滅していても、消滅前に相殺適状だったならAさんは「相殺します」と言えます。相殺は一方的な意思表示でできますが、条件・期限は付けられません。故意の不法行為に基づく損害賠償債権は受働債権として相殺できませ,
2023,令和5年度,12,single,権利関係,,普通建物賃貸借（居住用）の更新に関する次の記述のうち、借地借家法の規定によれば正しいものはどれか。,,,,,,貸主が期間満了1年前から6か月前までに更新拒絶の通知をすれば、正当事由がなくても解約できる,期間満了後も借主が使用を継続し、貸主が遅滞なく異議を述べないと法定更新される,期間の定めのない賃貸借では、貸主が解約申し入れをすると直ちに終了する,借主は更新を拒絶することができない,1,FALSE,FALSE,,期間が満了しても借主が使い続けており、貸主が遅滞なく異議を述べない場合は法定更新（自動更新）されます（借地借家法26条）。貸主が更新を拒絶するには期間満了の1年前〜6か月前に通知し、かつ「正当事由（立退料等）」が必要です。期間の定めのない賃貸借では、解約申し入れ後6か月で終了します（3か月ではない）。,2:根拠の記述が異なります。解説では「なく異議を述べない場合は法」が根拠ですが、（2）は「遅滞なく異議を述べないと法」を根拠とする内容です。 解説では「貸主が更新を拒絶するには期間満了の1年前〜6か月前に通知し、かつ「正当事由（立退料等）」が必要です。」とある一方、（2）の記述はそれと矛盾します。 解説の要点：期間が満了しても借主が使い続けており、貸主が遅滞なく異議を述べない場合は法定更新（自動更新）されます（借地借家法26条）。貸主が更新を拒絶するには期間満了の1年前〜6か月前に通知し、かつ「正当事由（立退料等）」が必要です。期間の定めのない賃貸借では、解約申し入れ後6か月で終了しま… 正答（1）との違いを確認し直してください。;3:解説では「貸主が更新を拒絶するには期間満了の1年前〜6か月前に通知し、かつ「正当事由（立退料等）」が必要です。」とある一方、（3）の記述はそれと矛盾します。 解説の要点：期間が満了しても借主が使い続けており、貸主が遅滞なく異議を述べない場合は法定更新（自動更新）されます（借地借家法26条）。貸主が更新を拒絶するには期間満了の1年前〜6か月前に通知し、かつ「正当事由（立退料等）」が必要です。期間の定めのない賃貸借では、解約申し入れ後6か月で終了しま… 正答（1）との違いを確認し直してください。;4:（4）「借主は更新を拒絶することができない」は、単独の記述としては法令上妥当な場合がありますが、本問で選ぶべき正答は（1）「貸主が期間満了1年前から6か月前までに更新拒絶の通知をすれば、正当事由がなくても解約できる」です。問題文の条件（普通建物賃貸借（居住用）の更新に関する次の記述のうち、借地借家法の規定によれば正しいものはどれか…）と照らし、設問が問う論点に合う肢を選び直してください。,期間が満了しても借主が使い続けており、貸主が遅滞なく異議を述べない場合は法定更新（自動更新）されます（借地借家法26条）。貸主が更新を拒絶するには期間満了の1年前〜6か月前に通知し、かつ「正当事由（立退料等）」が必要です。期間の定めのない賃貸借では、解約申し入れ後6か月で終了します（3か月ではない）。,期間が満了しても借主が使い続けており、貸主が遅滞なく異議を述べない場合は法定更新（自動更新）されます（借地借家法26条）。貸主が更新を拒絶するには期間満了の1年前〜6か月前に通知し、かつ「正当事由（立退料等）」が必要です。期間の定めのない賃貸借では、解約申し入れ後6か月で終了します（3か月ではない）。,
2023,令和5年度,34,single,宅建業法,,宅地建物取引業者が自ら売主となる場合の規制（いわゆる8種制限）に関する次の記述のうち、正しいものはどれか。,,,,,,損害賠償の予定額と違約金の合計は代金の30%が上限である,手付は代金の20%を超えた額を受け取ることができない,売主業者は手付解除をする場合、相手方が履行に着手してからも倍額を返して解除できる,手付解除の際、売主は手付の2倍の額を支払わなければならない,1,FALSE,FALSE,,自ら売主の宅建業者が受け取れる手付の額は、代金の20%が上限です（宅建業法39条1項）。この上限を超えた手付の定めは無効です。損害賠償予定額と違約金の合計は代金の20%が上限です（38条）。手付解除は「相手方が契約の履行に着手する前」に限られます。売主が解除する場合は受領した手付の倍額を返還（手付倍返し）します。,2:（2）の内容は、正答（1）「損害賠償の予定額と違約金の合計は代金の30%が上限である」が示す論点とずれています。 解説の要点：自ら売主の宅建業者が受け取れる手付の額は、代金の20%が上限です（宅建業法39条1項）。この上限を超えた手付の定めは無効です。損害賠償予定額と違約金の合計は代金の20%が上限です（38条）。手付解除は「相手方が契約の履行に着手する前」に限られます。売主が解除する場合は受領した手付… 正答（1）との違いを確認し直してください。;3:（3）の内容は、正答（1）「損害賠償の予定額と違約金の合計は代金の30%が上限である」が示す論点とずれています。 解説の要点：自ら売主の宅建業者が受け取れる手付の額は、代金の20%が上限です（宅建業法39条1項）。この上限を超えた手付の定めは無効です。損害賠償予定額と違約金の合計は代金の20%が上限です（38条）。手付解除は「相手方が契約の履行に着手する前」に限られます。売主が解除する場合は受領した手付… 正答（1）との違いを確認し直してください。;4:（4）の内容は、正答（1）「損害賠償の予定額と違約金の合計は代金の30%が上限である」が示す論点とずれています。 解説の要点：自ら売主の宅建業者が受け取れる手付の額は、代金の20%が上限です（宅建業法39条1項）。この上限を超えた手付の定めは無効です。損害賠償予定額と違約金の合計は代金の20%が上限です（38条）。手付解除は「相手方が契約の履行に着手する前」に限られます。売主が解除する場合は受領した手付… 正答（1）との違いを確認し直してください。,自ら売主の宅建業者が受け取れる手付の額は、代金の20%が上限です（宅建業法39条1項）。この上限を超えた手付の定めは無効です。損害賠償予定額と違約金の合計は代金の20%が上限です（38条）。手付解除は「相手方が契約の履行に着手する前」に限られます。売主が解除する場合は受領した手付の倍額を返還（手付倍返し）します。,自ら売主の宅建業者が受け取れる手付の額は、代金の20%が上限です（宅建業法39条1項）。この上限を超えた手付の定めは無効です。損害賠償予定額と違約金の合計は代金の20%が上限です（38条）。手付解除は「相手方が契約の履行に着手する前」に限られます。売主が解除する場合は受領した手付の倍額を返還（手付倍返し）します。,
2023,令和5年度,48,single,税・その他,,土地に関する次の記述のうち、最も不適切なものはどれか。,,,,,,扇状地は山地から平野へ出た河川が砂礫を堆積した地形で一般に宅地に適している,台地・丘陵地は地盤が安定しており宅地として比較的適している,低地は洪水・液状化のリスクがあり宅地としての安全性に注意が必要である,干拓地は海面より高い位置にあるため水害の危険性が低い,3,FALSE,FALSE,,干拓地（海・湖沼を埋め立てた土地）は一般に海面より低い位置（海抜0m以下）にあることが多く、水害の危険性が高いです。これが最も不適切な記述です。扇状地は比較的安定した地盤で宅地に適しています。台地・丘陵地は洪水リスクが低く安定しています。低地（沖積低地・三角州等）は液状化・洪水に注意が必要です。,1:（1）「扇状地は山地から平野へ出た河川が砂礫を堆積した地形で一般に宅地に適している」は、設問の趣旨では適切な記述・対応に当たることが多いです。本問は「最も不適切なもの」を選ぶ形式のため、正答は（3）「低地は洪水・液状化のリスクがあり宅地としての安全性に注意が必要である」です。解説のポイント：干拓地（海・湖沼を埋め立てた土地）は一般に海面より低い位置（海抜0m以下）にあることが多く、水害の危険性が高いです。これが最も不適切な記述です。扇状地は比較的安定した地盤で宅地に適しています。台地・丘陵地は洪水リスクが低く安定しています。低…;2:（2）「台地・丘陵地は地盤が安定しており宅地として比較的適している」は、設問の趣旨では適切な記述・対応に当たることが多いです。本問は「最も不適切なもの」を選ぶ形式のため、正答は（3）「低地は洪水・液状化のリスクがあり宅地としての安全性に注意が必要である」です。解説のポイント：干拓地（海・湖沼を埋め立てた土地）は一般に海面より低い位置（海抜0m以下）にあることが多く、水害の危険性が高いです。これが最も不適切な記述です。扇状地は比較的安定した地盤で宅地に適しています。台地・丘陵地は洪水リスクが低く安定しています。低…;4:（4）「干拓地は海面より高い位置にあるため水害の危険性が低い」は、設問の趣旨では適切な記述・対応に当たることが多いです。本問は「最も不適切なもの」を選ぶ形式のため、正答は（3）「低地は洪水・液状化のリスクがあり宅地としての安全性に注意が必要である」です。解説のポイント：干拓地（海・湖沼を埋め立てた土地）は一般に海面より低い位置（海抜0m以下）にあることが多く、水害の危険性が高いです。これが最も不適切な記述です。扇状地は比較的安定した地盤で宅地に適しています。台地・丘陵地は洪水リスクが低く安定しています。低…,干拓地（海・湖沼を埋め立てた土地）は一般に海面より低い位置（海抜0m以下）にあることが多く、水害の危険性が高いです。これが最も不適切な記述です。扇状地は比較的安定した地盤で宅地に適しています。台地・丘陵地は洪水リスクが低く安定しています。低地（沖積低地・三角州等）は液状化・洪水に注意が必要です。,干拓地（海・湖沼を埋め立てた土地）は一般に海面より低い位置（海抜0m以下）にあることが多く、水害の危険性が高いです。これが最も不適切な記述です。扇状地は比較的安定した地盤で宅地に適しています。台地・丘陵地は洪水リスクが低く安定しています。低地（沖積低地・三角州等）は液状化・洪水に注意が必要です。,
2023,令和5年度,49,single,税・その他,,建物の構造に関する次の記述のうち、最も不適切なものはどれか。,,,,,,木造軸組構法（在来工法）は柱・梁・筋交いで構成され、日本で最も普及している工法である,鉄骨造は木造に比べて強度が高く大空間を実現しやすいが、火熱には弱い,鉄筋コンクリート造（RC造）は耐久性・耐火性・耐震性に優れているが工事費が高い,免震構造は建物自体の剛性を高めることで地震の揺れに耐える構造である,3,FALSE,FALSE,,免震構造は建物の基礎と上部構造の間に「免震装置（積層ゴム等）」を設けて地震の揺れを建物に伝えにくくする構造です（剛性を高めるのは「耐震構造」）。これが最も不適切な記述です。鉄骨造は強度が高い一方、高温下で急激に強度低下するため耐火被覆が必要です。RC造は耐久性・耐震性に優れますが重量が重くコストが高いです。,1:（1）「木造軸組構法（在来工法）は柱・梁・筋交いで構成され、日本で最も普及している工法である」は、設問の趣旨では適切な記述・対応に当たることが多いです。本問は「最も不適切なもの」を選ぶ形式のため、正答は（3）「鉄筋コンクリート造（RC造）は耐久性・耐火性・耐震性に優れているが工事費が高い」です。解説のポイント：免震構造は建物の基礎と上部構造の間に「免震装置（積層ゴム等）」を設けて地震の揺れを建物に伝えにくくする構造です（剛性を高めるのは「耐震構造」）。これが最も不適切な記述です。鉄骨造は強度が高い一方、高温下で急激に強度低下するため耐火被覆が必要…;2:（2）「鉄骨造は木造に比べて強度が高く大空間を実現しやすいが、火熱には弱い」は、設問の趣旨では適切な記述・対応に当たることが多いです。本問は「最も不適切なもの」を選ぶ形式のため、正答は（3）「鉄筋コンクリート造（RC造）は耐久性・耐火性・耐震性に優れているが工事費が高い」です。解説のポイント：免震構造は建物の基礎と上部構造の間に「免震装置（積層ゴム等）」を設けて地震の揺れを建物に伝えにくくする構造です（剛性を高めるのは「耐震構造」）。これが最も不適切な記述です。鉄骨造は強度が高い一方、高温下で急激に強度低下するため耐火被覆が必要…;4:（4）「免震構造は建物自体の剛性を高めることで地震の揺れに耐える構造である」は、設問の趣旨では適切な記述・対応に当たることが多いです。本問は「最も不適切なもの」を選ぶ形式のため、正答は（3）「鉄筋コンクリート造（RC造）は耐久性・耐火性・耐震性に優れているが工事費が高い」です。解説のポイント：免震構造は建物の基礎と上部構造の間に「免震装置（積層ゴム等）」を設けて地震の揺れを建物に伝えにくくする構造です（剛性を高めるのは「耐震構造」）。これが最も不適切な記述です。鉄骨造は強度が高い一方、高温下で急激に強度低下するため耐火被覆が必要…,免震構造は建物の基礎と上部構造の間に「免震装置（積層ゴム等）」を設けて地震の揺れを建物に伝えにくくする構造です（剛性を高めるのは「耐震構造」）。これが最も不適切な記述です。鉄骨造は強度が高い一方、高温下で急激に強度低下するため耐火被覆が必要です。RC造は耐久性・耐震性に優れますが重量が重くコストが高いです。,免震構造は建物の基礎と上部構造の間に「免震装置（積層ゴム等）」を設けて地震の揺れを建物に伝えにくくする構造です（剛性を高めるのは「耐震構造」）。これが最も不適切な記述です。鉄骨造は強度が高い一方、高温下で急激に強度低下するため耐火被覆が必要です。RC造は耐久性・耐震性に優れますが重量が重くコストが高いです。,
2023,令和5年度,50,single,税・その他,,宅地・建物の統計等に関する次の記述のうち（令和5年度試験時点）、最も適切なものはどれか。,,,,,,首都圏の新築マンション価格は近年下落傾向にある,不動産投資市場（J-REIT）の運用資産規模は拡大傾向にある,新設住宅着工戸数は近年大幅に増加傾向にある,中古住宅の流通は低調で件数が大きく減少している,1,FALSE,FALSE,,J-REIT（不動産投資信託）の運用資産規模は近年拡大傾向にあります。首都圏・近畿圏の新築マンション価格は建材費・人件費の上昇等を背景に上昇傾向にあります。新設住宅着工戸数は近年横ばい〜やや減少傾向です。中古住宅の流通は活発化しており、件数は増加傾向にあります。,2:（2）の内容は、正答（1）「首都圏の新築マンション価格は近年下落傾向にある」が示す論点とずれています。 解説の要点：J-REIT（不動産投資信託）の運用資産規模は近年拡大傾向にあります。首都圏・近畿圏の新築マンション価格は建材費・人件費の上昇等を背景に上昇傾向にあります。新設住宅着工戸数は近年横ばい〜やや減少傾向です。中古住宅の流通は活発化しており、件数は増加傾向にあります。 正答（1）との違いを確認し直してください。;3:（3）の内容は、正答（1）「首都圏の新築マンション価格は近年下落傾向にある」が示す論点とずれています。 解説の要点：J-REIT（不動産投資信託）の運用資産規模は近年拡大傾向にあります。首都圏・近畿圏の新築マンション価格は建材費・人件費の上昇等を背景に上昇傾向にあります。新設住宅着工戸数は近年横ばい〜やや減少傾向です。中古住宅の流通は活発化しており、件数は増加傾向にあります。 正答（1）との違いを確認し直してください。;4:（4）の内容は、正答（1）「首都圏の新築マンション価格は近年下落傾向にある」が示す論点とずれています。 解説の要点：J-REIT（不動産投資信託）の運用資産規模は近年拡大傾向にあります。首都圏・近畿圏の新築マンション価格は建材費・人件費の上昇等を背景に上昇傾向にあります。新設住宅着工戸数は近年横ばい〜やや減少傾向です。中古住宅の流通は活発化しており、件数は増加傾向にあります。 正答（1）との違いを確認し直してください。,J-REIT（不動産投資信託）の運用資産規模は近年拡大傾向にあります。首都圏・近畿圏の新築マンション価格は建材費・人件費の上昇等を背景に上昇傾向にあります。新設住宅着工戸数は近年横ばい〜やや減少傾向です。中古住宅の流通は活発化しており、件数は増加傾向にあります。,J-REIT（不動産投資信託）の運用資産規模は近年拡大傾向にあります。首都圏・近畿圏の新築マンション価格は建材費・人件費の上昇等を背景に上昇傾向にあります。新設住宅着工戸数は近年横ばい〜やや減少傾向です。中古住宅の流通は活発化しており、件数は増加傾向にあります。,
2024,令和6年度,1,single,権利関係,,意思表示に関する次の記述のうち、民法の規定及び判例によれば、正しいものはどれか。,,,,,,心裡留保による意思表示は、相手方が表意者の真意を知っていた場合でも有効である,通謀虚偽表示による売買契約は当事者間では無効であるが、善意の第三者には対抗できない,錯誤による意思表示の取消しは、錯誤が法律行為の目的及び取引上の社会通念に照らして重要なものでなければできない,詐欺による意思表示の取消しは、善意無過失の第三者にも対抗できる,2,FALSE,FALSE,,錯誤取消しは「法律行為の目的及び取引上の社会通念に照らして重要な錯誤」が必要です（民法95条1項）。心裡留保は相手方が悪意なら無効（1は誤り）。詐欺取消しは善意無過失の第三者には対抗できません（4は誤り）。確認ポイントは、選択肢3の結論と、各選択肢の要件・効果の違いです。,1:（1）の内容は、正答（2）「通謀虚偽表示による売買契約は当事者間では無効であるが、善意の第三者には対抗できない」が示す論点とずれています。 解説の要点：錯誤取消しは「法律行為の目的及び取引上の社会通念に照らして重要な錯誤」が必要です（民法95条1項）。心裡留保は相手方が悪意なら無効（1は誤り）。詐欺取消しは善意無過失の第三者には対抗できません（4は誤り）。確認ポイントは、選択肢3の結論と、各選択肢の要件・効果の違いです。 正答（2）との違いを確認し直してください。;3:根拠の記述が異なります。解説では「錯誤取消しは「法」が根拠ですが、（3）は「錯誤が法」を根拠とする内容です。 解説では「錯誤取消しは「法律行為の目的及び取引上の社会通念に照らして重要な錯誤」が必要です（民法95条1項）。」とある一方、（3）の記述はそれと矛盾します。 解説の要点：錯誤取消しは「法律行為の目的及び取引上の社会通念に照らして重要な錯誤」が必要です（民法95条1項）。心裡留保は相手方が悪意なら無効（1は誤り）。詐欺取消しは善意無過失の第三者には対抗できません（4は誤り）。確認ポイントは、選択肢3の結論と、各選択肢の要件・効果の違いです。 正答（2）との違いを確認し直してください。;4:（4）の内容は、正答（2）「通謀虚偽表示による売買契約は当事者間では無効であるが、善意の第三者には対抗できない」が示す論点とずれています。 解説の要点：錯誤取消しは「法律行為の目的及び取引上の社会通念に照らして重要な錯誤」が必要です（民法95条1項）。心裡留保は相手方が悪意なら無効（1は誤り）。詐欺取消しは善意無過失の第三者には対抗できません（4は誤り）。確認ポイントは、選択肢3の結論と、各選択肢の要件・効果の違いです。 正答（2）との違いを確認し直してください。,錯誤取消しは「法律行為の目的及び取引上の社会通念に照らして重要な錯誤」が必要です（民法95条1項）。心裡留保は相手方が悪意なら無効（1は誤り）。詐欺取消しは善意無過失の第三者には対抗できません（4は誤り）。確認ポイントは、選択肢3の結論と、各選択肢の要件・効果の違いです。,錯誤取消しは「法律行為の目的及び取引上の社会通念に照らして重要な錯誤」が必要です（民法95条1項）。心裡留保は相手方が悪意なら無効（1は誤り）。詐欺取消しは善意無過失の第三者には対抗できません（4は誤り）。確認ポイントは、選択肢3の結論と、各選択肢の要件・効果の違いです。,
2024,令和6年度,2,single,権利関係,,制限行為能力者に関する次の記述のうち、民法の規定によれば、正しいものはどれか。,,,,,,未成年者が法定代理人の同意なしに締結した売買契約は、法定代理人のみが取り消すことができる,被保佐人が保佐人の同意なしに不動産を売却した場合、その売買契約は当然に無効である,成年被後見人が日用品を購入した場合、後見人は当該行為を取り消すことができない,被補助人が補助人の同意を要する行為について同意なしに行った場合、補助人は追認できない,3,FALSE,FALSE,,成年被後見人による日用品の購入等の日常生活に関する行為は取消しの対象外です（民法9条ただし書き）。未成年者自身も取り消すことができます（1は誤り）。保佐人同意なき行為は取消しうる行為であり当然無効ではありません（2は誤り）。被補助人の行為は補助人が追認できます（4は誤り）。確認ポイントは、選択肢3の結論と、各選択肢の要件・効果の違いです。,1:根拠の記述が異なります。解説では「は取消しの対象外です（民法」が根拠ですが、（1）は「未成年者が法」を根拠とする内容です。 解説の要点：成年被後見人による日用品の購入等の日常生活に関する行為は取消しの対象外です（民法9条ただし書き）。未成年者自身も取り消すことができます（1は誤り）。保佐人同意なき行為は取消しうる行為であり当然無効ではありません（2は誤り）。被補助人の行為は補助人が追認できます（4は誤り）。確認ポ… 正答（3）との違いを確認し直してください。;2:（2）の内容は、正答（3）「成年被後見人が日用品を購入した場合、後見人は当該行為を取り消すことができない」が示す論点とずれています。 解説の要点：成年被後見人による日用品の購入等の日常生活に関する行為は取消しの対象外です（民法9条ただし書き）。未成年者自身も取り消すことができます（1は誤り）。保佐人同意なき行為は取消しうる行為であり当然無効ではありません（2は誤り）。被補助人の行為は補助人が追認できます（4は誤り）。確認ポ… 正答（3）との違いを確認し直してください。;4:（4）の内容は、正答（3）「成年被後見人が日用品を購入した場合、後見人は当該行為を取り消すことができない」が示す論点とずれています。 解説の要点：成年被後見人による日用品の購入等の日常生活に関する行為は取消しの対象外です（民法9条ただし書き）。未成年者自身も取り消すことができます（1は誤り）。保佐人同意なき行為は取消しうる行為であり当然無効ではありません（2は誤り）。被補助人の行為は補助人が追認できます（4は誤り）。確認ポ… 正答（3）との違いを確認し直してください。,成年被後見人による日用品の購入等の日常生活に関する行為は取消しの対象外です（民法9条ただし書き）。未成年者自身も取り消すことができます（1は誤り）。保佐人同意なき行為は取消しうる行為であり当然無効ではありません（2は誤り）。被補助人の行為は補助人が追認できます（4は誤り）。確認ポイントは、選択肢3の結論と、各選択肢の要件・効果の違いです。,成年被後見人による日用品の購入等の日常生活に関する行為は取消しの対象外です（民法9条ただし書き）。未成年者自身も取り消すことができます（1は誤り）。保佐人同意なき行為は取消しうる行為であり当然無効ではありません（2は誤り）。被補助人の行為は補助人が追認できます（4は誤り）。確認ポイントは、選択肢3の結論と、各選択肢の要件・効果の違いです。,
2024,令和6年度,3,single,権利関係,,不動産の物権変動に関する次の記述のうち、民法の規定及び判例によれば、正しいものはどれか。,,,,,,AがBとCに土地を二重譲渡した場合、BはCに登記がなくても所有権取得を対抗できる,取消し前の第三者には登記の有無にかかわらず取消しを対抗できる,解除前に第三者が登記を備えていれば、解除による原状回復をその第三者に対抗できない,相続による不動産取得は登記なくして第三者に対抗できる,3,FALSE,FALSE,,解除前に現れた第三者が登記を備えていれば、契約解除をその第三者に対抗できません（民法545条1項ただし書き）。二重譲渡では先に登記した者が勝ちます（1は誤り）。取消し前の第三者には対抗問題となり登記の先後で決まります（2は誤り）。相続も法定相続分超過部分は登記が必要です（4は誤り）。確認ポイントは、選択肢3の結論と、各選択肢の要件・効果の違いです。,1:（1）「AがBとCに土地を二重譲渡した場合、BはCに登記がなくても所有権取得を対抗できる」は、作業主任者の選任が必要な作業の組合せ（）を含んでいません。解説のとおり、該当作業と非該当作業の区別を確認してください。;2:（2）の内容は、正答（3）「解除前に第三者が登記を備えていれば、解除による原状回復をその第三者に対抗できない」が示す論点とずれています。 解説の要点：解除前に現れた第三者が登記を備えていれば、契約解除をその第三者に対抗できません（民法545条1項ただし書き）。二重譲渡では先に登記した者が勝ちます（1は誤り）。取消し前の第三者には対抗問題となり登記の先後で決まります（2は誤り）。相続も法定相続分超過部分は登記が必要です（4は誤り… 正答（3）との違いを確認し直してください。;4:（4）の内容は、正答（3）「解除前に第三者が登記を備えていれば、解除による原状回復をその第三者に対抗できない」が示す論点とずれています。 解説の要点：解除前に現れた第三者が登記を備えていれば、契約解除をその第三者に対抗できません（民法545条1項ただし書き）。二重譲渡では先に登記した者が勝ちます（1は誤り）。取消し前の第三者には対抗問題となり登記の先後で決まります（2は誤り）。相続も法定相続分超過部分は登記が必要です（4は誤り… 正答（3）との違いを確認し直してください。,解除前に現れた第三者が登記を備えていれば、契約解除をその第三者に対抗できません（民法545条1項ただし書き）。二重譲渡では先に登記した者が勝ちます（1は誤り）。取消し前の第三者には対抗問題となり登記の先後で決まります（2は誤り）。相続も法定相続分超過部分は登記が必要です（4は誤り）。確認ポイントは、選択肢3の結論と、各選択肢の要件・効果の違いです。,解除前に現れた第三者が登記を備えていれば、契約解除をその第三者に対抗できません（民法545条1項ただし書き）。二重譲渡では先に登記した者が勝ちます（1は誤り）。取消し前の第三者には対抗問題となり登記の先後で決まります（2は誤り）。相続も法定相続分超過部分は登記が必要です（4は誤り）。確認ポイントは、選択肢3の結論と、各選択肢の要件・効果の違いです。,
2024,令和6年度,4,single,権利関係,,賃貸借に関する次の記述のうち、民法及び借地借家法の規定によれば、正しいものはどれか。,,,,,,建物賃借人が引渡しを受けていても、賃借権の登記がなければ新所有者に賃借権を対抗できない,定期建物賃貸借では、借主は正当事由がなければ中途解約できない,普通建物賃貸借で1年未満の期間を定めた場合は期間の定めのない賃貸借とみなされる,建物賃貸借において賃料を増額しない旨の特約は有効である,3,FALSE,FALSE,,賃料を増額しない旨の特約は有効です（借地借家法32条1項ただし書き）。建物賃借人は引渡しを受けることで対抗力を取得します（1は誤り）。定期建物賃貸借の中途解約は一定要件を満たす居住用は可能です（2は誤り）。1年未満の建物賃貸借は期間の定めのないものとみなされます（3は正しい内容ですが肢4が明確な正解）。,1:解説では「賃料を増額しない旨の特約は有効です（借地借家法32条1項ただし書き）。」とある一方、（1）の記述はそれと矛盾します。 解説の要点：賃料を増額しない旨の特約は有効です（借地借家法32条1項ただし書き）。建物賃借人は引渡しを受けることで対抗力を取得します（1は誤り）。定期建物賃貸借の中途解約は一定要件を満たす居住用は可能です（2は誤り）。1年未満の建物賃貸借は期間の定めのないものとみなされます（3は正しい内容で… 正答（3）との違いを確認し直してください。;2:解説では「賃料を増額しない旨の特約は有効です（借地借家法32条1項ただし書き）。」とある一方、（2）の記述はそれと矛盾します。 解説の要点：賃料を増額しない旨の特約は有効です（借地借家法32条1項ただし書き）。建物賃借人は引渡しを受けることで対抗力を取得します（1は誤り）。定期建物賃貸借の中途解約は一定要件を満たす居住用は可能です（2は誤り）。1年未満の建物賃貸借は期間の定めのないものとみなされます（3は正しい内容で… 正答（3）との違いを確認し直してください。;4:解説では「賃料を増額しない旨の特約は有効です（借地借家法32条1項ただし書き）。」とある一方、（4）の記述はそれと矛盾します。 解説の要点：賃料を増額しない旨の特約は有効です（借地借家法32条1項ただし書き）。建物賃借人は引渡しを受けることで対抗力を取得します（1は誤り）。定期建物賃貸借の中途解約は一定要件を満たす居住用は可能です（2は誤り）。1年未満の建物賃貸借は期間の定めのないものとみなされます（3は正しい内容で… 正答（3）との違いを確認し直してください。,賃料を増額しない旨の特約は有効です（借地借家法32条1項ただし書き）。建物賃借人は引渡しを受けることで対抗力を取得します（1は誤り）。定期建物賃貸借の中途解約は一定要件を満たす居住用は可能です（2は誤り）。1年未満の建物賃貸借は期間の定めのないものとみなされます（3は正しい内容ですが肢4が明確な正解）。,賃料を増額しない旨の特約は有効です（借地借家法32条1項ただし書き）。建物賃借人は引渡しを受けることで対抗力を取得します（1は誤り）。定期建物賃貸借の中途解約は一定要件を満たす居住用は可能です（2は誤り）。1年未満の建物賃貸借は期間の定めのないものとみなされます（3は正しい内容ですが肢4が明確な正解）。,
2024,令和6年度,5,single,権利関係,,抵当権に関する次の記述のうち、民法の規定及び判例によれば、正しいものはどれか。,,,,,,抵当権者は抵当不動産の賃料に対して物上代位権を行使できるが、差押えは不要である,抵当権設定後に所有者が建物を建築した場合、土地競売時に建物も一括競売できるが、優先弁済は土地分のみである,抵当権は登記なくしては当事者間でも効力が生じない,根抵当権の極度額の変更は後順位利害関係者の承諾が不要である,2,FALSE,FALSE,,抵当権設定後に建物が建てられた場合、土地と建物を一括競売できますが、優先弁済は土地の代金のみです（民法389条）。物上代位には差押えが必要です（1は誤り）。抵当権は当事者間では登記なくても成立します（3は誤り）。根抵当権の極度額変更には後順位利害関係者の承諾が必要です（4は誤り）。確認ポイントは、選択肢2の結論と、各選択肢の要件・効果の違いです。,1:解説では「物上代位には差押えが必要です（1は誤り）。」とある一方、（1）の記述はそれと矛盾します。 解説の要点：抵当権設定後に建物が建てられた場合、土地と建物を一括競売できますが、優先弁済は土地の代金のみです（民法389条）。物上代位には差押えが必要です（1は誤り）。抵当権は当事者間では登記なくても成立します（3は誤り）。根抵当権の極度額変更には後順位利害関係者の承諾が必要です（4は誤り）… 正答（2）との違いを確認し直してください。;3:解説では「物上代位には差押えが必要です（1は誤り）。」とある一方、（3）の記述はそれと矛盾します。 解説の要点：抵当権設定後に建物が建てられた場合、土地と建物を一括競売できますが、優先弁済は土地の代金のみです（民法389条）。物上代位には差押えが必要です（1は誤り）。抵当権は当事者間では登記なくても成立します（3は誤り）。根抵当権の極度額変更には後順位利害関係者の承諾が必要です（4は誤り）… 正答（2）との違いを確認し直してください。;4:解説では「物上代位には差押えが必要です（1は誤り）。」とある一方、（4）の記述はそれと矛盾します。 解説の要点：抵当権設定後に建物が建てられた場合、土地と建物を一括競売できますが、優先弁済は土地の代金のみです（民法389条）。物上代位には差押えが必要です（1は誤り）。抵当権は当事者間では登記なくても成立します（3は誤り）。根抵当権の極度額変更には後順位利害関係者の承諾が必要です（4は誤り）… 正答（2）との違いを確認し直してください。,抵当権設定後に建物が建てられた場合、土地と建物を一括競売できますが、優先弁済は土地の代金のみです（民法389条）。物上代位には差押えが必要です（1は誤り）。抵当権は当事者間では登記なくても成立します（3は誤り）。根抵当権の極度額変更には後順位利害関係者の承諾が必要です（4は誤り）。確認ポイントは、選択肢2の結論と、各選択肢の要件・効果の違いです。,抵当権設定後に建物が建てられた場合、土地と建物を一括競売できますが、優先弁済は土地の代金のみです（民法389条）。物上代位には差押えが必要です（1は誤り）。抵当権は当事者間では登記なくても成立します（3は誤り）。根抵当権の極度額変更には後順位利害関係者の承諾が必要です（4は誤り）。確認ポイントは、選択肢2の結論と、各選択肢の要件・効果の違いです。,
2024,令和6年度,6,single,権利関係,,保証に関する次の記述のうち、民法の規定によれば、正しいものはどれか。,,,,,,保証契約は口頭でも成立する,個人の根保証契約では極度額の定めがなくても有効である,連帯保証人には催告の抗弁権も検索の抗弁権もない,主たる債務の消滅時効が完成した場合、保証人は時効を援用できない,3,FALSE,FALSE,,連帯保証人には催告の抗弁権も検索の抗弁権もありません（民法454条）。保証契約は書面が必要です（1は誤り）。個人の根保証は極度額がなければ無効です（2は誤り）。保証人も主債務の時効を援用できます（4は誤り）。確認ポイントは、選択肢3の結論と、各選択肢の要件・効果の違いです。,1:（1）「保証契約は口頭でも成立する」は、単独の記述としては法令上妥当な場合がありますが、本問で選ぶべき正答は（3）「連帯保証人には催告の抗弁権も検索の抗弁権もない」です。問題文の条件（保証に関する次の記述のうち、民法の規定によれば、正しいものはどれか。…）と照らし、設問が問う論点に合う肢を選び直してください。;2:（2）の内容は、正答（3）「連帯保証人には催告の抗弁権も検索の抗弁権もない」が示す論点とずれています。 解説の要点：連帯保証人には催告の抗弁権も検索の抗弁権もありません（民法454条）。保証契約は書面が必要です（1は誤り）。個人の根保証は極度額がなければ無効です（2は誤り）。保証人も主債務の時効を援用できます（4は誤り）。確認ポイントは、選択肢3の結論と、各選択肢の要件・効果の違いです。 正答（3）との違いを確認し直してください。;4:解説では「保証契約は書面が必要です（1は誤り）。」とある一方、（4）の記述はそれと矛盾します。 解説の要点：連帯保証人には催告の抗弁権も検索の抗弁権もありません（民法454条）。保証契約は書面が必要です（1は誤り）。個人の根保証は極度額がなければ無効です（2は誤り）。保証人も主債務の時効を援用できます（4は誤り）。確認ポイントは、選択肢3の結論と、各選択肢の要件・効果の違いです。 正答（3）との違いを確認し直してください。,連帯保証人には催告の抗弁権も検索の抗弁権もありません（民法454条）。保証契約は書面が必要です（1は誤り）。個人の根保証は極度額がなければ無効です（2は誤り）。保証人も主債務の時効を援用できます（4は誤り）。確認ポイントは、選択肢3の結論と、各選択肢の要件・効果の違いです。,連帯保証人には催告の抗弁権も検索の抗弁権もありません（民法454条）。保証契約は書面が必要です（1は誤り）。個人の根保証は極度額がなければ無効です（2は誤り）。保証人も主債務の時効を援用できます（4は誤り）。確認ポイントは、選択肢3の結論と、各選択肢の要件・効果の違いです。,
2024,令和6年度,9,single,権利関係,,借地借家法の定期借地権に関する次の記述のうち、正しいものはどれか。,,,,,,一般定期借地権の存続期間は50年以上で、公正証書が必要である,事業用定期借地権は公正証書以外でも設定できる,建物譲渡特約付借地権の存続期間は30年以上で、期間終了時に建物所有権が地主に移転する,定期借地権は特約でも更新することはできない,3,FALSE,FALSE,,建物譲渡特約付借地権は存続期間30年以上で、期間終了時に建物所有権が地主に移転します（借地借家法24条）。一般定期借地権は公正証書でなくてもよいです（1は誤り）。事業用定期借地権は公正証書が必須です（2は誤り）。定期借地権は特約でも更新できません（4は正しい内容で正解候補）。正解は3。確認ポイントは、選択肢3の結論と、各選択肢の要件・効果の違いです。,1:（1）の内容は、正答（3）「建物譲渡特約付借地権の存続期間は30年以上で、期間終了時に建物所有権が地主に移転する」が示す論点とずれています。 解説の要点：建物譲渡特約付借地権は存続期間30年以上で、期間終了時に建物所有権が地主に移転します（借地借家法24条）。一般定期借地権は公正証書でなくてもよいです（1は誤り）。事業用定期借地権は公正証書が必須です（2は誤り）。定期借地権は特約でも更新できません（4は正しい内容で正解候補）。正解… 正答（3）との違いを確認し直してください。;2:（2）の内容は、正答（3）「建物譲渡特約付借地権の存続期間は30年以上で、期間終了時に建物所有権が地主に移転する」が示す論点とずれています。 解説の要点：建物譲渡特約付借地権は存続期間30年以上で、期間終了時に建物所有権が地主に移転します（借地借家法24条）。一般定期借地権は公正証書でなくてもよいです（1は誤り）。事業用定期借地権は公正証書が必須です（2は誤り）。定期借地権は特約でも更新できません（4は正しい内容で正解候補）。正解… 正答（3）との違いを確認し直してください。;4:（4）の内容は、正答（3）「建物譲渡特約付借地権の存続期間は30年以上で、期間終了時に建物所有権が地主に移転する」が示す論点とずれています。 解説の要点：建物譲渡特約付借地権は存続期間30年以上で、期間終了時に建物所有権が地主に移転します（借地借家法24条）。一般定期借地権は公正証書でなくてもよいです（1は誤り）。事業用定期借地権は公正証書が必須です（2は誤り）。定期借地権は特約でも更新できません（4は正しい内容で正解候補）。正解… 正答（3）との違いを確認し直してください。,確認ポイントは、選択肢3の結論と、各選択肢の要件・効果の違いです。,建物譲渡特約付借地権は存続期間30年以上で、期間終了時に建物所有権が地主に移転します（借地借家法24条）。一般定期借地権は公正証書でなくてもよいです（1は誤り）。事業用定期借地権は公正証書が必須です（2は誤り）。定期借地権は特約でも更新できません（4は正しい内容で正解候補）。正解は3。確認ポイントは、選択肢3の結論と、各選択肢の要件・効果の違いです。,
2024,令和6年度,10,single,権利関係,,不法行為に関する次の記述のうち、民法の規定及び判例によれば、正しいものはどれか。,,,,,,損害賠償請求権は被害者が損害及び加害者を知った時から3年（生命・身体侵害は5年）で時効消滅する,使用者が損害賠償をした場合、被用者に対して全額求償できる,共同不法行為者は各自が連帯して損害を賠償する責任を負う,工作物の所有者は相当な注意をしたことを証明すれば免責される,3,FALSE,FALSE,,共同不法行為者は各自連帯して損害全額を賠償する責任を負います（民法719条）。使用者の求償は信義則上制限されます（2は誤り）。工作物の所有者は無過失責任で免責されません（4は誤り）。確認ポイントは、選択肢3の結論と、各選択肢の要件・効果の違いです。,1:（1）の内容は、正答（3）「共同不法行為者は各自が連帯して損害を賠償する責任を負う」が示す論点とずれています。 解説の要点：共同不法行為者は各自連帯して損害全額を賠償する責任を負います（民法719条）。使用者の求償は信義則上制限されます（2は誤り）。工作物の所有者は無過失責任で免責されません（4は誤り）。確認ポイントは、選択肢3の結論と、各選択肢の要件・効果の違いです。 正答（3）との違いを確認し直してください。;2:（2）の内容は、正答（3）「共同不法行為者は各自が連帯して損害を賠償する責任を負う」が示す論点とずれています。 解説の要点：共同不法行為者は各自連帯して損害全額を賠償する責任を負います（民法719条）。使用者の求償は信義則上制限されます（2は誤り）。工作物の所有者は無過失責任で免責されません（4は誤り）。確認ポイントは、選択肢3の結論と、各選択肢の要件・効果の違いです。 正答（3）との違いを確認し直してください。;4:（4）の内容は、正答（3）「共同不法行為者は各自が連帯して損害を賠償する責任を負う」が示す論点とずれています。 解説の要点：共同不法行為者は各自連帯して損害全額を賠償する責任を負います（民法719条）。使用者の求償は信義則上制限されます（2は誤り）。工作物の所有者は無過失責任で免責されません（4は誤り）。確認ポイントは、選択肢3の結論と、各選択肢の要件・効果の違いです。 正答（3）との違いを確認し直してください。,共同不法行為者は各自連帯して損害全額を賠償する責任を負います（民法719条）。使用者の求償は信義則上制限されます（2は誤り）。工作物の所有者は無過失責任で免責されません（4は誤り）。確認ポイントは、選択肢3の結論と、各選択肢の要件・効果の違いです。,確認ポイントは、選択肢3の結論と、各選択肢の要件・効果の違いです。,
2024,令和6年度,12,single,権利関係,,契約不適合責任に関する次の記述のうち、民法の規定によれば、正しいものはどれか。,,,,,,買主は引渡しを受けた時から1年以内に通知しなければ権利を失う,売主が不適合を知りながら告げなかった場合も担保責任免除特約は有効である,買主は不適合を知った時から1年以内に売主に通知しなければ修補請求等の権利を失う,数量不適合の場合、買主は解除することができない,3,FALSE,FALSE,,買主は契約不適合を知った時から1年以内に売主に通知しなければ権利を失います（民法566条）。起算点は「引渡し」ではなく「知った時」です（1は誤り）。売主が不適合を知りながら告げなかった場合は免除特約は無効です（2は誤り）。数量不適合でも解除できます（4は誤り）。確認ポイントは、選択肢3の結論と、各選択肢の要件・効果の違いです。,1:（1）の内容は、正答（3）「買主は不適合を知った時から1年以内に売主に通知しなければ修補請求等の権利を失う」が示す論点とずれています。 解説の要点：買主は契約不適合を知った時から1年以内に売主に通知しなければ権利を失います（民法566条）。起算点は「引渡し」ではなく「知った時」です（1は誤り）。売主が不適合を知りながら告げなかった場合は免除特約は無効です（2は誤り）。数量不適合でも解除できます（4は誤り）。確認ポイントは、選… 正答（3）との違いを確認し直してください。;2:（2）の内容は、正答（3）「買主は不適合を知った時から1年以内に売主に通知しなければ修補請求等の権利を失う」が示す論点とずれています。 解説の要点：買主は契約不適合を知った時から1年以内に売主に通知しなければ権利を失います（民法566条）。起算点は「引渡し」ではなく「知った時」です（1は誤り）。売主が不適合を知りながら告げなかった場合は免除特約は無効です（2は誤り）。数量不適合でも解除できます（4は誤り）。確認ポイントは、選… 正答（3）との違いを確認し直してください。;4:（4）の内容は、正答（3）「買主は不適合を知った時から1年以内に売主に通知しなければ修補請求等の権利を失う」が示す論点とずれています。 解説の要点：買主は契約不適合を知った時から1年以内に売主に通知しなければ権利を失います（民法566条）。起算点は「引渡し」ではなく「知った時」です（1は誤り）。売主が不適合を知りながら告げなかった場合は免除特約は無効です（2は誤り）。数量不適合でも解除できます（4は誤り）。確認ポイントは、選… 正答（3）との違いを確認し直してください。,売主が不適合を知りながら告げなかった場合は免除特約は無効です（2は誤り）。,買主は契約不適合を知った時から1年以内に売主に通知しなければ権利を失います（民法566条）。起算点は「引渡し」ではなく「知った時」です（1は誤り）。売主が不適合を知りながら告げなかった場合は免除特約は無効です（2は誤り）。数量不適合でも解除できます（4は誤り）。確認ポイントは、選択肢3の結論と、各選択肢の要件・効果の違いです。,
2024,令和6年度,13,single,権利関係,,地役権に関する次の記述のうち、民法の規定によれば、正しいものはどれか。,,,,,,地役権は要役地と承役地の合意があれば登記なくして第三者に対抗できる,通行地役権の時効取得には継続的行使かつ外形上認識できることが必要である,地役権は要役地の所有権と分離して処分できる,承役地の所有権が移転すると地役権の登記があっても消滅する,2,FALSE,FALSE,,通行地役権の時効取得には、継続的に行使されかつ外形上認識できること（通路開設等）が必要です（判例）。地役権も登記が対抗要件です（1は誤り）。地役権は要役地と分離して処分できません（3は誤り）。登記がある地役権は承役地の新所有者にも対抗できます（4は誤り）。確認ポイントは、選択肢2の結論と、各選択肢の要件・効果の違いです。,1:（1）の内容は、正答（2）「通行地役権の時効取得には継続的行使かつ外形上認識できることが必要である」が示す論点とずれています。 解説の要点：通行地役権の時効取得には、継続的に行使されかつ外形上認識できること（通路開設等）が必要です（判例）。地役権も登記が対抗要件です（1は誤り）。地役権は要役地と分離して処分できません（3は誤り）。登記がある地役権は承役地の新所有者にも対抗できます（4は誤り）。確認ポイントは、選択肢2… 正答（2）との違いを確認し直してください。;3:（3）の内容は、正答（2）「通行地役権の時効取得には継続的行使かつ外形上認識できることが必要である」が示す論点とずれています。 解説の要点：通行地役権の時効取得には、継続的に行使されかつ外形上認識できること（通路開設等）が必要です（判例）。地役権も登記が対抗要件です（1は誤り）。地役権は要役地と分離して処分できません（3は誤り）。登記がある地役権は承役地の新所有者にも対抗できます（4は誤り）。確認ポイントは、選択肢2… 正答（2）との違いを確認し直してください。;4:（4）の内容は、正答（2）「通行地役権の時効取得には継続的行使かつ外形上認識できることが必要である」が示す論点とずれています。 解説の要点：通行地役権の時効取得には、継続的に行使されかつ外形上認識できること（通路開設等）が必要です（判例）。地役権も登記が対抗要件です（1は誤り）。地役権は要役地と分離して処分できません（3は誤り）。登記がある地役権は承役地の新所有者にも対抗できます（4は誤り）。確認ポイントは、選択肢2… 正答（2）との違いを確認し直してください。,通行地役権の時効取得には、継続的に行使されかつ外形上認識できること（通路開設等）が必要です（判例）。地役権も登記が対抗要件です（1は誤り）。地役権は要役地と分離して処分できません（3は誤り）。登記がある地役権は承役地の新所有者にも対抗できます（4は誤り）。確認ポイントは、選択肢2の結論と、各選択肢の要件・効果の違いです。,通行地役権の時効取得には、継続的に行使されかつ外形上認識できること（通路開設等）が必要です（判例）。地役権も登記が対抗要件です（1は誤り）。地役権は要役地と分離して処分できません（3は誤り）。登記がある地役権は承役地の新所有者にも対抗できます（4は誤り）。確認ポイントは、選択肢2の結論と、各選択肢の要件・効果の違いです。,
2024,令和6年度,14,single,権利関係,,留置権に関する次の記述のうち、民法の規定によれば、正しいものはどれか。,,,,,,留置権は動産にのみ成立する,建物の賃借人が有益費を支出した場合、賃貸借終了時に償還を受けるまで建物を留置できる,留置権者は留置物の保管義務を負わない,留置権の成立にはけん連関係は不要である,2,FALSE,FALSE,,建物賃借人が有益費を支出し償還請求権を持つ場合、建物を留置できます（民法295条）。留置権は不動産にも成立します（1は誤り）。留置権者は善管注意義務を負います（3は誤り）。けん連関係が必要です（4は誤り）。確認ポイントは、選択肢2の結論と、各選択肢の要件・効果の違いです。,1:（1）「留置権は動産にのみ成立する」は、単独の記述としては法令上妥当な場合がありますが、本問で選ぶべき正答は（2）「建物の賃借人が有益費を支出した場合、賃貸借終了時に償還を受けるまで建物を留置できる」です。問題文の条件（留置権に関する次の記述のうち、民法の規定によれば、正しいものはどれか。…）と照らし、設問が問う論点に合う肢を選び直してください。;3:（3）「留置権者は留置物の保管義務を負わない」は、単独の記述としては法令上妥当な場合がありますが、本問で選ぶべき正答は（2）「建物の賃借人が有益費を支出した場合、賃貸借終了時に償還を受けるまで建物を留置できる」です。問題文の条件（留置権に関する次の記述のうち、民法の規定によれば、正しいものはどれか。…）と照らし、設問が問う論点に合う肢を選び直してください。;4:（4）「留置権の成立にはけん連関係は不要である」は、単独の記述としては法令上妥当な場合がありますが、本問で選ぶべき正答は（2）「建物の賃借人が有益費を支出した場合、賃貸借終了時に償還を受けるまで建物を留置できる」です。問題文の条件（留置権に関する次の記述のうち、民法の規定によれば、正しいものはどれか。…）と照らし、設問が問う論点に合う肢を選び直してください。,建物賃借人が有益費を支出し償還請求権を持つ場合、建物を留置できます（民法295条）。留置権は不動産にも成立します（1は誤り）。留置権者は善管注意義務を負います（3は誤り）。けん連関係が必要です（4は誤り）。確認ポイントは、選択肢2の結論と、各選択肢の要件・効果の違いです。,建物賃借人が有益費を支出し償還請求権を持つ場合、建物を留置できます（民法295条）。留置権は不動産にも成立します（1は誤り）。留置権者は善管注意義務を負います（3は誤り）。けん連関係が必要です（4は誤り）。確認ポイントは、選択肢2の結論と、各選択肢の要件・効果の違いです。,
2024,令和6年度,15,single,宅建業法,,宅建業の免許に関する次の記述のうち、正しいものはどれか。,,,,,,宅建業者が合併で消滅した場合、消滅会社の代表役員は30日以内に届け出る,個人業者が死亡した場合、相続人は死亡の事実を知った日から30日以内に届け出る,免許の更新は有効期間満了の30日前までに行えばよい,1都道府県のみに事務所を持つ国交大臣免許業者は知事免許への切替え不要である,1,FALSE,FALSE,,個人業者が死亡した場合、相続人は死亡の事実を知った日から30日以内に届け出が必要です（宅建業法11条）。免許更新は満了の90日前〜30日前の間に行います（3は誤り）。1都道府県のみになった場合は知事免許への切替えが必要です（4は誤り）。確認ポイントは、選択肢2の結論と、各選択肢の要件・効果の違いです。,2:個人業者が死亡した場合、相続人は死亡の事実を知った日から30日以内に届け出が必要です（宅建業法11条）。;3:（3）の内容は、正答（1）「宅建業者が合併で消滅した場合、消滅会社の代表役員は30日以内に届け出る」が示す論点とずれています。 解説の要点：個人業者が死亡した場合、相続人は死亡の事実を知った日から30日以内に届け出が必要です（宅建業法11条）。免許更新は満了の90日前〜30日前の間に行います（3は誤り）。1都道府県のみになった場合は知事免許への切替えが必要です（4は誤り）。確認ポイントは、選択肢2の結論と、各選択肢の… 正答（1）との違いを確認し直してください。;4:「のみ」「だけ」などの限定表現が解説の内容（責任主体・対象範囲の広さ）と一致しません。 解説では「個人業者が死亡した場合、相続人は死亡の事実を知った日から30日以内に届け出が必要です（宅建業法11条）。」とある一方、（4）の記述はそれと矛盾します。 解説の要点：個人業者が死亡した場合、相続人は死亡の事実を知った日から30日以内に届け出が必要です（宅建業法11条）。免許更新は満了の90日前〜30日前の間に行います（3は誤り）。1都道府県のみになった場合は知事免許への切替えが必要です（4は誤り）。確認ポイントは、選択肢2の結論と、各選択肢の… 正答（1）との違いを確認し直してください。,個人業者が死亡した場合、相続人は死亡の事実を知った日から30日以内に届け出が必要です（宅建業法11条）。免許更新は満了の90日前〜30日前の間に行います（3は誤り）。1都道府県のみになった場合は知事免許への切替えが必要です（4は誤り）。確認ポイントは、選択肢2の結論と、各選択肢の要件・効果の違いです。,個人業者が死亡した場合、相続人は死亡の事実を知った日から30日以内に届け出が必要です（宅建業法11条）。免許更新は満了の90日前〜30日前の間に行います（3は誤り）。1都道府県のみになった場合は知事免許への切替えが必要です（4は誤り）。確認ポイントは、選択肢2の結論と、各選択肢の要件・効果の違いです。,
2024,令和6年度,16,single,宅建業法,,宅建士に関する次の記述のうち、正しいものはどれか。,,,,,,宅建士が住所を変更した場合、宅建士証の書換え交付申請が必要である,重要事項説明時に相手方からの請求がなければ宅建士証を提示しなくてよい,専任の宅建士はその宅建業者の従業者でなければならない,宅建士証は常時携帯義務がある,3,FALSE,FALSE,,専任の宅建士はその事務所に常勤し専ら業務に従事しなければなりません（宅建業法31条の3）。住所変更は変更登録が必要ですが書換えは任意です（1は誤り）。相手方から請求があれば提示義務があります（2は誤り）。宅建士証は業務時の携帯が必要ですが常時は過度です（4は誤り）。確認ポイントは、選択肢3の結論と、各選択肢の要件・効果の違いです。,1:（1）の内容は、正答（3）「専任の宅建士はその宅建業者の従業者でなければならない」が示す論点とずれています。 解説の要点：専任の宅建士はその事務所に常勤し専ら業務に従事しなければなりません（宅建業法31条の3）。住所変更は変更登録が必要ですが書換えは任意です（1は誤り）。相手方から請求があれば提示義務があります（2は誤り）。宅建士証は業務時の携帯が必要ですが常時は過度です（4は誤り）。確認ポイントは… 正答（3）との違いを確認し直してください。;2:（2）の内容は、正答（3）「専任の宅建士はその宅建業者の従業者でなければならない」が示す論点とずれています。 解説の要点：専任の宅建士はその事務所に常勤し専ら業務に従事しなければなりません（宅建業法31条の3）。住所変更は変更登録が必要ですが書換えは任意です（1は誤り）。相手方から請求があれば提示義務があります（2は誤り）。宅建士証は業務時の携帯が必要ですが常時は過度です（4は誤り）。確認ポイントは… 正答（3）との違いを確認し直してください。;4:（4）「宅建士証は常時携帯義務がある」は、単独の記述としては法令上妥当な場合がありますが、本問で選ぶべき正答は（3）「専任の宅建士はその宅建業者の従業者でなければならない」です。問題文の条件（宅建士に関する次の記述のうち、正しいものはどれか。…）と照らし、設問が問う論点に合う肢を選び直してください。,専任の宅建士はその事務所に常勤し専ら業務に従事しなければなりません（宅建業法31条の3）。住所変更は変更登録が必要ですが書換えは任意です（1は誤り）。相手方から請求があれば提示義務があります（2は誤り）。宅建士証は業務時の携帯が必要ですが常時は過度です（4は誤り）。確認ポイントは、選択肢3の結論と、各選択肢の要件・効果の違いです。,専任の宅建士はその事務所に常勤し専ら業務に従事しなければなりません（宅建業法31条の3）。住所変更は変更登録が必要ですが書換えは任意です（1は誤り）。相手方から請求があれば提示義務があります（2は誤り）。宅建士証は業務時の携帯が必要ですが常時は過度です（4は誤り）。確認ポイントは、選択肢3の結論と、各選択肢の要件・効果の違いです。,
2024,令和6年度,17,single,宅建業法,,営業保証金に関する次の記述のうち、正しいものはどれか。,,,,,,営業保証金は現金のみで供託しなければならない,保証協会社員となった場合の営業保証金取戻しには6か月以上の公告が必要である,営業保証金から弁済を受けられるのは全ての取引相手である,新たに事務所を設置した場合、営業開始後2週間以内に追加供託する,2,FALSE,FALSE,,保証協会社員となった場合の営業保証金取戻しには6か月以上の公告期間が必要です（宅建業法30条2項）。有価証券でも供託できます（1は誤り）。宅建業者以外の者のみが弁済を受けられます（3は誤り）。追加供託は事務所開設前に行います（4は誤り）。確認ポイントは、選択肢2の結論と、各選択肢の要件・効果の違いです。,1:解説では「保証協会社員となった場合の営業保証金取戻しには6か月以上の公告期間が必要です（宅建業法30条2項）。」とある一方、（1）の記述はそれと矛盾します。 解説の要点：保証協会社員となった場合の営業保証金取戻しには6か月以上の公告期間が必要です（宅建業法30条2項）。有価証券でも供託できます（1は誤り）。宅建業者以外の者のみが弁済を受けられます（3は誤り）。追加供託は事務所開設前に行います（4は誤り）。確認ポイントは、選択肢2の結論と、各選択肢… 正答（2）との違いを確認し直してください。;3:（3）の内容は、正答（2）「保証協会社員となった場合の営業保証金取戻しには6か月以上の公告が必要である」が示す論点とずれています。 解説の要点：保証協会社員となった場合の営業保証金取戻しには6か月以上の公告期間が必要です（宅建業法30条2項）。有価証券でも供託できます（1は誤り）。宅建業者以外の者のみが弁済を受けられます（3は誤り）。追加供託は事務所開設前に行います（4は誤り）。確認ポイントは、選択肢2の結論と、各選択肢… 正答（2）との違いを確認し直してください。;4:（4）の内容は、正答（2）「保証協会社員となった場合の営業保証金取戻しには6か月以上の公告が必要である」が示す論点とずれています。 解説の要点：保証協会社員となった場合の営業保証金取戻しには6か月以上の公告期間が必要です（宅建業法30条2項）。有価証券でも供託できます（1は誤り）。宅建業者以外の者のみが弁済を受けられます（3は誤り）。追加供託は事務所開設前に行います（4は誤り）。確認ポイントは、選択肢2の結論と、各選択肢… 正答（2）との違いを確認し直してください。,保証協会社員となった場合の営業保証金取戻しには6か月以上の公告期間が必要です（宅建業法30条2項）。有価証券でも供託できます（1は誤り）。宅建業者以外の者のみが弁済を受けられます（3は誤り）。追加供託は事務所開設前に行います（4は誤り）。確認ポイントは、選択肢2の結論と、各選択肢の要件・効果の違いです。,保証協会社員となった場合の営業保証金取戻しには6か月以上の公告期間が必要です（宅建業法30条2項）。有価証券でも供託できます（1は誤り）。宅建業者以外の者のみが弁済を受けられます（3は誤り）。追加供託は事務所開設前に行います（4は誤り）。確認ポイントは、選択肢2の結論と、各選択肢の要件・効果の違いです。,
2024,令和6年度,18,single,宅建業法,,宅建業者の広告に関する次の記述のうち、正しいものはどれか。,,,,,,建築確認申請中の建物は申請中の旨を明示すれば広告できる,誇大広告の禁止は自ら売主の場合にのみ適用される,未完成物件は開発許可または建築確認取得後から広告できる,広告開始時期制限違反でも取引の効力には影響がない,4,FALSE,FALSE,,広告開始時期制限違反でも売買契約自体は有効ですが業法上の違反となります（宅建業法33条）。建築確認前は広告できません（1は誤り）。誇大広告禁止は媒介業者にも適用されます（2は誤り）。開発許可または建築確認のどちらか先に取得した後から広告できます（3は誤り）。確認ポイントは、選択肢4の結論と、各選択肢の要件・効果の違いです。,1:（1）の内容は、正答（4）「広告開始時期制限違反でも取引の効力には影響がない」が示す論点とずれています。 解説の要点：広告開始時期制限違反でも売買契約自体は有効ですが業法上の違反となります（宅建業法33条）。建築確認前は広告できません（1は誤り）。誇大広告禁止は媒介業者にも適用されます（2は誤り）。開発許可または建築確認のどちらか先に取得した後から広告できます（3は誤り）。確認ポイントは、選択肢… 正答（4）との違いを確認し直してください。;2:解説では「広告開始時期制限違反でも売買契約自体は有効ですが業法上の違反となります（宅建業法33条）。」とある一方、（2）の記述はそれと矛盾します。 解説の要点：広告開始時期制限違反でも売買契約自体は有効ですが業法上の違反となります（宅建業法33条）。建築確認前は広告できません（1は誤り）。誇大広告禁止は媒介業者にも適用されます（2は誤り）。開発許可または建築確認のどちらか先に取得した後から広告できます（3は誤り）。確認ポイントは、選択肢… 正答（4）との違いを確認し直してください。;3:（3）の内容は、正答（4）「広告開始時期制限違反でも取引の効力には影響がない」が示す論点とずれています。 解説の要点：広告開始時期制限違反でも売買契約自体は有効ですが業法上の違反となります（宅建業法33条）。建築確認前は広告できません（1は誤り）。誇大広告禁止は媒介業者にも適用されます（2は誤り）。開発許可または建築確認のどちらか先に取得した後から広告できます（3は誤り）。確認ポイントは、選択肢… 正答（4）との違いを確認し直してください。,広告開始時期制限違反でも売買契約自体は有効ですが業法上の違反となります（宅建業法33条）。建築確認前は広告できません（1は誤り）。誇大広告禁止は媒介業者にも適用されます（2は誤り）。開発許可または建築確認のどちらか先に取得した後から広告できます（3は誤り）。確認ポイントは、選択肢4の結論と、各選択肢の要件・効果の違いです。,広告開始時期制限違反でも売買契約自体は有効ですが業法上の違反となります（宅建業法33条）。建築確認前は広告できません（1は誤り）。誇大広告禁止は媒介業者にも適用されます（2は誤り）。開発許可または建築確認のどちらか先に取得した後から広告できます（3は誤り）。確認ポイントは、選択肢4の結論と、各選択肢の要件・効果の違いです。,
2024,令和6年度,19,single,宅建業法,,重要事項説明に関する次の記述のうち、正しいものはどれか。,,,,,,マンション売買では管理費・修繕積立金の額の説明は不要である,IT重説は相手方の承諾があれば対面なしで行うことができる,重要事項説明書への宅建士の押印は2021年改正後も必要である,売主と買主の双方から媒介依頼を受けた場合、重要事項説明書は買主にのみ交付すればよい,4,FALSE,FALSE,,重要事項説明書は買主（借主）への交付義務で、売主への交付義務はありません（宅建業法35条）。管理費・修繕積立金は重要事項の説明事項です（1は誤り）。IT重説は一定要件のもと認められています（2は誤り）。押印は不要になりました（3は誤り）。確認ポイントは、選択肢4の結論と、各選択肢の要件・効果の違いです。,1:（1）の内容は、正答（4）「売主と買主の双方から媒介依頼を受けた場合、重要事項説明書は買主にのみ交付すればよい」が示す論点とずれています。 解説の要点：重要事項説明書は買主（借主）への交付義務で、売主への交付義務はありません（宅建業法35条）。管理費・修繕積立金は重要事項の説明事項です（1は誤り）。IT重説は一定要件のもと認められています（2は誤り）。押印は不要になりました（3は誤り）。確認ポイントは、選択肢4の結論と、各選択肢… 正答（4）との違いを確認し直してください。;2:（2）の内容は、正答（4）「売主と買主の双方から媒介依頼を受けた場合、重要事項説明書は買主にのみ交付すればよい」が示す論点とずれています。 解説の要点：重要事項説明書は買主（借主）への交付義務で、売主への交付義務はありません（宅建業法35条）。管理費・修繕積立金は重要事項の説明事項です（1は誤り）。IT重説は一定要件のもと認められています（2は誤り）。押印は不要になりました（3は誤り）。確認ポイントは、選択肢4の結論と、各選択肢… 正答（4）との違いを確認し直してください。;3:（3）の内容は、正答（4）「売主と買主の双方から媒介依頼を受けた場合、重要事項説明書は買主にのみ交付すればよい」が示す論点とずれています。 解説の要点：重要事項説明書は買主（借主）への交付義務で、売主への交付義務はありません（宅建業法35条）。管理費・修繕積立金は重要事項の説明事項です（1は誤り）。IT重説は一定要件のもと認められています（2は誤り）。押印は不要になりました（3は誤り）。確認ポイントは、選択肢4の結論と、各選択肢… 正答（4）との違いを確認し直してください。,重要事項説明書は買主（借主）への交付義務で、売主への交付義務はありません（宅建業法35条）。管理費・修繕積立金は重要事項の説明事項です（1は誤り）。IT重説は一定要件のもと認められています（2は誤り）。押印は不要になりました（3は誤り）。確認ポイントは、選択肢4の結論と、各選択肢の要件・効果の違いです。,重要事項説明書は買主（借主）への交付義務で、売主への交付義務はありません（宅建業法35条）。管理費・修繕積立金は重要事項の説明事項です（1は誤り）。IT重説は一定要件のもと認められています（2は誤り）。押印は不要になりました（3は誤り）。確認ポイントは、選択肢4の結論と、各選択肢の要件・効果の違いです。,
2024,令和6年度,20,single,宅建業法,,宅建業者の業務に関する次の記述のうち、正しいものはどれか。,,,,,,自己が所有していない宅地でも将来取得見込みがあれば売買の媒介ができる,自ら売主の場合、受け取れる手付の上限は代金の20%である,一般媒介契約は書面交付が任意である,秘密保持義務は宅建業廃業後は消滅する,1,FALSE,FALSE,,自ら売主の宅建業者が受け取れる手付の上限は代金の20%です（宅建業法39条）。一般媒介も書面交付が必要です（3は誤り）。秘密保持義務は廃業後も続きます（4は誤り）。確認ポイントは、選択肢2の結論と、各選択肢の要件・効果の違いです。,2:（2）の内容は、正答（1）「自己が所有していない宅地でも将来取得見込みがあれば売買の媒介ができる」が示す論点とずれています。 解説の要点：自ら売主の宅建業者が受け取れる手付の上限は代金の20%です（宅建業法39条）。一般媒介も書面交付が必要です（3は誤り）。秘密保持義務は廃業後も続きます（4は誤り）。確認ポイントは、選択肢2の結論と、各選択肢の要件・効果の違いです。 正答（1）との違いを確認し直してください。;3:（3）「一般媒介契約は書面交付が任意である」は、単独の記述としては法令上妥当な場合がありますが、本問で選ぶべき正答は（1）「自己が所有していない宅地でも将来取得見込みがあれば売買の媒介ができる」です。問題文の条件（宅建業者の業務に関する次の記述のうち、正しいものはどれか。…）と照らし、設問が問う論点に合う肢を選び直してください。;4:（4）「秘密保持義務は宅建業廃業後は消滅する」は、単独の記述としては法令上妥当な場合がありますが、本問で選ぶべき正答は（1）「自己が所有していない宅地でも将来取得見込みがあれば売買の媒介ができる」です。問題文の条件（宅建業者の業務に関する次の記述のうち、正しいものはどれか。…）と照らし、設問が問う論点に合う肢を選び直してください。,自ら売主の宅建業者が受け取れる手付の上限は代金の20%です（宅建業法39条）。一般媒介も書面交付が必要です（3は誤り）。秘密保持義務は廃業後も続きます（4は誤り）。確認ポイントは、選択肢2の結論と、各選択肢の要件・効果の違いです。,自ら売主の宅建業者が受け取れる手付の上限は代金の20%です（宅建業法39条）。一般媒介も書面交付が必要です（3は誤り）。秘密保持義務は廃業後も続きます（4は誤り）。確認ポイントは、選択肢2の結論と、各選択肢の要件・効果の違いです。,
2024,令和6年度,21,single,宅建業法,,8種制限に関する次の記述のうち、正しいものはどれか。,,,,,,買主が宅建業者でも8種制限は適用される,損害賠償予定額・違約金の合計は代金の30%が上限である,完成物件では代金の10%超または1000万円超の手付金等に保全措置が必要である,代金全額支払い後もクーリングオフできる,3,FALSE,FALSE,,完成物件では手付金等が代金の10%超または1000万円超の場合に保全措置が必要です（宅建業法41条の2）。買主が宅建業者の場合は8種制限は適用されません（1は誤り）。上限は20%です（2は誤り）。代金全額支払い後はクーリングオフできません（4は誤り）。確認ポイントは、選択肢3の結論と、各選択肢の要件・効果の違いです。,1:（1）「買主が宅建業者でも8種制限は適用される」は、単独の記述としては法令上妥当な場合がありますが、本問で選ぶべき正答は（3）「完成物件では代金の10%超または1000万円超の手付金等に保全措置が必要である」です。問題文の条件（8種制限に関する次の記述のうち、正しいものはどれか。…）と照らし、設問が問う論点に合う肢を選び直してください。;2:（2）の内容は、正答（3）「完成物件では代金の10%超または1000万円超の手付金等に保全措置が必要である」が示す論点とずれています。 解説の要点：完成物件では手付金等が代金の10%超または1000万円超の場合に保全措置が必要です（宅建業法41条の2）。買主が宅建業者の場合は8種制限は適用されません（1は誤り）。上限は20%です（2は誤り）。代金全額支払い後はクーリングオフできません（4は誤り）。確認ポイントは、選択肢3の結… 正答（3）との違いを確認し直してください。;4:（4）「代金全額支払い後もクーリングオフできる」は、単独の記述としては法令上妥当な場合がありますが、本問で選ぶべき正答は（3）「完成物件では代金の10%超または1000万円超の手付金等に保全措置が必要である」です。問題文の条件（8種制限に関する次の記述のうち、正しいものはどれか。…）と照らし、設問が問う論点に合う肢を選び直してください。,完成物件では手付金等が代金の10%超または1000万円超の場合に保全措置が必要です（宅建業法41条の2）。買主が宅建業者の場合は8種制限は適用されません（1は誤り）。上限は20%です（2は誤り）。代金全額支払い後はクーリングオフできません（4は誤り）。確認ポイントは、選択肢3の結論と、各選択肢の要件・効果の違いです。,完成物件では手付金等が代金の10%超または1000万円超の場合に保全措置が必要です（宅建業法41条の2）。買主が宅建業者の場合は8種制限は適用されません（1は誤り）。上限は20%です（2は誤り）。代金全額支払い後はクーリングオフできません（4は誤り）。確認ポイントは、選択肢3の結論と、各選択肢の要件・効果の違いです。,
2024,令和6年度,22,single,宅建業法,,保証協会に関する次の記述のうち、正しいものはどれか。,,,,,,保証協会は国交大臣指定の一般社団法人である,弁済業務保証金分担金は主たる事務所60万円・従たる事務所30万円である,弁済業務保証金から還付できる上限は営業保証金相当額である,還付があった場合の不足分補充は通知から1か月以内である,2,FALSE,FALSE,,弁済業務保証金から還付できる上限はその業者が供託すべきであった営業保証金相当額です（宅建業法64条の8）。公益社団法人です（1は誤り）。補充は通知から2週間以内です（4は誤り）。確認ポイントは、選択肢3の結論と、各選択肢の要件・効果の違いです。,1:根拠の記述が異なります。解説では「保証金相当額です（宅建業法」が根拠ですが、（1）は「は国交大臣指定の一般社団法」を根拠とする内容です。 解説の要点：弁済業務保証金から還付できる上限はその業者が供託すべきであった営業保証金相当額です（宅建業法64条の8）。公益社団法人です（1は誤り）。補充は通知から2週間以内です（4は誤り）。確認ポイントは、選択肢3の結論と、各選択肢の要件・効果の違いです。 正答（2）との違いを確認し直してください。;3:（3）の内容は、正答（2）「弁済業務保証金分担金は主たる事務所60万円・従たる事務所30万円である」が示す論点とずれています。 解説の要点：弁済業務保証金から還付できる上限はその業者が供託すべきであった営業保証金相当額です（宅建業法64条の8）。公益社団法人です（1は誤り）。補充は通知から2週間以内です（4は誤り）。確認ポイントは、選択肢3の結論と、各選択肢の要件・効果の違いです。 正答（2）との違いを確認し直してください。;4:（4）の内容は、正答（2）「弁済業務保証金分担金は主たる事務所60万円・従たる事務所30万円である」が示す論点とずれています。 解説の要点：弁済業務保証金から還付できる上限はその業者が供託すべきであった営業保証金相当額です（宅建業法64条の8）。公益社団法人です（1は誤り）。補充は通知から2週間以内です（4は誤り）。確認ポイントは、選択肢3の結論と、各選択肢の要件・効果の違いです。 正答（2）との違いを確認し直してください。,弁済業務保証金から還付できる上限はその業者が供託すべきであった営業保証金相当額です（宅建業法64条の8）。公益社団法人です（1は誤り）。補充は通知から2週間以内です（4は誤り）。確認ポイントは、選択肢3の結論と、各選択肢の要件・効果の違いです。,弁済業務保証金から還付できる上限はその業者が供託すべきであった営業保証金相当額です（宅建業法64条の8）。公益社団法人です（1は誤り）。補充は通知から2週間以内です（4は誤り）。確認ポイントは、選択肢3の結論と、各選択肢の要件・効果の違いです。,
2024,令和6年度,23,single,宅建業法,,媒介契約に関する次の記述のうち、正しいものはどれか。,,,,,,専任媒介は依頼者の申し出がなければ更新できない,一般媒介では依頼業者名の明示義務がある,専属専任媒介では自己発見取引が可能である,専任媒介は7日以内、専属専任は5日以内にレインズ登録が必要である,4,FALSE,FALSE,,専任媒介は7日以内、専属専任媒介は5日以内（休業日除く）にレインズ登録が必要です（宅建業法34条の2）。専任媒介は依頼者の申し出で更新できます（1は誤り）。一般媒介の明示義務は任意です（2は誤り）。専属専任では自己発見取引はできません（3は誤り）。確認ポイントは、選択肢4の結論と、各選択肢の要件・効果の違いです。,1:解説では「専任媒介は7日以内、専属専任媒介は5日以内（休業日除く）にレインズ登録が必要です（宅建業法34条の2）。」とある一方、（1）の記述はそれと矛盾します。 解説の要点：専任媒介は7日以内、専属専任媒介は5日以内（休業日除く）にレインズ登録が必要です（宅建業法34条の2）。専任媒介は依頼者の申し出で更新できます（1は誤り）。一般媒介の明示義務は任意です（2は誤り）。専属専任では自己発見取引はできません（3は誤り）。確認ポイントは、選択肢4の結論と… 正答（4）との違いを確認し直してください。;2:（2）「一般媒介では依頼業者名の明示義務がある」は、単独の記述としては法令上妥当な場合がありますが、本問で選ぶべき正答は（4）「専任媒介は7日以内、専属専任は5日以内にレインズ登録が必要である」です。問題文の条件（媒介契約に関する次の記述のうち、正しいものはどれか。…）と照らし、設問が問う論点に合う肢を選び直してください。;3:（3）の内容は、正答（4）「専任媒介は7日以内、専属専任は5日以内にレインズ登録が必要である」が示す論点とずれています。 解説の要点：専任媒介は7日以内、専属専任媒介は5日以内（休業日除く）にレインズ登録が必要です（宅建業法34条の2）。専任媒介は依頼者の申し出で更新できます（1は誤り）。一般媒介の明示義務は任意です（2は誤り）。専属専任では自己発見取引はできません（3は誤り）。確認ポイントは、選択肢4の結論と… 正答（4）との違いを確認し直してください。,専任媒介は7日以内、専属専任媒介は5日以内（休業日除く）にレインズ登録が必要です（宅建業法34条の2）。専任媒介は依頼者の申し出で更新できます（1は誤り）。一般媒介の明示義務は任意です（2は誤り）。専属専任では自己発見取引はできません（3は誤り）。確認ポイントは、選択肢4の結論と、各選択肢の要件・効果の違いです。,専任媒介は7日以内、専属専任媒介は5日以内（休業日除く）にレインズ登録が必要です（宅建業法34条の2）。専任媒介は依頼者の申し出で更新できます（1は誤り）。一般媒介の明示義務は任意です（2は誤り）。専属専任では自己発見取引はできません（3は誤り）。確認ポイントは、選択肢4の結論と、各選択肢の要件・効果の違いです。,
2024,令和6年度,24,single,宅建業法,,37条書面に関する次の記述のうち、正しいものはどれか。,,,,,,37条書面に宅建士の記名は不要である,賃貸借の37条書面は借主のみに交付すればよい,移転登記の申請時期は37条書面の任意的記載事項である,37条書面は電磁的方法での提供が認められていない,3,FALSE,FALSE,,移転登記の申請時期は37条書面の必要的記載事項です（宅建業法37条1項4号）。宅建士の記名は必要です（1は誤り）。賃貸借では貸主・借主の双方に交付が必要です（2は誤り）。電磁的方法での提供も認められています（4は誤り）。確認ポイントは、選択肢3の結論と、各選択肢の要件・効果の違いです。,1:（1）「37条書面に宅建士の記名は不要である」は、単独の記述としては法令上妥当な場合がありますが、本問で選ぶべき正答は（3）「移転登記の申請時期は37条書面の任意的記載事項である」です。問題文の条件（37条書面に関する次の記述のうち、正しいものはどれか。…）と照らし、設問が問う論点に合う肢を選び直してください。;2:「のみ」「だけ」などの限定表現が解説の内容（責任主体・対象範囲の広さ）と一致しません。 解説では「移転登記の申請時期は37条書面の必要的記載事項です（宅建業法37条1項4号）。」とある一方、（2）の記述はそれと矛盾します。 解説の要点：移転登記の申請時期は37条書面の必要的記載事項です（宅建業法37条1項4号）。宅建士の記名は必要です（1は誤り）。賃貸借では貸主・借主の双方に交付が必要です（2は誤り）。電磁的方法での提供も認められています（4は誤り）。確認ポイントは、選択肢3の結論と、各選択肢の要件・効果の違い… 正答（3）との違いを確認し直してください。;4:解説では「移転登記の申請時期は37条書面の必要的記載事項です（宅建業法37条1項4号）。」とある一方、（4）の記述はそれと矛盾します。 解説の要点：移転登記の申請時期は37条書面の必要的記載事項です（宅建業法37条1項4号）。宅建士の記名は必要です（1は誤り）。賃貸借では貸主・借主の双方に交付が必要です（2は誤り）。電磁的方法での提供も認められています（4は誤り）。確認ポイントは、選択肢3の結論と、各選択肢の要件・効果の違い… 正答（3）との違いを確認し直してください。,移転登記の申請時期は37条書面の必要的記載事項です（宅建業法37条1項4号）。宅建士の記名は必要です（1は誤り）。賃貸借では貸主・借主の双方に交付が必要です（2は誤り）。電磁的方法での提供も認められています（4は誤り）。確認ポイントは、選択肢3の結論と、各選択肢の要件・効果の違いです。,移転登記の申請時期は37条書面の必要的記載事項です（宅建業法37条1項4号）。宅建士の記名は必要です（1は誤り）。賃貸借では貸主・借主の双方に交付が必要です（2は誤り）。電磁的方法での提供も認められています（4は誤り）。確認ポイントは、選択肢3の結論と、各選択肢の要件・効果の違いです。,
2024,令和6年度,25,single,宅建業法,,クーリングオフに関する次の記述のうち、正しいものはどれか。,,,,,,クーリングオフは電話でも行うことができる,業者の事務所での申込みもクーリングオフできる,クーリングオフ後も業者は違約金を差し引いて返還できる,告知を受けた日から8日を経過した後は解除できない,4,FALSE,FALSE,,クーリングオフの告知を受けた日から8日を経過すると解除できなくなります（宅建業法37条の2）。クーリングオフは書面でのみ行えます（1は誤り）。事務所での申込みはクーリングオフ不可です（2は誤り）。全額返還が必要で違約金は請求できません（3は誤り）。確認ポイントは、選択肢4の結論と、各選択肢の要件・効果の違いです。,1:（1）の内容は、正答（4）「告知を受けた日から8日を経過した後は解除できない」が示す論点とずれています。 解説の要点：クーリングオフの告知を受けた日から8日を経過すると解除できなくなります（宅建業法37条の2）。クーリングオフは書面でのみ行えます（1は誤り）。事務所での申込みはクーリングオフ不可です（2は誤り）。全額返還が必要で違約金は請求できません（3は誤り）。確認ポイントは、選択肢4の結論と… 正答（4）との違いを確認し直してください。;2:（2）の内容は、正答（4）「告知を受けた日から8日を経過した後は解除できない」が示す論点とずれています。 解説の要点：クーリングオフの告知を受けた日から8日を経過すると解除できなくなります（宅建業法37条の2）。クーリングオフは書面でのみ行えます（1は誤り）。事務所での申込みはクーリングオフ不可です（2は誤り）。全額返還が必要で違約金は請求できません（3は誤り）。確認ポイントは、選択肢4の結論と… 正答（4）との違いを確認し直してください。;3:（3）の内容は、正答（4）「告知を受けた日から8日を経過した後は解除できない」が示す論点とずれています。 解説の要点：クーリングオフの告知を受けた日から8日を経過すると解除できなくなります（宅建業法37条の2）。クーリングオフは書面でのみ行えます（1は誤り）。事務所での申込みはクーリングオフ不可です（2は誤り）。全額返還が必要で違約金は請求できません（3は誤り）。確認ポイントは、選択肢4の結論と… 正答（4）との違いを確認し直してください。,クーリングオフの告知を受けた日から8日を経過すると解除できなくなります（宅建業法37条の2）。クーリングオフは書面でのみ行えます（1は誤り）。事務所での申込みはクーリングオフ不可です（2は誤り）。全額返還が必要で違約金は請求できません（3は誤り）。確認ポイントは、選択肢4の結論と、各選択肢の要件・効果の違いです。,クーリングオフの告知を受けた日から8日を経過すると解除できなくなります（宅建業法37条の2）。クーリングオフは書面でのみ行えます（1は誤り）。事務所での申込みはクーリングオフ不可です（2は誤り）。全額返還が必要で違約金は請求できません（3は誤り）。確認ポイントは、選択肢4の結論と、各選択肢の要件・効果の違いです。,
2024,令和6年度,26,single,宅建業法,,宅建業者の禁止行為に関する次の記述のうち、正しいものはどれか。,,,,,,相手方が宅建業者であれば断定的判断を提供しても業法違反とならない,正当な理由があれば重要な事実を故意に告げないことができる,相手方の判断に影響を及ぼすおそれのある重要な事実を故意に告げないことは禁止されている,従業者の断定的判断提供への禁止は宅建士のみに適用される,3,FALSE,FALSE,,宅建業者は相手方の判断に影響を及ぼすおそれのある重要な事実を故意に告げないことが禁止されています（宅建業法47条1号）。断定的判断の禁止は相手方が業者でも適用されます（1は誤り）。正当な理由があっても告知義務免除はありません（2は誤り）。従業者も適用対象です（4は誤り）。確認ポイントは、選択肢3の結論と、各選択肢の要件・効果の違いです。,1:根拠の記述が異なります。解説では「禁止されています（宅建業法」が根拠ですが、（1）は「断定的判断を提供しても業法」を根拠とする内容です。 解説では「宅建業者は相手方の判断に影響を及ぼすおそれのある重要な事実を故意に告げないことが禁止されています（宅建業法47条1号）。」とある一方、（1）の記述はそれと矛盾します。 解説の要点：宅建業者は相手方の判断に影響を及ぼすおそれのある重要な事実を故意に告げないことが禁止されています（宅建業法47条1号）。断定的判断の禁止は相手方が業者でも適用されます（1は誤り）。正当な理由があっても告知義務免除はありません（2は誤り）。従業者も適用対象です（4は誤り）。確認ポイ… 正答（3）との違いを確認し直してください。;2:解説では「宅建業者は相手方の判断に影響を及ぼすおそれのある重要な事実を故意に告げないことが禁止されています（宅建業法47条1号）。」とある一方、（2）の記述はそれと矛盾します。 解説の要点：宅建業者は相手方の判断に影響を及ぼすおそれのある重要な事実を故意に告げないことが禁止されています（宅建業法47条1号）。断定的判断の禁止は相手方が業者でも適用されます（1は誤り）。正当な理由があっても告知義務免除はありません（2は誤り）。従業者も適用対象です（4は誤り）。確認ポイ… 正答（3）との違いを確認し直してください。;4:解説では「宅建業者は相手方の判断に影響を及ぼすおそれのある重要な事実を故意に告げないことが禁止されています（宅建業法47条1号）。」とある一方、（4）の記述はそれと矛盾します。 解説の要点：宅建業者は相手方の判断に影響を及ぼすおそれのある重要な事実を故意に告げないことが禁止されています（宅建業法47条1号）。断定的判断の禁止は相手方が業者でも適用されます（1は誤り）。正当な理由があっても告知義務免除はありません（2は誤り）。従業者も適用対象です（4は誤り）。確認ポイ… 正答（3）との違いを確認し直してください。,宅建業者は相手方の判断に影響を及ぼすおそれのある重要な事実を故意に告げないことが禁止されています（宅建業法47条1号）。断定的判断の禁止は相手方が業者でも適用されます（1は誤り）。正当な理由があっても告知義務免除はありません（2は誤り）。従業者も適用対象です（4は誤り）。確認ポイントは、選択肢3の結論と、各選択肢の要件・効果の違いです。,宅建業者は相手方の判断に影響を及ぼすおそれのある重要な事実を故意に告げないことが禁止されています（宅建業法47条1号）。断定的判断の禁止は相手方が業者でも適用されます（1は誤り）。正当な理由があっても告知義務免除はありません（2は誤り）。従業者も適用対象です（4は誤り）。確認ポイントは、選択肢3の結論と、各選択肢の要件・効果の違いです。,
2024,令和6年度,27,single,宅建業法,,報酬に関する次の記述のうち、正しいものはどれか（消費税考慮不要）。,,,,,,土地付建物の報酬は土地と建物を別々に計算する,居住用建物の賃貸で貸主のみから依頼を受けた場合、借主からも1か月分受け取れる,売買の媒介では依頼者の同意があれば上限を超えてもよい,売買代金200万円以下の場合、一方の依頼者から最大で代金の5%の報酬を受け取れる,4,FALSE,FALSE,,売買代金200万円以下の場合、一方の依頼者からの報酬上限は代金の5%です（宅建業法46条・告示）。土地付建物は合算して計算します（1は誤り）。居住用賃貸では貸主・借主合計1か月分が上限です（2は誤り）。依頼者の同意があっても上限超えは不可です（3は誤り）。確認ポイントは、選択肢4の結論と、各選択肢の要件・効果の違いです。,1:（1）の内容は、正答（4）「売買代金200万円以下の場合、一方の依頼者から最大で代金の5%の報酬を受け取れる」が示す論点とずれています。 解説の要点：売買代金200万円以下の場合、一方の依頼者からの報酬上限は代金の5%です（宅建業法46条・告示）。土地付建物は合算して計算します（1は誤り）。居住用賃貸では貸主・借主合計1か月分が上限です（2は誤り）。依頼者の同意があっても上限超えは不可です（3は誤り）。確認ポイントは、選択肢4… 正答（4）との違いを確認し直してください。;2:（2）の内容は、正答（4）「売買代金200万円以下の場合、一方の依頼者から最大で代金の5%の報酬を受け取れる」が示す論点とずれています。 解説の要点：売買代金200万円以下の場合、一方の依頼者からの報酬上限は代金の5%です（宅建業法46条・告示）。土地付建物は合算して計算します（1は誤り）。居住用賃貸では貸主・借主合計1か月分が上限です（2は誤り）。依頼者の同意があっても上限超えは不可です（3は誤り）。確認ポイントは、選択肢4… 正答（4）との違いを確認し直してください。;3:（3）の内容は、正答（4）「売買代金200万円以下の場合、一方の依頼者から最大で代金の5%の報酬を受け取れる」が示す論点とずれています。 解説の要点：売買代金200万円以下の場合、一方の依頼者からの報酬上限は代金の5%です（宅建業法46条・告示）。土地付建物は合算して計算します（1は誤り）。居住用賃貸では貸主・借主合計1か月分が上限です（2は誤り）。依頼者の同意があっても上限超えは不可です（3は誤り）。確認ポイントは、選択肢4… 正答（4）との違いを確認し直してください。,売買代金200万円以下の場合、一方の依頼者からの報酬上限は代金の5%です（宅建業法46条・告示）。土地付建物は合算して計算します（1は誤り）。居住用賃貸では貸主・借主合計1か月分が上限です（2は誤り）。依頼者の同意があっても上限超えは不可です（3は誤り）。確認ポイントは、選択肢4の結論と、各選択肢の要件・効果の違いです。,売買代金200万円以下の場合、一方の依頼者からの報酬上限は代金の5%です（宅建業法46条・告示）。土地付建物は合算して計算します（1は誤り）。居住用賃貸では貸主・借主合計1か月分が上限です（2は誤り）。依頼者の同意があっても上限超えは不可です（3は誤り）。確認ポイントは、選択肢4の結論と、各選択肢の要件・効果の違いです。,
2024,令和6年度,28,single,宅建業法,,帳簿・従業者名簿に関する次の記述のうち、正しいものはどれか。,,,,,,帳簿は主たる事務所のみに備えればよい,帳簿は閉鎖後5年（自ら売主の新築住宅引渡しは10年）保存が必要である,従業者名簿の閲覧請求には応じる義務はない,廃業後は帳簿の保存義務はない,2,FALSE,FALSE,,帳簿は各事業年度末に閉鎖し閉鎖後5年間（自ら売主の新築住宅引渡しは10年）保存が必要です（宅建業法49条）。帳簿は事務所ごとに備付けが必要です（1は誤り）。閲覧請求には応じる義務があります（3は誤り）。廃業後も一定期間の保存義務があります（4は誤り）。確認ポイントは、選択肢2の結論と、各選択肢の要件・効果の違いです。,1:（1）「帳簿は主たる事務所のみに備えればよい」は、単独の記述としては法令上妥当な場合がありますが、本問で選ぶべき正答は（2）「帳簿は閉鎖後5年（自ら売主の新築住宅引渡しは10年）保存が必要である」です。問題文の条件（帳簿・従業者名簿に関する次の記述のうち、正しいものはどれか。…）と照らし、設問が問う論点に合う肢を選び直してください。;3:解説では「帳簿は各事業年度末に閉鎖し閉鎖後5年間（自ら売主の新築住宅引渡しは10年）保存が必要です（宅建業法49条）。」とある一方、（3）の記述はそれと矛盾します。 解説の要点：帳簿は各事業年度末に閉鎖し閉鎖後5年間（自ら売主の新築住宅引渡しは10年）保存が必要です（宅建業法49条）。帳簿は事務所ごとに備付けが必要です（1は誤り）。閲覧請求には応じる義務があります（3は誤り）。廃業後も一定期間の保存義務があります（4は誤り）。確認ポイントは、選択肢2の結… 正答（2）との違いを確認し直してください。;4:（4）「廃業後は帳簿の保存義務はない」は、単独の記述としては法令上妥当な場合がありますが、本問で選ぶべき正答は（2）「帳簿は閉鎖後5年（自ら売主の新築住宅引渡しは10年）保存が必要である」です。問題文の条件（帳簿・従業者名簿に関する次の記述のうち、正しいものはどれか。…）と照らし、設問が問う論点に合う肢を選び直してください。,帳簿は各事業年度末に閉鎖し閉鎖後5年間（自ら売主の新築住宅引渡しは10年）保存が必要です（宅建業法49条）。帳簿は事務所ごとに備付けが必要です（1は誤り）。閲覧請求には応じる義務があります（3は誤り）。廃業後も一定期間の保存義務があります（4は誤り）。確認ポイントは、選択肢2の結論と、各選択肢の要件・効果の違いです。,帳簿は各事業年度末に閉鎖し閉鎖後5年間（自ら売主の新築住宅引渡しは10年）保存が必要です（宅建業法49条）。帳簿は事務所ごとに備付けが必要です（1は誤り）。閲覧請求には応じる義務があります（3は誤り）。廃業後も一定期間の保存義務があります（4は誤り）。確認ポイントは、選択肢2の結論と、各選択肢の要件・効果の違いです。,
2024,令和6年度,29,single,宅建業法,,監督処分に関する次の記述のうち、正しいものはどれか。,,,,,,都道府県知事は国交大臣免許業者には指示処分を行えない,業務停止処分中は既存契約の履行もできない,免許取消処分を受けた役員は3年間免許を取得できない,宅建業法違反による罰金刑を受けた者は執行終了から5年間は免許不可である,4,FALSE,FALSE,,宅建業法違反による罰金刑は欠格事由で執行終了から5年間免許不可です（宅建業法5条1項6号）。都道府県知事も大臣免許業者に指示処分できます（1は誤り）。業務停止中でも既存契約の履行は可能です（2は誤り）。欠格期間は5年です（3は誤り）。確認ポイントは、選択肢4の結論と、各選択肢の要件・効果の違いです。,1:（1）の内容は、正答（4）「宅建業法違反による罰金刑を受けた者は執行終了から5年間は免許不可である」が示す論点とずれています。 解説の要点：宅建業法違反による罰金刑は欠格事由で執行終了から5年間免許不可です（宅建業法5条1項6号）。都道府県知事も大臣免許業者に指示処分できます（1は誤り）。業務停止中でも既存契約の履行は可能です（2は誤り）。欠格期間は5年です（3は誤り）。確認ポイントは、選択肢4の結論と、各選択肢の要… 正答（4）との違いを確認し直してください。;2:（2）の内容は、正答（4）「宅建業法違反による罰金刑を受けた者は執行終了から5年間は免許不可である」が示す論点とずれています。 解説の要点：宅建業法違反による罰金刑は欠格事由で執行終了から5年間免許不可です（宅建業法5条1項6号）。都道府県知事も大臣免許業者に指示処分できます（1は誤り）。業務停止中でも既存契約の履行は可能です（2は誤り）。欠格期間は5年です（3は誤り）。確認ポイントは、選択肢4の結論と、各選択肢の要… 正答（4）との違いを確認し直してください。;3:（3）の内容は、正答（4）「宅建業法違反による罰金刑を受けた者は執行終了から5年間は免許不可である」が示す論点とずれています。 解説の要点：宅建業法違反による罰金刑は欠格事由で執行終了から5年間免許不可です（宅建業法5条1項6号）。都道府県知事も大臣免許業者に指示処分できます（1は誤り）。業務停止中でも既存契約の履行は可能です（2は誤り）。欠格期間は5年です（3は誤り）。確認ポイントは、選択肢4の結論と、各選択肢の要… 正答（4）との違いを確認し直してください。,宅建業法違反による罰金刑は欠格事由で執行終了から5年間免許不可です（宅建業法5条1項6号）。都道府県知事も大臣免許業者に指示処分できます（1は誤り）。業務停止中でも既存契約の履行は可能です（2は誤り）。欠格期間は5年です（3は誤り）。確認ポイントは、選択肢4の結論と、各選択肢の要件・効果の違いです。,宅建業法違反による罰金刑は欠格事由で執行終了から5年間免許不可です（宅建業法5条1項6号）。都道府県知事も大臣免許業者に指示処分できます（1は誤り）。業務停止中でも既存契約の履行は可能です（2は誤り）。欠格期間は5年です（3は誤り）。確認ポイントは、選択肢4の結論と、各選択肢の要件・効果の違いです。,
2024,令和6年度,30,single,宅建業法,,宅建士の登録に関する次の記述のうち、正しいものはどれか。,,,,,,試験合格後、直ちに登録を受けることができる,登録はどの都道府県知事にも申請できる,登録移転は現在の登録先知事を経由して申請する,拘禁刑以上の刑を受けても刑の執行中は登録消除されない,3,FALSE,FALSE,,登録移転は現在の登録先知事を経由して新登録先知事に申請します（宅建業法19条の2）。試験合格後は実務経験2年以上または講習修了が必要です（1は誤り）。登録は試験を受けた都道府県知事に行います（2は誤り）。拘禁刑以上の刑を受けると登録が消除されます（4は誤り）。確認ポイントは、選択肢3の結論と、各選択肢の要件・効果の違いです。,1:（1）の内容は、正答（3）「登録移転は現在の登録先知事を経由して申請する」が示す論点とずれています。 解説の要点：登録移転は現在の登録先知事を経由して新登録先知事に申請します（宅建業法19条の2）。試験合格後は実務経験2年以上または講習修了が必要です（1は誤り）。登録は試験を受けた都道府県知事に行います（2は誤り）。拘禁刑以上の刑を受けると登録が消除されます（4は誤り）。確認ポイントは、選択… 正答（3）との違いを確認し直してください。;2:（2）「登録はどの都道府県知事にも申請できる」は、単独の記述としては法令上妥当な場合がありますが、本問で選ぶべき正答は（3）「登録移転は現在の登録先知事を経由して申請する」です。問題文の条件（宅建士の登録に関する次の記述のうち、正しいものはどれか。…）と照らし、設問が問う論点に合う肢を選び直してください。;4:解説では「試験合格後は実務経験2年以上または講習修了が必要です（1は誤り）。」とある一方、（4）の記述はそれと矛盾します。 解説の要点：登録移転は現在の登録先知事を経由して新登録先知事に申請します（宅建業法19条の2）。試験合格後は実務経験2年以上または講習修了が必要です（1は誤り）。登録は試験を受けた都道府県知事に行います（2は誤り）。拘禁刑以上の刑を受けると登録が消除されます（4は誤り）。確認ポイントは、選択… 正答（3）との違いを確認し直してください。,登録移転は現在の登録先知事を経由して新登録先知事に申請します（宅建業法19条の2）。試験合格後は実務経験2年以上または講習修了が必要です（1は誤り）。登録は試験を受けた都道府県知事に行います（2は誤り）。拘禁刑以上の刑を受けると登録が消除されます（4は誤り）。確認ポイントは、選択肢3の結論と、各選択肢の要件・効果の違いです。,登録移転は現在の登録先知事を経由して新登録先知事に申請します（宅建業法19条の2）。試験合格後は実務経験2年以上または講習修了が必要です（1は誤り）。登録は試験を受けた都道府県知事に行います（2は誤り）。拘禁刑以上の刑を受けると登録が消除されます（4は誤り）。確認ポイントは、選択肢3の結論と、各選択肢の要件・効果の違いです。,
2024,令和6年度,31,single,宅建業法,,住宅瑕疵担保履行法に関する次の記述のうち、正しいものはどれか。,,,,,,買主が宅建業者でも保全措置が必要である,保証金供託または保険加入は新築住宅のみに適用される,住宅品確法上の瑕疵担保責任期間は構造耐力上主要な部分等について10年間である,保険期間は5年である,2,FALSE,FALSE,,住宅品確法では構造耐力上主要な部分等について引渡しから10年間の担保責任が義務付けられています。買主が宅建業者の場合は適用外です（1は誤り）。保険期間は10年です（4は誤り）。確認ポイントは、選択肢3の結論と、各選択肢の要件・効果の違いです。,1:（1）「買主が宅建業者でも保全措置が必要である」は、単独の記述としては法令上妥当な場合がありますが、本問で選ぶべき正答は（2）「保証金供託または保険加入は新築住宅のみに適用される」です。問題文の条件（住宅瑕疵担保履行法に関する次の記述のうち、正しいものはどれか。…）と照らし、設問が問う論点に合う肢を選び直してください。;3:（3）の内容は、正答（2）「保証金供託または保険加入は新築住宅のみに適用される」が示す論点とずれています。 解説の要点：住宅品確法では構造耐力上主要な部分等について引渡しから10年間の担保責任が義務付けられています。買主が宅建業者の場合は適用外です（1は誤り）。保険期間は10年です（4は誤り）。確認ポイントは、選択肢3の結論と、各選択肢の要件・効果の違いです。 正答（2）との違いを確認し直してください。;4:（4）「保険期間は5年である」は、単独の記述としては法令上妥当な場合がありますが、本問で選ぶべき正答は（2）「保証金供託または保険加入は新築住宅のみに適用される」です。問題文の条件（住宅瑕疵担保履行法に関する次の記述のうち、正しいものはどれか。…）と照らし、設問が問う論点に合う肢を選び直してください。,住宅品確法では構造耐力上主要な部分等について引渡しから10年間の担保責任が義務付けられています。買主が宅建業者の場合は適用外です（1は誤り）。保険期間は10年です（4は誤り）。確認ポイントは、選択肢3の結論と、各選択肢の要件・効果の違いです。,住宅品確法では構造耐力上主要な部分等について引渡しから10年間の担保責任が義務付けられています。買主が宅建業者の場合は適用外です（1は誤り）。保険期間は10年です（4は誤り）。確認ポイントは、選択肢3の結論と、各選択肢の要件・効果の違いです。,
2024,令和6年度,34,single,宅建業法,,欠格事由に関する次の記述のうち、正しいものはどれか。,,,,,,成年被後見人は宅建業の免許の欠格事由に該当する,不正手段で免許を取得して取消された場合、取消日から5年間は免許不可である,暴力行為等処罰法違反で罰金刑を受けた場合、刑の執行後1年で免許を受けられる,法人の役員に欠格事由があってもその法人は免許を受けられる,2,FALSE,FALSE,,不正手段による免許取得で取消された場合、取消日から5年間は免許を受けられません（宅建業法5条1項3号）。令和2年改正で成年被後見人は欠格事由から削除されました（1は誤り）。暴力行為等処罰法違反は5年間の欠格期間です（3は誤り）。法人の役員に欠格事由があれば法人も免許不可です（4は誤り）。確認ポイントは、選択肢2の結論と、各選択肢の要件・効果の違いです。,1:（1）の内容は、正答（2）「不正手段で免許を取得して取消された場合、取消日から5年間は免許不可である」が示す論点とずれています。 解説の要点：不正手段による免許取得で取消された場合、取消日から5年間は免許を受けられません（宅建業法5条1項3号）。令和2年改正で成年被後見人は欠格事由から削除されました（1は誤り）。暴力行為等処罰法違反は5年間の欠格期間です（3は誤り）。法人の役員に欠格事由があれば法人も免許不可です（4は… 正答（2）との違いを確認し直してください。;3:（3）の内容は、正答（2）「不正手段で免許を取得して取消された場合、取消日から5年間は免許不可である」が示す論点とずれています。 解説の要点：不正手段による免許取得で取消された場合、取消日から5年間は免許を受けられません（宅建業法5条1項3号）。令和2年改正で成年被後見人は欠格事由から削除されました（1は誤り）。暴力行為等処罰法違反は5年間の欠格期間です（3は誤り）。法人の役員に欠格事由があれば法人も免許不可です（4は… 正答（2）との違いを確認し直してください。;4:根拠の記述が異なります。解説では「を受けられません（宅建業法」が根拠ですが、（4）は「に欠格事由があってもその法」を根拠とする内容です。 解説の要点：不正手段による免許取得で取消された場合、取消日から5年間は免許を受けられません（宅建業法5条1項3号）。令和2年改正で成年被後見人は欠格事由から削除されました（1は誤り）。暴力行為等処罰法違反は5年間の欠格期間です（3は誤り）。法人の役員に欠格事由があれば法人も免許不可です（4は… 正答（2）との違いを確認し直してください。,不正手段による免許取得で取消された場合、取消日から5年間は免許を受けられません（宅建業法5条1項3号）。令和2年改正で成年被後見人は欠格事由から削除されました（1は誤り）。暴力行為等処罰法違反は5年間の欠格期間です（3は誤り）。法人の役員に欠格事由があれば法人も免許不可です（4は誤り）。確認ポイントは、選択肢2の結論と、各選択肢の要件・効果の違いです。,不正手段による免許取得で取消された場合、取消日から5年間は免許を受けられません（宅建業法5条1項3号）。令和2年改正で成年被後見人は欠格事由から削除されました（1は誤り）。暴力行為等処罰法違反は5年間の欠格期間です（3は誤り）。法人の役員に欠格事由があれば法人も免許不可です（4は誤り）。確認ポイントは、選択肢2の結論と、各選択肢の要件・効果の違いです。,
2024,令和6年度,35,single,法令上の制限,,開発許可に関する次の記述のうち、正しいものはどれか。,,,,,,市街化区域内の開発行為は面積にかかわらず全て許可が必要である,市街化調整区域内で農業者が農業用倉庫を建てる場合は開発許可不要である,開発区域内では工事完了公告前でも建築物を建築できる,開発工事完了後は遅滞なく都道府県知事等に届け出が必要である,4,FALSE,FALSE,,開発工事完了後は遅滞なく都道府県知事等に届け出が必要です（都市計画法36条1項）。市街化区域では1000平方メートル以上の開発行為に許可が必要です（1は誤り）。農業用建物は市街化調整区域でも開発許可不要です（2は正しい）。工事完了公告前は原則建築できません（3は誤り）。確認ポイントは、選択肢4の結論と、各選択肢の要件・効果の違いです。,1:（1）の内容は、正答（4）「開発工事完了後は遅滞なく都道府県知事等に届け出が必要である」が示す論点とずれています。 解説の要点：開発工事完了後は遅滞なく都道府県知事等に届け出が必要です（都市計画法36条1項）。市街化区域では1000平方メートル以上の開発行為に許可が必要です（1は誤り）。農業用建物は市街化調整区域でも開発許可不要です（2は正しい）。工事完了公告前は原則建築できません（3は誤り）。確認ポイン… 正答（4）との違いを確認し直してください。;2:解説では「開発工事完了後は遅滞なく都道府県知事等に届け出が必要です（都市計画法36条1項）。」とある一方、（2）の記述はそれと矛盾します。 解説の要点：開発工事完了後は遅滞なく都道府県知事等に届け出が必要です（都市計画法36条1項）。市街化区域では1000平方メートル以上の開発行為に許可が必要です（1は誤り）。農業用建物は市街化調整区域でも開発許可不要です（2は正しい）。工事完了公告前は原則建築できません（3は誤り）。確認ポイン… 正答（4）との違いを確認し直してください。;3:（3）の内容は、正答（4）「開発工事完了後は遅滞なく都道府県知事等に届け出が必要である」が示す論点とずれています。 解説の要点：開発工事完了後は遅滞なく都道府県知事等に届け出が必要です（都市計画法36条1項）。市街化区域では1000平方メートル以上の開発行為に許可が必要です（1は誤り）。農業用建物は市街化調整区域でも開発許可不要です（2は正しい）。工事完了公告前は原則建築できません（3は誤り）。確認ポイン… 正答（4）との違いを確認し直してください。,開発工事完了後は遅滞なく都道府県知事等に届け出が必要です（都市計画法36条1項）。市街化区域では1000平方メートル以上の開発行為に許可が必要です（1は誤り）。農業用建物は市街化調整区域でも開発許可不要です（2は正しい）。工事完了公告前は原則建築できません（3は誤り）。確認ポイントは、選択肢4の結論と、各選択肢の要件・効果の違いです。,開発工事完了後は遅滞なく都道府県知事等に届け出が必要です（都市計画法36条1項）。市街化区域では1000平方メートル以上の開発行為に許可が必要です（1は誤り）。農業用建物は市街化調整区域でも開発許可不要です（2は正しい）。工事完了公告前は原則建築できません（3は誤り）。確認ポイントは、選択肢4の結論と、各選択肢の要件・効果の違いです。,
2024,令和6年度,36,single,法令上の制限,,用途制限に関する次の記述のうち、正しいものはどれか。,,,,,,工業地域では住宅を建築することができない,第一種低層住居専用地域では、コンビニエンスストアを建築できない,近隣商業地域では、カラオケボックスを建築できない,商業地域ではキャバレーを建築できない,2,FALSE,FALSE,,第一種低層住居専用地域では小規模な日用品店舗に限られ、コンビニは原則として建築できません（建築基準法別表第二）。工業地域では住宅も建築できます（1は誤り）。近隣商業地域ではカラオケボックスも建築できます（3は誤り）。商業地域ではキャバレー等も建築できます（4は誤り）。確認ポイントは、選択肢2の結論と、各選択肢の要件・効果の違いです。,1:（1）の内容は、正答（2）「第一種低層住居専用地域では、コンビニエンスストアを建築できない」が示す論点とずれています。 解説の要点：第一種低層住居専用地域では小規模な日用品店舗に限られ、コンビニは原則として建築できません（建築基準法別表第二）。工業地域では住宅も建築できます（1は誤り）。近隣商業地域ではカラオケボックスも建築できます（3は誤り）。商業地域ではキャバレー等も建築できます（4は誤り）。確認ポイント… 正答（2）との違いを確認し直してください。;3:（3）の内容は、正答（2）「第一種低層住居専用地域では、コンビニエンスストアを建築できない」が示す論点とずれています。 解説の要点：第一種低層住居専用地域では小規模な日用品店舗に限られ、コンビニは原則として建築できません（建築基準法別表第二）。工業地域では住宅も建築できます（1は誤り）。近隣商業地域ではカラオケボックスも建築できます（3は誤り）。商業地域ではキャバレー等も建築できます（4は誤り）。確認ポイント… 正答（2）との違いを確認し直してください。;4:（4）の内容は、正答（2）「第一種低層住居専用地域では、コンビニエンスストアを建築できない」が示す論点とずれています。 解説の要点：第一種低層住居専用地域では小規模な日用品店舗に限られ、コンビニは原則として建築できません（建築基準法別表第二）。工業地域では住宅も建築できます（1は誤り）。近隣商業地域ではカラオケボックスも建築できます（3は誤り）。商業地域ではキャバレー等も建築できます（4は誤り）。確認ポイント… 正答（2）との違いを確認し直してください。,第一種低層住居専用地域では小規模な日用品店舗に限られ、コンビニは原則として建築できません（建築基準法別表第二）。工業地域では住宅も建築できます（1は誤り）。近隣商業地域ではカラオケボックスも建築できます（3は誤り）。商業地域ではキャバレー等も建築できます（4は誤り）。確認ポイントは、選択肢2の結論と、各選択肢の要件・効果の違いです。,第一種低層住居専用地域では小規模な日用品店舗に限られ、コンビニは原則として建築できません（建築基準法別表第二）。工業地域では住宅も建築できます（1は誤り）。近隣商業地域ではカラオケボックスも建築できます（3は誤り）。商業地域ではキャバレー等も建築できます（4は誤り）。確認ポイントは、選択肢2の結論と、各選択肢の要件・効果の違いです。,
2024,令和6年度,37,single,法令上の制限,,建ぺい率・容積率に関する次の記述のうち、正しいものはどれか。,,,,,,防火地域内の耐火建築物は建ぺい率が20%加算される,前面道路幅員が12メートル未満の場合、容積率は指定容積率と道路幅員×係数の小さい方が上限となる,角地の建ぺい率加算は防火地域内でのみ認められる,住宅の地下室の床面積は全て容積率に算入される,2,FALSE,FALSE,,前面道路の幅員が12メートル未満の場合、容積率は指定値と道路幅員×0.4（住居系）の小さい方が適用されます（建築基準法52条2項）。防火地域内耐火建築物の加算は10%です（1は誤り）。角地加算は特定行政庁指定の角地で認められます（3は誤り）。住宅の地下室は延べ面積の3分の1まで不算入の特例があります（4は誤り）。,1:（1）の内容は、正答（2）「前面道路幅員が12メートル未満の場合、容積率は指定容積率と道路幅員×係数の小さい方が上限となる」が示す論点とずれています。 解説の要点：前面道路の幅員が12メートル未満の場合、容積率は指定値と道路幅員×0.4（住居系）の小さい方が適用されます（建築基準法52条2項）。防火地域内耐火建築物の加算は10%です（1は誤り）。角地加算は特定行政庁指定の角地で認められます（3は誤り）。住宅の地下室は延べ面積の3分の1まで不… 正答（2）との違いを確認し直してください。;3:（3）の内容は、正答（2）「前面道路幅員が12メートル未満の場合、容積率は指定容積率と道路幅員×係数の小さい方が上限となる」が示す論点とずれています。 解説の要点：前面道路の幅員が12メートル未満の場合、容積率は指定値と道路幅員×0.4（住居系）の小さい方が適用されます（建築基準法52条2項）。防火地域内耐火建築物の加算は10%です（1は誤り）。角地加算は特定行政庁指定の角地で認められます（3は誤り）。住宅の地下室は延べ面積の3分の1まで不… 正答（2）との違いを確認し直してください。;4:（4）の内容は、正答（2）「前面道路幅員が12メートル未満の場合、容積率は指定容積率と道路幅員×係数の小さい方が上限となる」が示す論点とずれています。 解説の要点：前面道路の幅員が12メートル未満の場合、容積率は指定値と道路幅員×0.4（住居系）の小さい方が適用されます（建築基準法52条2項）。防火地域内耐火建築物の加算は10%です（1は誤り）。角地加算は特定行政庁指定の角地で認められます（3は誤り）。住宅の地下室は延べ面積の3分の1まで不… 正答（2）との違いを確認し直してください。,前面道路の幅員が12メートル未満の場合、容積率は指定値と道路幅員×0.4（住居系）の小さい方が適用されます（建築基準法52条2項）。防火地域内耐火建築物の加算は10%です（1は誤り）。角地加算は特定行政庁指定の角地で認められます（3は誤り）。住宅の地下室は延べ面積の3分の1まで不算入の特例があります（4は誤り）。,前面道路の幅員が12メートル未満の場合、容積率は指定値と道路幅員×0.4（住居系）の小さい方が適用されます（建築基準法52条2項）。防火地域内耐火建築物の加算は10%です（1は誤り）。角地加算は特定行政庁指定の角地で認められます（3は誤り）。住宅の地下室は延べ面積の3分の1まで不算入の特例があります（4は誤り）。,
2024,令和6年度,38,single,法令上の制限,,農地法に関する次の記述のうち、正しいものはどれか。,,,,,,市街化区域内の農地を農地のまま売買する場合、農業委員会への届出で足りる,農地を相続した場合は農地法3条許可も届出も不要である,自己農地を自ら転用する場合（4条）、市街化区域内なら農業委員会への届出で足りる,農地の権利移動（3条）の許可権者は都道府県知事である,3,FALSE,FALSE,,市街化区域内の農地を自己転用（4条）する場合は農業委員会への届出で足ります（農地法4条1項7号）。農地のまま売買（3条）は市街化区域でも農業委員会の許可が必要です（1は誤り）。相続による取得は許可不要ですが農業委員会への届出が必要です（2は誤り）。3条の許可権者は農業委員会です（4は誤り）。,1:（1）の内容は、正答（3）「自己農地を自ら転用する場合（4条）、市街化区域内なら農業委員会への届出で足りる」が示す論点とずれています。 解説の要点：市街化区域内の農地を自己転用（4条）する場合は農業委員会への届出で足ります（農地法4条1項7号）。農地のまま売買（3条）は市街化区域でも農業委員会の許可が必要です（1は誤り）。相続による取得は許可不要ですが農業委員会への届出が必要です（2は誤り）。3条の許可権者は農業委員会です（… 正答（3）との違いを確認し直してください。;2:根拠の記述が異なります。解説では「への届出で足ります（農地法」が根拠ですが、（2）は「農地を相続した場合は農地法」を根拠とする内容です。 解説では「農地のまま売買（3条）は市街化区域でも農業委員会の許可が必要です（1は誤り）。」とある一方、（2）の記述はそれと矛盾します。 解説の要点：市街化区域内の農地を自己転用（4条）する場合は農業委員会への届出で足ります（農地法4条1項7号）。農地のまま売買（3条）は市街化区域でも農業委員会の許可が必要です（1は誤り）。相続による取得は許可不要ですが農業委員会への届出が必要です（2は誤り）。3条の許可権者は農業委員会です（… 正答（3）との違いを確認し直してください。;4:（4）の内容は、正答（3）「自己農地を自ら転用する場合（4条）、市街化区域内なら農業委員会への届出で足りる」が示す論点とずれています。 解説の要点：市街化区域内の農地を自己転用（4条）する場合は農業委員会への届出で足ります（農地法4条1項7号）。農地のまま売買（3条）は市街化区域でも農業委員会の許可が必要です（1は誤り）。相続による取得は許可不要ですが農業委員会への届出が必要です（2は誤り）。3条の許可権者は農業委員会です（… 正答（3）との違いを確認し直してください。,市街化区域内の農地を自己転用（4条）する場合は農業委員会への届出で足ります（農地法4条1項7号）。農地のまま売買（3条）は市街化区域でも農業委員会の許可が必要です（1は誤り）。相続による取得は許可不要ですが農業委員会への届出が必要です（2は誤り）。3条の許可権者は農業委員会です（4は誤り）。,市街化区域内の農地を自己転用（4条）する場合は農業委員会への届出で足ります（農地法4条1項7号）。農地のまま売買（3条）は市街化区域でも農業委員会の許可が必要です（1は誤り）。相続による取得は許可不要ですが農業委員会への届出が必要です（2は誤り）。3条の許可権者は農業委員会です（4は誤り）。,
2024,令和6年度,39,single,法令上の制限,,事後届出制に関する次の記述のうち、正しいものはどれか。,,,,,,都市計画区域外の土地取引は全て事後届出不要である,事後届出は売主・買主の双方が行う,事後届出は契約締結後2週間以内に市区町村を経由して都道府県知事に届け出る,市街化区域内で1500平方メートルの土地取得には事後届出が必要である,3,FALSE,FALSE,,事後届出は契約締結後2週間以内に市区町村長を経由して都道府県知事に届け出ます（国土利用計画法23条1項）。都市計画区域外でも1万平方メートル以上は届出が必要です（1は誤り）。権利取得者（買主等）のみが届け出ます（2は誤り）。市街化区域の届出面積は2000平方メートル以上です（4は誤り）。確認ポイントは、選択肢3の結論と、各選択肢の要件・効果の違いです。,1:解説では「都市計画区域外でも1万平方メートル以上は届出が必要です（1は誤り）。」とある一方、（1）の記述はそれと矛盾します。 解説の要点：事後届出は契約締結後2週間以内に市区町村長を経由して都道府県知事に届け出ます（国土利用計画法23条1項）。都市計画区域外でも1万平方メートル以上は届出が必要です（1は誤り）。権利取得者（買主等）のみが届け出ます（2は誤り）。市街化区域の届出面積は2000平方メートル以上です（4は… 正答（3）との違いを確認し直してください。;2:（2）「事後届出は売主・買主の双方が行う」は、単独の記述としては法令上妥当な場合がありますが、本問で選ぶべき正答は（3）「事後届出は契約締結後2週間以内に市区町村を経由して都道府県知事に届け出る」です。問題文の条件（事後届出制に関する次の記述のうち、正しいものはどれか。…）と照らし、設問が問う論点に合う肢を選び直してください。;4:（4）の内容は、正答（3）「事後届出は契約締結後2週間以内に市区町村を経由して都道府県知事に届け出る」が示す論点とずれています。 解説の要点：事後届出は契約締結後2週間以内に市区町村長を経由して都道府県知事に届け出ます（国土利用計画法23条1項）。都市計画区域外でも1万平方メートル以上は届出が必要です（1は誤り）。権利取得者（買主等）のみが届け出ます（2は誤り）。市街化区域の届出面積は2000平方メートル以上です（4は… 正答（3）との違いを確認し直してください。,事後届出は契約締結後2週間以内に市区町村長を経由して都道府県知事に届け出ます（国土利用計画法23条1項）。都市計画区域外でも1万平方メートル以上は届出が必要です（1は誤り）。権利取得者（買主等）のみが届け出ます（2は誤り）。市街化区域の届出面積は2000平方メートル以上です（4は誤り）。確認ポイントは、選択肢3の結論と、各選択肢の要件・効果の違いです。,事後届出は契約締結後2週間以内に市区町村長を経由して都道府県知事に届け出ます（国土利用計画法23条1項）。都市計画区域外でも1万平方メートル以上は届出が必要です（1は誤り）。権利取得者（買主等）のみが届け出ます（2は誤り）。市街化区域の届出面積は2000平方メートル以上です（4は誤り）。確認ポイントは、選択肢3の結論と、各選択肢の要件・効果の違いです。,
2024,令和6年度,40,single,法令上の制限,,盛土規制法に関する次の記述のうち、正しいものはどれか。,,,,,,宅地造成等工事規制区域は都市計画区域内にのみ指定できる,特定盛土等規制区域内での一定規模以上の盛土工事には都道府県知事等の許可が必要である,盛土規制法は土砂流出防止のみを目的としており地震対策は含まない,高さ1メートル以下の崖を生じる切土工事は許可不要である,2,FALSE,FALSE,,特定盛土等規制区域内での一定規模以上の盛土等工事には都道府県知事等の許可が必要です（盛土規制法30条）。都市計画区域外にも指定できます（1は誤り）。令和4年改正で地震対策も含まれます（3は誤り）。高さ1メートル超の崖を生じる切土は許可が必要です（4は誤り）。確認ポイントは、選択肢2の結論と、各選択肢の要件・効果の違いです。,1:解説では「特定盛土等規制区域内での一定規模以上の盛土等工事には都道府県知事等の許可が必要です（盛土規制法30条）。」とある一方、（1）の記述はそれと矛盾します。 解説の要点：特定盛土等規制区域内での一定規模以上の盛土等工事には都道府県知事等の許可が必要です（盛土規制法30条）。都市計画区域外にも指定できます（1は誤り）。令和4年改正で地震対策も含まれます（3は誤り）。高さ1メートル超の崖を生じる切土は許可が必要です（4は誤り）。確認ポイントは、選択肢… 正答（2）との違いを確認し直してください。;3:解説では「特定盛土等規制区域内での一定規模以上の盛土等工事には都道府県知事等の許可が必要です（盛土規制法30条）。」とある一方、（3）の記述はそれと矛盾します。 解説の要点：特定盛土等規制区域内での一定規模以上の盛土等工事には都道府県知事等の許可が必要です（盛土規制法30条）。都市計画区域外にも指定できます（1は誤り）。令和4年改正で地震対策も含まれます（3は誤り）。高さ1メートル超の崖を生じる切土は許可が必要です（4は誤り）。確認ポイントは、選択肢… 正答（2）との違いを確認し直してください。;4:解説では「特定盛土等規制区域内での一定規模以上の盛土等工事には都道府県知事等の許可が必要です（盛土規制法30条）。」とある一方、（4）の記述はそれと矛盾します。 解説の要点：特定盛土等規制区域内での一定規模以上の盛土等工事には都道府県知事等の許可が必要です（盛土規制法30条）。都市計画区域外にも指定できます（1は誤り）。令和4年改正で地震対策も含まれます（3は誤り）。高さ1メートル超の崖を生じる切土は許可が必要です（4は誤り）。確認ポイントは、選択肢… 正答（2）との違いを確認し直してください。,特定盛土等規制区域内での一定規模以上の盛土等工事には都道府県知事等の許可が必要です（盛土規制法30条）。都市計画区域外にも指定できます（1は誤り）。令和4年改正で地震対策も含まれます（3は誤り）。高さ1メートル超の崖を生じる切土は許可が必要です（4は誤り）。確認ポイントは、選択肢2の結論と、各選択肢の要件・効果の違いです。,特定盛土等規制区域内での一定規模以上の盛土等工事には都道府県知事等の許可が必要です（盛土規制法30条）。都市計画区域外にも指定できます（1は誤り）。令和4年改正で地震対策も含まれます（3は誤り）。高さ1メートル超の崖を生じる切土は許可が必要です（4は誤り）。確認ポイントは、選択肢2の結論と、各選択肢の要件・効果の違いです。,
2024,令和6年度,41,single,法令上の制限,,土地区画整理法に関する次の記述のうち、正しいものはどれか。,,,,,,土地区画整理組合の設立には宅地所有者全員の同意が必要である,換地処分の公告があった翌日から換地は従前の土地とみなされる,仮換地指定後も従前の土地で使用収益できる,施行者は個人または組合に限られる,2,FALSE,FALSE,,換地処分の公告があった翌日から換地は従前の土地とみなされ権利関係が確定します（土地区画整理法104条）。組合設立には宅地所有者・借地権者それぞれ3分の2以上の同意が必要です（1は誤り）。仮換地指定後は仮換地を使用収益します（3は誤り）。地方公共団体等も施行者になれます（4は誤り）。確認ポイントは、選択肢2の結論と、各選択肢の要件・効果の違いです。,1:（1）の内容は、正答（2）「換地処分の公告があった翌日から換地は従前の土地とみなされる」が示す論点とずれています。 解説の要点：換地処分の公告があった翌日から換地は従前の土地とみなされ権利関係が確定します（土地区画整理法104条）。組合設立には宅地所有者・借地権者それぞれ3分の2以上の同意が必要です（1は誤り）。仮換地指定後は仮換地を使用収益します（3は誤り）。地方公共団体等も施行者になれます（4は誤り）… 正答（2）との違いを確認し直してください。;3:（3）の内容は、正答（2）「換地処分の公告があった翌日から換地は従前の土地とみなされる」が示す論点とずれています。 解説の要点：換地処分の公告があった翌日から換地は従前の土地とみなされ権利関係が確定します（土地区画整理法104条）。組合設立には宅地所有者・借地権者それぞれ3分の2以上の同意が必要です（1は誤り）。仮換地指定後は仮換地を使用収益します（3は誤り）。地方公共団体等も施行者になれます（4は誤り）… 正答（2）との違いを確認し直してください。;4:（4）「施行者は個人または組合に限られる」は、単独の記述としては法令上妥当な場合がありますが、本問で選ぶべき正答は（2）「換地処分の公告があった翌日から換地は従前の土地とみなされる」です。問題文の条件（土地区画整理法に関する次の記述のうち、正しいものはどれか。…）と照らし、設問が問う論点に合う肢を選び直してください。,換地処分の公告があった翌日から換地は従前の土地とみなされ権利関係が確定します（土地区画整理法104条）。組合設立には宅地所有者・借地権者それぞれ3分の2以上の同意が必要です（1は誤り）。仮換地指定後は仮換地を使用収益します（3は誤り）。地方公共団体等も施行者になれます（4は誤り）。確認ポイントは、選択肢2の結論と、各選択肢の要件・効果の違いです。,換地処分の公告があった翌日から換地は従前の土地とみなされ権利関係が確定します（土地区画整理法104条）。組合設立には宅地所有者・借地権者それぞれ3分の2以上の同意が必要です（1は誤り）。仮換地指定後は仮換地を使用収益します（3は誤り）。地方公共団体等も施行者になれます（4は誤り）。確認ポイントは、選択肢2の結論と、各選択肢の要件・効果の違いです。,
2024,令和6年度,42,single,法令上の制限,,用途地域に関する次の記述のうち、正しいものはどれか。,,,,,,用途地域は市街化区域内にのみ定めることができる,田園住居地域は2018年に新設された住居系用途地域の一つである,準住居地域では工場を建築することができない,工業専用地域では住宅は不可だが事務所は建築できる,2,FALSE,FALSE,,田園住居地域は2018年（都市計画法改正）に新設された住居系用途地域です。用途地域は準都市計画区域等にも定めることができます（1は誤り）。準住居地域では一定の工場も建築できます（3は誤り）。工業専用地域では住宅不可・事務所は可です（4は正しい）。正解は2。確認ポイントは、選択肢2の結論と、各選択肢の要件・効果の違いです。,1:（1）の内容は、正答（2）「田園住居地域は2018年に新設された住居系用途地域の一つである」が示す論点とずれています。 解説の要点：田園住居地域は2018年（都市計画法改正）に新設された住居系用途地域です。用途地域は準都市計画区域等にも定めることができます（1は誤り）。準住居地域では一定の工場も建築できます（3は誤り）。工業専用地域では住宅不可・事務所は可です（4は正しい）。正解は2。確認ポイントは、選択肢2… 正答（2）との違いを確認し直してください。;3:（3）の内容は、正答（2）「田園住居地域は2018年に新設された住居系用途地域の一つである」が示す論点とずれています。 解説の要点：田園住居地域は2018年（都市計画法改正）に新設された住居系用途地域です。用途地域は準都市計画区域等にも定めることができます（1は誤り）。準住居地域では一定の工場も建築できます（3は誤り）。工業専用地域では住宅不可・事務所は可です（4は正しい）。正解は2。確認ポイントは、選択肢2… 正答（2）との違いを確認し直してください。;4:（4）の内容は、正答（2）「田園住居地域は2018年に新設された住居系用途地域の一つである」が示す論点とずれています。 解説の要点：田園住居地域は2018年（都市計画法改正）に新設された住居系用途地域です。用途地域は準都市計画区域等にも定めることができます（1は誤り）。準住居地域では一定の工場も建築できます（3は誤り）。工業専用地域では住宅不可・事務所は可です（4は正しい）。正解は2。確認ポイントは、選択肢2… 正答（2）との違いを確認し直してください。,確認ポイントは、選択肢2の結論と、各選択肢の要件・効果の違いです。,田園住居地域は2018年（都市計画法改正）に新設された住居系用途地域です。用途地域は準都市計画区域等にも定めることができます（1は誤り）。準住居地域では一定の工場も建築できます（3は誤り）。工業専用地域では住宅不可・事務所は可です（4は正しい）。正解は2。確認ポイントは、選択肢2の結論と、各選択肢の要件・効果の違いです。,
2024,令和6年度,43,single,税・その他,,不動産取得税に関する次の記述のうち、正しいものはどれか。,,,,,,不動産取得税は国税である,相続による不動産取得には不動産取得税が課される,新築住宅（一般）の課税標準特例では評価額から1200万円を控除した額が課税標準となる,不動産取得税の標準税率3%は市町村条例で変更できる,3,FALSE,FALSE,,新築住宅（一般）の不動産取得税は評価額から1200万円を控除した額が課税標準です（地方税法附則11条の2）。都道府県税です（1は誤り）。相続による取得は非課税です（2は誤り）。都道府県税なので市町村条例では変更できません（4は誤り）。確認ポイントは、選択肢3の結論と、各選択肢の要件・効果の違いです。,1:（1）「不動産取得税は国税である」は、単独の記述としては法令上妥当な場合がありますが、本問で選ぶべき正答は（3）「新築住宅（一般）の課税標準特例では評価額から1200万円を控除した額が課税標準となる」です。問題文の条件（不動産取得税に関する次の記述のうち、正しいものはどれか。…）と照らし、設問が問う論点に合う肢を選び直してください。;2:（2）の内容は、正答（3）「新築住宅（一般）の課税標準特例では評価額から1200万円を控除した額が課税標準となる」が示す論点とずれています。 解説の要点：新築住宅（一般）の不動産取得税は評価額から1200万円を控除した額が課税標準です（地方税法附則11条の2）。都道府県税です（1は誤り）。相続による取得は非課税です（2は誤り）。都道府県税なので市町村条例では変更できません（4は誤り）。確認ポイントは、選択肢3の結論と、各選択肢の要… 正答（3）との違いを確認し直してください。;4:（4）の内容は、正答（3）「新築住宅（一般）の課税標準特例では評価額から1200万円を控除した額が課税標準となる」が示す論点とずれています。 解説の要点：新築住宅（一般）の不動産取得税は評価額から1200万円を控除した額が課税標準です（地方税法附則11条の2）。都道府県税です（1は誤り）。相続による取得は非課税です（2は誤り）。都道府県税なので市町村条例では変更できません（4は誤り）。確認ポイントは、選択肢3の結論と、各選択肢の要… 正答（3）との違いを確認し直してください。,新築住宅（一般）の不動産取得税は評価額から1200万円を控除した額が課税標準です（地方税法附則11条の2）。都道府県税です（1は誤り）。相続による取得は非課税です（2は誤り）。都道府県税なので市町村条例では変更できません（4は誤り）。確認ポイントは、選択肢3の結論と、各選択肢の要件・効果の違いです。,新築住宅（一般）の不動産取得税は評価額から1200万円を控除した額が課税標準です（地方税法附則11条の2）。都道府県税です（1は誤り）。相続による取得は非課税です（2は誤り）。都道府県税なので市町村条例では変更できません（4は誤り）。確認ポイントは、選択肢3の結論と、各選択肢の要件・効果の違いです。,
2024,令和6年度,44,single,税・その他,,固定資産税に関する次の記述のうち、正しいものはどれか。,,,,,,固定資産税の賦課期日は毎年4月1日である,東京23区内の固定資産税は東京都が課税する,固定資産税の標準税率1.4%は市町村条例で変更できない,固定資産税の評価替えは毎年行われる,2,FALSE,FALSE,,東京23区内の固定資産税は特例として東京都が課税します（地方税法734条）。賦課期日は毎年1月1日です（1は誤り）。標準税率は市町村条例で変更できます（3は誤り）。評価替えは3年ごとです（4は誤り）。確認ポイントは、選択肢2の結論と、各選択肢の要件・効果の違いです。,1:（1）の内容は、正答（2）「東京23区内の固定資産税は東京都が課税する」が示す論点とずれています。 解説の要点：東京23区内の固定資産税は特例として東京都が課税します（地方税法734条）。賦課期日は毎年1月1日です（1は誤り）。標準税率は市町村条例で変更できます（3は誤り）。評価替えは3年ごとです（4は誤り）。確認ポイントは、選択肢2の結論と、各選択肢の要件・効果の違いです。 正答（2）との違いを確認し直してください。;3:（3）の内容は、正答（2）「東京23区内の固定資産税は東京都が課税する」が示す論点とずれています。 解説の要点：東京23区内の固定資産税は特例として東京都が課税します（地方税法734条）。賦課期日は毎年1月1日です（1は誤り）。標準税率は市町村条例で変更できます（3は誤り）。評価替えは3年ごとです（4は誤り）。確認ポイントは、選択肢2の結論と、各選択肢の要件・効果の違いです。 正答（2）との違いを確認し直してください。;4:（4）「固定資産税の評価替えは毎年行われる」は、単独の記述としては法令上妥当な場合がありますが、本問で選ぶべき正答は（2）「東京23区内の固定資産税は東京都が課税する」です。問題文の条件（固定資産税に関する次の記述のうち、正しいものはどれか。…）と照らし、設問が問う論点に合う肢を選び直してください。,東京23区内の固定資産税は特例として東京都が課税します（地方税法734条）。賦課期日は毎年1月1日です（1は誤り）。標準税率は市町村条例で変更できます（3は誤り）。評価替えは3年ごとです（4は誤り）。確認ポイントは、選択肢2の結論と、各選択肢の要件・効果の違いです。,東京23区内の固定資産税は特例として東京都が課税します（地方税法734条）。賦課期日は毎年1月1日です（1は誤り）。標準税率は市町村条例で変更できます（3は誤り）。評価替えは3年ごとです（4は誤り）。確認ポイントは、選択肢2の結論と、各選択肢の要件・効果の違いです。,
2024,令和6年度,45,single,税・その他,,居住用財産の譲渡に関する特例の記述のうち、正しいものはどれか。,,,,,,3000万円特別控除は居住しなくなった日から5年以内の譲渡に適用される,3000万円特別控除は配偶者への譲渡にも適用される,居住用財産の軽減税率（10年超所有）では6000万円超の部分も所得税15%が適用される,3000万円特別控除と住宅ローン控除は同年に併用できない,4,FALSE,FALSE,,居住用財産の3000万円特別控除と住宅ローン控除は同じ年に重複適用できません（租税特別措置法35条・41条）。居住しなくなった日から3年後の年末までの譲渡が対象です（1は誤り）。配偶者への譲渡には適用されません（2は誤り）。軽減税率は6000万円以下の部分が10%・超は15%です（3は誤り）。,1:（1）の内容は、正答（4）「3000万円特別控除と住宅ローン控除は同年に併用できない」が示す論点とずれています。 解説の要点：居住用財産の3000万円特別控除と住宅ローン控除は同じ年に重複適用できません（租税特別措置法35条・41条）。居住しなくなった日から3年後の年末までの譲渡が対象です（1は誤り）。配偶者への譲渡には適用されません（2は誤り）。軽減税率は6000万円以下の部分が10%・超は15%です… 正答（4）との違いを確認し直してください。;2:（2）の内容は、正答（4）「3000万円特別控除と住宅ローン控除は同年に併用できない」が示す論点とずれています。 解説の要点：居住用財産の3000万円特別控除と住宅ローン控除は同じ年に重複適用できません（租税特別措置法35条・41条）。居住しなくなった日から3年後の年末までの譲渡が対象です（1は誤り）。配偶者への譲渡には適用されません（2は誤り）。軽減税率は6000万円以下の部分が10%・超は15%です… 正答（4）との違いを確認し直してください。;3:（3）の内容は、正答（4）「3000万円特別控除と住宅ローン控除は同年に併用できない」が示す論点とずれています。 解説の要点：居住用財産の3000万円特別控除と住宅ローン控除は同じ年に重複適用できません（租税特別措置法35条・41条）。居住しなくなった日から3年後の年末までの譲渡が対象です（1は誤り）。配偶者への譲渡には適用されません（2は誤り）。軽減税率は6000万円以下の部分が10%・超は15%です… 正答（4）との違いを確認し直してください。,居住用財産の3000万円特別控除と住宅ローン控除は同じ年に重複適用できません（租税特別措置法35条・41条）。居住しなくなった日から3年後の年末までの譲渡が対象です（1は誤り）。配偶者への譲渡には適用されません（2は誤り）。軽減税率は6000万円以下の部分が10%・超は15%です（3は誤り）。,居住用財産の3000万円特別控除と住宅ローン控除は同じ年に重複適用できません（租税特別措置法35条・41条）。居住しなくなった日から3年後の年末までの譲渡が対象です（1は誤り）。配偶者への譲渡には適用されません（2は誤り）。軽減税率は6000万円以下の部分が10%・超は15%です（3は誤り）。,
2024,令和6年度,46,single,税・その他,,地価公示法に関する次の記述のうち、正しいものはどれか。,,,,,,地価公示は国土交通省が毎年3月に行い基準日は3月31日である,地価の公示は土地鑑定委員会が行い標準地の価格は1月1日時点のものである,公示価格は鑑定評価の規準となるが課税評価額の算定には使われない,公示区域は都市計画区域内に限られる,2,FALSE,FALSE,,地価公示は土地鑑定委員会が毎年1月1日を基準日として行い3月頃に官報で公示します（地価公示法2条・7条）。基準日は1月1日です（1は誤り）。課税評価額の算定にも活用されます（3は誤り）。都市計画区域外の一部にも公示区域があります（4は誤り）。確認ポイントは、選択肢2の結論と、各選択肢の要件・効果の違いです。,1:（1）の内容は、正答（2）「地価の公示は土地鑑定委員会が行い標準地の価格は1月1日時点のものである」が示す論点とずれています。 解説の要点：地価公示は土地鑑定委員会が毎年1月1日を基準日として行い3月頃に官報で公示します（地価公示法2条・7条）。基準日は1月1日です（1は誤り）。課税評価額の算定にも活用されます（3は誤り）。都市計画区域外の一部にも公示区域があります（4は誤り）。確認ポイントは、選択肢2の結論と、各選… 正答（2）との違いを確認し直してください。;3:（3）の内容は、正答（2）「地価の公示は土地鑑定委員会が行い標準地の価格は1月1日時点のものである」が示す論点とずれています。 解説の要点：地価公示は土地鑑定委員会が毎年1月1日を基準日として行い3月頃に官報で公示します（地価公示法2条・7条）。基準日は1月1日です（1は誤り）。課税評価額の算定にも活用されます（3は誤り）。都市計画区域外の一部にも公示区域があります（4は誤り）。確認ポイントは、選択肢2の結論と、各選… 正答（2）との違いを確認し直してください。;4:（4）「公示区域は都市計画区域内に限られる」は、単独の記述としては法令上妥当な場合がありますが、本問で選ぶべき正答は（2）「地価の公示は土地鑑定委員会が行い標準地の価格は1月1日時点のものである」です。問題文の条件（地価公示法に関する次の記述のうち、正しいものはどれか。…）と照らし、設問が問う論点に合う肢を選び直してください。,地価公示は土地鑑定委員会が毎年1月1日を基準日として行い3月頃に官報で公示します（地価公示法2条・7条）。基準日は1月1日です（1は誤り）。課税評価額の算定にも活用されます（3は誤り）。都市計画区域外の一部にも公示区域があります（4は誤り）。確認ポイントは、選択肢2の結論と、各選択肢の要件・効果の違いです。,地価公示は土地鑑定委員会が毎年1月1日を基準日として行い3月頃に官報で公示します（地価公示法2条・7条）。基準日は1月1日です（1は誤り）。課税評価額の算定にも活用されます（3は誤り）。都市計画区域外の一部にも公示区域があります（4は誤り）。確認ポイントは、選択肢2の結論と、各選択肢の要件・効果の違いです。,
2024,令和6年度,47,single,税・その他,,不動産広告の表示に関する次の記述のうち、正しいものはどれか。,,,,,,最寄り駅からの徒歩所要時間は100メートルを1分として計算する,新築とは建築後1年未満かつ居住の用に供されていないものをいう,優良誤認表示とは実際より著しく低品質と誤認させる表示のことである,物件から最寄り駅まで徒歩10分の場合、駅まで徒歩約10分と表示するのは違反である,2,FALSE,FALSE,,新築とは建築後1年未満かつ居住の用に供されていない建物です（不動産公正競争規約）。徒歩時間は80メートルを1分として計算します（1は誤り）。優良誤認表示は実際より優れていると誤認させる表示です（3は誤り）。80メートル×10分=800メートルで徒歩約10分は正確です（4は誤り）。確認ポイントは、選択肢2の結論と、各選択肢の要件・効果の違いです。,1:（1）の内容は、正答（2）「新築とは建築後1年未満かつ居住の用に供されていないものをいう」が示す論点とずれています。 解説の要点：新築とは建築後1年未満かつ居住の用に供されていない建物です（不動産公正競争規約）。徒歩時間は80メートルを1分として計算します（1は誤り）。優良誤認表示は実際より優れていると誤認させる表示です（3は誤り）。80メートル×10分=800メートルで徒歩約10分は正確です（4は誤り）。… 正答（2）との違いを確認し直してください。;3:（3）の内容は、正答（2）「新築とは建築後1年未満かつ居住の用に供されていないものをいう」が示す論点とずれています。 解説の要点：新築とは建築後1年未満かつ居住の用に供されていない建物です（不動産公正競争規約）。徒歩時間は80メートルを1分として計算します（1は誤り）。優良誤認表示は実際より優れていると誤認させる表示です（3は誤り）。80メートル×10分=800メートルで徒歩約10分は正確です（4は誤り）。… 正答（2）との違いを確認し直してください。;4:（4）の内容は、正答（2）「新築とは建築後1年未満かつ居住の用に供されていないものをいう」が示す論点とずれています。 解説の要点：新築とは建築後1年未満かつ居住の用に供されていない建物です（不動産公正競争規約）。徒歩時間は80メートルを1分として計算します（1は誤り）。優良誤認表示は実際より優れていると誤認させる表示です（3は誤り）。80メートル×10分=800メートルで徒歩約10分は正確です（4は誤り）。… 正答（2）との違いを確認し直してください。,新築とは建築後1年未満かつ居住の用に供されていない建物です（不動産公正競争規約）。徒歩時間は80メートルを1分として計算します（1は誤り）。優良誤認表示は実際より優れていると誤認させる表示です（3は誤り）。80メートル×10分=800メートルで徒歩約10分は正確です（4は誤り）。確認ポイントは、選択肢2の結論と、各選択肢の要件・効果の違いです。,新築とは建築後1年未満かつ居住の用に供されていない建物です（不動産公正競争規約）。徒歩時間は80メートルを1分として計算します（1は誤り）。優良誤認表示は実際より優れていると誤認させる表示です（3は誤り）。80メートル×10分=800メートルで徒歩約10分は正確です（4は誤り）。確認ポイントは、選択肢2の結論と、各選択肢の要件・効果の違いです。,
2024,令和6年度,48,single,税・その他,,フラット35に関する次の記述のうち、正しいものはどれか。,,,,,,フラット35の申し込みは住宅金融支援機構に直接行う,フラット35は変動金利と固定金利から選択できる,フラット35の融資対象は新築住宅のみである,フラット35の金利は民間の取扱金融機関が独自に設定する,4,FALSE,FALSE,,フラット35の金利は取扱金融機関が独自に設定します（住宅金融支援機構法）。申し込みは民間金融機関を通じて行います（1は誤り）。全期間固定金利のみです（2は誤り）。一定要件を満たす中古住宅にも適用できます（3は誤り）。確認ポイントは、選択肢4の結論と、各選択肢の要件・効果の違いです。,1:（1）の内容は、正答（4）「フラット35の金利は民間の取扱金融機関が独自に設定する」が示す論点とずれています。 解説の要点：フラット35の金利は取扱金融機関が独自に設定します（住宅金融支援機構法）。申し込みは民間金融機関を通じて行います（1は誤り）。全期間固定金利のみです（2は誤り）。一定要件を満たす中古住宅にも適用できます（3は誤り）。確認ポイントは、選択肢4の結論と、各選択肢の要件・効果の違いです… 正答（4）との違いを確認し直してください。;2:（2）の内容は、正答（4）「フラット35の金利は民間の取扱金融機関が独自に設定する」が示す論点とずれています。 解説の要点：フラット35の金利は取扱金融機関が独自に設定します（住宅金融支援機構法）。申し込みは民間金融機関を通じて行います（1は誤り）。全期間固定金利のみです（2は誤り）。一定要件を満たす中古住宅にも適用できます（3は誤り）。確認ポイントは、選択肢4の結論と、各選択肢の要件・効果の違いです… 正答（4）との違いを確認し直してください。;3:（3）の内容は、正答（4）「フラット35の金利は民間の取扱金融機関が独自に設定する」が示す論点とずれています。 解説の要点：フラット35の金利は取扱金融機関が独自に設定します（住宅金融支援機構法）。申し込みは民間金融機関を通じて行います（1は誤り）。全期間固定金利のみです（2は誤り）。一定要件を満たす中古住宅にも適用できます（3は誤り）。確認ポイントは、選択肢4の結論と、各選択肢の要件・効果の違いです… 正答（4）との違いを確認し直してください。,フラット35の金利は取扱金融機関が独自に設定します（住宅金融支援機構法）。申し込みは民間金融機関を通じて行います（1は誤り）。全期間固定金利のみです（2は誤り）。一定要件を満たす中古住宅にも適用できます（3は誤り）。確認ポイントは、選択肢4の結論と、各選択肢の要件・効果の違いです。,フラット35の金利は取扱金融機関が独自に設定します（住宅金融支援機構法）。申し込みは民間金融機関を通じて行います（1は誤り）。全期間固定金利のみです（2は誤り）。一定要件を満たす中古住宅にも適用できます（3は誤り）。確認ポイントは、選択肢4の結論と、各選択肢の要件・効果の違いです。,
2024,令和6年度,49,single,税・その他,,土地の形状・地形に関する次の記述のうち、最も適切なものはどれか。,,,,,,三角州は河川の上流部に形成され砂礫質で宅地に適している,扇状地は山地から平野部への出口付近に形成され比較的地盤が安定している,自然堤防は河川沿いの低湿地であり宅地には不向きである,台地・丘陵地は地盤が軟弱で液状化しやすい,2,FALSE,FALSE,,扇状地は山地から平野へ出た河川が砂礫を堆積した地形で地盤が比較的安定し宅地に適しています。三角州は河川の河口付近に形成される低湿な土地です（1は誤り）。自然堤防は河川沿いの微高地で比較的宅地に適しています（3は誤り）。台地・丘陵地は地盤が安定しています（4は誤り）。確認ポイントは、選択肢2の結論と、各選択肢の要件・効果の違いです。,1:（1）の内容は、正答（2）「扇状地は山地から平野部への出口付近に形成され比較的地盤が安定している」が示す論点とずれています。 解説の要点：扇状地は山地から平野へ出た河川が砂礫を堆積した地形で地盤が比較的安定し宅地に適しています。三角州は河川の河口付近に形成される低湿な土地です（1は誤り）。自然堤防は河川沿いの微高地で比較的宅地に適しています（3は誤り）。台地・丘陵地は地盤が安定しています（4は誤り）。確認ポイントは… 正答（2）との違いを確認し直してください。;3:（3）の内容は、正答（2）「扇状地は山地から平野部への出口付近に形成され比較的地盤が安定している」が示す論点とずれています。 解説の要点：扇状地は山地から平野へ出た河川が砂礫を堆積した地形で地盤が比較的安定し宅地に適しています。三角州は河川の河口付近に形成される低湿な土地です（1は誤り）。自然堤防は河川沿いの微高地で比較的宅地に適しています（3は誤り）。台地・丘陵地は地盤が安定しています（4は誤り）。確認ポイントは… 正答（2）との違いを確認し直してください。;4:（4）の内容は、正答（2）「扇状地は山地から平野部への出口付近に形成され比較的地盤が安定している」が示す論点とずれています。 解説の要点：扇状地は山地から平野へ出た河川が砂礫を堆積した地形で地盤が比較的安定し宅地に適しています。三角州は河川の河口付近に形成される低湿な土地です（1は誤り）。自然堤防は河川沿いの微高地で比較的宅地に適しています（3は誤り）。台地・丘陵地は地盤が安定しています（4は誤り）。確認ポイントは… 正答（2）との違いを確認し直してください。,扇状地は山地から平野へ出た河川が砂礫を堆積した地形で地盤が比較的安定し宅地に適しています。三角州は河川の河口付近に形成される低湿な土地です（1は誤り）。自然堤防は河川沿いの微高地で比較的宅地に適しています（3は誤り）。台地・丘陵地は地盤が安定しています（4は誤り）。確認ポイントは、選択肢2の結論と、各選択肢の要件・効果の違いです。,扇状地は山地から平野へ出た河川が砂礫を堆積した地形で地盤が比較的安定し宅地に適しています。三角州は河川の河口付近に形成される低湿な土地です（1は誤り）。自然堤防は河川沿いの微高地で比較的宅地に適しています（3は誤り）。台地・丘陵地は地盤が安定しています（4は誤り）。確認ポイントは、選択肢2の結論と、各選択肢の要件・効果の違いです。,
2024,令和6年度,50,single,税・その他,,建物の構造に関する次の記述のうち、最も不適切なものはどれか。,,,,,,RC造は耐火性・耐久性に優れるが工費が高く重量が重い,鉄骨造は強度が高く大空間に適しているが耐火被覆が必要である,木造軸組工法は日本で最も普及しており設計の自由度が高い,制震構造は基礎と上部構造の間に免震装置を設けて地震の揺れを吸収する構造である,3,FALSE,FALSE,,基礎と上部構造の間に装置を設けるのは免震構造です。制震構造は建物内部にダンパー等を設けて振動エネルギーを吸収します（4が最も不適切）。他の選択肢は全て適切な記述です。確認ポイントは、選択肢4の結論と、各選択肢の要件・効果の違いです。,1:（1）「RC造は耐火性・耐久性に優れるが工費が高く重量が重い」は、設問の趣旨では適切な記述・対応に当たることが多いです。本問は「最も不適切なもの」を選ぶ形式のため、正答は（3）「木造軸組工法は日本で最も普及しており設計の自由度が高い」です。解説のポイント：基礎と上部構造の間に装置を設けるのは免震構造です。制震構造は建物内部にダンパー等を設けて振動エネルギーを吸収します（4が最も不適切）。他の選択肢は全て適切な記述です。確認ポイントは、選択肢4の結論と、各選択肢の要件・効果の違いです。;2:（2）「鉄骨造は強度が高く大空間に適しているが耐火被覆が必要である」は、設問の趣旨では適切な記述・対応に当たることが多いです。本問は「最も不適切なもの」を選ぶ形式のため、正答は（3）「木造軸組工法は日本で最も普及しており設計の自由度が高い」です。解説のポイント：基礎と上部構造の間に装置を設けるのは免震構造です。制震構造は建物内部にダンパー等を設けて振動エネルギーを吸収します（4が最も不適切）。他の選択肢は全て適切な記述です。確認ポイントは、選択肢4の結論と、各選択肢の要件・効果の違いです。;4:（4）「制震構造は基礎と上部構造の間に免震装置を設けて地震の揺れを吸収する構造である」は、設問の趣旨では適切な記述・対応に当たることが多いです。本問は「最も不適切なもの」を選ぶ形式のため、正答は（3）「木造軸組工法は日本で最も普及しており設計の自由度が高い」です。解説のポイント：基礎と上部構造の間に装置を設けるのは免震構造です。制震構造は建物内部にダンパー等を設けて振動エネルギーを吸収します（4が最も不適切）。他の選択肢は全て適切な記述です。確認ポイントは、選択肢4の結論と、各選択肢の要件・効果の違いです。,基礎と上部構造の間に装置を設けるのは免震構造です。制震構造は建物内部にダンパー等を設けて振動エネルギーを吸収します（4が最も不適切）。他の選択肢は全て適切な記述です。確認ポイントは、選択肢4の結論と、各選択肢の要件・効果の違いです。,基礎と上部構造の間に装置を設けるのは免震構造です。制震構造は建物内部にダンパー等を設けて振動エネルギーを吸収します（4が最も不適切）。他の選択肢は全て適切な記述です。確認ポイントは、選択肢4の結論と、各選択肢の要件・効果の違いです。,
2025,令和7年度,1,single,権利関係,,代理に関する次の記述のうち、民法の規定によれば、正しいものはどれか。,,,,,,代理行為に顕名がなければ代理人自身の行為とみなされるが、相手方が本人のためであることを知っていた場合は有効な代理行為となる,法定代理人はいかなる場合も復代理人を選任できない,代理権の濫用の場合、相手方が悪意または有過失であれば本人に効果が帰属しない,任意代理権は本人の死亡によっても消滅しない,3,FALSE,FALSE,,代理権の濫用の場合、相手方が悪意または有過失であれば本人はその効果の帰属を否定できます（民法107条）。顕名がない場合でも相手方が知っていれば有効です（1は正しい）。法定代理人はやむを得ない事由があれば復代理人を選任できます（2は誤り）。任意代理権は本人の死亡により消滅します（4は誤り）。正解は3。,1:（1）の内容は、正答（3）「代理権の濫用の場合、相手方が悪意または有過失であれば本人に効果が帰属しない」が示す論点とずれています。 解説の要点：代理権の濫用の場合、相手方が悪意または有過失であれば本人はその効果の帰属を否定できます（民法107条）。顕名がない場合でも相手方が知っていれば有効です（1は正しい）。法定代理人はやむを得ない事由があれば復代理人を選任できます（2は誤り）。任意代理権は本人の死亡により消滅します（4… 正答（3）との違いを確認し直してください。;2:解説では「顕名がない場合でも相手方が知っていれば有効です（1は正しい）。」とある一方、（2）の記述はそれと矛盾します。 解説の要点：代理権の濫用の場合、相手方が悪意または有過失であれば本人はその効果の帰属を否定できます（民法107条）。顕名がない場合でも相手方が知っていれば有効です（1は正しい）。法定代理人はやむを得ない事由があれば復代理人を選任できます（2は誤り）。任意代理権は本人の死亡により消滅します（4… 正答（3）との違いを確認し直してください。;4:解説では「顕名がない場合でも相手方が知っていれば有効です（1は正しい）。」とある一方、（4）の記述はそれと矛盾します。 解説の要点：代理権の濫用の場合、相手方が悪意または有過失であれば本人はその効果の帰属を否定できます（民法107条）。顕名がない場合でも相手方が知っていれば有効です（1は正しい）。法定代理人はやむを得ない事由があれば復代理人を選任できます（2は誤り）。任意代理権は本人の死亡により消滅します（4… 正答（3）との違いを確認し直してください。,代理権の濫用の場合、相手方が悪意または有過失であれば本人はその効果の帰属を否定できます（民法107条）。,代理権の濫用の場合、相手方が悪意または有過失であれば本人はその効果の帰属を否定できます（民法107条）。顕名がない場合でも相手方が知っていれば有効です（1は正しい）。法定代理人はやむを得ない事由があれば復代理人を選任できます（2は誤り）。任意代理権は本人の死亡により消滅します（4は誤り）。正解は3。,
2025,令和7年度,2,single,権利関係,,時効に関する次の記述のうち、民法の規定によれば、正しいものはどれか。,,,,,,消滅時効の援用は誰でも行うことができる,取得時効は善意無過失10年・悪意または有過失20年である,時効の更新事由には確定判決による権利確定・強制執行・権利の承認等がある,所有権は消滅時効にかかる,2,FALSE,FALSE,,時効の更新事由には確定判決による権利の確定、強制執行等、権利の承認等があります（民法147条・152条）。援用は当事者等一定の者に限られます（1は誤り）。所有権は消滅時効にかかりません（4は誤り）。確認ポイントは、選択肢3の結論と、各選択肢の要件・効果の違いです。,1:（1）「消滅時効の援用は誰でも行うことができる」は、単独の記述としては法令上妥当な場合がありますが、本問で選ぶべき正答は（2）「取得時効は善意無過失10年・悪意または有過失20年である」です。問題文の条件（時効に関する次の記述のうち、民法の規定によれば、正しいものはどれか。…）と照らし、設問が問う論点に合う肢を選び直してください。;3:時効の更新事由には確定判決による権利の確定、強制執行等、権利の承認等があります（民法147条・152条）。;4:（4）「所有権は消滅時効にかかる」は、単独の記述としては法令上妥当な場合がありますが、本問で選ぶべき正答は（2）「取得時効は善意無過失10年・悪意または有過失20年である」です。問題文の条件（時効に関する次の記述のうち、民法の規定によれば、正しいものはどれか。…）と照らし、設問が問う論点に合う肢を選び直してください。,時効の更新事由には確定判決による権利の確定、強制執行等、権利の承認等があります（民法147条・152条）。援用は当事者等一定の者に限られます（1は誤り）。所有権は消滅時効にかかりません（4は誤り）。確認ポイントは、選択肢3の結論と、各選択肢の要件・効果の違いです。,時効の更新事由には確定判決による権利の確定、強制執行等、権利の承認等があります（民法147条・152条）。援用は当事者等一定の者に限られます（1は誤り）。所有権は消滅時効にかかりません（4は誤り）。確認ポイントは、選択肢3の結論と、各選択肢の要件・効果の違いです。,
2025,令和7年度,3,single,権利関係,,共有に関する次の記述のうち、民法の規定によれば、正しいものはどれか。,,,,,,共有物の保存行為は共有者全員の同意が必要である,共有物の管理に関する事項は持分価格の過半数で決する,共有物の重大変更には持分価格の4分の3以上の同意が必要である,共有物分割は5年を超えない範囲で禁止する特約ができる,2,FALSE,FALSE,,共有物の管理に関する事項は持分の価格の過半数で決します（民法252条）。保存行為は各共有者が単独でできます（1は誤り）。重大変更には全員の同意が必要です（3は誤り）。分割禁止の特約は5年以内でできます（4は正しい）。正解は2（4も正しいが2が出題意図）。確認ポイントは、選択肢2の結論と、各選択肢の要件・効果の違いです。,1:（1）の内容は、正答（2）「共有物の管理に関する事項は持分価格の過半数で決する」が示す論点とずれています。 解説の要点：共有物の管理に関する事項は持分の価格の過半数で決します（民法252条）。保存行為は各共有者が単独でできます（1は誤り）。重大変更には全員の同意が必要です（3は誤り）。分割禁止の特約は5年以内でできます（4は正しい）。正解は2（4も正しいが2が出題意図）。確認ポイントは、選択肢2の… 正答（2）との違いを確認し直してください。;3:（3）の内容は、正答（2）「共有物の管理に関する事項は持分価格の過半数で決する」が示す論点とずれています。 解説の要点：共有物の管理に関する事項は持分の価格の過半数で決します（民法252条）。保存行為は各共有者が単独でできます（1は誤り）。重大変更には全員の同意が必要です（3は誤り）。分割禁止の特約は5年以内でできます（4は正しい）。正解は2（4も正しいが2が出題意図）。確認ポイントは、選択肢2の… 正答（2）との違いを確認し直してください。;4:解説では「重大変更には全員の同意が必要です（3は誤り）。」とある一方、（4）の記述はそれと矛盾します。 解説の要点：共有物の管理に関する事項は持分の価格の過半数で決します（民法252条）。保存行為は各共有者が単独でできます（1は誤り）。重大変更には全員の同意が必要です（3は誤り）。分割禁止の特約は5年以内でできます（4は正しい）。正解は2（4も正しいが2が出題意図）。確認ポイントは、選択肢2の… 正答（2）との違いを確認し直してください。,共有物の管理に関する事項は持分の価格の過半数で決します（民法252条）。保存行為は各共有者が単独でできます（1は誤り）。重大変更には全員の同意が必要です（3は誤り）。分割禁止の特約は5年以内でできます（4は正しい）。正解は2（4も正しいが2が出題意図）。確認ポイントは、選択肢2の結論と、各選択肢の要件・効果の違いです。,共有物の管理に関する事項は持分の価格の過半数で決します（民法252条）。保存行為は各共有者が単独でできます（1は誤り）。重大変更には全員の同意が必要です（3は誤り）。分割禁止の特約は5年以内でできます（4は正しい）。正解は2（4も正しいが2が出題意図）。確認ポイントは、選択肢2の結論と、各選択肢の要件・効果の違いです。,
2025,令和7年度,4,single,権利関係,,相隣関係に関する次の記述のうち、民法の規定によれば、正しいものはどれか。,,,,,,隣地から越境してきた竹木の枝は自ら切断できる,隣地から境界を越えてきた竹木の根は自ら切り取ることができる,袋地所有者は囲んでいる全ての隣人の土地を自由に通行できる,土地所有者は隣地所有者の承諾なければ隣地に立ち入れない,2,FALSE,FALSE,,竹木の根が境界を越えてきた場合は自ら切り取ることができます（民法233条2項）。竹木の枝については令和3年改正で一定要件のもと自ら切除できるようになりましたが限定的です（1は部分的に誤り）。袋地の通行権は必要最小限に限られます（3は誤り）。一定の要件下で隣地使用が認められます（4は誤り）。正解は2。,1:（1）の内容は、正答（2）「隣地から境界を越えてきた竹木の根は自ら切り取ることができる」が示す論点とずれています。 解説の要点：竹木の根が境界を越えてきた場合は自ら切り取ることができます（民法233条2項）。竹木の枝については令和3年改正で一定要件のもと自ら切除できるようになりましたが限定的です（1は部分的に誤り）。袋地の通行権は必要最小限に限られます（3は誤り）。一定の要件下で隣地使用が認められます（4… 正答（2）との違いを確認し直してください。;3:（3）の内容は、正答（2）「隣地から境界を越えてきた竹木の根は自ら切り取ることができる」が示す論点とずれています。 解説の要点：竹木の根が境界を越えてきた場合は自ら切り取ることができます（民法233条2項）。竹木の枝については令和3年改正で一定要件のもと自ら切除できるようになりましたが限定的です（1は部分的に誤り）。袋地の通行権は必要最小限に限られます（3は誤り）。一定の要件下で隣地使用が認められます（4… 正答（2）との違いを確認し直してください。;4:解説では「袋地の通行権は必要最小限に限られます（3は誤り）。」とある一方、（4）の記述はそれと矛盾します。 解説の要点：竹木の根が境界を越えてきた場合は自ら切り取ることができます（民法233条2項）。竹木の枝については令和3年改正で一定要件のもと自ら切除できるようになりましたが限定的です（1は部分的に誤り）。袋地の通行権は必要最小限に限られます（3は誤り）。一定の要件下で隣地使用が認められます（4… 正答（2）との違いを確認し直してください。,竹木の根が境界を越えてきた場合は自ら切り取ることができます（民法233条2項）。竹木の枝については令和3年改正で一定要件のもと自ら切除できるようになりましたが限定的です（1は部分的に誤り）。袋地の通行権は必要最小限に限られます（3は誤り）。一定の要件下で隣地使用が認められます（4は誤り）。正解は2。,竹木の根が境界を越えてきた場合は自ら切り取ることができます（民法233条2項）。竹木の枝については令和3年改正で一定要件のもと自ら切除できるようになりましたが限定的です（1は部分的に誤り）。袋地の通行権は必要最小限に限られます（3は誤り）。一定の要件下で隣地使用が認められます（4は誤り）。正解は2。,
2025,令和7年度,5,single,権利関係,,担保物権に関する次の記述のうち、民法の規定によれば、正しいものはどれか。,,,,,,質権は動産にのみ設定できる,先取特権は当事者の合意で設定できる,根抵当権は一定範囲の不特定債権を極度額の限度で担保し極度額は登記が必要である,留置権はけん連関係が必要で被担保債権弁済まで物を留置できる,4,FALSE,FALSE,,留置権の成立にはけん連関係が必要で、被担保債権が弁済されるまで物を留置できます（民法295条）。不動産質権も認められます（1は誤り）。先取特権は法定担保物権です（2は誤り）。根抵当権の極度額は登記事項です（3は正しい）。正解は4。確認ポイントは、選択肢4の結論と、各選択肢の要件・効果の違いです。,1:（1）「質権は動産にのみ設定できる」は、単独の記述としては法令上妥当な場合がありますが、本問で選ぶべき正答は（4）「留置権はけん連関係が必要で被担保債権弁済まで物を留置できる」です。問題文の条件（担保物権に関する次の記述のうち、民法の規定によれば、正しいものはどれか。…）と照らし、設問が問う論点に合う肢を選び直してください。;2:（2）「先取特権は当事者の合意で設定できる」は、単独の記述としては法令上妥当な場合がありますが、本問で選ぶべき正答は（4）「留置権はけん連関係が必要で被担保債権弁済まで物を留置できる」です。問題文の条件（担保物権に関する次の記述のうち、民法の規定によれば、正しいものはどれか。…）と照らし、設問が問う論点に合う肢を選び直してください。;3:（3）の内容は、正答（4）「留置権はけん連関係が必要で被担保債権弁済まで物を留置できる」が示す論点とずれています。 解説の要点：留置権の成立にはけん連関係が必要で、被担保債権が弁済されるまで物を留置できます（民法295条）。不動産質権も認められます（1は誤り）。先取特権は法定担保物権です（2は誤り）。根抵当権の極度額は登記事項です（3は正しい）。正解は4。確認ポイントは、選択肢4の結論と、各選択肢の要件・… 正答（4）との違いを確認し直してください。,確認ポイントは、選択肢4の結論と、各選択肢の要件・効果の違いです。,留置権の成立にはけん連関係が必要で、被担保債権が弁済されるまで物を留置できます（民法295条）。不動産質権も認められます（1は誤り）。先取特権は法定担保物権です（2は誤り）。根抵当権の極度額は登記事項です（3は正しい）。正解は4。確認ポイントは、選択肢4の結論と、各選択肢の要件・効果の違いです。,
2025,令和7年度,6,single,権利関係,,借地権の対抗力に関する次の記述のうち、借地借家法の規定によれば、正しいものはどれか。,,,,,,土地の賃借権は登記なくしては第三者に対抗できない,建物賃借人は引渡しを受ければ賃借権の登記なくして第三者に対抗できる,借地権者が借地上の建物について自己名義の登記を備えれば借地権を第三者に対抗できる,定期借家権は登記がなければ対抗力を持たない,3,FALSE,FALSE,,借地権者が借地上の建物について自己名義の登記を備えれば借地権を第三者に対抗できます（借地借家法10条）。建物賃借人は引渡しで対抗力を取得します（2は正しい）。定期借家権も引渡しで対抗力を得ます（4は誤り）。正解は3（2も正しいが3が出題意図）。確認ポイントは、選択肢3の結論と、各選択肢の要件・効果の違いです。,1:（1）の内容は、正答（3）「借地権者が借地上の建物について自己名義の登記を備えれば借地権を第三者に対抗できる」が示す論点とずれています。 解説の要点：借地権者が借地上の建物について自己名義の登記を備えれば借地権を第三者に対抗できます（借地借家法10条）。建物賃借人は引渡しで対抗力を取得します（2は正しい）。定期借家権も引渡しで対抗力を得ます（4は誤り）。正解は3（2も正しいが3が出題意図）。確認ポイントは、選択肢3の結論と、各… 正答（3）との違いを確認し直してください。;2:（2）の内容は、正答（3）「借地権者が借地上の建物について自己名義の登記を備えれば借地権を第三者に対抗できる」が示す論点とずれています。 解説の要点：借地権者が借地上の建物について自己名義の登記を備えれば借地権を第三者に対抗できます（借地借家法10条）。建物賃借人は引渡しで対抗力を取得します（2は正しい）。定期借家権も引渡しで対抗力を得ます（4は誤り）。正解は3（2も正しいが3が出題意図）。確認ポイントは、選択肢3の結論と、各… 正答（3）との違いを確認し直してください。;4:（4）の内容は、正答（3）「借地権者が借地上の建物について自己名義の登記を備えれば借地権を第三者に対抗できる」が示す論点とずれています。 解説の要点：借地権者が借地上の建物について自己名義の登記を備えれば借地権を第三者に対抗できます（借地借家法10条）。建物賃借人は引渡しで対抗力を取得します（2は正しい）。定期借家権も引渡しで対抗力を得ます（4は誤り）。正解は3（2も正しいが3が出題意図）。確認ポイントは、選択肢3の結論と、各… 正答（3）との違いを確認し直してください。,借地権者が借地上の建物について自己名義の登記を備えれば借地権を第三者に対抗できます（借地借家法10条）。建物賃借人は引渡しで対抗力を取得します（2は正しい）。定期借家権も引渡しで対抗力を得ます（4は誤り）。正解は3（2も正しいが3が出題意図）。確認ポイントは、選択肢3の結論と、各選択肢の要件・効果の違いです。,借地権者が借地上の建物について自己名義の登記を備えれば借地権を第三者に対抗できます（借地借家法10条）。建物賃借人は引渡しで対抗力を取得します（2は正しい）。定期借家権も引渡しで対抗力を得ます（4は誤り）。正解は3（2も正しいが3が出題意図）。確認ポイントは、選択肢3の結論と、各選択肢の要件・効果の違いです。,
2025,令和7年度,7,single,権利関係,,遺言に関する次の記述のうち、民法の規定によれば、正しいものはどれか。,,,,,,自筆証書遺言は全文・日付・氏名を自書し押印が必要で財産目録はパソコンで作成できる,公正証書遺言では推定相続人も証人になることができる,遺言は法定代理人の同意があれば15歳未満でも作成できる,後の遺言で前の遺言を撤回しても後の遺言を撤回すれば前の遺言が復活する,1,FALSE,FALSE,,自筆証書遺言の財産目録はパソコン等での作成が認められています（民法968条2項）。公正証書遺言では推定相続人は証人になれません（2は誤り）。遺言は15歳以上であれば単独でできます（3は誤り）。後の遺言を撤回しても前の遺言は復活しません（4は誤り）。正解は1。確認ポイントは、選択肢1の結論と、各選択肢の要件・効果の違いです。,2:（2）の内容は、正答（1）「自筆証書遺言は全文・日付・氏名を自書し押印が必要で財産目録はパソコンで作成できる」が示す論点とずれています。 解説の要点：自筆証書遺言の財産目録はパソコン等での作成が認められています（民法968条2項）。公正証書遺言では推定相続人は証人になれません（2は誤り）。遺言は15歳以上であれば単独でできます（3は誤り）。後の遺言を撤回しても前の遺言は復活しません（4は誤り）。正解は1。確認ポイントは、選択肢… 正答（1）との違いを確認し直してください。;3:根拠の記述が異なります。解説では「成が認められています（民法」が根拠ですが、（3）は「遺言は法」を根拠とする内容です。 解説の要点：自筆証書遺言の財産目録はパソコン等での作成が認められています（民法968条2項）。公正証書遺言では推定相続人は証人になれません（2は誤り）。遺言は15歳以上であれば単独でできます（3は誤り）。後の遺言を撤回しても前の遺言は復活しません（4は誤り）。正解は1。確認ポイントは、選択肢… 正答（1）との違いを確認し直してください。;4:（4）の内容は、正答（1）「自筆証書遺言は全文・日付・氏名を自書し押印が必要で財産目録はパソコンで作成できる」が示す論点とずれています。 解説の要点：自筆証書遺言の財産目録はパソコン等での作成が認められています（民法968条2項）。公正証書遺言では推定相続人は証人になれません（2は誤り）。遺言は15歳以上であれば単独でできます（3は誤り）。後の遺言を撤回しても前の遺言は復活しません（4は誤り）。正解は1。確認ポイントは、選択肢… 正答（1）との違いを確認し直してください。,確認ポイントは、選択肢1の結論と、各選択肢の要件・効果の違いです。,自筆証書遺言の財産目録はパソコン等での作成が認められています（民法968条2項）。公正証書遺言では推定相続人は証人になれません（2は誤り）。遺言は15歳以上であれば単独でできます（3は誤り）。後の遺言を撤回しても前の遺言は復活しません（4は誤り）。正解は1。確認ポイントは、選択肢1の結論と、各選択肢の要件・効果の違いです。,
2025,令和7年度,8,single,権利関係,,区分所有法に関する次の記述のうち、正しいものはどれか。,,,,,,専有部分の用途は区分所有者が自由に変更できる,管理者は必ず区分所有者でなければならない,規約の設定・変更・廃止には区分所有者及び議決権の各4分の3以上が必要である,共用部分の変更は集会決議なく行うことができる,3,FALSE,FALSE,,規約の設定・変更・廃止には区分所有者及び議決権の各4分の3以上の特別多数決議が必要です（区分所有法31条）。専有部分の用途は規約による制限があります（1は誤り）。管理者は区分所有者以外でも可です（2は誤り）。共用部分の変更には集会決議が必要です（4は誤り）。確認ポイントは、選択肢3の結論と、各選択肢の要件・効果の違いです。,1:（1）の内容は、正答（3）「規約の設定・変更・廃止には区分所有者及び議決権の各4分の3以上が必要である」が示す論点とずれています。 解説の要点：規約の設定・変更・廃止には区分所有者及び議決権の各4分の3以上の特別多数決議が必要です（区分所有法31条）。専有部分の用途は規約による制限があります（1は誤り）。管理者は区分所有者以外でも可です（2は誤り）。共用部分の変更には集会決議が必要です（4は誤り）。確認ポイントは、選択肢… 正答（3）との違いを確認し直してください。;2:解説では「規約の設定・変更・廃止には区分所有者及び議決権の各4分の3以上の特別多数決議が必要です（区分所有法31条）。」とある一方、（2）の記述はそれと矛盾します。 解説の要点：規約の設定・変更・廃止には区分所有者及び議決権の各4分の3以上の特別多数決議が必要です（区分所有法31条）。専有部分の用途は規約による制限があります（1は誤り）。管理者は区分所有者以外でも可です（2は誤り）。共用部分の変更には集会決議が必要です（4は誤り）。確認ポイントは、選択肢… 正答（3）との違いを確認し直してください。;4:（4）の内容は、正答（3）「規約の設定・変更・廃止には区分所有者及び議決権の各4分の3以上が必要である」が示す論点とずれています。 解説の要点：規約の設定・変更・廃止には区分所有者及び議決権の各4分の3以上の特別多数決議が必要です（区分所有法31条）。専有部分の用途は規約による制限があります（1は誤り）。管理者は区分所有者以外でも可です（2は誤り）。共用部分の変更には集会決議が必要です（4は誤り）。確認ポイントは、選択肢… 正答（3）との違いを確認し直してください。,規約の設定・変更・廃止には区分所有者及び議決権の各4分の3以上の特別多数決議が必要です（区分所有法31条）。専有部分の用途は規約による制限があります（1は誤り）。管理者は区分所有者以外でも可です（2は誤り）。共用部分の変更には集会決議が必要です（4は誤り）。確認ポイントは、選択肢3の結論と、各選択肢の要件・効果の違いです。,規約の設定・変更・廃止には区分所有者及び議決権の各4分の3以上の特別多数決議が必要です（区分所有法31条）。専有部分の用途は規約による制限があります（1は誤り）。管理者は区分所有者以外でも可です（2は誤り）。共用部分の変更には集会決議が必要です（4は誤り）。確認ポイントは、選択肢3の結論と、各選択肢の要件・効果の違いです。,
2025,令和7年度,9,single,権利関係,,弁済に関する次の記述のうち、民法の規定によれば、正しいものはどれか。,,,,,,弁済は債務者本人のみが行うことができる,弁済の費用は特段の定めがなければ債権者負担となる,第三者は債務者の意思に反して弁済できない,権限のない者への弁済は債権者が利益を受けた限度で有効である,4,FALSE,FALSE,,権限のない者への弁済は債権者が利益を受けた限度では有効となります（民法479条）。第三者も弁済できます（1は誤り）。弁済の費用は債務者負担が原則です（2は誤り）。正当な利益を有しない第三者は債務者の意思に反して弁済できません（3は誤り）。正解は4。確認ポイントは、選択肢4の結論と、各選択肢の要件・効果の違いです。,1:（1）「弁済は債務者本人のみが行うことができる」は、単独の記述としては法令上妥当な場合がありますが、本問で選ぶべき正答は（4）「権限のない者への弁済は債権者が利益を受けた限度で有効である」です。問題文の条件（弁済に関する次の記述のうち、民法の規定によれば、正しいものはどれか。…）と照らし、設問が問う論点に合う肢を選び直してください。;2:（2）の内容は、正答（4）「権限のない者への弁済は債権者が利益を受けた限度で有効である」が示す論点とずれています。 解説の要点：権限のない者への弁済は債権者が利益を受けた限度では有効となります（民法479条）。第三者も弁済できます（1は誤り）。弁済の費用は債務者負担が原則です（2は誤り）。正当な利益を有しない第三者は債務者の意思に反して弁済できません（3は誤り）。正解は4。確認ポイントは、選択肢4の結論と… 正答（4）との違いを確認し直してください。;3:解説では「権限のない者への弁済は債権者が利益を受けた限度では有効となります（民法479条）。」とある一方、（3）の記述はそれと矛盾します。 解説の要点：権限のない者への弁済は債権者が利益を受けた限度では有効となります（民法479条）。第三者も弁済できます（1は誤り）。弁済の費用は債務者負担が原則です（2は誤り）。正当な利益を有しない第三者は債務者の意思に反して弁済できません（3は誤り）。正解は4。確認ポイントは、選択肢4の結論と… 正答（4）との違いを確認し直してください。,権限のない者への弁済は債権者が利益を受けた限度では有効となります（民法479条）。 確認ポイントは、選択肢4の結論と、各選択肢の要件・効果の違いです。,権限のない者への弁済は債権者が利益を受けた限度では有効となります（民法479条）。第三者も弁済できます（1は誤り）。弁済の費用は債務者負担が原則です（2は誤り）。正当な利益を有しない第三者は債務者の意思に反して弁済できません（3は誤り）。正解は4。確認ポイントは、選択肢4の結論と、各選択肢の要件・効果の違いです。,
2025,令和7年度,10,single,権利関係,,相殺に関する次の記述のうち、民法の規定によれば、正しいものはどれか。,,,,,,相殺は当事者の合意がなければ行使できない,故意の不法行為に基づく損害賠償債権を自働債権とする相殺は禁止されている,相殺の意思表示には期限を付けることができる,時効消滅した債権でも消滅前に相殺適状にあれば相殺できる,4,FALSE,FALSE,,時効消滅した債権でも、消滅以前に相殺適状にあった場合はその後も相殺できます（民法508条）。相殺は一方的意思表示でできます（1は誤り）。故意の不法行為は加害者側の受働債権による相殺が禁止です（2は誤り）。相殺に条件・期限は付けられません（3は誤り）。正解は4。確認ポイントは、選択肢4の結論と、各選択肢の要件・効果の違いです。,1:（1）の内容は、正答（4）「時効消滅した債権でも消滅前に相殺適状にあれば相殺できる」が示す論点とずれています。 解説の要点：時効消滅した債権でも、消滅以前に相殺適状にあった場合はその後も相殺できます（民法508条）。相殺は一方的意思表示でできます（1は誤り）。故意の不法行為は加害者側の受働債権による相殺が禁止です（2は誤り）。相殺に条件・期限は付けられません（3は誤り）。正解は4。確認ポイントは、選択… 正答（4）との違いを確認し直してください。;2:（2）の内容は、正答（4）「時効消滅した債権でも消滅前に相殺適状にあれば相殺できる」が示す論点とずれています。 解説の要点：時効消滅した債権でも、消滅以前に相殺適状にあった場合はその後も相殺できます（民法508条）。相殺は一方的意思表示でできます（1は誤り）。故意の不法行為は加害者側の受働債権による相殺が禁止です（2は誤り）。相殺に条件・期限は付けられません（3は誤り）。正解は4。確認ポイントは、選択… 正答（4）との違いを確認し直してください。;3:（3）の内容は、正答（4）「時効消滅した債権でも消滅前に相殺適状にあれば相殺できる」が示す論点とずれています。 解説の要点：時効消滅した債権でも、消滅以前に相殺適状にあった場合はその後も相殺できます（民法508条）。相殺は一方的意思表示でできます（1は誤り）。故意の不法行為は加害者側の受働債権による相殺が禁止です（2は誤り）。相殺に条件・期限は付けられません（3は誤り）。正解は4。確認ポイントは、選択… 正答（4）との違いを確認し直してください。,確認ポイントは、選択肢4の結論と、各選択肢の要件・効果の違いです。,時効消滅した債権でも、消滅以前に相殺適状にあった場合はその後も相殺できます（民法508条）。相殺は一方的意思表示でできます（1は誤り）。故意の不法行為は加害者側の受働債権による相殺が禁止です（2は誤り）。相殺に条件・期限は付けられません（3は誤り）。正解は4。確認ポイントは、選択肢4の結論と、各選択肢の要件・効果の違いです。,
2025,令和7年度,11,single,権利関係,,契約の解除に関する次の記述のうち、民法の規定によれば、正しいものはどれか。,,,,,,債務不履行による解除には催告が常に必要である,解除権は一方的意思表示で行使でき相手方への到達時から効力が生じる,解除前に登記を備えた第三者には解除を対抗できない,債務者に帰責事由がない場合でも履行不能が生じれば債権者は解除できる,4,FALSE,FALSE,,令和2年民法改正で、債務者の帰責事由がない場合でも履行不能となれば債権者は解除できます（民法542条）。定型的不能の場合は催告不要の解除が可能です（1は誤り）。解除権は形成権で到達主義が適用されます（2は正しい）。解除前に登記を備えた第三者には解除を対抗できません（3は正しい）。正解は4（2・3も正しいが4が最も確実）。,1:（1）の内容は、正答（4）「債務者に帰責事由がない場合でも履行不能が生じれば債権者は解除できる」が示す論点とずれています。 解説の要点：令和2年民法改正で、債務者の帰責事由がない場合でも履行不能となれば債権者は解除できます（民法542条）。定型的不能の場合は催告不要の解除が可能です（1は誤り）。解除権は形成権で到達主義が適用されます（2は正しい）。解除前に登記を備えた第三者には解除を対抗できません（3は正しい）。… 正答（4）との違いを確認し直してください。;2:（2）の内容は、正答（4）「債務者に帰責事由がない場合でも履行不能が生じれば債権者は解除できる」が示す論点とずれています。 解説の要点：令和2年民法改正で、債務者の帰責事由がない場合でも履行不能となれば債権者は解除できます（民法542条）。定型的不能の場合は催告不要の解除が可能です（1は誤り）。解除権は形成権で到達主義が適用されます（2は正しい）。解除前に登記を備えた第三者には解除を対抗できません（3は正しい）。… 正答（4）との違いを確認し直してください。;3:（3）の内容は、正答（4）「債務者に帰責事由がない場合でも履行不能が生じれば債権者は解除できる」が示す論点とずれています。 解説の要点：令和2年民法改正で、債務者の帰責事由がない場合でも履行不能となれば債権者は解除できます（民法542条）。定型的不能の場合は催告不要の解除が可能です（1は誤り）。解除権は形成権で到達主義が適用されます（2は正しい）。解除前に登記を備えた第三者には解除を対抗できません（3は正しい）。… 正答（4）との違いを確認し直してください。,解除前に登記を備えた第三者には解除を対抗できません（3は正しい）。,令和2年民法改正で、債務者の帰責事由がない場合でも履行不能となれば債権者は解除できます（民法542条）。定型的不能の場合は催告不要の解除が可能です（1は誤り）。解除権は形成権で到達主義が適用されます（2は正しい）。解除前に登記を備えた第三者には解除を対抗できません（3は正しい）。正解は4（2・3も正しいが4が最も確実）。,
2025,令和7年度,12,single,権利関係,,不動産登記に関する次の記述のうち、正しいものはどれか。,,,,,,所有権移転登記は一方当事者のみで申請できる,仮登記は本登記と同様の対抗力を持つ,登記の申請はオンラインでも行うことができる,相続による所有権取得は登記なくして第三者に対抗できる,3,FALSE,FALSE,,不動産登記の申請はオンライン（電子申請）でも行うことができます（不動産登記法18条）。所有権移転登記は原則共同申請です（1は誤り）。仮登記は対抗力を持ちません（2は誤り）。相続も法定相続分超過部分は登記が必要です（4は誤り）。確認ポイントは、選択肢3の結論と、各選択肢の要件・効果の違いです。,1:解説では「相続も法定相続分超過部分は登記が必要です（4は誤り）。」とある一方、（1）の記述はそれと矛盾します。 解説の要点：不動産登記の申請はオンライン（電子申請）でも行うことができます（不動産登記法18条）。所有権移転登記は原則共同申請です（1は誤り）。仮登記は対抗力を持ちません（2は誤り）。相続も法定相続分超過部分は登記が必要です（4は誤り）。確認ポイントは、選択肢3の結論と、各選択肢の要件・効果… 正答（3）との違いを確認し直してください。;2:（2）「仮登記は本登記と同様の対抗力を持つ」は、単独の記述としては法令上妥当な場合がありますが、本問で選ぶべき正答は（3）「登記の申請はオンラインでも行うことができる」です。問題文の条件（不動産登記に関する次の記述のうち、正しいものはどれか。…）と照らし、設問が問う論点に合う肢を選び直してください。;4:（4）の内容は、正答（3）「登記の申請はオンラインでも行うことができる」が示す論点とずれています。 解説の要点：不動産登記の申請はオンライン（電子申請）でも行うことができます（不動産登記法18条）。所有権移転登記は原則共同申請です（1は誤り）。仮登記は対抗力を持ちません（2は誤り）。相続も法定相続分超過部分は登記が必要です（4は誤り）。確認ポイントは、選択肢3の結論と、各選択肢の要件・効果… 正答（3）との違いを確認し直してください。,不動産登記の申請はオンライン（電子申請）でも行うことができます（不動産登記法18条）。所有権移転登記は原則共同申請です（1は誤り）。仮登記は対抗力を持ちません（2は誤り）。相続も法定相続分超過部分は登記が必要です（4は誤り）。確認ポイントは、選択肢3の結論と、各選択肢の要件・効果の違いです。,不動産登記の申請はオンライン（電子申請）でも行うことができます（不動産登記法18条）。所有権移転登記は原則共同申請です（1は誤り）。仮登記は対抗力を持ちません（2は誤り）。相続も法定相続分超過部分は登記が必要です（4は誤り）。確認ポイントは、選択肢3の結論と、各選択肢の要件・効果の違いです。,
2025,令和7年度,13,single,権利関係,,定期建物賃貸借に関する次の記述のうち、正しいものはどれか。,,,,,,定期建物賃貸借は期間の定めのない賃貸借として締結できる,定期建物賃貸借では借主は家賃増減額請求ができない,定期建物賃貸借の契約書面は公正証書でなければならない,床面積200平方メートル未満の居住用建物の定期建物賃貸借ではやむを得ない事情がある場合借主は中途解約できる,4,FALSE,FALSE,,床面積200平方メートル未満の居住用建物の定期建物賃貸借では、転勤・療養等のやむを得ない事情がある場合、借主は中途解約の申し入れができます（借地借家法38条7項）。定期建物賃貸借は必ず期間を定めます（1は誤り）。減額しない特約は有効です（2は誤り）。書面は公正証書でなくてもよいです（3は誤り）。,1:解説では「床面積200平方メートル未満の居住用建物の定期建物賃貸借では、転勤・療養等のやむを得ない事情がある場合、借主は中途解約の申し入れができます（借地借家法38条7項）。」とある一方、（1）の記述はそれと矛盾します。 解説の要点：床面積200平方メートル未満の居住用建物の定期建物賃貸借では、転勤・療養等のやむを得ない事情がある場合、借主は中途解約の申し入れができます（借地借家法38条7項）。定期建物賃貸借は必ず期間を定めます（1は誤り）。減額しない特約は有効です（2は誤り）。書面は公正証書でなくてもよいで… 正答（4）との違いを確認し直してください。;2:解説では「床面積200平方メートル未満の居住用建物の定期建物賃貸借では、転勤・療養等のやむを得ない事情がある場合、借主は中途解約の申し入れができます（借地借家法38条7項）。」とある一方、（2）の記述はそれと矛盾します。 解説の要点：床面積200平方メートル未満の居住用建物の定期建物賃貸借では、転勤・療養等のやむを得ない事情がある場合、借主は中途解約の申し入れができます（借地借家法38条7項）。定期建物賃貸借は必ず期間を定めます（1は誤り）。減額しない特約は有効です（2は誤り）。書面は公正証書でなくてもよいで… 正答（4）との違いを確認し直してください。;3:解説では「床面積200平方メートル未満の居住用建物の定期建物賃貸借では、転勤・療養等のやむを得ない事情がある場合、借主は中途解約の申し入れができます（借地借家法38条7項）。」とある一方、（3）の記述はそれと矛盾します。 解説の要点：床面積200平方メートル未満の居住用建物の定期建物賃貸借では、転勤・療養等のやむを得ない事情がある場合、借主は中途解約の申し入れができます（借地借家法38条7項）。定期建物賃貸借は必ず期間を定めます（1は誤り）。減額しない特約は有効です（2は誤り）。書面は公正証書でなくてもよいで… 正答（4）との違いを確認し直してください。,床面積200平方メートル未満の居住用建物の定期建物賃貸借では、転勤・療養等のやむを得ない事情がある場合、借主は中途解約の申し入れができます（借地借家法38条7項）。定期建物賃貸借は必ず期間を定めます（1は誤り）。減額しない特約は有効です（2は誤り）。書面は公正証書でなくてもよいです（3は誤り）。,床面積200平方メートル未満の居住用建物の定期建物賃貸借では、転勤・療養等のやむを得ない事情がある場合、借主は中途解約の申し入れができます（借地借家法38条7項）。定期建物賃貸借は必ず期間を定めます（1は誤り）。減額しない特約は有効です（2は誤り）。書面は公正証書でなくてもよいです（3は誤り）。,
2025,令和7年度,15,single,宅建業法,,宅建業法の規定に関する次の記述のうち、正しいものはどれか。,,,,,,自己物件を1回だけ売買する場合は免許が不要である,免許を受けた日から6か月以内に営業を開始しなければならない,宅建業者は案内所等、事務所以外の場所でも業務を行うことができる,個人業者が死亡した場合、免許は死亡と同時に失効する,3,FALSE,FALSE,,宅建業者は案内所・展示会場等の事務所以外の場所でも業務を行うことができます（宅建業法31条の3）。自己物件でも反復継続して行えば宅建業に該当します（1は正しい）。営業開始時期の期限規定はありません（2は誤り）。個人業者が死亡した場合は相続人が30日以内に届け出ます（4は誤り）。正解は3。確認ポイントは、選択肢3の結論と、各選択肢の要件・効果の違いです。,1:「のみ」「だけ」などの限定表現が解説の内容（責任主体・対象範囲の広さ）と一致しません。 解説の要点：宅建業者は案内所・展示会場等の事務所以外の場所でも業務を行うことができます（宅建業法31条の3）。自己物件でも反復継続して行えば宅建業に該当します（1は正しい）。営業開始時期の期限規定はありません（2は誤り）。個人業者が死亡した場合は相続人が30日以内に届け出ます（4は誤り）。正… 正答（3）との違いを確認し直してください。;2:（2）の内容は、正答（3）「宅建業者は案内所等、事務所以外の場所でも業務を行うことができる」が示す論点とずれています。 解説の要点：宅建業者は案内所・展示会場等の事務所以外の場所でも業務を行うことができます（宅建業法31条の3）。自己物件でも反復継続して行えば宅建業に該当します（1は正しい）。営業開始時期の期限規定はありません（2は誤り）。個人業者が死亡した場合は相続人が30日以内に届け出ます（4は誤り）。正… 正答（3）との違いを確認し直してください。;4:（4）の内容は、正答（3）「宅建業者は案内所等、事務所以外の場所でも業務を行うことができる」が示す論点とずれています。 解説の要点：宅建業者は案内所・展示会場等の事務所以外の場所でも業務を行うことができます（宅建業法31条の3）。自己物件でも反復継続して行えば宅建業に該当します（1は正しい）。営業開始時期の期限規定はありません（2は誤り）。個人業者が死亡した場合は相続人が30日以内に届け出ます（4は誤り）。正… 正答（3）との違いを確認し直してください。,確認ポイントは、選択肢3の結論と、各選択肢の要件・効果の違いです。,宅建業者は案内所・展示会場等の事務所以外の場所でも業務を行うことができます（宅建業法31条の3）。自己物件でも反復継続して行えば宅建業に該当します（1は正しい）。営業開始時期の期限規定はありません（2は誤り）。個人業者が死亡した場合は相続人が30日以内に届け出ます（4は誤り）。正解は3。確認ポイントは、選択肢3の結論と、各選択肢の要件・効果の違いです。,
2025,令和7年度,16,single,宅建業法,,宅建士証に関する次の記述のうち、正しいものはどれか。,,,,,,宅建士証の有効期間は3年である,宅建士証の更新には法定講習の受講が必要である,宅建士証は登録している都道府県外では使用できない,登録は試験に合格した都道府県以外でも申請できる,2,FALSE,FALSE,,宅建士証の更新には法定講習（交付申請前6か月以内）の受講が必要です（宅建業法22条の2）。有効期間は5年です（1は誤り）。宅建士証は全国で使用できます（3は誤り）。登録は試験に合格した都道府県知事に行います（4は誤り）。確認ポイントは、選択肢2の結論と、各選択肢の要件・効果の違いです。,1:（1）「宅建士証の有効期間は3年である」は、単独の記述としては法令上妥当な場合がありますが、本問で選ぶべき正答は（2）「宅建士証の更新には法定講習の受講が必要である」です。問題文の条件（宅建士証に関する次の記述のうち、正しいものはどれか。…）と照らし、設問が問う論点に合う肢を選び直してください。;3:解説では「宅建士証の更新には法定講習（交付申請前6か月以内）の受講が必要です（宅建業法22条の2）。」とある一方、（3）の記述はそれと矛盾します。 解説の要点：宅建士証の更新には法定講習（交付申請前6か月以内）の受講が必要です（宅建業法22条の2）。有効期間は5年です（1は誤り）。宅建士証は全国で使用できます（3は誤り）。登録は試験に合格した都道府県知事に行います（4は誤り）。確認ポイントは、選択肢2の結論と、各選択肢の要件・効果の違い… 正答（2）との違いを確認し直してください。;4:（4）の内容は、正答（2）「宅建士証の更新には法定講習の受講が必要である」が示す論点とずれています。 解説の要点：宅建士証の更新には法定講習（交付申請前6か月以内）の受講が必要です（宅建業法22条の2）。有効期間は5年です（1は誤り）。宅建士証は全国で使用できます（3は誤り）。登録は試験に合格した都道府県知事に行います（4は誤り）。確認ポイントは、選択肢2の結論と、各選択肢の要件・効果の違い… 正答（2）との違いを確認し直してください。,宅建士証の更新には法定講習（交付申請前6か月以内）の受講が必要です（宅建業法22条の2）。有効期間は5年です（1は誤り）。宅建士証は全国で使用できます（3は誤り）。登録は試験に合格した都道府県知事に行います（4は誤り）。確認ポイントは、選択肢2の結論と、各選択肢の要件・効果の違いです。,宅建士証の更新には法定講習（交付申請前6か月以内）の受講が必要です（宅建業法22条の2）。有効期間は5年です（1は誤り）。宅建士証は全国で使用できます（3は誤り）。登録は試験に合格した都道府県知事に行います（4は誤り）。確認ポイントは、選択肢2の結論と、各選択肢の要件・効果の違いです。,
2025,令和7年度,17,single,宅建業法,,重要事項説明に関する次の記述のうち、正しいものはどれか。,,,,,,重要事項説明は宅建業者であれば誰でも行うことができる,賃貸借の重要事項説明書は貸主にも交付しなければならない,建物売買でアスベスト使用調査の記録がある場合その内容を説明しなければならない,相手方が宅建業者の場合、重要事項説明書の交付も省略できる,3,FALSE,FALSE,,アスベスト使用調査の記録が存在する場合は重要事項として説明が必要です（宅建業法35条・施行規則16条の4の3）。重要事項説明は宅建士が行わなければなりません（1は誤り）。賃貸借では借主への交付のみ義務です（2は誤り）。相手方が業者でも書面交付は必要です（4は誤り）。確認ポイントは、選択肢3の結論と、各選択肢の要件・効果の違いです。,1:（1）の内容は、正答（3）「建物売買でアスベスト使用調査の記録がある場合その内容を説明しなければならない」が示す論点とずれています。 解説の要点：アスベスト使用調査の記録が存在する場合は重要事項として説明が必要です（宅建業法35条・施行規則16条の4の3）。重要事項説明は宅建士が行わなければなりません（1は誤り）。賃貸借では借主への交付のみ義務です（2は誤り）。相手方が業者でも書面交付は必要です（4は誤り）。確認ポイントは… 正答（3）との違いを確認し直してください。;2:解説では「アスベスト使用調査の記録が存在する場合は重要事項として説明が必要です（宅建業法35条・施行規則16条の4の3）。」とある一方、（2）の記述はそれと矛盾します。 解説の要点：アスベスト使用調査の記録が存在する場合は重要事項として説明が必要です（宅建業法35条・施行規則16条の4の3）。重要事項説明は宅建士が行わなければなりません（1は誤り）。賃貸借では借主への交付のみ義務です（2は誤り）。相手方が業者でも書面交付は必要です（4は誤り）。確認ポイントは… 正答（3）との違いを確認し直してください。;4:（4）の内容は、正答（3）「建物売買でアスベスト使用調査の記録がある場合その内容を説明しなければならない」が示す論点とずれています。 解説の要点：アスベスト使用調査の記録が存在する場合は重要事項として説明が必要です（宅建業法35条・施行規則16条の4の3）。重要事項説明は宅建士が行わなければなりません（1は誤り）。賃貸借では借主への交付のみ義務です（2は誤り）。相手方が業者でも書面交付は必要です（4は誤り）。確認ポイントは… 正答（3）との違いを確認し直してください。,アスベスト使用調査の記録が存在する場合は重要事項として説明が必要です（宅建業法35条・施行規則16条の4の3）。重要事項説明は宅建士が行わなければなりません（1は誤り）。賃貸借では借主への交付のみ義務です（2は誤り）。相手方が業者でも書面交付は必要です（4は誤り）。確認ポイントは、選択肢3の結論と、各選択肢の要件・効果の違いです。,アスベスト使用調査の記録が存在する場合は重要事項として説明が必要です（宅建業法35条・施行規則16条の4の3）。重要事項説明は宅建士が行わなければなりません（1は誤り）。賃貸借では借主への交付のみ義務です（2は誤り）。相手方が業者でも書面交付は必要です（4は誤り）。確認ポイントは、選択肢3の結論と、各選択肢の要件・効果の違いです。,
2025,令和7年度,18,single,宅建業法,,専任の宅建士に関する次の記述のうち、正しいものはどれか。,,,,,,専任の宅建士の設置は主たる事務所のみに義務付けられている,業務従事者が4人の事務所には専任の宅建士を1人以上置かなければならない,専任の宅建士は他の宅建業者の取締役を兼務することができる,専任の宅建士が産休取得中は人数不足でも問題ない,2,FALSE,FALSE,,業務従事者5名に1名以上の専任宅建士が必要ですので4人の場合でも1名以上必要です（宅建業法31条の3）。専任宅建士の設置は全事務所に必要です（1は誤り）。専任宅建士は1つの業者に専属し他業者との兼務は原則不可です（3は誤り）。産休・育休中は一定の猶予が認められる場合があります（4は誤り）。,1:解説では「業務従事者5名に1名以上の専任宅建士が必要ですので4人の場合でも1名以上必要です（宅建業法31条の3）。」とある一方、（1）の記述はそれと矛盾します。 解説の要点：業務従事者5名に1名以上の専任宅建士が必要ですので4人の場合でも1名以上必要です（宅建業法31条の3）。専任宅建士の設置は全事務所に必要です（1は誤り）。専任宅建士は1つの業者に専属し他業者との兼務は原則不可です（3は誤り）。産休・育休中は一定の猶予が認められる場合があります（4… 正答（2）との違いを確認し直してください。;3:（3）の内容は、正答（2）「業務従事者が4人の事務所には専任の宅建士を1人以上置かなければならない」が示す論点とずれています。 解説の要点：業務従事者5名に1名以上の専任宅建士が必要ですので4人の場合でも1名以上必要です（宅建業法31条の3）。専任宅建士の設置は全事務所に必要です（1は誤り）。専任宅建士は1つの業者に専属し他業者との兼務は原則不可です（3は誤り）。産休・育休中は一定の猶予が認められる場合があります（4… 正答（2）との違いを確認し直してください。;4:解説では「業務従事者5名に1名以上の専任宅建士が必要ですので4人の場合でも1名以上必要です（宅建業法31条の3）。」とある一方、（4）の記述はそれと矛盾します。 解説の要点：業務従事者5名に1名以上の専任宅建士が必要ですので4人の場合でも1名以上必要です（宅建業法31条の3）。専任宅建士の設置は全事務所に必要です（1は誤り）。専任宅建士は1つの業者に専属し他業者との兼務は原則不可です（3は誤り）。産休・育休中は一定の猶予が認められる場合があります（4… 正答（2）との違いを確認し直してください。,業務従事者5名に1名以上の専任宅建士が必要ですので4人の場合でも1名以上必要です（宅建業法31条の3）。専任宅建士の設置は全事務所に必要です（1は誤り）。専任宅建士は1つの業者に専属し他業者との兼務は原則不可です（3は誤り）。産休・育休中は一定の猶予が認められる場合があります（4は誤り）。,業務従事者5名に1名以上の専任宅建士が必要ですので4人の場合でも1名以上必要です（宅建業法31条の3）。専任宅建士の設置は全事務所に必要です（1は誤り）。専任宅建士は1つの業者に専属し他業者との兼務は原則不可です（3は誤り）。産休・育休中は一定の猶予が認められる場合があります（4は誤り）。,
2025,令和7年度,19,single,宅建業法,,37条書面に関する次の記述のうち、正しいものはどれか。,,,,,,37条書面は契約締結前に交付しなければならない,天災等不可抗力による損害負担の定めがある場合はその内容を記載しなければならない,電磁的方法での提供には相手方の承諾が不要である,37条書面には実印による押印が必要である,2,FALSE,FALSE,,天災等不可抗力による損害負担の定めは37条書面の任意的記載事項（定めがある場合は必ず記載）です（宅建業法37条1項11号）。37条書面は契約締結後遅滞なく交付します（1は誤り）。電磁的提供には相手方の承諾が必要です（3は誤り）。記名のみで押印は不要です（4は誤り）。確認ポイントは、選択肢2の結論と、各選択肢の要件・効果の違いです。,1:解説では「天災等不可抗力による損害負担の定めは37条書面の任意的記載事項（定めがある場合は必ず記載）です（宅建業法37条1項11号）。」とある一方、（1）の記述はそれと矛盾します。 解説の要点：天災等不可抗力による損害負担の定めは37条書面の任意的記載事項（定めがある場合は必ず記載）です（宅建業法37条1項11号）。37条書面は契約締結後遅滞なく交付します（1は誤り）。電磁的提供には相手方の承諾が必要です（3は誤り）。記名のみで押印は不要です（4は誤り）。確認ポイントは… 正答（2）との違いを確認し直してください。;3:根拠の記述が異なります。解説では「は必ず記載）です（宅建業法」が根拠ですが、（3）は「電磁的方法」を根拠とする内容です。 解説では「天災等不可抗力による損害負担の定めは37条書面の任意的記載事項（定めがある場合は必ず記載）です（宅建業法37条1項11号）。」とある一方、（3）の記述はそれと矛盾します。 解説の要点：天災等不可抗力による損害負担の定めは37条書面の任意的記載事項（定めがある場合は必ず記載）です（宅建業法37条1項11号）。37条書面は契約締結後遅滞なく交付します（1は誤り）。電磁的提供には相手方の承諾が必要です（3は誤り）。記名のみで押印は不要です（4は誤り）。確認ポイントは… 正答（2）との違いを確認し直してください。;4:（4）の内容は、正答（2）「天災等不可抗力による損害負担の定めがある場合はその内容を記載しなければならない」が示す論点とずれています。 解説の要点：天災等不可抗力による損害負担の定めは37条書面の任意的記載事項（定めがある場合は必ず記載）です（宅建業法37条1項11号）。37条書面は契約締結後遅滞なく交付します（1は誤り）。電磁的提供には相手方の承諾が必要です（3は誤り）。記名のみで押印は不要です（4は誤り）。確認ポイントは… 正答（2）との違いを確認し直してください。,天災等不可抗力による損害負担の定めは37条書面の任意的記載事項（定めがある場合は必ず記載）です（宅建業法37条1項11号）。37条書面は契約締結後遅滞なく交付します（1は誤り）。電磁的提供には相手方の承諾が必要です（3は誤り）。記名のみで押印は不要です（4は誤り）。確認ポイントは、選択肢2の結論と、各選択肢の要件・効果の違いです。,天災等不可抗力による損害負担の定めは37条書面の任意的記載事項（定めがある場合は必ず記載）です（宅建業法37条1項11号）。37条書面は契約締結後遅滞なく交付します（1は誤り）。電磁的提供には相手方の承諾が必要です（3は誤り）。記名のみで押印は不要です（4は誤り）。確認ポイントは、選択肢2の結論と、各選択肢の要件・効果の違いです。,
2025,令和7年度,20,single,宅建業法,,クーリングオフに関する次の記述のうち、正しいものはどれか。,,,,,,届出済みの案内所で申し込んだ場合はクーリングオフできる,クーリングオフによる解除は発信時に効力が生じる,クーリングオフを適用しない旨の特約は有効である,クーリングオフの告知は口頭でも認められる,2,FALSE,FALSE,,クーリングオフの解除の意思表示は書面を発送した時点（発信時）に効力が生じます（宅建業法37条の2第2項）。届出済みの案内所はクーリングオフ不可の場所に該当します（1は誤り）。クーリングオフを排除する特約は無効です（3は誤り）。告知は書面でなければなりません（4は誤り）。確認ポイントは、選択肢2の結論と、各選択肢の要件・効果の違いです。,1:（1）の内容は、正答（2）「クーリングオフによる解除は発信時に効力が生じる」が示す論点とずれています。 解説の要点：クーリングオフの解除の意思表示は書面を発送した時点（発信時）に効力が生じます（宅建業法37条の2第2項）。届出済みの案内所はクーリングオフ不可の場所に該当します（1は誤り）。クーリングオフを排除する特約は無効です（3は誤り）。告知は書面でなければなりません（4は誤り）。確認ポイン… 正答（2）との違いを確認し直してください。;3:（3）の内容は、正答（2）「クーリングオフによる解除は発信時に効力が生じる」が示す論点とずれています。 解説の要点：クーリングオフの解除の意思表示は書面を発送した時点（発信時）に効力が生じます（宅建業法37条の2第2項）。届出済みの案内所はクーリングオフ不可の場所に該当します（1は誤り）。クーリングオフを排除する特約は無効です（3は誤り）。告知は書面でなければなりません（4は誤り）。確認ポイン… 正答（2）との違いを確認し直してください。;4:（4）の内容は、正答（2）「クーリングオフによる解除は発信時に効力が生じる」が示す論点とずれています。 解説の要点：クーリングオフの解除の意思表示は書面を発送した時点（発信時）に効力が生じます（宅建業法37条の2第2項）。届出済みの案内所はクーリングオフ不可の場所に該当します（1は誤り）。クーリングオフを排除する特約は無効です（3は誤り）。告知は書面でなければなりません（4は誤り）。確認ポイン… 正答（2）との違いを確認し直してください。,クーリングオフの解除の意思表示は書面を発送した時点（発信時）に効力が生じます（宅建業法37条の2第2項）。届出済みの案内所はクーリングオフ不可の場所に該当します（1は誤り）。クーリングオフを排除する特約は無効です（3は誤り）。告知は書面でなければなりません（4は誤り）。確認ポイントは、選択肢2の結論と、各選択肢の要件・効果の違いです。,クーリングオフの解除の意思表示は書面を発送した時点（発信時）に効力が生じます（宅建業法37条の2第2項）。届出済みの案内所はクーリングオフ不可の場所に該当します（1は誤り）。クーリングオフを排除する特約は無効です（3は誤り）。告知は書面でなければなりません（4は誤り）。確認ポイントは、選択肢2の結論と、各選択肢の要件・効果の違いです。,
2025,令和7年度,21,single,宅建業法,,保証協会に関する次の記述のうち、正しいものはどれか。,,,,,,保証協会は全宅建業者が加入しなければならない,弁済業務保証金分担金は主たる事務所60万円・従たる事務所30万円である,弁済業務保証金の還付があった場合の補充は通知から1か月以内である,弁済業務保証金は保証協会自身が管理する,2,FALSE,FALSE,,弁済業務保証金分担金は主たる事務所60万円、従たる事務所30万円/所です（宅建業法64条の9）。保証協会への加入は任意です（1は誤り）。補充は通知から2週間以内です（3は誤り）。弁済業務保証金は供託所に供託されます（4は誤り）。確認ポイントは、選択肢2の結論と、各選択肢の要件・効果の違いです。,1:（1）の内容は、正答（2）「弁済業務保証金分担金は主たる事務所60万円・従たる事務所30万円である」が示す論点とずれています。 解説の要点：弁済業務保証金分担金は主たる事務所60万円、従たる事務所30万円/所です（宅建業法64条の9）。保証協会への加入は任意です（1は誤り）。補充は通知から2週間以内です（3は誤り）。弁済業務保証金は供託所に供託されます（4は誤り）。確認ポイントは、選択肢2の結論と、各選択肢の要件・効… 正答（2）との違いを確認し直してください。;3:（3）の内容は、正答（2）「弁済業務保証金分担金は主たる事務所60万円・従たる事務所30万円である」が示す論点とずれています。 解説の要点：弁済業務保証金分担金は主たる事務所60万円、従たる事務所30万円/所です（宅建業法64条の9）。保証協会への加入は任意です（1は誤り）。補充は通知から2週間以内です（3は誤り）。弁済業務保証金は供託所に供託されます（4は誤り）。確認ポイントは、選択肢2の結論と、各選択肢の要件・効… 正答（2）との違いを確認し直してください。;4:（4）「弁済業務保証金は保証協会自身が管理する」は、単独の記述としては法令上妥当な場合がありますが、本問で選ぶべき正答は（2）「弁済業務保証金分担金は主たる事務所60万円・従たる事務所30万円である」です。問題文の条件（保証協会に関する次の記述のうち、正しいものはどれか。…）と照らし、設問が問う論点に合う肢を選び直してください。,弁済業務保証金分担金は主たる事務所60万円、従たる事務所30万円/所です（宅建業法64条の9）。保証協会への加入は任意です（1は誤り）。補充は通知から2週間以内です（3は誤り）。弁済業務保証金は供託所に供託されます（4は誤り）。確認ポイントは、選択肢2の結論と、各選択肢の要件・効果の違いです。,弁済業務保証金分担金は主たる事務所60万円、従たる事務所30万円/所です（宅建業法64条の9）。保証協会への加入は任意です（1は誤り）。補充は通知から2週間以内です（3は誤り）。弁済業務保証金は供託所に供託されます（4は誤り）。確認ポイントは、選択肢2の結論と、各選択肢の要件・効果の違いです。,
2025,令和7年度,22,single,宅建業法,,手付金等の保全措置に関する次の記述のうち、正しいものはどれか。,,,,,,未完成物件で代金の3%以下かつ1000万円以下は保全措置不要である,完成物件で代金の10%以下かつ1000万円以下は保全措置不要である,保全措置の方法は銀行等の保証のみである,買主が宅建業者の場合も保全措置が必要である,2,FALSE,FALSE,,完成物件で代金の10%以下かつ1000万円以下の場合は保全措置不要です（宅建業法41条の2）。未完成物件の基準は5%以下かつ1000万円以下です（1は誤り）。保全措置は銀行保証・保険・供託の3方式があります（3は誤り）。買主が宅建業者の場合は適用外です（4は誤り）。確認ポイントは、選択肢2の結論と、各選択肢の要件・効果の違いです。,1:（1）の内容は、正答（2）「完成物件で代金の10%以下かつ1000万円以下は保全措置不要である」が示す論点とずれています。 解説の要点：完成物件で代金の10%以下かつ1000万円以下の場合は保全措置不要です（宅建業法41条の2）。未完成物件の基準は5%以下かつ1000万円以下です（1は誤り）。保全措置は銀行保証・保険・供託の3方式があります（3は誤り）。買主が宅建業者の場合は適用外です（4は誤り）。確認ポイントは… 正答（2）との違いを確認し直してください。;3:（3）「保全措置の方法は銀行等の保証のみである」は、単独の記述としては法令上妥当な場合がありますが、本問で選ぶべき正答は（2）「完成物件で代金の10%以下かつ1000万円以下は保全措置不要である」です。問題文の条件（手付金等の保全措置に関する次の記述のうち、正しいものはどれか。…）と照らし、設問が問う論点に合う肢を選び直してください。;4:（4）の内容は、正答（2）「完成物件で代金の10%以下かつ1000万円以下は保全措置不要である」が示す論点とずれています。 解説の要点：完成物件で代金の10%以下かつ1000万円以下の場合は保全措置不要です（宅建業法41条の2）。未完成物件の基準は5%以下かつ1000万円以下です（1は誤り）。保全措置は銀行保証・保険・供託の3方式があります（3は誤り）。買主が宅建業者の場合は適用外です（4は誤り）。確認ポイントは… 正答（2）との違いを確認し直してください。,完成物件で代金の10%以下かつ1000万円以下の場合は保全措置不要です（宅建業法41条の2）。未完成物件の基準は5%以下かつ1000万円以下です（1は誤り）。保全措置は銀行保証・保険・供託の3方式があります（3は誤り）。買主が宅建業者の場合は適用外です（4は誤り）。確認ポイントは、選択肢2の結論と、各選択肢の要件・効果の違いです。,完成物件で代金の10%以下かつ1000万円以下の場合は保全措置不要です（宅建業法41条の2）。未完成物件の基準は5%以下かつ1000万円以下です（1は誤り）。保全措置は銀行保証・保険・供託の3方式があります（3は誤り）。買主が宅建業者の場合は適用外です（4は誤り）。確認ポイントは、選択肢2の結論と、各選択肢の要件・効果の違いです。,
2025,令和7年度,23,single,宅建業法,,媒介報酬に関する次の記述のうち、正しいものはどれか（消費税考慮不要）。,,,,,,売買の媒介報酬は代金の3%が常に上限である,代金300万円の売買では一方の依頼者から最大で代金の4%+2万円を受け取れる,居住用建物の賃貸借では貸主・借主双方から合計して借賃1か月分が上限である,400万円以下の低廉な空き家の売買では依頼者の同意なく現地調査費等を加算できる,3,FALSE,FALSE,,居住用建物の賃貸借媒介では貸主・借主合計で借賃1か月分（税別）が上限です（宅建業法46条・告示）。速算式があります（1は誤り）。代金300万円なら4%+2万=14万円が上限です（2は正しい）。低廉な空き家は依頼者の合意が必要です（4は誤り）。正解は3。確認ポイントは、選択肢3の結論と、各選択肢の要件・効果の違いです。,1:（1）の内容は、正答（3）「居住用建物の賃貸借では貸主・借主双方から合計して借賃1か月分が上限である」が示す論点とずれています。 解説の要点：居住用建物の賃貸借媒介では貸主・借主合計で借賃1か月分（税別）が上限です（宅建業法46条・告示）。速算式があります（1は誤り）。代金300万円なら4%+2万=14万円が上限です（2は正しい）。低廉な空き家は依頼者の合意が必要です（4は誤り）。正解は3。確認ポイントは、選択肢3の結… 正答（3）との違いを確認し直してください。;2:（2）の内容は、正答（3）「居住用建物の賃貸借では貸主・借主双方から合計して借賃1か月分が上限である」が示す論点とずれています。 解説の要点：居住用建物の賃貸借媒介では貸主・借主合計で借賃1か月分（税別）が上限です（宅建業法46条・告示）。速算式があります（1は誤り）。代金300万円なら4%+2万=14万円が上限です（2は正しい）。低廉な空き家は依頼者の合意が必要です（4は誤り）。正解は3。確認ポイントは、選択肢3の結… 正答（3）との違いを確認し直してください。;4:（4）の内容は、正答（3）「居住用建物の賃貸借では貸主・借主双方から合計して借賃1か月分が上限である」が示す論点とずれています。 解説の要点：居住用建物の賃貸借媒介では貸主・借主合計で借賃1か月分（税別）が上限です（宅建業法46条・告示）。速算式があります（1は誤り）。代金300万円なら4%+2万=14万円が上限です（2は正しい）。低廉な空き家は依頼者の合意が必要です（4は誤り）。正解は3。確認ポイントは、選択肢3の結… 正答（3）との違いを確認し直してください。,確認ポイントは、選択肢3の結論と、各選択肢の要件・効果の違いです。,居住用建物の賃貸借媒介では貸主・借主合計で借賃1か月分（税別）が上限です（宅建業法46条・告示）。速算式があります（1は誤り）。代金300万円なら4%+2万=14万円が上限です（2は正しい）。低廉な空き家は依頼者の合意が必要です（4は誤り）。正解は3。確認ポイントは、選択肢3の結論と、各選択肢の要件・効果の違いです。,
2025,令和7年度,24,single,宅建業法,,宅建業者の事務所に関する次の記述のうち、正しいものはどれか。,,,,,,事務所は必ず独立した建物でなければならない,業務従事者5人につき1人以上の専任宅建士が必要である,事務所の設置・廃止の変更は届出不要である,帳簿と従業者名簿は事務所ごとに備え付けが必要である,4,FALSE,FALSE,,帳簿と従業者名簿はそれぞれ事務所ごとに備え付けが義務です（宅建業法49条・48条）。事務所は専用の部屋でも可です（1は誤り）。事務所の設置・廃止は変更届が必要です（3は誤り）。正解は4。確認ポイントは、選択肢4の結論と、各選択肢の要件・効果の違いです。,1:解説では「事務所の設置・廃止は変更届が必要です（3は誤り）。」とある一方、（1）の記述はそれと矛盾します。 解説の要点：帳簿と従業者名簿はそれぞれ事務所ごとに備え付けが義務です（宅建業法49条・48条）。事務所は専用の部屋でも可です（1は誤り）。事務所の設置・廃止は変更届が必要です（3は誤り）。正解は4。確認ポイントは、選択肢4の結論と、各選択肢の要件・効果の違いです。 正答（4）との違いを確認し直してください。;2:（2）の内容は、正答（4）「帳簿と従業者名簿は事務所ごとに備え付けが必要である」が示す論点とずれています。 解説の要点：帳簿と従業者名簿はそれぞれ事務所ごとに備え付けが義務です（宅建業法49条・48条）。事務所は専用の部屋でも可です（1は誤り）。事務所の設置・廃止は変更届が必要です（3は誤り）。正解は4。確認ポイントは、選択肢4の結論と、各選択肢の要件・効果の違いです。 正答（4）との違いを確認し直してください。;3:解説では「事務所の設置・廃止は変更届が必要です（3は誤り）。」とある一方、（3）の記述はそれと矛盾します。 解説の要点：帳簿と従業者名簿はそれぞれ事務所ごとに備え付けが義務です（宅建業法49条・48条）。事務所は専用の部屋でも可です（1は誤り）。事務所の設置・廃止は変更届が必要です（3は誤り）。正解は4。確認ポイントは、選択肢4の結論と、各選択肢の要件・効果の違いです。 正答（4）との違いを確認し直してください。,確認ポイントは、選択肢4の結論と、各選択肢の要件・効果の違いです。,帳簿と従業者名簿はそれぞれ事務所ごとに備え付けが義務です（宅建業法49条・48条）。事務所は専用の部屋でも可です（1は誤り）。事務所の設置・廃止は変更届が必要です（3は誤り）。正解は4。確認ポイントは、選択肢4の結論と、各選択肢の要件・効果の違いです。,
2025,令和7年度,25,single,宅建業法,,取引態様に関する次の記述のうち、正しいものはどれか。,,,,,,取引態様の明示は任意である,広告時のみ明示すれば申し込み受付時は不要である,取引態様は売主・交換・代理・媒介（仲介）の4種類である,明示しない広告はその広告自体が無効となる,3,FALSE,FALSE,,取引態様は売主・交換・代理・媒介（仲介）の4種類です。明示は義務です（1は誤り）。広告時と申し込み受付時の両方で明示が必要です（2は誤り）。明示しない広告でも取引の効力は有効ですが業法違反となります（4は誤り）。確認ポイントは、選択肢3の結論と、各選択肢の要件・効果の違いです。,1:（1）「取引態様の明示は任意である」は、単独の記述としては法令上妥当な場合がありますが、本問で選ぶべき正答は（3）「取引態様は売主・交換・代理・媒介（仲介）の4種類である」です。問題文の条件（取引態様に関する次の記述のうち、正しいものはどれか。…）と照らし、設問が問う論点に合う肢を選び直してください。;2:解説では「広告時と申し込み受付時の両方で明示が必要です（2は誤り）。」とある一方、（2）の記述はそれと矛盾します。 解説の要点：取引態様は売主・交換・代理・媒介（仲介）の4種類です。明示は義務です（1は誤り）。広告時と申し込み受付時の両方で明示が必要です（2は誤り）。明示しない広告でも取引の効力は有効ですが業法違反となります（4は誤り）。確認ポイントは、選択肢3の結論と、各選択肢の要件・効果の違いです。 正答（3）との違いを確認し直してください。;4:解説では「広告時と申し込み受付時の両方で明示が必要です（2は誤り）。」とある一方、（4）の記述はそれと矛盾します。 解説の要点：取引態様は売主・交換・代理・媒介（仲介）の4種類です。明示は義務です（1は誤り）。広告時と申し込み受付時の両方で明示が必要です（2は誤り）。明示しない広告でも取引の効力は有効ですが業法違反となります（4は誤り）。確認ポイントは、選択肢3の結論と、各選択肢の要件・効果の違いです。 正答（3）との違いを確認し直してください。,取引態様は売主・交換・代理・媒介（仲介）の4種類です。明示は義務です（1は誤り）。広告時と申し込み受付時の両方で明示が必要です（2は誤り）。明示しない広告でも取引の効力は有効ですが業法違反となります（4は誤り）。確認ポイントは、選択肢3の結論と、各選択肢の要件・効果の違いです。,取引態様は売主・交換・代理・媒介（仲介）の4種類です。明示は義務です（1は誤り）。広告時と申し込み受付時の両方で明示が必要です（2は誤り）。明示しない広告でも取引の効力は有効ですが業法違反となります（4は誤り）。確認ポイントは、選択肢3の結論と、各選択肢の要件・効果の違いです。,
2025,令和7年度,27,single,宅建業法,,宅建業者の業務に関する次の記述のうち、正しいものはどれか。,,,,,,依頼者以外の利害関係人の利益を考慮する必要はない,重要な事実を告げなくても積極的な虚偽告知でなければ業法違反とならない,相手方に不利益となる重要な事実を故意に告げないことは禁止されている,業務処理の原則違反のみ監督処分の対象となる,3,FALSE,FALSE,,宅建業者は相手方に不利益となる重要な事実を故意に告げないことが禁止されています（宅建業法47条1号）。相手方の利益にも配慮が必要です（1は誤り）。不告知も禁止行為です（2は誤り）。様々な業法違反が監督処分の対象です（4は誤り）。確認ポイントは、選択肢3の結論と、各選択肢の要件・効果の違いです。,1:解説では「相手方の利益にも配慮が必要です（1は誤り）。」とある一方、（1）の記述はそれと矛盾します。 解説の要点：宅建業者は相手方に不利益となる重要な事実を故意に告げないことが禁止されています（宅建業法47条1号）。相手方の利益にも配慮が必要です（1は誤り）。不告知も禁止行為です（2は誤り）。様々な業法違反が監督処分の対象です（4は誤り）。確認ポイントは、選択肢3の結論と、各選択肢の要件・効… 正答（3）との違いを確認し直してください。;2:根拠の記述が異なります。解説では「禁止されています（宅建業法」が根拠ですが、（2）は「的な虚偽告知でなければ業法」を根拠とする内容です。 解説では「相手方の利益にも配慮が必要です（1は誤り）。」とある一方、（2）の記述はそれと矛盾します。 解説の要点：宅建業者は相手方に不利益となる重要な事実を故意に告げないことが禁止されています（宅建業法47条1号）。相手方の利益にも配慮が必要です（1は誤り）。不告知も禁止行為です（2は誤り）。様々な業法違反が監督処分の対象です（4は誤り）。確認ポイントは、選択肢3の結論と、各選択肢の要件・効… 正答（3）との違いを確認し直してください。;4:解説では「相手方の利益にも配慮が必要です（1は誤り）。」とある一方、（4）の記述はそれと矛盾します。 解説の要点：宅建業者は相手方に不利益となる重要な事実を故意に告げないことが禁止されています（宅建業法47条1号）。相手方の利益にも配慮が必要です（1は誤り）。不告知も禁止行為です（2は誤り）。様々な業法違反が監督処分の対象です（4は誤り）。確認ポイントは、選択肢3の結論と、各選択肢の要件・効… 正答（3）との違いを確認し直してください。,宅建業者は相手方に不利益となる重要な事実を故意に告げないことが禁止されています（宅建業法47条1号）。相手方の利益にも配慮が必要です（1は誤り）。不告知も禁止行為です（2は誤り）。様々な業法違反が監督処分の対象です（4は誤り）。確認ポイントは、選択肢3の結論と、各選択肢の要件・効果の違いです。,宅建業者は相手方に不利益となる重要な事実を故意に告げないことが禁止されています（宅建業法47条1号）。相手方の利益にも配慮が必要です（1は誤り）。不告知も禁止行為です（2は誤り）。様々な業法違反が監督処分の対象です（4は誤り）。確認ポイントは、選択肢3の結論と、各選択肢の要件・効果の違いです。,
2025,令和7年度,28,single,宅建業法,,宅建業者の届出に関する次の記述のうち、正しいものはどれか。,,,,,,商号の変更は変更後30日以内に届け出なければならない,事務所新設後2週間以内に届け出なければならない,法人の合併消滅は存続法人が30日以内に届け出る,廃業後30日以内に届け出なければならない,1,FALSE,FALSE,,商号・名称の変更は変更後30日以内に届出が必要です（宅建業法9条）。合併消滅の届出は消滅法人の代表役員が行います（3は誤り）。廃業の届出は廃業後30日以内に必要です（4は正しい）。正解は1。確認ポイントは、選択肢1の結論と、各選択肢の要件・効果の違いです。,2:解説では「商号・名称の変更は変更後30日以内に届出が必要です（宅建業法9条）。」とある一方、（2）の記述はそれと矛盾します。 解説の要点：商号・名称の変更は変更後30日以内に届出が必要です（宅建業法9条）。合併消滅の届出は消滅法人の代表役員が行います（3は誤り）。廃業の届出は廃業後30日以内に必要です（4は正しい）。正解は1。確認ポイントは、選択肢1の結論と、各選択肢の要件・効果の違いです。 正答（1）との違いを確認し直してください。;3:根拠の記述が異なります。解説では「に届出が必要です（宅建業法」が根拠ですが、（3）は「法人の合併消滅は存続法」を根拠とする内容です。 解説の要点：商号・名称の変更は変更後30日以内に届出が必要です（宅建業法9条）。合併消滅の届出は消滅法人の代表役員が行います（3は誤り）。廃業の届出は廃業後30日以内に必要です（4は正しい）。正解は1。確認ポイントは、選択肢1の結論と、各選択肢の要件・効果の違いです。 正答（1）との違いを確認し直してください。;4:解説では「商号・名称の変更は変更後30日以内に届出が必要です（宅建業法9条）。」とある一方、（4）の記述はそれと矛盾します。 解説の要点：商号・名称の変更は変更後30日以内に届出が必要です（宅建業法9条）。合併消滅の届出は消滅法人の代表役員が行います（3は誤り）。廃業の届出は廃業後30日以内に必要です（4は正しい）。正解は1。確認ポイントは、選択肢1の結論と、各選択肢の要件・効果の違いです。 正答（1）との違いを確認し直してください。,確認ポイントは、選択肢1の結論と、各選択肢の要件・効果の違いです。,商号・名称の変更は変更後30日以内に届出が必要です（宅建業法9条）。合併消滅の届出は消滅法人の代表役員が行います（3は誤り）。廃業の届出は廃業後30日以内に必要です（4は正しい）。正解は1。確認ポイントは、選択肢1の結論と、各選択肢の要件・効果の違いです。,
2025,令和7年度,29,single,宅建業法,,宅建士の業務停止・登録消除に関する次の記述のうち、正しいものはどれか。,,,,,,業務停止処分の期間は最長2年間である,業務停止処分中に業務を行った場合、登録消除処分の対象となる,登録消除後は3年を経過すれば再登録できる,監督処分は登録している都道府県知事のみが行うことができる,2,FALSE,FALSE,,業務停止処分中に業務を行った宅建士は登録消除処分の対象となります（宅建業法68条の2）。業務停止の最長期間は1年です（1は誤り）。登録消除後は5年を経過すれば再登録できます（3は誤り）。所属する業者の免許権者も処分できます（4は誤り）。確認ポイントは、選択肢2の結論と、各選択肢の要件・効果の違いです。,1:（1）「業務停止処分の期間は最長2年間である」は、単独の記述としては法令上妥当な場合がありますが、本問で選ぶべき正答は（2）「業務停止処分中に業務を行った場合、登録消除処分の対象となる」です。問題文の条件（宅建士の業務停止・登録消除に関する次の記述のうち、正しいものはどれか。…）と照らし、設問が問う論点に合う肢を選び直してください。;3:（3）の内容は、正答（2）「業務停止処分中に業務を行った場合、登録消除処分の対象となる」が示す論点とずれています。 解説の要点：業務停止処分中に業務を行った宅建士は登録消除処分の対象となります（宅建業法68条の2）。業務停止の最長期間は1年です（1は誤り）。登録消除後は5年を経過すれば再登録できます（3は誤り）。所属する業者の免許権者も処分できます（4は誤り）。確認ポイントは、選択肢2の結論と、各選択肢の… 正答（2）との違いを確認し直してください。;4:（4）の内容は、正答（2）「業務停止処分中に業務を行った場合、登録消除処分の対象となる」が示す論点とずれています。 解説の要点：業務停止処分中に業務を行った宅建士は登録消除処分の対象となります（宅建業法68条の2）。業務停止の最長期間は1年です（1は誤り）。登録消除後は5年を経過すれば再登録できます（3は誤り）。所属する業者の免許権者も処分できます（4は誤り）。確認ポイントは、選択肢2の結論と、各選択肢の… 正答（2）との違いを確認し直してください。,業務停止処分中に業務を行った宅建士は登録消除処分の対象となります（宅建業法68条の2）。業務停止の最長期間は1年です（1は誤り）。登録消除後は5年を経過すれば再登録できます（3は誤り）。所属する業者の免許権者も処分できます（4は誤り）。確認ポイントは、選択肢2の結論と、各選択肢の要件・効果の違いです。,業務停止処分中に業務を行った宅建士は登録消除処分の対象となります（宅建業法68条の2）。業務停止の最長期間は1年です（1は誤り）。登録消除後は5年を経過すれば再登録できます（3は誤り）。所属する業者の免許権者も処分できます（4は誤り）。確認ポイントは、選択肢2の結論と、各選択肢の要件・効果の違いです。,
2025,令和7年度,30,single,宅建業法,,宅建業者の業務処理に関する次の記述のうち、正しいものはどれか。,,,,,,依頼者の利益よりも自己の利益を優先することができる,相手方が宅建業者でも誠実に業務を行わなければならない,従業者が業務に関して不正行為をした場合、宅建業者は責任を負わない,一度締結した媒介契約は正当な理由なく解除できない,2,FALSE,FALSE,,宅建業者は相手方が宅建業者であっても誠実に業務を処理する義務があります（宅建業法31条）。依頼者の利益を守る義務があります（1は誤り）。使用者責任等により宅建業者も責任を負います（3は誤り）。依頼者から解除することは可能です（4は誤り）。確認ポイントは、選択肢2の結論と、各選択肢の要件・効果の違いです。,1:（1）の内容は、正答（2）「相手方が宅建業者でも誠実に業務を行わなければならない」が示す論点とずれています。 解説の要点：宅建業者は相手方が宅建業者であっても誠実に業務を処理する義務があります（宅建業法31条）。依頼者の利益を守る義務があります（1は誤り）。使用者責任等により宅建業者も責任を負います（3は誤り）。依頼者から解除することは可能です（4は誤り）。確認ポイントは、選択肢2の結論と、各選択肢… 正答（2）との違いを確認し直してください。;3:（3）の内容は、正答（2）「相手方が宅建業者でも誠実に業務を行わなければならない」が示す論点とずれています。 解説の要点：宅建業者は相手方が宅建業者であっても誠実に業務を処理する義務があります（宅建業法31条）。依頼者の利益を守る義務があります（1は誤り）。使用者責任等により宅建業者も責任を負います（3は誤り）。依頼者から解除することは可能です（4は誤り）。確認ポイントは、選択肢2の結論と、各選択肢… 正答（2）との違いを確認し直してください。;4:（4）の内容は、正答（2）「相手方が宅建業者でも誠実に業務を行わなければならない」が示す論点とずれています。 解説の要点：宅建業者は相手方が宅建業者であっても誠実に業務を処理する義務があります（宅建業法31条）。依頼者の利益を守る義務があります（1は誤り）。使用者責任等により宅建業者も責任を負います（3は誤り）。依頼者から解除することは可能です（4は誤り）。確認ポイントは、選択肢2の結論と、各選択肢… 正答（2）との違いを確認し直してください。,宅建業者は相手方が宅建業者であっても誠実に業務を処理する義務があります（宅建業法31条）。依頼者の利益を守る義務があります（1は誤り）。使用者責任等により宅建業者も責任を負います（3は誤り）。依頼者から解除することは可能です（4は誤り）。確認ポイントは、選択肢2の結論と、各選択肢の要件・効果の違いです。,宅建業者は相手方が宅建業者であっても誠実に業務を処理する義務があります（宅建業法31条）。依頼者の利益を守る義務があります（1は誤り）。使用者責任等により宅建業者も責任を負います（3は誤り）。依頼者から解除することは可能です（4は誤り）。確認ポイントは、選択肢2の結論と、各選択肢の要件・効果の違いです。,
2025,令和7年度,31,single,宅建業法,,担保責任の特例に関する次の記述のうち、正しいものはどれか。,,,,,,自ら売主の宅建業者は担保責任を一切負わない旨の特約が有効である,引渡しの日から2年以上とする担保責任の特約は有効である,担保責任を引渡日から1年とする特約は無効で民法の規定による,買主が宅建業者の場合も担保責任の特例が適用される,1,FALSE,FALSE,,自ら売主の宅建業者が引渡しの日から2年以上の担保責任期間を定める特約は有効です（宅建業法40条）。引渡日から2年未満とする特約は無効で民法の規定（知ってから1年）が適用されます（1・3は誤り）。買主が宅建業者の場合は適用外です（4は誤り）。確認ポイントは、選択肢2の結論と、各選択肢の要件・効果の違いです。,2:（2）の内容は、正答（1）「自ら売主の宅建業者は担保責任を一切負わない旨の特約が有効である」が示す論点とずれています。 解説の要点：自ら売主の宅建業者が引渡しの日から2年以上の担保責任期間を定める特約は有効です（宅建業法40条）。引渡日から2年未満とする特約は無効で民法の規定（知ってから1年）が適用されます（1・3は誤り）。買主が宅建業者の場合は適用外です（4は誤り）。確認ポイントは、選択肢2の結論と、各選択… 正答（1）との違いを確認し直してください。;3:根拠の記述が異なります。解説では「る特約は有効です（宅建業法」が根拠ですが、（3）は「1年とする特約は無効で民法」を根拠とする内容です。 解説の要点：自ら売主の宅建業者が引渡しの日から2年以上の担保責任期間を定める特約は有効です（宅建業法40条）。引渡日から2年未満とする特約は無効で民法の規定（知ってから1年）が適用されます（1・3は誤り）。買主が宅建業者の場合は適用外です（4は誤り）。確認ポイントは、選択肢2の結論と、各選択… 正答（1）との違いを確認し直してください。;4:（4）の内容は、正答（1）「自ら売主の宅建業者は担保責任を一切負わない旨の特約が有効である」が示す論点とずれています。 解説の要点：自ら売主の宅建業者が引渡しの日から2年以上の担保責任期間を定める特約は有効です（宅建業法40条）。引渡日から2年未満とする特約は無効で民法の規定（知ってから1年）が適用されます（1・3は誤り）。買主が宅建業者の場合は適用外です（4は誤り）。確認ポイントは、選択肢2の結論と、各選択… 正答（1）との違いを確認し直してください。,自ら売主の宅建業者が引渡しの日から2年以上の担保責任期間を定める特約は有効です（宅建業法40条）。引渡日から2年未満とする特約は無効で民法の規定（知ってから1年）が適用されます（1・3は誤り）。買主が宅建業者の場合は適用外です（4は誤り）。確認ポイントは、選択肢2の結論と、各選択肢の要件・効果の違いです。,自ら売主の宅建業者が引渡しの日から2年以上の担保責任期間を定める特約は有効です（宅建業法40条）。引渡日から2年未満とする特約は無効で民法の規定（知ってから1年）が適用されます（1・3は誤り）。買主が宅建業者の場合は適用外です（4は誤り）。確認ポイントは、選択肢2の結論と、各選択肢の要件・効果の違いです。,
2025,令和7年度,32,single,宅建業法,,従業者証明書に関する次の記述のうち、正しいものはどれか。,,,,,,従業者証明書の携帯は任意である,宅建業者は従業者に従業者証明書を携帯させなければならない,従業者証明書は全国共通の様式が法定されている,代表者は従業者証明書を携帯する必要はない,2,FALSE,FALSE,,宅建業者は従業者に従業者証明書を携帯させなければなりません（宅建業法48条）。携帯は義務です（1は誤り）。様式は施行規則で定められています（3は誤り）。代表者も従業者証明書を携帯が必要です（4は誤り）。確認ポイントは、選択肢2の結論と、各選択肢の要件・効果の違いです。,1:（1）「従業者証明書の携帯は任意である」は、単独の記述としては法令上妥当な場合がありますが、本問で選ぶべき正答は（2）「宅建業者は従業者に従業者証明書を携帯させなければならない」です。問題文の条件（従業者証明書に関する次の記述のうち、正しいものはどれか。…）と照らし、設問が問う論点に合う肢を選び直してください。;3:根拠の記述が異なります。解説では「ければなりません（宅建業法」が根拠ですが、（3）は「証明書は全国共通の様式が法」を根拠とする内容です。 解説の要点：宅建業者は従業者に従業者証明書を携帯させなければなりません（宅建業法48条）。携帯は義務です（1は誤り）。様式は施行規則で定められています（3は誤り）。代表者も従業者証明書を携帯が必要です（4は誤り）。確認ポイントは、選択肢2の結論と、各選択肢の要件・効果の違いです。 正答（2）との違いを確認し直してください。;4:解説では「代表者も従業者証明書を携帯が必要です（4は誤り）。」とある一方、（4）の記述はそれと矛盾します。 解説の要点：宅建業者は従業者に従業者証明書を携帯させなければなりません（宅建業法48条）。携帯は義務です（1は誤り）。様式は施行規則で定められています（3は誤り）。代表者も従業者証明書を携帯が必要です（4は誤り）。確認ポイントは、選択肢2の結論と、各選択肢の要件・効果の違いです。 正答（2）との違いを確認し直してください。,宅建業者は従業者に従業者証明書を携帯させなければなりません（宅建業法48条）。携帯は義務です（1は誤り）。様式は施行規則で定められています（3は誤り）。代表者も従業者証明書を携帯が必要です（4は誤り）。確認ポイントは、選択肢2の結論と、各選択肢の要件・効果の違いです。,宅建業者は従業者に従業者証明書を携帯させなければなりません（宅建業法48条）。携帯は義務です（1は誤り）。様式は施行規則で定められています（3は誤り）。代表者も従業者証明書を携帯が必要です（4は誤り）。確認ポイントは、選択肢2の結論と、各選択肢の要件・効果の違いです。,
2025,令和7年度,34,single,宅建業法,,住宅瑕疵担保履行法に関する次の記述のうち、正しいものはどれか。,,,,,,中古住宅の売買にも住宅瑕疵担保履行法は適用される,宅建業者が自ら売主として新築住宅を引き渡す場合、基準日から3か月以内に届出が必要である,住宅瑕疵担保保険の保険期間は最低5年である,買主が宅建業者の場合も保全措置が必要である,2,FALSE,FALSE,,宅建業者は基準日（毎年3月31日・9月30日）から3か月以内に届出が必要です（住宅瑕疵担保履行法12条）。中古住宅は対象外です（1は誤り）。保険期間は10年が原則です（3は誤り）。買主が宅建業者の場合は対象外です（4は誤り）。確認ポイントは、選択肢2の結論と、各選択肢の要件・効果の違いです。,1:根拠の記述が異なります。解説では「要です（住宅瑕疵担保履行法」が根拠ですが、（1）は「売買にも住宅瑕疵担保履行法」を根拠とする内容です。 解説の要点：宅建業者は基準日（毎年3月31日・9月30日）から3か月以内に届出が必要です（住宅瑕疵担保履行法12条）。中古住宅は対象外です（1は誤り）。保険期間は10年が原則です（3は誤り）。買主が宅建業者の場合は対象外です（4は誤り）。確認ポイントは、選択肢2の結論と、各選択肢の要件・効果… 正答（2）との違いを確認し直してください。;3:（3）の内容は、正答（2）「宅建業者が自ら売主として新築住宅を引き渡す場合、基準日から3か月以内に届出が必要である」が示す論点とずれています。 解説の要点：宅建業者は基準日（毎年3月31日・9月30日）から3か月以内に届出が必要です（住宅瑕疵担保履行法12条）。中古住宅は対象外です（1は誤り）。保険期間は10年が原則です（3は誤り）。買主が宅建業者の場合は対象外です（4は誤り）。確認ポイントは、選択肢2の結論と、各選択肢の要件・効果… 正答（2）との違いを確認し直してください。;4:（4）の内容は、正答（2）「宅建業者が自ら売主として新築住宅を引き渡す場合、基準日から3か月以内に届出が必要である」が示す論点とずれています。 解説の要点：宅建業者は基準日（毎年3月31日・9月30日）から3か月以内に届出が必要です（住宅瑕疵担保履行法12条）。中古住宅は対象外です（1は誤り）。保険期間は10年が原則です（3は誤り）。買主が宅建業者の場合は対象外です（4は誤り）。確認ポイントは、選択肢2の結論と、各選択肢の要件・効果… 正答（2）との違いを確認し直してください。,宅建業者は基準日（毎年3月31日・9月30日）から3か月以内に届出が必要です（住宅瑕疵担保履行法12条）。中古住宅は対象外です（1は誤り）。保険期間は10年が原則です（3は誤り）。買主が宅建業者の場合は対象外です（4は誤り）。確認ポイントは、選択肢2の結論と、各選択肢の要件・効果の違いです。,宅建業者は基準日（毎年3月31日・9月30日）から3か月以内に届出が必要です（住宅瑕疵担保履行法12条）。中古住宅は対象外です（1は誤り）。保険期間は10年が原則です（3は誤り）。買主が宅建業者の場合は対象外です（4は誤り）。確認ポイントは、選択肢2の結論と、各選択肢の要件・効果の違いです。,
2025,令和7年度,35,single,法令上の制限,,都市計画に関する次の記述のうち、正しいものはどれか。,,,,,,市街化区域と市街化調整区域の区分は全ての都市計画区域で行われる,準都市計画区域には用途地域を定めることができない,高度地区は用途地域内にのみ定めることができる,地区計画は用途地域が定められている区域にのみ定めることができる,3,FALSE,FALSE,,高度地区は建築物の高さに関する制限で、用途地域内にのみ定めることができます（都市計画法9条18項）。線引きは任意の都市計画区域もあります（1は誤り）。準都市計画区域にも用途地域を定めることができます（2は誤り）。地区計画は用途地域のない区域にも定めることができます（4は誤り）。確認ポイントは、選択肢3の結論と、各選択肢の要件・効果の違いです。,1:（1）の内容は、正答（3）「高度地区は用途地域内にのみ定めることができる」が示す論点とずれています。 解説の要点：高度地区は建築物の高さに関する制限で、用途地域内にのみ定めることができます（都市計画法9条18項）。線引きは任意の都市計画区域もあります（1は誤り）。準都市計画区域にも用途地域を定めることができます（2は誤り）。地区計画は用途地域のない区域にも定めることができます（4は誤り）。確… 正答（3）との違いを確認し直してください。;2:（2）の内容は、正答（3）「高度地区は用途地域内にのみ定めることができる」が示す論点とずれています。 解説の要点：高度地区は建築物の高さに関する制限で、用途地域内にのみ定めることができます（都市計画法9条18項）。線引きは任意の都市計画区域もあります（1は誤り）。準都市計画区域にも用途地域を定めることができます（2は誤り）。地区計画は用途地域のない区域にも定めることができます（4は誤り）。確… 正答（3）との違いを確認し直してください。;4:（4）の内容は、正答（3）「高度地区は用途地域内にのみ定めることができる」が示す論点とずれています。 解説の要点：高度地区は建築物の高さに関する制限で、用途地域内にのみ定めることができます（都市計画法9条18項）。線引きは任意の都市計画区域もあります（1は誤り）。準都市計画区域にも用途地域を定めることができます（2は誤り）。地区計画は用途地域のない区域にも定めることができます（4は誤り）。確… 正答（3）との違いを確認し直してください。,高度地区は建築物の高さに関する制限で、用途地域内にのみ定めることができます（都市計画法9条18項）。線引きは任意の都市計画区域もあります（1は誤り）。準都市計画区域にも用途地域を定めることができます（2は誤り）。地区計画は用途地域のない区域にも定めることができます（4は誤り）。確認ポイントは、選択肢3の結論と、各選択肢の要件・効果の違いです。,高度地区は建築物の高さに関する制限で、用途地域内にのみ定めることができます（都市計画法9条18項）。線引きは任意の都市計画区域もあります（1は誤り）。準都市計画区域にも用途地域を定めることができます（2は誤り）。地区計画は用途地域のない区域にも定めることができます（4は誤り）。確認ポイントは、選択肢3の結論と、各選択肢の要件・効果の違いです。,
2025,令和7年度,36,single,法令上の制限,,建築基準法上の道路に関する次の記述のうち、正しいものはどれか。,,,,,,建築基準法上の道路の幅員は原則4メートル以上必要である,2項道路に面する土地は道路中心線から2メートルのセットバックが必要である,接道義務は一定の建築物にのみ課せられる,特定行政庁指定区域では道路幅員が3メートル以上あれば足りる,2,FALSE,FALSE,,2項道路に面する土地は道路中心線から水平距離2メートルのセットバックが必要で、その線が道路の境界とみなされます（建築基準法42条2項）。道路の幅員は4メートル以上が原則です（1は正しい）。接道義務は全建築物に適用されます（3は誤り）。特定行政庁が指定する区域では6メートル等の場合もあります（4は誤り）。正解は2。,1:（1）の内容は、正答（2）「2項道路に面する土地は道路中心線から2メートルのセットバックが必要である」が示す論点とずれています。 解説の要点：2項道路に面する土地は道路中心線から水平距離2メートルのセットバックが必要で、その線が道路の境界とみなされます（建築基準法42条2項）。道路の幅員は4メートル以上が原則です（1は正しい）。接道義務は全建築物に適用されます（3は誤り）。特定行政庁が指定する区域では6メートル等の場合… 正答（2）との違いを確認し直してください。;3:解説では「2項道路に面する土地は道路中心線から水平距離2メートルのセットバックが必要で、その線が道路の境界とみなされます（建築基準法42条2項）。」とある一方、（3）の記述はそれと矛盾します。 解説の要点：2項道路に面する土地は道路中心線から水平距離2メートルのセットバックが必要で、その線が道路の境界とみなされます（建築基準法42条2項）。道路の幅員は4メートル以上が原則です（1は正しい）。接道義務は全建築物に適用されます（3は誤り）。特定行政庁が指定する区域では6メートル等の場合… 正答（2）との違いを確認し直してください。;4:（4）の内容は、正答（2）「2項道路に面する土地は道路中心線から2メートルのセットバックが必要である」が示す論点とずれています。 解説の要点：2項道路に面する土地は道路中心線から水平距離2メートルのセットバックが必要で、その線が道路の境界とみなされます（建築基準法42条2項）。道路の幅員は4メートル以上が原則です（1は正しい）。接道義務は全建築物に適用されます（3は誤り）。特定行政庁が指定する区域では6メートル等の場合… 正答（2）との違いを確認し直してください。,2項道路に面する土地は道路中心線から水平距離2メートルのセットバックが必要で、その線が道路の境界とみなされます（建築基準法42条2項）。,2項道路に面する土地は道路中心線から水平距離2メートルのセットバックが必要で、その線が道路の境界とみなされます（建築基準法42条2項）。道路の幅員は4メートル以上が原則です（1は正しい）。接道義務は全建築物に適用されます（3は誤り）。特定行政庁が指定する区域では6メートル等の場合もあります（4は誤り）。正解は2。,
2025,令和7年度,37,single,法令上の制限,,防火・準防火地域に関する次の記述のうち、正しいものはどれか。,,,,,,防火地域内では全ての建築物を耐火建築物にしなければならない,準防火地域内の地上4階建て建築物は耐火建築物にしなければならない,防火地域と準防火地域にまたがる建築物は各部分の規制がそれぞれ適用される,防火地域内の耐火建築物は隣地境界線に接して建築することができる,4,FALSE,FALSE,,防火地域内で耐火建築物を建てる場合は隣地境界線に接して建築できます（建築基準法65条）。防火地域内でも小規模建築物は準耐火でも可です（1は誤り）。準防火地域の4階建ては耐火建築物が原則です（2は誤り）。防火・準防火にまたがる場合は厳しい方（防火地域）の規制が全体に適用されます（3は誤り）。,1:（1）の内容は、正答（4）「防火地域内の耐火建築物は隣地境界線に接して建築することができる」が示す論点とずれています。 解説の要点：防火地域内で耐火建築物を建てる場合は隣地境界線に接して建築できます（建築基準法65条）。防火地域内でも小規模建築物は準耐火でも可です（1は誤り）。準防火地域の4階建ては耐火建築物が原則です（2は誤り）。防火・準防火にまたがる場合は厳しい方（防火地域）の規制が全体に適用されます（3… 正答（4）との違いを確認し直してください。;2:（2）の内容は、正答（4）「防火地域内の耐火建築物は隣地境界線に接して建築することができる」が示す論点とずれています。 解説の要点：防火地域内で耐火建築物を建てる場合は隣地境界線に接して建築できます（建築基準法65条）。防火地域内でも小規模建築物は準耐火でも可です（1は誤り）。準防火地域の4階建ては耐火建築物が原則です（2は誤り）。防火・準防火にまたがる場合は厳しい方（防火地域）の規制が全体に適用されます（3… 正答（4）との違いを確認し直してください。;3:（3）の内容は、正答（4）「防火地域内の耐火建築物は隣地境界線に接して建築することができる」が示す論点とずれています。 解説の要点：防火地域内で耐火建築物を建てる場合は隣地境界線に接して建築できます（建築基準法65条）。防火地域内でも小規模建築物は準耐火でも可です（1は誤り）。準防火地域の4階建ては耐火建築物が原則です（2は誤り）。防火・準防火にまたがる場合は厳しい方（防火地域）の規制が全体に適用されます（3… 正答（4）との違いを確認し直してください。,防火地域内で耐火建築物を建てる場合は隣地境界線に接して建築できます（建築基準法65条）。防火地域内でも小規模建築物は準耐火でも可です（1は誤り）。準防火地域の4階建ては耐火建築物が原則です（2は誤り）。防火・準防火にまたがる場合は厳しい方（防火地域）の規制が全体に適用されます（3は誤り）。,防火地域内で耐火建築物を建てる場合は隣地境界線に接して建築できます（建築基準法65条）。防火地域内でも小規模建築物は準耐火でも可です（1は誤り）。準防火地域の4階建ては耐火建築物が原則です（2は誤り）。防火・準防火にまたがる場合は厳しい方（防火地域）の規制が全体に適用されます（3は誤り）。,
2025,令和7年度,38,single,法令上の制限,,農地法に関する次の記述のうち、正しいものはどれか。,,,,,,農地を農地以外に転用するため売買する場合、市街化区域内でも都道府県知事の許可が必要である,農業生産法人以外の法人は農地の所有権を取得できない,農地を相続した場合の農業委員会への届出は不要である,無許可転用に対しては工事の差し止めや原状回復命令を受けることがある,4,FALSE,FALSE,,無許可転用に対しては工事の差し止め・原状回復命令・罰則が科される場合があります（農地法51条・67条）。市街化区域内の5条転用は農業委員会への届出で足ります（1は誤り）。一般法人も一定の要件下で農地を取得できます（2は誤り）。相続による取得は農業委員会への届出が必要です（3は誤り）。確認ポイントは、選択肢4の結論と、各選択肢の要件・効果の違いです。,1:（1）の内容は、正答（4）「無許可転用に対しては工事の差し止めや原状回復命令を受けることがある」が示す論点とずれています。 解説の要点：無許可転用に対しては工事の差し止め・原状回復命令・罰則が科される場合があります（農地法51条・67条）。市街化区域内の5条転用は農業委員会への届出で足ります（1は誤り）。一般法人も一定の要件下で農地を取得できます（2は誤り）。相続による取得は農業委員会への届出が必要です（3は誤り… 正答（4）との違いを確認し直してください。;2:根拠の記述が異なります。解説では「れる場合があります（農地法」が根拠ですが、（2）は「農業生産法人以外の法」を根拠とする内容です。 解説では「相続による取得は農業委員会への届出が必要です（3は誤り）。」とある一方、（2）の記述はそれと矛盾します。 解説の要点：無許可転用に対しては工事の差し止め・原状回復命令・罰則が科される場合があります（農地法51条・67条）。市街化区域内の5条転用は農業委員会への届出で足ります（1は誤り）。一般法人も一定の要件下で農地を取得できます（2は誤り）。相続による取得は農業委員会への届出が必要です（3は誤り… 正答（4）との違いを確認し直してください。;3:解説では「相続による取得は農業委員会への届出が必要です（3は誤り）。」とある一方、（3）の記述はそれと矛盾します。 解説の要点：無許可転用に対しては工事の差し止め・原状回復命令・罰則が科される場合があります（農地法51条・67条）。市街化区域内の5条転用は農業委員会への届出で足ります（1は誤り）。一般法人も一定の要件下で農地を取得できます（2は誤り）。相続による取得は農業委員会への届出が必要です（3は誤り… 正答（4）との違いを確認し直してください。,無許可転用に対しては工事の差し止め・原状回復命令・罰則が科される場合があります（農地法51条・67条）。市街化区域内の5条転用は農業委員会への届出で足ります（1は誤り）。一般法人も一定の要件下で農地を取得できます（2は誤り）。相続による取得は農業委員会への届出が必要です（3は誤り）。確認ポイントは、選択肢4の結論と、各選択肢の要件・効果の違いです。,無許可転用に対しては工事の差し止め・原状回復命令・罰則が科される場合があります（農地法51条・67条）。市街化区域内の5条転用は農業委員会への届出で足ります（1は誤り）。一般法人も一定の要件下で農地を取得できます（2は誤り）。相続による取得は農業委員会への届出が必要です（3は誤り）。確認ポイントは、選択肢4の結論と、各選択肢の要件・効果の違いです。,
2025,令和7年度,39,single,法令上の制限,,盛土規制法に関する次の記述のうち、正しいものはどれか。,,,,,,宅地造成等工事規制区域は農地には指定できない,許可を受けた工事は設計変更を自由に行うことができる,宅地造成等工事規制区域内の一定規模以上の盛土・切土工事には許可が必要である,盛土規制法の目的は工事技術基準の統一のみである,3,FALSE,FALSE,,宅地造成等工事規制区域内での一定規模以上の宅地造成には都道府県知事等の許可が必要です（盛土規制法12条）。農地・森林にも指定できます（1は誤り）。重要な変更には許可が必要です（2は誤り）。土砂災害・地震対策なども目的に含まれます（4は誤り）。確認ポイントは、選択肢3の結論と、各選択肢の要件・効果の違いです。,1:解説では「宅地造成等工事規制区域内での一定規模以上の宅地造成には都道府県知事等の許可が必要です（盛土規制法12条）。」とある一方、（1）の記述はそれと矛盾します。 解説の要点：宅地造成等工事規制区域内での一定規模以上の宅地造成には都道府県知事等の許可が必要です（盛土規制法12条）。農地・森林にも指定できます（1は誤り）。重要な変更には許可が必要です（2は誤り）。土砂災害・地震対策なども目的に含まれます（4は誤り）。確認ポイントは、選択肢3の結論と、各選… 正答（3）との違いを確認し直してください。;2:（2）の内容は、正答（3）「宅地造成等工事規制区域内の一定規模以上の盛土・切土工事には許可が必要である」が示す論点とずれています。 解説の要点：宅地造成等工事規制区域内での一定規模以上の宅地造成には都道府県知事等の許可が必要です（盛土規制法12条）。農地・森林にも指定できます（1は誤り）。重要な変更には許可が必要です（2は誤り）。土砂災害・地震対策なども目的に含まれます（4は誤り）。確認ポイントは、選択肢3の結論と、各選… 正答（3）との違いを確認し直してください。;4:解説では「宅地造成等工事規制区域内での一定規模以上の宅地造成には都道府県知事等の許可が必要です（盛土規制法12条）。」とある一方、（4）の記述はそれと矛盾します。 解説の要点：宅地造成等工事規制区域内での一定規模以上の宅地造成には都道府県知事等の許可が必要です（盛土規制法12条）。農地・森林にも指定できます（1は誤り）。重要な変更には許可が必要です（2は誤り）。土砂災害・地震対策なども目的に含まれます（4は誤り）。確認ポイントは、選択肢3の結論と、各選… 正答（3）との違いを確認し直してください。,宅地造成等工事規制区域内での一定規模以上の宅地造成には都道府県知事等の許可が必要です（盛土規制法12条）。農地・森林にも指定できます（1は誤り）。重要な変更には許可が必要です（2は誤り）。土砂災害・地震対策なども目的に含まれます（4は誤り）。確認ポイントは、選択肢3の結論と、各選択肢の要件・効果の違いです。,宅地造成等工事規制区域内での一定規模以上の宅地造成には都道府県知事等の許可が必要です（盛土規制法12条）。農地・森林にも指定できます（1は誤り）。重要な変更には許可が必要です（2は誤り）。土砂災害・地震対策なども目的に含まれます（4は誤り）。確認ポイントは、選択肢3の結論と、各選択肢の要件・効果の違いです。,
2025,令和7年度,40,single,法令上の制限,,日影規制に関する次の記述のうち、正しいものはどれか。,,,,,,日影規制は全ての用途地域で適用される,日影規制の対象建築物は高さ10メートルを超えるものに限られる,商業地域・工業地域・工業専用地域には日影規制は適用されない,日影規制は住宅のみに適用される,3,FALSE,FALSE,,日影規制は商業地域・工業地域・工業専用地域には適用されません（建築基準法56条の2）。住居系・近隣商業・準工業地域の一部に適用されます（1は誤り）。対象建築物の高さ基準は用途地域や軒高によって異なります（2は誤り）。用途は関係なく地域と高さで決まります（4は誤り）。確認ポイントは、選択肢3の結論と、各選択肢の要件・効果の違いです。,1:（1）の内容は、正答（3）「商業地域・工業地域・工業専用地域には日影規制は適用されない」が示す論点とずれています。 解説の要点：日影規制は商業地域・工業地域・工業専用地域には適用されません（建築基準法56条の2）。住居系・近隣商業・準工業地域の一部に適用されます（1は誤り）。対象建築物の高さ基準は用途地域や軒高によって異なります（2は誤り）。用途は関係なく地域と高さで決まります（4は誤り）。確認ポイントは… 正答（3）との違いを確認し直してください。;2:（2）の内容は、正答（3）「商業地域・工業地域・工業専用地域には日影規制は適用されない」が示す論点とずれています。 解説の要点：日影規制は商業地域・工業地域・工業専用地域には適用されません（建築基準法56条の2）。住居系・近隣商業・準工業地域の一部に適用されます（1は誤り）。対象建築物の高さ基準は用途地域や軒高によって異なります（2は誤り）。用途は関係なく地域と高さで決まります（4は誤り）。確認ポイントは… 正答（3）との違いを確認し直してください。;4:（4）「日影規制は住宅のみに適用される」は、単独の記述としては法令上妥当な場合がありますが、本問で選ぶべき正答は（3）「商業地域・工業地域・工業専用地域には日影規制は適用されない」です。問題文の条件（日影規制に関する次の記述のうち、正しいものはどれか。…）と照らし、設問が問う論点に合う肢を選び直してください。,日影規制は商業地域・工業地域・工業専用地域には適用されません（建築基準法56条の2）。住居系・近隣商業・準工業地域の一部に適用されます（1は誤り）。対象建築物の高さ基準は用途地域や軒高によって異なります（2は誤り）。用途は関係なく地域と高さで決まります（4は誤り）。確認ポイントは、選択肢3の結論と、各選択肢の要件・効果の違いです。,日影規制は商業地域・工業地域・工業専用地域には適用されません（建築基準法56条の2）。住居系・近隣商業・準工業地域の一部に適用されます（1は誤り）。対象建築物の高さ基準は用途地域や軒高によって異なります（2は誤り）。用途は関係なく地域と高さで決まります（4は誤り）。確認ポイントは、選択肢3の結論と、各選択肢の要件・効果の違いです。,
2025,令和7年度,41,single,法令上の制限,,事後届出制に関する次の記述のうち、正しいものはどれか。,,,,,,都市計画区域外で5000平方メートル以上の土地取引は事後届出が必要である,事後届出をしなかった場合、土地取引は遡及的に無効となる,都道府県知事は届出内容が適切でない場合、勧告することができる,届出先は国土交通大臣である,3,FALSE,FALSE,,都道府県知事は届出内容を審査し利用目的が適切でない場合は変更の勧告ができます（国土利用計画法24条）。都市計画区域外の届出面積は1万平方メートル以上です（1は誤り）。届出しなくても取引の効力は有効です（2は誤り）。届出先は市区町村長を経由して都道府県知事です（4は誤り）。確認ポイントは、選択肢3の結論と、各選択肢の要件・効果の違いです。,1:（1）の内容は、正答（3）「都道府県知事は届出内容が適切でない場合、勧告することができる」が示す論点とずれています。 解説の要点：都道府県知事は届出内容を審査し利用目的が適切でない場合は変更の勧告ができます（国土利用計画法24条）。都市計画区域外の届出面積は1万平方メートル以上です（1は誤り）。届出しなくても取引の効力は有効です（2は誤り）。届出先は市区町村長を経由して都道府県知事です（4は誤り）。確認ポイ… 正答（3）との違いを確認し直してください。;2:（2）の内容は、正答（3）「都道府県知事は届出内容が適切でない場合、勧告することができる」が示す論点とずれています。 解説の要点：都道府県知事は届出内容を審査し利用目的が適切でない場合は変更の勧告ができます（国土利用計画法24条）。都市計画区域外の届出面積は1万平方メートル以上です（1は誤り）。届出しなくても取引の効力は有効です（2は誤り）。届出先は市区町村長を経由して都道府県知事です（4は誤り）。確認ポイ… 正答（3）との違いを確認し直してください。;4:（4）「届出先は国土交通大臣である」は、単独の記述としては法令上妥当な場合がありますが、本問で選ぶべき正答は（3）「都道府県知事は届出内容が適切でない場合、勧告することができる」です。問題文の条件（事後届出制に関する次の記述のうち、正しいものはどれか。…）と照らし、設問が問う論点に合う肢を選び直してください。,都道府県知事は届出内容を審査し利用目的が適切でない場合は変更の勧告ができます（国土利用計画法24条）。都市計画区域外の届出面積は1万平方メートル以上です（1は誤り）。届出しなくても取引の効力は有効です（2は誤り）。届出先は市区町村長を経由して都道府県知事です（4は誤り）。確認ポイントは、選択肢3の結論と、各選択肢の要件・効果の違いです。,都道府県知事は届出内容を審査し利用目的が適切でない場合は変更の勧告ができます（国土利用計画法24条）。都市計画区域外の届出面積は1万平方メートル以上です（1は誤り）。届出しなくても取引の効力は有効です（2は誤り）。届出先は市区町村長を経由して都道府県知事です（4は誤り）。確認ポイントは、選択肢3の結論と、各選択肢の要件・効果の違いです。,
2025,令和7年度,42,single,法令上の制限,,仮換地に関する次の記述のうち、正しいものはどれか。,,,,,,仮換地の指定は施行者が単独で行うことができる,仮換地の指定後も従前の土地で使用収益できる,仮換地指定後は施行者が従前の土地を使用収益できる,仮換地が指定された場合、使用収益開始日を別途定めることができる,4,FALSE,FALSE,,施行者は仮換地の効力発生日と使用収益開始日を別に定めることができます（土地区画整理法99条2項）。仮換地の指定は審査委員会の同意等が必要な場合があります（1は誤り）。仮換地指定後は仮換地で使用収益します（2は誤り）。従前地の使用収益権は施行者が取得します（3は誤り）。確認ポイントは、選択肢4の結論と、各選択肢の要件・効果の違いです。,1:（1）の内容は、正答（4）「仮換地が指定された場合、使用収益開始日を別途定めることができる」が示す論点とずれています。 解説の要点：施行者は仮換地の効力発生日と使用収益開始日を別に定めることができます（土地区画整理法99条2項）。仮換地の指定は審査委員会の同意等が必要な場合があります（1は誤り）。仮換地指定後は仮換地で使用収益します（2は誤り）。従前地の使用収益権は施行者が取得します（3は誤り）。確認ポイント… 正答（4）との違いを確認し直してください。;2:（2）の内容は、正答（4）「仮換地が指定された場合、使用収益開始日を別途定めることができる」が示す論点とずれています。 解説の要点：施行者は仮換地の効力発生日と使用収益開始日を別に定めることができます（土地区画整理法99条2項）。仮換地の指定は審査委員会の同意等が必要な場合があります（1は誤り）。仮換地指定後は仮換地で使用収益します（2は誤り）。従前地の使用収益権は施行者が取得します（3は誤り）。確認ポイント… 正答（4）との違いを確認し直してください。;3:（3）の内容は、正答（4）「仮換地が指定された場合、使用収益開始日を別途定めることができる」が示す論点とずれています。 解説の要点：施行者は仮換地の効力発生日と使用収益開始日を別に定めることができます（土地区画整理法99条2項）。仮換地の指定は審査委員会の同意等が必要な場合があります（1は誤り）。仮換地指定後は仮換地で使用収益します（2は誤り）。従前地の使用収益権は施行者が取得します（3は誤り）。確認ポイント… 正答（4）との違いを確認し直してください。,施行者は仮換地の効力発生日と使用収益開始日を別に定めることができます（土地区画整理法99条2項）。仮換地の指定は審査委員会の同意等が必要な場合があります（1は誤り）。仮換地指定後は仮換地で使用収益します（2は誤り）。従前地の使用収益権は施行者が取得します（3は誤り）。確認ポイントは、選択肢4の結論と、各選択肢の要件・効果の違いです。,施行者は仮換地の効力発生日と使用収益開始日を別に定めることができます（土地区画整理法99条2項）。仮換地の指定は審査委員会の同意等が必要な場合があります（1は誤り）。仮換地指定後は仮換地で使用収益します（2は誤り）。従前地の使用収益権は施行者が取得します（3は誤り）。確認ポイントは、選択肢4の結論と、各選択肢の要件・効果の違いです。,
2025,令和7年度,43,single,税・その他,,譲渡所得に関する次の記述のうち、正しいものはどれか。,,,,,,不動産の譲渡所得は他の所得と合算して総合課税される,長期譲渡所得（5年超保有）の税率は所得税15%・住民税5%の合計20%である,居住用財産の3000万円特別控除は住んでいなかった場合でも適用される,短期譲渡所得の所得税率は20%である,2,FALSE,FALSE,,長期譲渡所得の税率は所得税15%・住民税5%の合計20%です（租税特別措置法31条）。不動産の譲渡所得は分離課税です（1は誤り）。居住用財産の特別控除は住まなくなった日から3年後の年末までの譲渡が対象です（3は誤り）。短期譲渡所得の所得税率は30%です（4は誤り）。確認ポイントは、選択肢2の結論と、各選択肢の要件・効果の違いです。,1:（1）の内容は、正答（2）「長期譲渡所得（5年超保有）の税率は所得税15%・住民税5%の合計20%である」が示す論点とずれています。 解説の要点：長期譲渡所得の税率は所得税15%・住民税5%の合計20%です（租税特別措置法31条）。不動産の譲渡所得は分離課税です（1は誤り）。居住用財産の特別控除は住まなくなった日から3年後の年末までの譲渡が対象です（3は誤り）。短期譲渡所得の所得税率は30%です（4は誤り）。確認ポイントは… 正答（2）との違いを確認し直してください。;3:（3）の内容は、正答（2）「長期譲渡所得（5年超保有）の税率は所得税15%・住民税5%の合計20%である」が示す論点とずれています。 解説の要点：長期譲渡所得の税率は所得税15%・住民税5%の合計20%です（租税特別措置法31条）。不動産の譲渡所得は分離課税です（1は誤り）。居住用財産の特別控除は住まなくなった日から3年後の年末までの譲渡が対象です（3は誤り）。短期譲渡所得の所得税率は30%です（4は誤り）。確認ポイントは… 正答（2）との違いを確認し直してください。;4:（4）「短期譲渡所得の所得税率は20%である」は、単独の記述としては法令上妥当な場合がありますが、本問で選ぶべき正答は（2）「長期譲渡所得（5年超保有）の税率は所得税15%・住民税5%の合計20%である」です。問題文の条件（譲渡所得に関する次の記述のうち、正しいものはどれか。…）と照らし、設問が問う論点に合う肢を選び直してください。,長期譲渡所得の税率は所得税15%・住民税5%の合計20%です（租税特別措置法31条）。不動産の譲渡所得は分離課税です（1は誤り）。居住用財産の特別控除は住まなくなった日から3年後の年末までの譲渡が対象です（3は誤り）。短期譲渡所得の所得税率は30%です（4は誤り）。確認ポイントは、選択肢2の結論と、各選択肢の要件・効果の違いです。,長期譲渡所得の税率は所得税15%・住民税5%の合計20%です（租税特別措置法31条）。不動産の譲渡所得は分離課税です（1は誤り）。居住用財産の特別控除は住まなくなった日から3年後の年末までの譲渡が対象です（3は誤り）。短期譲渡所得の所得税率は30%です（4は誤り）。確認ポイントは、選択肢2の結論と、各選択肢の要件・効果の違いです。,
2025,令和7年度,44,single,税・その他,,登録免許税に関する次の記述のうち、正しいものはどれか。,,,,,,登録免許税は地方税である,抵当権設定登記の課税標準は不動産の評価額である,相続による所有権移転登記の税率は2%である,個人が自己の住宅として取得する建物の所有権保存登記には軽減税率が設けられている,4,FALSE,FALSE,,個人が自己の住宅として一定要件を満たす場合、所有権保存登記の税率が0.4%から0.15%に軽減されます（租税特別措置法72条の2）。登録免許税は国税です（1は誤り）。抵当権設定登記の課税標準は債権金額（ローン金額）です（2は誤り）。相続による所有権移転の税率は0.4%です（3は誤り）。確認ポイントは、選択肢4の結論と、各選択肢の要件・効果の違いです。,1:（1）「登録免許税は地方税である」は、単独の記述としては法令上妥当な場合がありますが、本問で選ぶべき正答は（4）「個人が自己の住宅として取得する建物の所有権保存登記には軽減税率が設けられている」です。問題文の条件（登録免許税に関する次の記述のうち、正しいものはどれか。…）と照らし、設問が問う論点に合う肢を選び直してください。;2:（2）の内容は、正答（4）「個人が自己の住宅として取得する建物の所有権保存登記には軽減税率が設けられている」が示す論点とずれています。 解説の要点：個人が自己の住宅として一定要件を満たす場合、所有権保存登記の税率が0.4%から0.15%に軽減されます（租税特別措置法72条の2）。登録免許税は国税です（1は誤り）。抵当権設定登記の課税標準は債権金額（ローン金額）です（2は誤り）。相続による所有権移転の税率は0.4%です（3は誤… 正答（4）との違いを確認し直してください。;3:（3）の内容は、正答（4）「個人が自己の住宅として取得する建物の所有権保存登記には軽減税率が設けられている」が示す論点とずれています。 解説の要点：個人が自己の住宅として一定要件を満たす場合、所有権保存登記の税率が0.4%から0.15%に軽減されます（租税特別措置法72条の2）。登録免許税は国税です（1は誤り）。抵当権設定登記の課税標準は債権金額（ローン金額）です（2は誤り）。相続による所有権移転の税率は0.4%です（3は誤… 正答（4）との違いを確認し直してください。,個人が自己の住宅として一定要件を満たす場合、所有権保存登記の税率が0.4%から0.15%に軽減されます（租税特別措置法72条の2）。登録免許税は国税です（1は誤り）。抵当権設定登記の課税標準は債権金額（ローン金額）です（2は誤り）。相続による所有権移転の税率は0.4%です（3は誤り）。確認ポイントは、選択肢4の結論と、各選択肢の要件・効果の違いです。,個人が自己の住宅として一定要件を満たす場合、所有権保存登記の税率が0.4%から0.15%に軽減されます（租税特別措置法72条の2）。登録免許税は国税です（1は誤り）。抵当権設定登記の課税標準は債権金額（ローン金額）です（2は誤り）。相続による所有権移転の税率は0.4%です（3は誤り）。確認ポイントは、選択肢4の結論と、各選択肢の要件・効果の違いです。,
2025,令和7年度,45,single,税・その他,,不動産に係る消費税に関する次の記述のうち、正しいものはどれか。,,,,,,土地の売買には消費税が課される,住宅用建物の貸付（1か月以上）は非課税である,個人が自宅を売却する場合は常に消費税が課されない,事業者が新築建物を売却する場合の消費税の課税標準は建物部分の代金のみである,4,FALSE,FALSE,,消費税の課税標準は建物部分のみで土地は非課税です（消費税法6条別表）。土地の売買は非課税です（1は誤り）。住宅用建物の貸付は1か月以上であれば非課税です（2は正しい）。個人でも事業者に該当すれば課税されます（3は誤り）。正解は4。確認ポイントは、選択肢4の結論と、各選択肢の要件・効果の違いです。,1:（1）「土地の売買には消費税が課される」は、単独の記述としては法令上妥当な場合がありますが、本問で選ぶべき正答は（4）「事業者が新築建物を売却する場合の消費税の課税標準は建物部分の代金のみである」です。問題文の条件（不動産に係る消費税に関する次の記述のうち、正しいものはどれか。…）と照らし、設問が問う論点に合う肢を選び直してください。;2:（2）の内容は、正答（4）「事業者が新築建物を売却する場合の消費税の課税標準は建物部分の代金のみである」が示す論点とずれています。 解説の要点：消費税の課税標準は建物部分のみで土地は非課税です（消費税法6条別表）。土地の売買は非課税です（1は誤り）。住宅用建物の貸付は1か月以上であれば非課税です（2は正しい）。個人でも事業者に該当すれば課税されます（3は誤り）。正解は4。確認ポイントは、選択肢4の結論と、各選択肢の要件・… 正答（4）との違いを確認し直してください。;3:（3）の内容は、正答（4）「事業者が新築建物を売却する場合の消費税の課税標準は建物部分の代金のみである」が示す論点とずれています。 解説の要点：消費税の課税標準は建物部分のみで土地は非課税です（消費税法6条別表）。土地の売買は非課税です（1は誤り）。住宅用建物の貸付は1か月以上であれば非課税です（2は正しい）。個人でも事業者に該当すれば課税されます（3は誤り）。正解は4。確認ポイントは、選択肢4の結論と、各選択肢の要件・… 正答（4）との違いを確認し直してください。,確認ポイントは、選択肢4の結論と、各選択肢の要件・効果の違いです。,消費税の課税標準は建物部分のみで土地は非課税です（消費税法6条別表）。土地の売買は非課税です（1は誤り）。住宅用建物の貸付は1か月以上であれば非課税です（2は正しい）。個人でも事業者に該当すれば課税されます（3は誤り）。正解は4。確認ポイントは、選択肢4の結論と、各選択肢の要件・効果の違いです。,
2025,令和7年度,46,single,税・その他,,印紙税に関する次の記述のうち、正しいものはどれか。,,,,,,不動産売買契約書は印紙税の課税文書に該当しない,電子メールで送付した契約書のPDFにも印紙税が課される,売買契約書を2通作成し各当事者が1通ずつ保有する場合、2通分の印紙が必要である,印紙を貼らなかった場合、その契約書は無効となる,3,FALSE,FALSE,,売買契約書を2通作成した場合、各通に印紙が必要です（印紙税法）。不動産売買契約書は課税文書です（1は誤り）。電子文書（データ）は課税文書に該当せず印紙税不要です（2は誤り）。印紙を貼らなくても契約の効力には影響ありませんが過怠税が課されます（4は誤り）。確認ポイントは、選択肢3の結論と、各選択肢の要件・効果の違いです。,1:解説では「売買契約書を2通作成した場合、各通に印紙が必要です（印紙税法）。」とある一方、（1）の記述はそれと矛盾します。 解説の要点：売買契約書を2通作成した場合、各通に印紙が必要です（印紙税法）。不動産売買契約書は課税文書です（1は誤り）。電子文書（データ）は課税文書に該当せず印紙税不要です（2は誤り）。印紙を貼らなくても契約の効力には影響ありませんが過怠税が課されます（4は誤り）。確認ポイントは、選択肢3の… 正答（3）との違いを確認し直してください。;2:（2）の内容は、正答（3）「売買契約書を2通作成し各当事者が1通ずつ保有する場合、2通分の印紙が必要である」が示す論点とずれています。 解説の要点：売買契約書を2通作成した場合、各通に印紙が必要です（印紙税法）。不動産売買契約書は課税文書です（1は誤り）。電子文書（データ）は課税文書に該当せず印紙税不要です（2は誤り）。印紙を貼らなくても契約の効力には影響ありませんが過怠税が課されます（4は誤り）。確認ポイントは、選択肢3の… 正答（3）との違いを確認し直してください。;4:（4）の内容は、正答（3）「売買契約書を2通作成し各当事者が1通ずつ保有する場合、2通分の印紙が必要である」が示す論点とずれています。 解説の要点：売買契約書を2通作成した場合、各通に印紙が必要です（印紙税法）。不動産売買契約書は課税文書です（1は誤り）。電子文書（データ）は課税文書に該当せず印紙税不要です（2は誤り）。印紙を貼らなくても契約の効力には影響ありませんが過怠税が課されます（4は誤り）。確認ポイントは、選択肢3の… 正答（3）との違いを確認し直してください。,売買契約書を2通作成した場合、各通に印紙が必要です（印紙税法）。不動産売買契約書は課税文書です（1は誤り）。電子文書（データ）は課税文書に該当せず印紙税不要です（2は誤り）。印紙を貼らなくても契約の効力には影響ありませんが過怠税が課されます（4は誤り）。確認ポイントは、選択肢3の結論と、各選択肢の要件・効果の違いです。,売買契約書を2通作成した場合、各通に印紙が必要です（印紙税法）。不動産売買契約書は課税文書です（1は誤り）。電子文書（データ）は課税文書に該当せず印紙税不要です（2は誤り）。印紙を貼らなくても契約の効力には影響ありませんが過怠税が課されます（4は誤り）。確認ポイントは、選択肢3の結論と、各選択肢の要件・効果の違いです。,
2025,令和7年度,47,single,税・その他,,不動産鑑定評価に関する次の記述のうち、正しいものはどれか。,,,,,,不動産鑑定評価の価格の種類は正常価格のみである,収益還元法は賃貸目的の不動産にしか適用できない,取引事例比較法では類似取引事例を収集し各種補正・修正を行って比準価格を求める,原価法は新築建物のみに適用される,3,FALSE,FALSE,,取引事例比較法は類似の取引事例を収集し、事情補正・時点修正・地域要因・個別的要因の比較を行って比準価格を求めます（不動産鑑定評価基準）。価格の種類には正常価格・限定価格・特定価格・特殊価格があります（1は誤り）。収益還元法は居住用不動産にも適用できます（2は誤り）。原価法は中古建物・土地にも適用できます（4は誤り）。,1:（1）の内容は、正答（3）「取引事例比較法では類似取引事例を収集し各種補正・修正を行って比準価格を求める」が示す論点とずれています。 解説の要点：取引事例比較法は類似の取引事例を収集し、事情補正・時点修正・地域要因・個別的要因の比較を行って比準価格を求めます（不動産鑑定評価基準）。価格の種類には正常価格・限定価格・特定価格・特殊価格があります（1は誤り）。収益還元法は居住用不動産にも適用できます（2は誤り）。原価法は中古建… 正答（3）との違いを確認し直してください。;2:（2）の内容は、正答（3）「取引事例比較法では類似取引事例を収集し各種補正・修正を行って比準価格を求める」が示す論点とずれています。 解説の要点：取引事例比較法は類似の取引事例を収集し、事情補正・時点修正・地域要因・個別的要因の比較を行って比準価格を求めます（不動産鑑定評価基準）。価格の種類には正常価格・限定価格・特定価格・特殊価格があります（1は誤り）。収益還元法は居住用不動産にも適用できます（2は誤り）。原価法は中古建… 正答（3）との違いを確認し直してください。;4:（4）「原価法は新築建物のみに適用される」は、単独の記述としては法令上妥当な場合がありますが、本問で選ぶべき正答は（3）「取引事例比較法では類似取引事例を収集し各種補正・修正を行って比準価格を求める」です。問題文の条件（不動産鑑定評価に関する次の記述のうち、正しいものはどれか。…）と照らし、設問が問う論点に合う肢を選び直してください。,取引事例比較法は類似の取引事例を収集し、事情補正・時点修正・地域要因・個別的要因の比較を行って比準価格を求めます（不動産鑑定評価基準）。価格の種類には正常価格・限定価格・特定価格・特殊価格があります（1は誤り）。収益還元法は居住用不動産にも適用できます（2は誤り）。原価法は中古建物・土地にも適用できます（4は誤り）。,取引事例比較法は類似の取引事例を収集し、事情補正・時点修正・地域要因・個別的要因の比較を行って比準価格を求めます（不動産鑑定評価基準）。価格の種類には正常価格・限定価格・特定価格・特殊価格があります（1は誤り）。収益還元法は居住用不動産にも適用できます（2は誤り）。原価法は中古建物・土地にも適用できます（4は誤り）。,
2025,令和7年度,48,single,税・その他,,不動産統計に関する次の記述のうち、最も適切なものはどれか。,,,,,,首都圏の新築マンション平均価格は近年低下傾向にある,住宅ローン金利は日本銀行の政策正常化に伴い上昇傾向にある,新設住宅着工戸数は近年大幅に増加し100万戸を超えている,J-REITの市場規模は縮小傾向にある,2,FALSE,FALSE,,日本銀行の政策正常化（利上げ）に伴い住宅ローン金利は上昇傾向にあります。首都圏マンション価格は建材費・人件費上昇を背景に高止まり・上昇傾向です（1は誤り）。新設住宅着工戸数は近年80万戸前後で推移しています（3は誤り）。J-REITは拡大傾向にあります（4は誤り）。確認ポイントは、選択肢2の結論と、各選択肢の要件・効果の違いです。,1:（1）の内容は、正答（2）「住宅ローン金利は日本銀行の政策正常化に伴い上昇傾向にある」が示す論点とずれています。 解説の要点：日本銀行の政策正常化（利上げ）に伴い住宅ローン金利は上昇傾向にあります。首都圏マンション価格は建材費・人件費上昇を背景に高止まり・上昇傾向です（1は誤り）。新設住宅着工戸数は近年80万戸前後で推移しています（3は誤り）。J-REITは拡大傾向にあります（4は誤り）。確認ポイントは… 正答（2）との違いを確認し直してください。;3:（3）の内容は、正答（2）「住宅ローン金利は日本銀行の政策正常化に伴い上昇傾向にある」が示す論点とずれています。 解説の要点：日本銀行の政策正常化（利上げ）に伴い住宅ローン金利は上昇傾向にあります。首都圏マンション価格は建材費・人件費上昇を背景に高止まり・上昇傾向です（1は誤り）。新設住宅着工戸数は近年80万戸前後で推移しています（3は誤り）。J-REITは拡大傾向にあります（4は誤り）。確認ポイントは… 正答（2）との違いを確認し直してください。;4:（4）の内容は、正答（2）「住宅ローン金利は日本銀行の政策正常化に伴い上昇傾向にある」が示す論点とずれています。 解説の要点：日本銀行の政策正常化（利上げ）に伴い住宅ローン金利は上昇傾向にあります。首都圏マンション価格は建材費・人件費上昇を背景に高止まり・上昇傾向です（1は誤り）。新設住宅着工戸数は近年80万戸前後で推移しています（3は誤り）。J-REITは拡大傾向にあります（4は誤り）。確認ポイントは… 正答（2）との違いを確認し直してください。,日本銀行の政策正常化（利上げ）に伴い住宅ローン金利は上昇傾向にあります。首都圏マンション価格は建材費・人件費上昇を背景に高止まり・上昇傾向です（1は誤り）。新設住宅着工戸数は近年80万戸前後で推移しています（3は誤り）。J-REITは拡大傾向にあります（4は誤り）。確認ポイントは、選択肢2の結論と、各選択肢の要件・効果の違いです。,日本銀行の政策正常化（利上げ）に伴い住宅ローン金利は上昇傾向にあります。首都圏マンション価格は建材費・人件費上昇を背景に高止まり・上昇傾向です（1は誤り）。新設住宅着工戸数は近年80万戸前後で推移しています（3は誤り）。J-REITは拡大傾向にあります（4は誤り）。確認ポイントは、選択肢2の結論と、各選択肢の要件・効果の違いです。,
2025,令和7年度,49,single,税・その他,,土地の利用に関する次の記述のうち、最も不適切なものはどれか。,,,,,,山地の急傾斜面は土砂崩れのリスクがあり宅地利用には注意が必要,埋め立て地は地盤が弱く地震時の液状化に注意が必要,台地上の平坦部は洪水・液状化リスクが低く宅地に適している,自然堤防や砂丘等の微高地は宅地として一切避けるべきである,3,FALSE,FALSE,,自然堤防・砂丘等の微高地は地盤が比較的安定しており宅地として適しています。一切避けるべきという記述が最も不適切です。他の選択肢は全て適切な記述です。確認ポイントは、選択肢4の結論と、各選択肢の要件・効果の違いです。,1:（1）「山地の急傾斜面は土砂崩れのリスクがあり宅地利用には注意が必要」は、設問の趣旨では適切な記述・対応に当たることが多いです。本問は「最も不適切なもの」を選ぶ形式のため、正答は（3）「台地上の平坦部は洪水・液状化リスクが低く宅地に適している」です。解説のポイント：自然堤防・砂丘等の微高地は地盤が比較的安定しており宅地として適しています。一切避けるべきという記述が最も不適切です。他の選択肢は全て適切な記述です。確認ポイントは、選択肢4の結論と、各選択肢の要件・効果の違いです。;2:（2）「埋め立て地は地盤が弱く地震時の液状化に注意が必要」は、設問の趣旨では適切な記述・対応に当たることが多いです。本問は「最も不適切なもの」を選ぶ形式のため、正答は（3）「台地上の平坦部は洪水・液状化リスクが低く宅地に適している」です。解説のポイント：自然堤防・砂丘等の微高地は地盤が比較的安定しており宅地として適しています。一切避けるべきという記述が最も不適切です。他の選択肢は全て適切な記述です。確認ポイントは、選択肢4の結論と、各選択肢の要件・効果の違いです。;4:（4）「自然堤防や砂丘等の微高地は宅地として一切避けるべきである」は、設問の趣旨では適切な記述・対応に当たることが多いです。本問は「最も不適切なもの」を選ぶ形式のため、正答は（3）「台地上の平坦部は洪水・液状化リスクが低く宅地に適している」です。解説のポイント：自然堤防・砂丘等の微高地は地盤が比較的安定しており宅地として適しています。一切避けるべきという記述が最も不適切です。他の選択肢は全て適切な記述です。確認ポイントは、選択肢4の結論と、各選択肢の要件・効果の違いです。,自然堤防・砂丘等の微高地は地盤が比較的安定しており宅地として適しています。一切避けるべきという記述が最も不適切です。他の選択肢は全て適切な記述です。確認ポイントは、選択肢4の結論と、各選択肢の要件・効果の違いです。,自然堤防・砂丘等の微高地は地盤が比較的安定しており宅地として適しています。一切避けるべきという記述が最も不適切です。他の選択肢は全て適切な記述です。確認ポイントは、選択肢4の結論と、各選択肢の要件・効果の違いです。,
